"event_date","events","active_users","sessions"
2023-02-01 08:00:02,2,1,1
2023-02-01 08:01:16,1,1,1
2023-02-01 08:01:42,2,1,1
2023-02-01 08:01:46,2,1,1
2023-02-01 08:01:48,2,1,1
2023-02-01 08:01:56,2,1,1
2023-02-01 08:02:05,2,1,1
2023-02-01 08:29:34,2,1,1
2023-02-01 08:30:26,1,1,1
2023-02-01 08:30:42,2,1,1
2023-02-01 08:47:23,2,1,1
2023-02-01 08:48:15,1,1,1
2023-02-01 08:48:30,2,1,1
2023-02-01 08:48:34,2,1,1
2023-02-01 08:48:39,2,1,1
2023-02-01 08:48:46,2,1,1
2023-02-01 08:48:55,2,1,1
2023-02-01 08:48:59,2,1,1
2023-02-01 08:49:11,2,1,1
2023-02-01 08:49:16,3,1,1
2023-02-01 08:49:26,3,1,1
2023-02-01 08:49:32,2,1,1
2023-02-01 08:49:45,2,1,1
2023-02-01 08:50:14,3,1,1
2023-02-01 08:50:36,1,1,1
2023-02-01 08:51:00,2,1,1
2023-02-01 08:51:04,2,1,1
2023-02-01 08:51:12,1,1,1
2023-02-01 09:03:20,2,1,1
2023-02-01 09:04:34,1,1,1
2023-02-01 09:04:44,2,1,1
2023-02-01 09:04:51,2,1,1
2023-02-01 09:04:55,2,1,1
2023-02-01 09:05:04,2,1,1
2023-02-01 09:05:14,2,1,1
2023-02-01 09:05:19,2,1,1
2023-02-01 09:05:30,2,1,1
2023-02-01 09:05:35,3,1,1
2023-02-01 09:05:49,3,1,1
2023-02-01 09:05:57,2,1,1
2023-02-01 09:06:42,3,1,1
2023-02-01 09:06:50,2,1,1
2023-02-01 09:07:36,3,1,1
2023-02-01 09:07:49,2,1,1
2023-02-01 09:08:45,3,1,1
2023-02-01 09:08:53,2,1,1
2023-02-01 09:09:01,2,1,1
2023-02-01 09:09:43,3,1,1
2023-02-01 09:09:54,2,1,1
2023-02-01 09:10:12,1,1,1
2023-02-01 09:10:25,2,1,1
2023-02-01 09:10:30,2,1,1
2023-02-01 09:10:36,2,1,1
2023-02-01 09:11:19,4,1,1
2023-02-01 09:20:36,2,1,1
2023-02-01 09:22:09,1,1,1
2023-02-01 09:22:37,2,1,1
2023-02-01 09:22:40,2,1,1
2023-02-01 09:22:45,2,1,1
2023-02-01 09:22:57,1,1,1
2023-02-01 09:22:58,2,1,1
2023-02-01 09:24:06,1,1,1
2023-02-01 09:24:17,2,1,1
2023-02-01 09:24:20,2,1,1
2023-02-01 09:24:23,2,1,1
2023-02-01 09:24:32,2,1,1
2023-02-01 09:24:39,2,1,1
2023-02-01 09:24:41,1,1,1
2023-02-01 09:36:25,2,1,1
2023-02-01 09:37:41,1,1,1
2023-02-01 09:37:50,2,1,1
2023-02-01 09:37:57,2,1,1
2023-02-01 09:38:02,2,1,1
2023-02-01 09:38:09,2,1,1
2023-02-01 09:38:18,2,1,1
2023-02-01 09:38:27,2,1,1
2023-02-01 09:38:39,2,1,1
2023-02-01 09:38:46,3,1,1
2023-02-01 09:38:54,3,1,1
2023-02-01 09:39:05,2,1,1
2023-02-01 09:39:39,3,1,1
2023-02-01 09:59:13,2,1,1
2023-02-01 10:00:05,1,1,1
2023-02-01 10:00:31,2,1,1
2023-02-01 10:00:36,2,1,1
2023-02-01 10:00:42,2,1,1
2023-02-01 10:00:54,2,1,1
2023-02-01 10:01:04,2,1,1
2023-02-01 10:01:17,2,1,1
2023-02-01 10:18:21,2,1,1
2023-02-01 10:19:50,1,1,1
2023-02-01 10:20:18,2,1,1
2023-02-01 10:20:21,2,1,1
2023-02-01 10:20:27,2,1,1
2023-02-01 10:20:39,2,1,1
2023-02-01 10:20:51,1,1,1
2023-02-01 10:41:09,2,1,1
2023-02-01 10:42:33,1,1,1
2023-02-01 10:42:42,2,1,1
2023-02-01 10:42:45,2,1,1
2023-02-01 10:42:51,2,1,1
2023-02-01 10:42:58,2,1,1
2023-02-01 10:43:03,2,1,1
2023-02-01 10:46:50,2,1,1
2023-02-01 10:48:20,1,1,1
2023-02-01 10:48:49,2,1,1
2023-02-01 10:48:52,2,1,1
2023-02-01 10:48:56,2,1,1
2023-02-01 10:49:02,2,1,1
2023-02-01 10:49:11,2,1,1
2023-02-01 10:49:19,2,1,1
2023-02-01 10:49:30,2,1,1
2023-02-01 10:49:33,3,1,1
2023-02-01 10:49:45,3,1,1
2023-02-01 10:49:51,2,1,1
2023-02-01 10:50:30,3,1,1
2023-02-01 10:50:43,2,1,1
2023-02-01 10:51:37,3,1,1
2023-02-01 10:51:49,2,1,1
2023-02-01 10:52:33,3,1,1
2023-02-01 10:52:39,2,1,1
2023-02-01 10:53:24,3,1,1
2023-02-01 10:53:35,2,1,1
2023-02-01 10:54:46,4,1,1
2023-02-01 11:00:25,2,1,1
2023-02-01 11:01:34,1,1,1
2023-02-01 11:02:01,2,1,1
2023-02-01 11:02:04,2,1,1
2023-02-01 11:02:08,2,1,1
2023-02-01 11:02:17,2,1,1
2023-02-01 11:02:25,2,1,1
2023-02-01 11:02:32,2,1,1
2023-02-01 11:02:41,2,1,1
2023-02-01 11:02:49,3,1,1
2023-02-01 11:02:59,3,1,1
2023-02-01 11:03:11,2,1,1
2023-02-01 11:03:54,3,1,1
2023-02-01 11:04:12,2,1,1
2023-02-01 11:05:01,2,1,1
2023-02-01 11:26:17,2,1,1
2023-02-01 11:27:20,1,1,1
2023-02-01 11:27:30,2,1,1
2023-02-01 11:27:34,2,1,1
2023-02-01 11:27:38,2,1,1
2023-02-01 11:27:44,2,1,1
2023-02-01 11:27:53,2,1,1
2023-02-01 11:28:01,2,1,1
2023-02-01 11:28:11,2,1,1
2023-02-01 11:28:19,3,1,1
2023-02-01 11:31:58,2,1,1
2023-02-01 11:33:17,1,1,1
2023-02-01 11:33:35,2,1,1
2023-02-01 11:33:41,2,1,1
2023-02-01 11:33:44,2,1,1
2023-02-01 11:33:49,2,1,1
2023-02-01 11:33:58,2,1,1
2023-02-01 11:34:04,2,1,1
2023-02-01 11:34:10,2,1,1
2023-02-01 11:34:14,3,1,1
2023-02-01 11:34:27,3,1,1
2023-02-01 11:34:40,2,1,1
2023-02-01 11:35:14,3,1,1
2023-02-01 11:35:28,2,1,1
2023-02-01 11:36:15,3,1,1
2023-02-01 11:36:28,2,1,1
2023-02-01 11:37:32,3,1,1
2023-02-01 11:37:39,2,1,1
2023-02-01 11:38:33,3,1,1
2023-02-01 11:38:47,2,1,1
2023-02-01 11:39:50,4,1,1
2023-02-01 11:40:26,2,1,1
2023-02-01 11:41:42,1,1,1
2023-02-01 11:41:58,2,1,1
2023-02-01 11:42:03,2,1,1
2023-02-01 11:42:09,2,1,1
2023-02-01 11:42:16,2,1,1
2023-02-01 11:42:24,2,1,1
2023-02-01 11:42:32,2,1,1
2023-02-01 11:42:43,2,1,1
2023-02-01 11:42:50,3,1,1
2023-02-01 11:42:56,3,1,1
2023-02-01 11:43:05,2,1,1
2023-02-01 11:43:36,3,1,1
2023-02-01 11:44:40,2,1,1
2023-02-01 11:45:49,1,1,1
2023-02-01 11:46:04,2,1,1
2023-02-01 11:46:09,2,1,1
2023-02-01 11:46:12,2,1,1
2023-02-01 11:46:23,2,1,1
2023-02-01 11:46:32,2,1,1
2023-02-01 11:46:42,2,1,1
2023-02-01 11:48:54,2,1,1
2023-02-01 11:50:28,1,1,1
2023-02-01 11:50:53,2,1,1
2023-02-01 11:50:57,2,1,1
2023-02-01 11:51:01,2,1,1
2023-02-01 11:51:11,2,1,1
2023-02-01 11:51:18,2,1,1
2023-02-01 11:51:26,2,1,1
2023-02-01 11:51:37,1,1,1
2023-02-01 12:02:29,2,1,1
2023-02-01 12:03:20,1,1,1
2023-02-01 12:03:42,2,1,1
2023-02-01 12:03:49,2,1,1
2023-02-01 12:03:54,2,1,1
2023-02-01 12:04:00,2,1,1
2023-02-01 12:04:07,2,1,1
2023-02-01 12:04:13,2,1,1
2023-02-01 12:04:24,2,1,1
2023-02-01 12:04:30,3,1,1
2023-02-01 12:04:38,3,1,1
2023-02-01 12:04:51,2,1,1
2023-02-01 12:05:33,3,1,1
2023-02-01 12:29:39,2,1,1
2023-02-01 12:30:30,1,1,1
2023-02-01 12:30:51,2,1,1
2023-02-01 12:30:56,2,1,1
2023-02-01 12:30:59,2,1,1
2023-02-01 12:38:52,2,1,1
2023-02-01 12:40:30,1,1,1
2023-02-01 12:40:57,2,1,1
2023-02-01 12:52:27,2,1,1
2023-02-01 12:53:23,1,1,1
2023-02-01 12:53:35,2,1,1
2023-02-01 12:53:40,2,1,1
2023-02-01 12:53:42,2,1,1
2023-02-01 12:58:08,2,1,1
2023-02-01 12:59:21,1,1,1
2023-02-01 12:59:47,2,1,1
2023-02-01 12:59:52,2,1,1
2023-02-01 12:59:55,2,1,1
2023-02-01 12:59:59,2,1,1
2023-02-01 13:00:10,2,1,1
2023-02-01 13:00:19,2,1,1
2023-02-01 13:00:31,2,1,1
2023-02-01 13:00:34,3,1,1
2023-02-01 13:00:45,3,1,1
2023-02-01 13:00:58,2,1,1
2023-02-01 13:01:32,3,1,1
2023-02-01 13:01:42,2,1,1
2023-02-01 13:02:23,3,1,1
2023-02-01 13:33:46,2,1,1
2023-02-01 13:34:50,1,1,1
2023-02-01 13:35:08,2,1,1
2023-02-01 13:35:14,2,1,1
2023-02-01 13:35:18,2,1,1
2023-02-01 13:35:24,2,1,1
2023-02-01 13:35:32,2,1,1
2023-02-01 13:35:42,2,1,1
2023-02-01 13:35:51,2,1,1
2023-02-01 13:35:59,3,1,1
2023-02-01 13:36:13,3,1,1
2023-02-01 13:36:20,2,1,1
2023-02-01 13:36:51,3,1,1
2023-02-01 13:37:09,2,1,1
2023-02-01 13:38:04,3,1,1
2023-02-01 13:38:18,2,1,1
2023-02-01 13:39:06,3,1,1
2023-02-01 13:39:16,2,1,1
2023-02-01 13:39:57,2,1,1
2023-02-01 13:42:59,2,1,1
2023-02-01 13:44:36,1,1,1
2023-02-01 13:44:55,2,1,1
2023-02-01 13:45:01,1,1,1
2023-02-01 13:52:12,2,1,1
2023-02-01 13:53:45,1,1,1
2023-02-01 13:54:03,2,1,1
2023-02-01 13:54:06,2,1,1
2023-02-01 13:54:10,2,1,1
2023-02-01 13:54:16,2,1,1
2023-02-01 13:54:26,2,1,1
2023-02-01 13:54:35,2,1,1
2023-02-01 13:54:41,2,1,1
2023-02-01 13:54:47,3,1,1
2023-02-01 14:05:47,2,1,1
2023-02-01 14:07:19,1,1,1
2023-02-01 14:07:47,2,1,1
2023-02-01 14:07:50,2,1,1
2023-02-01 14:07:53,2,1,1
2023-02-01 14:15:00,2,1,1
2023-02-01 14:16:17,1,1,1
2023-02-01 14:16:42,2,1,1
2023-02-01 14:16:45,2,1,1
2023-02-01 14:16:49,2,1,1
2023-02-01 14:16:59,2,1,1
2023-02-01 14:17:06,2,1,1
2023-02-01 14:17:15,1,1,1
2023-02-01 14:29:54,2,1,1
2023-02-01 14:31:05,1,1,1
2023-02-01 14:31:19,2,1,1
2023-02-01 14:31:24,2,1,1
2023-02-01 14:31:26,2,1,1
2023-02-01 14:31:34,2,1,1
2023-02-01 14:31:42,2,1,1
2023-02-01 15:05:24,2,1,1
2023-02-01 15:06:36,1,1,1
2023-02-01 15:06:54,2,1,1
2023-02-01 15:14:37,2,1,1
2023-02-01 15:16:11,1,1,1
2023-02-01 15:16:38,2,1,1
2023-02-01 15:18:51,2,1,1
2023-02-01 15:19:55,1,1,1
2023-02-01 15:20:18,2,1,1
2023-02-01 15:24:32,2,1,1
2023-02-01 15:25:33,1,1,1
2023-02-01 15:25:58,2,1,1
2023-02-01 15:26:01,2,1,1
2023-02-01 15:26:07,2,1,1
2023-02-01 15:26:18,2,1,1
2023-02-01 15:26:22,2,1,1
2023-02-01 15:26:28,1,1,1
2023-02-01 16:04:23,2,1,1
2023-02-01 16:05:52,1,1,1
2023-02-01 16:06:14,2,1,1
2023-02-01 16:06:17,2,1,1
2023-02-01 16:06:21,2,1,1
2023-02-01 16:06:26,2,1,1
2023-02-01 16:06:31,2,1,1
2023-02-01 16:06:39,2,1,1
2023-02-01 16:06:47,2,1,1
2023-02-01 16:06:53,3,1,1
2023-02-01 16:07:07,3,1,1
2023-02-01 16:07:16,2,1,1
2023-02-01 16:07:46,3,1,1
2023-02-01 16:08:05,2,1,1
2023-02-01 16:08:45,3,1,1
2023-02-01 16:08:56,2,1,1
2023-02-01 16:09:52,3,1,1
2023-02-01 16:10:02,2,1,1
2023-02-01 16:10:49,3,1,1
2023-02-01 16:10:58,2,1,1
2023-02-01 16:12:23,4,1,1
2023-02-01 16:17:58,2,1,1
2023-02-01 16:19:18,1,1,1
2023-02-01 16:19:44,2,1,1
2023-02-01 16:19:48,2,1,1
2023-02-01 16:19:53,2,1,1
2023-02-01 16:20:00,2,1,1
2023-02-01 16:20:06,2,1,1
2023-02-01 16:20:14,2,1,1
2023-02-01 16:20:20,2,1,1
2023-02-01 16:20:24,3,1,1
2023-02-01 16:20:31,3,1,1
2023-02-01 16:20:38,2,1,1
2023-02-01 16:21:16,3,1,1
2023-02-01 16:22:12,2,1,1
2023-02-01 16:23:30,1,1,1
2023-02-01 16:23:40,2,1,1
2023-02-01 16:23:44,2,1,1
2023-02-01 16:23:50,2,1,1
2023-02-01 16:23:59,2,1,1
2023-02-01 16:24:10,2,1,1
2023-02-01 16:24:17,2,1,1
2023-02-01 16:24:28,2,1,1
2023-02-01 16:24:35,3,1,1
2023-02-01 16:24:40,3,1,1
2023-02-01 16:24:47,2,1,1
2023-02-01 16:25:21,3,1,1
2023-02-01 16:27:53,2,1,1
2023-02-01 16:29:19,1,1,1
2023-02-01 16:29:49,2,1,1
2023-02-01 16:29:56,2,1,1
2023-02-01 16:30:01,2,1,1
2023-02-01 16:30:07,2,1,1
2023-02-01 16:30:13,2,1,1
2023-02-01 16:30:15,2,1,1
2023-02-01 16:30:22,2,1,1
2023-02-01 16:30:28,2,1,1
2023-02-01 16:30:31,3,1,1
2023-02-01 16:30:38,3,1,1
2023-02-01 16:30:47,2,1,1
2023-02-01 16:31:19,3,1,1
2023-02-01 16:31:28,1,1,1
2023-02-01 16:31:44,2,1,1
2023-02-01 16:31:51,1,1,1
2023-02-01 16:51:53,2,1,1
2023-02-01 16:52:44,1,1,1
2023-02-01 16:53:02,2,1,1
2023-02-01 17:00:21,2,1,1
2023-02-01 17:01:53,1,1,1
2023-02-01 17:02:19,2,1,1
2023-02-01 17:02:25,2,1,1
2023-02-01 17:02:30,2,1,1
2023-02-01 17:02:37,2,1,1
2023-02-01 17:02:42,2,1,1
2023-02-01 17:02:51,2,1,1
2023-02-01 17:02:58,2,1,1
2023-02-01 17:03:03,3,1,1
2023-02-01 17:03:18,3,1,1
2023-02-01 17:03:24,2,1,1
2023-02-01 17:04:09,2,1,1
2023-02-01 17:04:18,2,1,1
2023-02-01 17:04:59,3,1,1
2023-02-01 17:05:15,2,1,1
2023-02-01 17:06:02,2,1,1
2023-02-01 17:06:19,3,1,1
2023-02-01 17:06:31,2,1,1
2023-02-01 17:07:07,3,1,1
2023-02-01 17:07:40,1,1,1
2023-02-01 17:08:10,2,1,1
2023-02-01 17:08:15,2,1,1
2023-02-01 17:08:21,2,1,1
2023-02-01 17:08:28,2,1,1
2023-02-01 17:08:34,2,1,1
2023-02-01 17:25:18,2,1,1
2023-02-01 17:26:25,1,1,1
2023-02-01 17:26:47,2,1,1
2023-02-01 17:38:53,2,1,1
2023-02-01 17:40:20,1,1,1
2023-02-01 17:40:32,2,1,1
2023-02-01 17:40:35,2,1,1
2023-02-01 17:40:40,2,1,1
2023-02-01 17:44:34,2,1,1
2023-02-01 17:46:11,1,1,1
2023-02-01 17:46:35,2,1,1
2023-02-01 17:46:38,2,1,1
2023-02-01 17:46:41,2,1,1
2023-02-01 17:46:47,2,1,1
2023-02-01 17:46:52,2,1,1
2023-02-01 17:46:58,2,1,1
2023-02-01 17:47:08,2,1,1
2023-02-01 17:47:14,3,1,1
2023-02-01 17:47:19,3,1,1
2023-02-01 17:47:30,2,1,1
2023-02-01 17:48:07,3,1,1
2023-02-01 17:58:09,2,1,1
2023-02-01 17:59:07,1,1,1
2023-02-01 17:59:21,2,1,1
2023-02-01 17:59:28,2,1,1
2023-02-01 17:59:31,2,1,1
2023-02-01 17:59:35,2,1,1
2023-02-01 17:59:43,2,1,1
2023-02-01 17:59:52,2,1,1
2023-02-01 18:00:00,2,1,1
2023-02-01 18:00:04,3,1,1
2023-02-01 18:00:09,3,1,1
2023-02-01 18:00:18,2,1,1
2023-02-01 18:00:53,3,1,1
2023-02-01 18:01:09,2,1,1
2023-02-01 18:01:51,3,1,1
2023-02-01 18:02:03,2,1,1
2023-02-01 18:02:59,3,1,1
2023-02-01 18:03:08,2,1,1
2023-02-01 18:03:47,3,1,1
2023-02-01 18:03:59,2,1,1
2023-02-01 18:05:05,4,1,1
2023-02-01 18:25:19,2,1,1
2023-02-01 18:26:25,1,1,1
2023-02-01 18:26:48,2,1,1
2023-02-01 18:26:51,2,1,1
2023-02-01 18:26:57,2,1,1
2023-02-01 18:27:03,2,1,1
2023-02-01 18:27:09,2,1,1
2023-02-01 18:27:18,2,1,1
2023-02-01 18:38:54,2,1,1
2023-02-01 18:39:52,1,1,1
2023-02-01 18:40:13,2,1,1
2023-02-01 18:40:16,2,1,1
2023-02-01 18:40:19,2,1,1
2023-02-01 18:40:23,2,1,1
2023-02-01 18:40:28,2,1,1
2023-02-01 18:40:37,2,1,1
2023-02-01 18:40:47,2,1,1
2023-02-01 18:40:50,3,1,1
2023-02-01 18:41:00,3,1,1
2023-02-01 18:41:08,2,1,1
2023-02-01 18:41:45,3,1,1
2023-02-01 18:41:59,2,1,1
2023-02-01 18:42:50,3,1,1
2023-02-01 18:42:58,2,1,1
2023-02-01 18:43:48,3,1,1
2023-02-01 18:43:54,2,1,1
2023-02-01 18:44:48,3,1,1
2023-02-01 18:44:59,2,1,1
2023-02-01 18:46:31,4,1,1
2023-02-01 18:52:29,2,1,1
2023-02-01 18:53:48,1,1,1
2023-02-01 18:54:13,2,1,1
2023-02-01 18:54:19,2,1,1
2023-02-01 18:54:24,2,1,1
2023-02-01 18:54:33,2,1,1
2023-02-01 18:54:40,2,1,1
2023-02-01 18:54:44,2,1,1
2023-02-01 18:54:56,2,1,1
2023-02-01 18:55:02,3,1,1
2023-02-01 19:01:42,2,1,1
2023-02-01 19:02:35,1,1,1
2023-02-01 19:03:01,2,1,1
2023-02-01 19:03:06,2,1,1
2023-02-01 19:03:10,2,1,1
2023-02-01 19:15:17,2,1,1
2023-02-01 19:16:36,1,1,1
2023-02-01 19:17:00,2,1,1
2023-02-01 19:17:05,2,1,1
2023-02-01 19:17:39,2,1,1
2023-02-01 19:19:02,1,1,1
2023-02-01 19:19:25,2,1,1
2023-02-01 19:19:29,2,1,1
2023-02-01 19:19:34,2,1,1
2023-02-01 19:19:42,2,1,1
2023-02-01 19:19:53,2,1,1
2023-02-01 19:20:03,2,1,1
2023-02-01 19:20:13,2,1,1
2023-02-01 19:20:19,3,1,1
2023-02-01 19:20:26,3,1,1
2023-02-01 19:20:33,2,1,1
2023-02-01 19:21:17,2,1,1
2023-02-01 19:21:26,2,1,1
2023-02-01 19:22:14,2,1,1
2023-02-01 19:22:30,2,1,1
2023-02-01 19:23:24,3,1,1
2023-02-01 19:31:14,2,1,1
2023-02-01 19:32:50,1,1,1
2023-02-01 19:33:02,2,1,1
2023-02-01 19:33:07,2,1,1
2023-02-01 19:33:10,2,1,1
2023-02-01 19:44:49,2,1,1
2023-02-01 19:46:14,1,1,1
2023-02-01 19:46:40,2,1,1
2023-02-01 19:46:45,2,1,1
2023-02-01 19:46:49,2,1,1
2023-02-01 19:46:58,2,1,1
2023-02-01 19:47:05,2,1,1
2023-02-01 19:47:10,2,1,1
2023-02-01 19:47:21,2,1,1
2023-02-01 19:47:27,3,1,1
2023-02-01 19:47:33,3,1,1
2023-02-01 19:47:39,2,1,1
2023-02-01 19:48:19,3,1,1
2023-02-01 19:48:34,2,1,1
2023-02-01 19:49:25,3,1,1
2023-02-01 19:49:42,2,1,1
2023-02-01 19:50:43,3,1,1
2023-02-01 19:50:48,2,1,1
2023-02-01 19:51:28,3,1,1
2023-02-01 19:51:37,2,1,1
2023-02-01 19:53:11,2,1,1
2023-02-01 19:54:02,2,1,1
2023-02-01 19:55:42,1,1,1
2023-02-01 19:56:10,2,1,1
2023-02-01 19:56:17,2,1,1
2023-02-01 19:56:21,2,1,1
2023-02-01 19:56:30,2,1,1
2023-02-01 19:56:41,2,1,1
2023-02-01 19:56:51,2,1,1
2023-02-01 19:56:57,2,1,1
2023-02-01 19:57:03,3,1,1
2023-02-01 19:57:15,3,1,1
2023-02-01 19:57:28,2,1,1
2023-02-01 19:58:12,3,1,1
2023-02-01 19:58:16,2,1,1
2023-02-01 19:58:31,2,1,1
2023-02-01 19:59:15,3,1,1
2023-02-01 19:59:30,2,1,1
2023-02-01 19:59:53,1,1,1
2023-02-01 20:00:19,2,1,1
2023-02-01 20:00:22,2,1,1
2023-02-01 20:00:35,2,1,1
2023-02-01 20:00:38,2,1,1
2023-02-01 20:00:41,2,1,1
2023-02-01 20:01:20,3,1,1
2023-02-01 20:28:32,1,1,1
2023-02-01 20:28:48,2,1,1
2023-02-01 20:30:05,4,1,1
2023-02-01 20:49:18,2,1,1
2023-02-01 20:50:47,1,1,1
2023-02-01 20:51:03,2,1,1
2023-02-01 20:51:06,2,1,1
2023-02-01 20:51:11,2,1,1
2023-02-01 20:51:16,2,1,1
2023-02-01 20:51:25,2,1,1
2023-02-01 20:51:31,2,1,1
2023-02-01 20:51:39,2,1,1
2023-02-01 20:51:46,3,1,1
2023-02-01 20:51:58,3,1,1
2023-02-01 20:52:08,2,1,1
2023-02-01 20:52:53,3,1,1
2023-02-01 20:53:10,2,1,1
2023-02-01 20:53:52,3,1,1
2023-02-01 21:14:15,2,1,1
2023-02-01 21:15:48,1,1,1
2023-02-01 21:15:57,2,1,1
2023-02-01 21:16:02,1,1,1
2023-02-01 21:16:37,2,1,1
2023-02-01 21:17:33,1,1,1
2023-02-01 21:17:44,2,1,1
2023-02-01 21:17:49,2,1,1
2023-02-01 21:17:52,2,1,1
2023-02-01 21:18:02,2,1,1
2023-02-01 21:18:11,2,1,1
2023-02-01 21:25:50,2,1,1
2023-02-01 21:26:47,1,1,1
2023-02-01 21:27:00,2,1,1
2023-02-01 21:27:04,2,1,1
2023-02-01 21:27:09,2,1,1
2023-02-01 21:44:58,2,1,1
2023-02-01 21:46:27,1,1,1
2023-02-01 21:46:56,2,1,1
2023-02-01 22:12:00,2,1,1
2023-02-01 22:12:59,1,1,1
2023-02-01 22:13:22,2,1,1
2023-02-01 22:13:26,2,1,1
2023-02-01 22:13:29,2,1,1
2023-02-01 22:13:41,2,1,1
2023-02-01 22:13:51,2,1,1
2023-02-01 22:37:10,2,1,1
2023-02-01 22:38:08,1,1,1
2023-02-01 22:38:28,2,1,1
2023-02-01 22:38:33,2,1,1
2023-02-01 22:38:38,2,1,1
2023-02-01 22:38:47,2,1,1
2023-02-01 22:38:58,2,1,1
2023-02-01 22:39:08,2,1,1
2023-02-01 22:39:16,2,1,1
2023-02-01 22:39:19,3,1,1
2023-02-01 22:39:27,3,1,1
2023-02-01 22:39:34,2,1,1
2023-02-01 22:40:06,3,1,1
2023-02-01 22:40:23,2,1,1
2023-02-01 22:41:05,3,1,1
2023-02-01 22:41:19,2,1,1
2023-02-01 22:41:24,2,1,1
2023-02-01 22:42:11,3,1,1
2023-02-01 22:42:20,2,1,1
2023-02-01 22:42:35,1,1,1
2023-02-01 22:43:00,2,1,1
2023-02-01 22:43:05,5,2,2
2023-02-01 22:43:11,2,1,1
2023-02-01 22:43:19,2,1,1
2023-02-01 22:43:20,2,1,1
2023-02-01 22:43:29,2,1,1
2023-02-01 22:44:43,4,1,1
2023-02-01 22:54:59,2,1,1
2023-02-01 22:55:53,1,1,1
2023-02-01 22:56:23,2,1,1
2023-02-01 22:56:28,2,1,1
2023-02-01 23:14:15,2,1,1
2023-02-01 23:15:14,1,1,1
2023-02-01 23:15:26,2,1,1
2023-02-01 23:15:31,2,1,1
2023-02-01 23:15:34,2,1,1
2023-02-01 23:15:41,2,1,1
2023-02-01 23:15:50,2,1,1
2023-02-01 23:15:57,2,1,1
2023-02-01 23:16:04,2,1,1
2023-02-01 23:16:07,3,1,1
2023-02-01 23:16:13,3,1,1
2023-02-01 23:16:20,2,1,1
2023-02-01 23:16:52,3,1,1
2023-02-01 23:17:08,2,1,1
2023-02-01 23:18:03,3,1,1
2023-02-01 23:18:18,2,1,1
2023-02-01 23:19:19,3,1,1
2023-02-01 23:19:24,2,1,1
2023-02-01 23:20:07,3,1,1
2023-02-01 23:20:20,2,1,1
2023-02-01 23:21:35,4,1,1
2023-02-01 23:23:28,2,1,1
2023-02-01 23:25:02,1,1,1
2023-02-01 23:25:20,2,1,1
2023-02-01 23:25:23,2,1,1
2023-02-01 23:25:29,2,1,1
2023-02-01 23:25:41,2,1,1
2023-02-01 23:25:45,2,1,1
2023-02-01 23:25:55,2,1,1
2023-02-01 23:26:00,2,1,1
2023-02-01 23:46:16,2,1,1
2023-02-01 23:47:41,1,1,1
2023-02-01 23:48:00,2,1,1
2023-02-01 23:48:04,2,1,1
2023-02-01 23:48:09,2,1,1
2023-02-01 23:48:13,2,1,1
2023-02-01 23:48:19,2,1,1
2023-02-01 23:48:26,2,1,1
2023-02-01 23:48:32,2,1,1
2023-02-01 23:48:37,3,1,1
2023-02-01 23:48:49,3,1,1
2023-02-01 23:48:59,2,1,1
2023-02-01 23:49:34,3,1,1
2023-02-01 23:49:44,2,1,1
2023-02-01 23:50:36,3,1,1
2023-02-02 00:01:10,2,1,1
2023-02-02 00:02:20,1,1,1
2023-02-02 00:02:48,2,1,1
2023-02-02 00:14:45,2,1,1
2023-02-02 00:16:09,1,1,1
2023-02-02 00:16:22,2,1,1
2023-02-02 00:16:26,2,1,1
2023-02-02 00:16:32,2,1,1
2023-02-02 00:28:12,2,1,1
2023-02-02 00:29:35,1,1,1
2023-02-02 00:29:54,2,1,1
2023-02-02 00:29:58,2,1,1
2023-02-02 00:30:00,2,1,1
2023-02-02 00:30:08,2,1,1
2023-02-02 00:30:14,2,1,1
2023-02-02 01:37:40,2,1,1
2023-02-02 01:39:15,1,1,1
2023-02-02 01:39:27,2,1,1
2023-02-02 01:39:34,2,1,1
2023-02-02 01:39:40,2,1,1
2023-02-02 01:39:49,2,1,1
2023-02-02 01:40:00,2,1,1
2023-02-02 01:40:08,2,1,1
2023-02-02 01:40:15,2,1,1
2023-02-02 01:40:23,3,1,1
2023-02-02 01:40:28,3,1,1
2023-02-02 01:40:41,2,1,1
2023-02-02 01:41:25,3,1,1
2023-02-02 01:41:33,2,1,1
2023-02-02 01:41:54,2,1,1
2023-02-02 01:42:13,3,1,1
2023-02-02 01:42:24,2,1,1
2023-02-02 01:42:50,1,1,1
2023-02-02 01:43:01,2,1,1
2023-02-02 01:43:05,2,1,1
2023-02-02 01:43:09,3,1,1
2023-02-02 01:43:10,2,1,1
2023-02-02 01:43:19,4,2,2
2023-02-02 01:43:29,2,1,1
2023-02-02 01:43:34,2,1,1
2023-02-02 01:43:40,2,1,1
2023-02-02 01:43:44,3,1,1
2023-02-02 01:43:56,3,1,1
2023-02-02 01:44:09,2,1,1
2023-02-02 01:44:12,3,1,1
2023-02-02 01:44:21,2,1,1
2023-02-02 01:44:52,3,1,1
2023-02-02 01:45:07,2,1,1
2023-02-02 01:45:31,4,1,1
2023-02-02 01:45:53,2,1,1
2023-02-02 02:18:46,2,1,1
2023-02-02 02:19:54,1,1,1
2023-02-02 02:20:24,2,1,1
2023-02-02 02:20:27,2,1,1
2023-02-02 02:20:33,2,1,1
2023-02-02 02:20:38,2,1,1
2023-02-02 02:20:45,2,1,1
2023-02-02 02:20:51,2,1,1
2023-02-02 02:21:01,2,1,1
2023-02-02 02:21:06,3,1,1
2023-02-02 02:21:11,3,1,1
2023-02-02 02:21:17,2,1,1
2023-02-02 02:21:58,3,1,1
2023-02-02 02:22:14,2,1,1
2023-02-02 02:22:55,3,1,1
2023-02-02 02:23:08,2,1,1
2023-02-02 02:23:52,3,1,1
2023-02-02 02:32:21,2,1,1
2023-02-02 02:34:01,1,1,1
2023-02-02 02:34:15,2,1,1
2023-02-02 02:34:20,2,1,1
2023-02-02 02:34:25,2,1,1
2023-02-02 02:34:32,2,1,1
2023-02-02 02:34:40,2,1,1
2023-02-02 02:34:50,2,1,1
2023-02-02 02:34:54,2,1,1
2023-02-02 02:36:35,2,1,1
2023-02-02 02:38:03,1,1,1
2023-02-02 02:38:32,2,1,1
2023-02-02 02:38:37,2,1,1
2023-02-02 02:38:43,2,1,1
2023-02-02 02:38:52,2,1,1
2023-02-02 02:48:10,2,1,1
2023-02-02 02:49:05,1,1,1
2023-02-02 02:49:34,2,1,1
2023-02-02 02:49:37,2,1,1
2023-02-02 02:49:41,2,1,1
2023-02-02 02:49:49,2,1,1
2023-02-02 02:49:58,2,1,1
2023-02-02 02:50:07,2,1,1
2023-02-02 02:50:19,2,1,1
2023-02-02 02:50:22,3,1,1
2023-02-02 02:50:28,3,1,1
2023-02-02 02:50:32,2,1,1
2023-02-02 02:50:34,2,1,1
2023-02-02 02:51:07,3,1,1
2023-02-02 02:51:21,2,1,1
2023-02-02 02:51:37,1,1,1
2023-02-02 02:52:03,2,1,1
2023-02-02 02:52:06,3,1,1
2023-02-02 02:52:20,2,1,1
2023-02-02 02:53:16,3,1,1
2023-02-02 02:53:28,2,1,1
2023-02-02 02:54:03,2,1,1
2023-02-02 03:26:02,2,1,1
2023-02-02 03:27:00,1,1,1
2023-02-02 03:27:17,2,1,1
2023-02-02 03:27:21,2,1,1
2023-02-02 03:27:26,2,1,1
2023-02-02 03:27:32,2,1,1
2023-02-02 03:27:37,2,1,1
2023-02-02 03:27:42,2,1,1
2023-02-02 03:27:54,2,1,1
2023-02-02 03:27:58,3,1,1
2023-02-02 03:28:09,3,1,1
2023-02-02 03:28:19,2,1,1
2023-02-02 03:28:51,3,1,1
2023-02-02 03:48:50,2,1,1
2023-02-02 03:50:20,1,1,1
2023-02-02 03:50:29,2,1,1
2023-02-02 03:50:32,2,1,1
2023-02-02 03:50:37,2,1,1
2023-02-02 03:50:45,2,1,1
2023-02-02 03:50:55,1,1,1
2023-02-02 04:25:13,2,1,1
2023-02-02 04:26:30,1,1,1
2023-02-02 04:26:49,2,1,1
2023-02-02 05:08:49,2,1,1
2023-02-02 05:10:24,1,1,1
2023-02-02 05:10:36,2,1,1
2023-02-02 05:10:39,2,1,1
2023-02-02 05:10:41,2,1,1
2023-02-02 05:10:52,2,1,1
2023-02-02 05:11:00,2,1,1
2023-02-02 05:11:06,1,1,1
2023-02-02 05:18:44,2,1,1
2023-02-02 05:19:56,1,1,1
2023-02-02 05:20:15,2,1,1
2023-02-02 05:20:19,2,1,1
2023-02-02 05:20:25,2,1,1
2023-02-02 05:20:29,1,1,1
2023-02-02 05:32:19,2,1,1
2023-02-02 05:33:47,1,1,1
2023-02-02 05:33:59,2,1,1
2023-02-02 05:34:04,2,1,1
2023-02-02 05:34:09,2,1,1
2023-02-02 05:34:15,2,1,1
2023-02-02 05:34:19,2,1,1
2023-02-02 05:34:27,2,1,1
2023-02-02 05:34:29,1,1,1
2023-02-02 05:36:33,2,1,1
2023-02-02 05:38:03,1,1,1
2023-02-02 05:38:13,2,1,1
2023-02-02 05:38:20,2,1,1
2023-02-02 05:38:24,2,1,1
2023-02-02 05:38:30,2,1,1
2023-02-02 05:38:38,2,1,1
2023-02-02 05:38:47,2,1,1
2023-02-02 05:38:54,2,1,1
2023-02-02 05:38:57,3,1,1
2023-02-02 05:39:02,3,1,1
2023-02-02 05:39:10,2,1,1
2023-02-02 05:39:43,3,1,1
2023-02-02 05:40:01,2,1,1
2023-02-02 05:40:50,3,1,1
2023-02-02 05:41:02,2,1,1
2023-02-02 05:42:07,3,1,1
2023-02-02 05:42:16,2,1,1
2023-02-02 05:43:02,3,1,1
2023-02-02 05:43:14,2,1,1
2023-02-02 05:44:43,4,1,1
2023-02-02 05:51:27,2,1,1
2023-02-02 05:52:39,1,1,1
2023-02-02 05:52:53,2,1,1
2023-02-02 05:52:59,2,1,1
2023-02-02 05:53:02,2,1,1
2023-02-02 05:53:08,2,1,1
2023-02-02 05:53:13,2,1,1
2023-02-02 05:53:17,2,1,1
2023-02-02 05:53:24,2,1,1
2023-02-02 05:53:30,3,1,1
2023-02-02 05:53:43,3,1,1
2023-02-02 05:53:51,2,1,1
2023-02-02 05:54:29,3,1,1
2023-02-02 05:54:45,2,1,1
2023-02-02 05:55:32,3,1,1
2023-02-02 06:00:40,2,1,1
2023-02-02 06:01:49,1,1,1
2023-02-02 06:02:08,2,1,1
2023-02-02 06:02:11,2,1,1
2023-02-02 06:02:15,2,1,1
2023-02-02 06:02:24,2,1,1
2023-02-02 06:02:33,2,1,1
2023-02-02 06:02:38,2,1,1
2023-02-02 06:02:44,2,1,1
2023-02-02 06:02:52,3,1,1
2023-02-02 06:03:06,3,1,1
2023-02-02 06:03:12,2,1,1
2023-02-02 06:03:51,3,1,1
2023-02-02 06:04:05,2,1,1
2023-02-02 06:04:57,3,1,1
2023-02-02 06:38:14,2,1,1
2023-02-02 06:39:32,1,1,1
2023-02-02 06:39:42,2,1,1
2023-02-02 06:39:45,2,1,1
2023-02-02 06:39:47,2,1,1
2023-02-02 06:40:36,2,1,1
2023-02-02 06:41:32,1,1,1
2023-02-02 06:41:42,2,1,1
2023-02-02 06:41:49,2,1,1
2023-02-02 06:41:55,2,1,1
2023-02-02 06:42:02,2,1,1
2023-02-02 06:42:13,2,1,1
2023-02-02 06:42:23,2,1,1
2023-02-02 06:42:34,2,1,1
2023-02-02 06:42:40,3,1,1
2023-02-02 07:24:12,2,1,1
2023-02-02 07:25:44,1,1,1
2023-02-02 07:26:06,2,1,1
2023-02-02 07:26:13,1,1,1
2023-02-02 07:33:25,2,1,1
2023-02-02 07:34:28,1,1,1
2023-02-02 07:34:46,2,1,1
2023-02-02 07:34:51,2,1,1
2023-02-02 07:34:53,2,1,1
2023-02-02 07:35:01,2,1,1
2023-02-02 07:46:52,2,1,1
2023-02-02 07:48:05,1,1,1
2023-02-02 07:48:23,2,1,1
2023-02-02 07:48:26,2,1,1
2023-02-02 07:48:31,2,1,1
2023-02-02 07:48:37,2,1,1
2023-02-02 08:06:08,2,1,1
2023-02-02 08:07:35,1,1,1
2023-02-02 08:07:49,2,1,1
2023-02-02 08:07:53,2,1,1
2023-02-02 08:07:55,2,1,1
2023-02-02 08:08:05,2,1,1
2023-02-02 08:08:14,2,1,1
2023-02-02 08:08:25,2,1,1
2023-02-02 08:08:29,2,1,1
2023-02-02 08:10:22,2,1,1
2023-02-02 08:11:20,1,1,1
2023-02-02 08:11:29,2,1,1
2023-02-02 08:11:34,2,1,1
2023-02-02 08:11:37,2,1,1
2023-02-02 08:11:44,2,1,1
2023-02-02 08:11:52,2,1,1
2023-02-02 08:12:01,2,1,1
2023-02-02 08:12:08,2,1,1
2023-02-02 08:12:11,3,1,1
2023-02-02 08:12:25,3,1,1
2023-02-02 08:12:31,2,1,1
2023-02-02 08:13:10,3,1,1
2023-02-02 08:13:19,2,1,1
2023-02-02 08:14:07,3,1,1
2023-02-02 08:14:16,2,1,1
2023-02-02 08:14:58,2,1,1
2023-02-02 08:15:04,2,1,1
2023-02-02 08:15:42,3,1,1
2023-02-02 08:16:03,2,1,1
2023-02-02 08:17:24,1,1,1
2023-02-02 08:17:37,2,1,1
2023-02-02 08:17:42,2,1,1
2023-02-02 08:17:46,2,1,1
2023-02-02 08:17:51,2,1,1
2023-02-02 08:18:00,2,1,1
2023-02-02 08:18:08,2,1,1
2023-02-02 08:18:16,2,1,1
2023-02-02 08:18:24,3,1,1
2023-02-02 08:18:29,3,1,1
2023-02-02 08:18:36,2,1,1
2023-02-02 08:19:06,3,1,1
2023-02-02 08:19:21,2,1,1
2023-02-02 08:20:10,3,1,1
2023-02-02 08:20:17,2,1,1
2023-02-02 08:20:27,2,1,1
2023-02-02 08:21:14,2,1,1
2023-02-02 08:21:49,1,1,1
2023-02-02 08:22:11,2,1,1
2023-02-02 08:22:16,2,1,1
2023-02-02 08:29:30,2,1,1
2023-02-02 08:31:10,1,1,1
2023-02-02 08:31:30,2,1,1
2023-02-02 08:31:37,2,1,1
2023-02-02 08:31:42,2,1,1
2023-02-02 08:31:51,2,1,1
2023-02-02 08:32:00,2,1,1
2023-02-02 08:32:09,2,1,1
2023-02-02 08:32:18,2,1,1
2023-02-02 08:32:25,3,1,1
2023-02-02 08:32:31,3,1,1
2023-02-02 08:32:41,2,1,1
2023-02-02 08:33:21,3,1,1
2023-02-02 08:33:35,2,1,1
2023-02-02 08:34:22,2,1,1
2023-02-02 08:34:37,2,1,1
2023-02-02 08:35:29,3,1,1
2023-02-02 08:35:37,2,1,1
2023-02-02 08:36:14,3,1,1
2023-02-02 08:38:05,1,1,1
2023-02-02 08:38:22,3,1,1
2023-02-02 08:38:34,2,1,1
2023-02-02 08:39:40,3,1,1
2023-02-02 08:40:01,2,1,1
2023-02-02 08:41:10,3,1,1
2023-02-02 08:41:19,2,1,1
2023-02-02 08:42:35,3,1,1
2023-02-02 08:42:49,2,1,1
2023-02-02 08:43:40,3,1,1
2023-02-02 08:44:16,2,1,1
2023-02-02 08:45:35,2,1,1
2023-02-02 08:48:46,2,1,1
2023-02-02 08:50:14,1,1,1
2023-02-02 08:50:26,2,1,1
2023-02-02 08:50:31,2,1,1
2023-02-02 09:30:00,2,1,1
2023-02-02 09:31:24,1,1,1
2023-02-02 09:31:51,2,1,1
2023-02-02 09:31:55,2,1,1
2023-02-02 09:32:01,2,1,1
2023-02-02 09:32:09,2,1,1
2023-02-02 09:32:14,2,1,1
2023-02-02 09:35:41,2,1,1
2023-02-02 09:37:15,1,1,1
2023-02-02 09:37:27,2,1,1
2023-02-02 09:37:32,2,1,1
2023-02-02 09:37:37,2,1,1
2023-02-02 09:37:41,2,1,1
2023-02-02 09:37:47,2,1,1
2023-02-02 09:37:55,2,1,1
2023-02-02 09:38:02,2,1,1
2023-02-02 09:38:07,3,1,1
2023-02-02 09:38:12,3,1,1
2023-02-02 09:38:22,2,1,1
2023-02-02 09:39:00,3,1,1
2023-02-02 09:39:08,2,1,1
2023-02-02 09:39:51,2,1,1
2023-02-02 09:40:02,2,1,1
2023-02-02 09:41:02,3,1,1
2023-02-02 09:41:08,2,1,1
2023-02-02 09:41:59,3,1,1
2023-02-02 09:44:54,2,1,1
2023-02-02 09:45:47,1,1,1
2023-02-02 09:45:58,2,1,1
2023-02-02 09:54:07,2,1,1
2023-02-02 09:55:28,1,1,1
2023-02-02 09:55:42,2,1,1
2023-02-02 09:55:46,2,1,1
2023-02-02 09:55:50,2,1,1
2023-02-02 09:55:59,2,1,1
2023-02-02 09:56:08,2,1,1
2023-02-02 09:56:12,2,1,1
2023-02-02 09:56:21,2,1,1
2023-02-02 09:56:25,3,1,1
2023-02-02 09:56:37,3,1,1
2023-02-02 09:56:43,2,1,1
2023-02-02 09:57:13,2,1,1
2023-02-02 09:57:26,2,1,1
2023-02-02 09:58:08,3,1,1
2023-02-02 09:58:19,2,1,1
2023-02-02 09:58:21,2,1,1
2023-02-02 09:59:21,3,1,1
2023-02-02 09:59:33,2,1,1
2023-02-02 09:59:58,1,1,1
2023-02-02 10:00:08,3,1,1
2023-02-02 10:00:12,2,1,1
2023-02-02 10:04:57,2,1,1
2023-02-02 10:06:16,1,1,1
2023-02-02 10:06:27,2,1,1
2023-02-02 10:23:33,1,1,1
2023-02-02 10:23:46,3,1,1
2023-02-02 10:24:01,2,1,1
2023-02-02 10:25:15,3,1,1
2023-02-02 10:25:32,2,1,1
2023-02-02 10:26:34,3,1,1
2023-02-02 10:26:48,2,1,1
2023-02-02 10:27:52,3,1,1
2023-02-02 10:28:14,2,1,1
2023-02-02 10:29:28,3,1,1
2023-02-02 10:30:06,2,1,1
2023-02-02 10:31:09,4,1,1
2023-02-02 10:56:14,2,1,1
2023-02-02 10:57:14,1,1,1
2023-02-02 10:57:31,2,1,1
2023-02-02 11:05:27,2,1,1
2023-02-02 11:06:31,1,1,1
2023-02-02 11:06:59,2,1,1
2023-02-02 11:24:43,2,1,1
2023-02-02 11:25:58,1,1,1
2023-02-02 11:26:27,2,1,1
2023-02-02 11:26:33,2,1,1
2023-02-02 11:26:38,2,1,1
2023-02-02 11:26:45,2,1,1
2023-02-02 11:26:52,1,1,1
2023-02-02 11:26:55,2,1,1
2023-02-02 11:26:59,2,1,1
2023-02-02 11:27:07,3,1,1
2023-02-02 11:27:10,2,1,1
2023-02-02 11:27:17,3,1,1
2023-02-02 11:27:19,2,1,1
2023-02-02 11:27:23,3,1,1
2023-02-02 11:27:29,2,1,1
2023-02-02 11:28:02,3,1,1
2023-02-02 11:28:04,3,1,1
2023-02-02 11:28:10,2,1,1
2023-02-02 11:28:20,2,1,1
2023-02-02 11:28:59,3,1,1
2023-02-02 11:29:11,2,1,1
2023-02-02 11:29:16,2,1,1
2023-02-02 11:29:31,2,1,1
2023-02-02 11:30:13,3,1,1
2023-02-02 11:30:18,2,1,1
2023-02-02 11:30:29,3,1,1
2023-02-02 11:30:51,2,1,1
2023-02-02 11:30:53,2,1,1
2023-02-02 11:31:44,5,1,1
2023-02-02 11:43:59,2,1,1
2023-02-02 11:45:23,1,1,1
2023-02-02 11:45:34,2,1,1
2023-02-02 11:45:37,2,1,1
2023-02-02 11:45:43,2,1,1
2023-02-02 11:45:47,2,1,1
2023-02-02 11:45:54,2,1,1
2023-02-02 11:46:00,2,1,1
2023-02-02 11:46:12,2,1,1
2023-02-02 11:46:15,3,1,1
2023-02-02 11:46:26,3,1,1
2023-02-02 11:46:39,2,1,1
2023-02-02 11:47:14,3,1,1
2023-02-02 11:47:23,2,1,1
2023-02-02 11:48:12,3,1,1
2023-02-02 11:48:26,2,1,1
2023-02-02 11:49:05,3,1,1
2023-02-02 11:49:40,2,1,1
2023-02-02 11:51:08,1,1,1
2023-02-02 11:51:38,2,1,1
2023-02-02 11:51:41,2,1,1
2023-02-02 11:51:46,2,1,1
2023-02-02 11:51:54,2,1,1
2023-02-02 11:52:03,2,1,1
2023-02-02 11:52:09,2,1,1
2023-02-02 11:52:20,2,1,1
2023-02-02 11:52:24,3,1,1
2023-02-02 11:52:34,3,1,1
2023-02-02 11:52:40,2,1,1
2023-02-02 11:53:12,3,1,1
2023-02-02 12:03:15,2,1,1
2023-02-02 12:04:45,1,1,1
2023-02-02 12:05:13,2,1,1
2023-02-02 12:05:16,2,1,1
2023-02-02 12:05:23,1,1,1
2023-02-02 12:12:28,2,1,1
2023-02-02 12:13:37,1,1,1
2023-02-02 12:13:55,2,1,1
2023-02-02 12:14:00,2,1,1
2023-02-02 12:14:05,2,1,1
2023-02-02 12:14:16,2,1,1
2023-02-02 12:14:25,2,1,1
2023-02-02 12:24:03,2,1,1
2023-02-02 12:24:55,1,1,1
2023-02-02 12:25:25,2,1,1
2023-02-02 12:25:28,2,1,1
2023-02-02 12:25:31,2,1,1
2023-02-02 12:25:35,2,1,1
2023-02-02 12:25:42,2,1,1
2023-02-02 12:25:50,2,1,1
2023-02-02 12:25:56,2,1,1
2023-02-02 12:25:59,3,1,1
2023-02-02 12:26:04,3,1,1
2023-02-02 12:26:17,2,1,1
2023-02-02 12:26:54,3,1,1
2023-02-02 12:27:05,2,1,1
2023-02-02 12:27:57,2,1,1
2023-02-02 12:28:05,2,1,1
2023-02-02 12:29:09,3,1,1
2023-02-02 12:29:14,2,1,1
2023-02-02 12:30:07,2,1,1
2023-02-02 12:33:32,2,1,1
2023-02-02 12:51:13,2,1,1
2023-02-02 12:52:03,1,1,1
2023-02-02 12:52:24,2,1,1
2023-02-02 12:52:29,2,1,1
2023-02-02 12:52:35,2,1,1
2023-02-02 13:04:40,2,1,1
2023-02-02 13:06:06,1,1,1
2023-02-02 13:06:21,2,1,1
2023-02-02 13:06:25,2,1,1
2023-02-02 13:06:31,2,1,1
2023-02-02 13:06:41,2,1,1
2023-02-02 13:10:21,2,1,1
2023-02-02 13:11:58,1,1,1
2023-02-02 13:12:11,2,1,1
2023-02-02 13:12:16,2,1,1
2023-02-02 13:12:18,2,1,1
2023-02-02 13:12:23,1,1,1
2023-02-02 13:33:09,2,1,1
2023-02-02 13:34:40,1,1,1
2023-02-02 13:34:53,2,1,1
2023-02-02 13:35:00,2,1,1
2023-02-02 13:35:04,2,1,1
2023-02-02 13:35:11,2,1,1
2023-02-02 13:35:19,2,1,1
2023-02-02 13:35:29,2,1,1
2023-02-02 13:35:39,2,1,1
2023-02-02 13:35:46,3,1,1
2023-02-02 13:35:58,3,1,1
2023-02-02 13:36:06,2,1,1
2023-02-02 13:36:46,3,1,1
2023-02-02 13:37:01,2,1,1
2023-02-02 13:37:44,3,1,1
2023-02-02 13:42:22,2,1,1
2023-02-02 13:43:29,1,1,1
2023-02-02 13:43:40,2,1,1
2023-02-02 13:43:43,2,1,1
2023-02-02 13:43:46,2,1,1
2023-02-02 13:50:25,2,1,1
2023-02-02 13:51:26,1,1,1
2023-02-02 13:51:41,2,1,1
2023-02-02 13:51:46,2,1,1
2023-02-02 13:51:50,2,1,1
2023-02-02 13:51:57,2,1,1
2023-02-02 13:52:07,2,1,1
2023-02-02 13:52:15,2,1,1
2023-02-02 13:52:21,2,1,1
2023-02-02 13:52:24,3,1,1
2023-02-02 13:52:38,3,1,1
2023-02-02 13:52:44,2,1,1
2023-02-02 13:53:23,3,1,1
2023-02-02 13:53:34,2,1,1
2023-02-02 13:54:26,3,1,1
2023-02-02 13:54:34,2,1,1
2023-02-02 13:55:23,3,1,1
2023-02-02 13:55:29,2,1,1
2023-02-02 13:56:04,3,1,1
2023-02-02 13:56:17,2,1,1
2023-02-02 13:57:18,2,1,1
2023-02-02 14:13:55,2,1,1
2023-02-02 14:14:58,1,1,1
2023-02-02 14:15:20,2,1,1
2023-02-02 14:15:23,2,1,1
2023-02-02 14:15:25,2,1,1
2023-02-02 14:15:33,2,1,1
2023-02-02 14:15:41,2,1,1
2023-02-02 14:23:08,2,1,1
2023-02-02 14:24:43,1,1,1
2023-02-02 14:24:55,2,1,1
2023-02-02 14:24:59,2,1,1
2023-02-02 14:25:02,2,1,1
2023-02-02 14:25:14,2,1,1
2023-02-02 14:36:43,2,1,1
2023-02-02 14:38:09,1,1,1
2023-02-02 14:38:34,2,1,1
2023-02-02 14:38:37,2,1,1
2023-02-02 14:38:42,2,1,1
2023-02-02 14:38:50,2,1,1
2023-02-02 14:39:01,2,1,1
2023-02-02 14:39:11,2,1,1
2023-02-02 14:39:20,2,1,1
2023-02-02 14:39:26,3,1,1
2023-02-02 14:40:03,1,1,1
2023-02-02 14:40:16,2,1,1
2023-02-02 14:40:57,2,1,1
2023-02-02 14:41:36,4,1,1
2023-02-02 14:42:04,1,1,1
2023-02-02 14:42:32,2,1,1
2023-02-02 14:46:38,2,1,1
2023-02-02 15:09:18,2,1,1
2023-02-02 15:10:39,1,1,1
2023-02-02 15:11:09,2,1,1
2023-02-02 15:11:13,2,1,1
2023-02-02 15:11:17,2,1,1
2023-02-02 15:11:25,1,1,1
2023-02-02 15:14:59,2,1,1
2023-02-02 15:16:10,1,1,1
2023-02-02 15:16:32,2,1,1
2023-02-02 15:16:36,2,1,1
2023-02-02 15:16:42,2,1,1
2023-02-02 15:16:51,2,1,1
2023-02-02 15:17:01,2,1,1
2023-02-02 15:26:22,1,1,1
2023-02-02 15:26:36,3,1,1
2023-02-02 15:26:54,2,1,1
2023-02-02 15:27:47,3,1,1
2023-02-02 15:28:06,2,1,1
2023-02-02 15:28:34,2,1,1
2023-02-02 15:28:57,3,1,1
2023-02-02 15:29:09,2,1,1
2023-02-02 15:30:06,1,1,1
2023-02-02 15:30:25,2,1,1
2023-02-02 15:30:29,2,1,1
2023-02-02 15:30:32,2,1,1
2023-02-02 15:30:33,3,1,1
2023-02-02 15:30:41,2,1,1
2023-02-02 15:30:47,2,1,1
2023-02-02 15:30:51,2,1,1
2023-02-02 15:30:53,2,1,1
2023-02-02 15:31:04,2,1,1
2023-02-02 15:31:08,3,1,1
2023-02-02 15:31:22,3,1,1
2023-02-02 15:31:32,2,1,1
2023-02-02 15:32:04,3,1,1
2023-02-02 15:32:05,3,1,1
2023-02-02 15:32:15,2,1,1
2023-02-02 15:32:39,2,1,1
2023-02-02 15:33:06,3,1,1
2023-02-02 15:33:15,2,1,1
2023-02-02 15:33:37,2,1,1
2023-02-02 15:34:15,2,1,1
2023-02-02 15:34:21,2,1,1
2023-02-02 15:35:09,3,1,1
2023-02-02 16:04:57,2,1,1
2023-02-02 16:06:31,1,1,1
2023-02-02 16:06:58,2,1,1
2023-02-02 16:07:05,2,1,1
2023-02-02 16:07:09,2,1,1
2023-02-02 16:07:13,2,1,1
2023-02-02 16:07:20,2,1,1
2023-02-02 16:07:28,2,1,1
2023-02-02 16:07:36,2,1,1
2023-02-02 16:07:41,3,1,1
2023-02-02 16:07:49,3,1,1
2023-02-02 16:07:57,2,1,1
2023-02-02 16:08:31,3,1,1
2023-02-02 16:08:41,2,1,1
2023-02-02 16:09:25,3,1,1
2023-02-02 16:09:41,2,1,1
2023-02-02 16:10:30,3,1,1
2023-02-02 16:27:37,2,1,1
2023-02-02 16:28:28,1,1,1
2023-02-02 16:28:54,2,1,1
2023-02-02 16:28:57,2,1,1
2023-02-02 16:29:02,2,1,1
2023-02-02 16:29:09,2,1,1
2023-02-02 16:29:15,2,1,1
2023-02-02 16:29:24,2,1,1
2023-02-02 16:33:18,2,1,1
2023-02-02 16:34:13,1,1,1
2023-02-02 16:34:27,2,1,1
2023-02-02 16:34:30,2,1,1
2023-02-02 16:34:34,2,1,1
2023-02-02 16:34:43,2,1,1
2023-02-02 16:34:50,2,1,1
2023-02-02 16:34:54,2,1,1
2023-02-02 16:35:04,2,1,1
2023-02-02 16:35:11,3,1,1
2023-02-02 16:51:37,2,1,1
2023-02-02 16:52:54,1,1,1
2023-02-02 16:53:15,2,1,1
2023-02-02 16:53:19,2,1,1
2023-02-02 16:53:22,2,1,1
2023-02-02 16:53:29,2,1,1
2023-02-02 16:53:36,2,1,1
2023-02-02 16:53:45,2,1,1
2023-02-02 16:53:50,1,1,1
2023-02-02 17:07:26,2,1,1
2023-02-02 17:09:02,1,1,1
2023-02-02 17:09:15,2,1,1
2023-02-02 17:09:18,2,1,1
2023-02-02 17:09:23,2,1,1
2023-02-02 17:09:33,2,1,1
2023-02-02 17:21:01,2,1,1
2023-02-02 17:22:23,1,1,1
2023-02-02 17:22:36,2,1,1
2023-02-02 17:22:40,2,1,1
2023-02-02 17:22:45,2,1,1
2023-02-02 17:22:52,2,1,1
2023-02-02 17:22:57,2,1,1
2023-02-02 17:23:04,2,1,1
2023-02-02 17:23:16,2,1,1
2023-02-02 17:23:24,3,1,1
2023-02-02 17:23:32,3,1,1
2023-02-02 17:23:43,2,1,1
2023-02-02 17:24:22,3,1,1
2023-02-02 17:24:40,2,1,1
2023-02-02 17:25:24,3,1,1
2023-02-02 17:25:36,2,1,1
2023-02-02 17:26:21,1,1,1
2023-02-02 17:26:26,3,1,1
2023-02-02 17:26:35,3,1,1
2023-02-02 17:26:38,2,1,1
2023-02-02 17:26:49,2,1,1
2023-02-02 17:27:32,3,1,1
2023-02-02 17:27:39,3,1,1
2023-02-02 17:27:40,2,1,1
2023-02-02 17:28:04,2,1,1
2023-02-02 17:29:07,2,1,1
2023-02-02 17:29:31,3,1,1
2023-02-02 17:29:41,2,1,1
2023-02-02 17:30:14,2,1,1
2023-02-02 17:30:54,3,1,1
2023-02-02 17:31:14,2,1,1
2023-02-02 17:31:32,1,1,1
2023-02-02 17:31:48,2,1,1
2023-02-02 17:31:55,2,1,1
2023-02-02 17:32:01,5,2,2
2023-02-02 17:32:08,2,1,1
2023-02-02 17:32:15,2,1,1
2023-02-02 17:32:23,2,1,1
2023-02-02 17:32:31,2,1,1
2023-02-02 17:32:36,2,1,1
2023-02-02 17:32:37,3,1,1
2023-02-02 17:32:44,3,1,1
2023-02-02 17:32:57,2,1,1
2023-02-02 17:33:32,3,1,1
2023-02-02 17:33:49,2,1,1
2023-02-02 17:34:06,4,1,1
2023-02-02 17:34:29,3,1,1
2023-02-02 17:35:55,2,1,1
2023-02-02 17:37:11,1,1,1
2023-02-02 17:37:22,2,1,1
2023-02-02 17:37:26,2,1,1
2023-02-02 17:37:32,2,1,1
2023-02-02 17:37:42,2,1,1
2023-02-02 17:37:47,2,1,1
2023-02-02 17:37:54,2,1,1
2023-02-02 17:38:02,2,1,1
2023-02-02 18:26:47,1,1,1
2023-02-02 18:27:04,2,1,1
2023-02-02 18:28:11,4,1,1
2023-02-02 18:36:21,1,1,1
2023-02-02 18:36:36,3,1,1
2023-02-02 18:36:48,2,1,1
2023-02-02 18:37:44,2,1,1
2023-02-02 18:38:09,2,1,1
2023-02-02 18:39:45,2,1,1
2023-02-02 18:40:06,2,1,1
2023-02-02 18:41:30,3,1,1
2023-02-02 18:41:49,2,1,1
2023-02-02 18:42:55,3,1,1
2023-02-02 18:43:35,3,1,1
2023-02-02 18:43:51,2,1,1
2023-02-02 18:44:59,1,1,1
2023-02-02 18:45:29,2,1,1
2023-02-02 18:53:04,2,1,1
2023-02-02 18:54:34,1,1,1
2023-02-02 18:54:47,2,1,1
2023-02-02 18:54:51,2,1,1
2023-02-02 18:54:56,2,1,1
2023-02-02 18:55:01,2,1,1
2023-02-02 18:55:09,2,1,1
2023-02-02 18:55:16,2,1,1
2023-02-02 18:55:24,2,1,1
2023-02-02 18:55:27,3,1,1
2023-02-02 18:55:42,3,1,1
2023-02-02 18:55:54,2,1,1
2023-02-02 18:56:29,3,1,1
2023-02-02 18:56:41,2,1,1
2023-02-02 18:57:18,2,1,1
2023-02-02 18:57:23,3,1,1
2023-02-02 18:57:31,2,1,1
2023-02-02 18:58:15,3,1,1
2023-02-02 18:58:21,2,1,1
2023-02-02 18:58:25,1,1,1
2023-02-02 18:58:48,2,1,1
2023-02-02 18:58:52,2,1,1
2023-02-02 18:58:55,2,1,1
2023-02-02 18:59:02,2,1,1
2023-02-02 18:59:07,2,1,1
2023-02-02 18:59:11,2,1,1
2023-02-02 18:59:16,2,1,1
2023-02-02 18:59:23,2,1,1
2023-02-02 18:59:30,3,1,1
2023-02-02 19:10:53,2,1,1
2023-02-02 19:11:53,1,1,1
2023-02-02 19:12:10,2,1,1
2023-02-02 19:12:13,2,1,1
2023-02-02 19:12:15,2,1,1
2023-02-02 19:26:29,2,1,1
2023-02-02 19:27:22,1,1,1
2023-02-02 19:27:44,2,1,1
2023-02-02 19:27:51,2,1,1
2023-02-02 19:27:55,2,1,1
2023-02-02 19:28:03,2,1,1
2023-02-02 19:28:12,2,1,1
2023-02-02 19:28:20,2,1,1
2023-02-02 19:28:32,2,1,1
2023-02-02 19:28:38,3,1,1
2023-02-02 19:28:49,3,1,1
2023-02-02 19:29:01,2,1,1
2023-02-02 19:29:46,3,1,1
2023-02-02 19:29:56,2,1,1
2023-02-02 19:30:37,3,1,1
2023-02-02 19:30:50,2,1,1
2023-02-02 19:31:30,2,1,1
2023-02-02 19:31:42,2,1,1
2023-02-02 19:32:10,2,1,1
2023-02-02 19:32:35,3,1,1
2023-02-02 19:33:08,1,1,1
2023-02-02 19:33:26,2,1,1
2023-02-02 19:33:33,2,1,1
2023-02-02 19:33:39,2,1,1
2023-02-02 19:33:48,2,1,1
2023-02-02 19:33:54,2,1,1
2023-02-02 19:34:02,2,1,1
2023-02-02 19:34:12,2,1,1
2023-02-02 19:34:19,3,1,1
2023-02-02 19:34:31,3,1,1
2023-02-02 19:34:38,2,1,1
2023-02-02 19:35:23,3,1,1
2023-02-02 19:35:39,2,1,1
2023-02-02 19:36:19,3,1,1
2023-02-02 19:36:30,2,1,1
2023-02-02 19:37:13,3,1,1
2023-02-02 19:41:23,2,1,1
2023-02-02 19:42:15,1,1,1
2023-02-02 19:42:30,2,1,1
2023-02-02 19:42:35,2,1,1
2023-02-02 19:42:38,2,1,1
2023-02-02 19:42:45,2,1,1
2023-02-02 19:42:54,2,1,1
2023-02-02 19:43:04,2,1,1
2023-02-02 19:43:16,2,1,1
2023-02-02 19:43:24,3,1,1
2023-02-02 19:43:36,3,1,1
2023-02-02 19:43:45,2,1,1
2023-02-02 19:44:29,3,1,1
2023-02-02 19:44:39,2,1,1
2023-02-02 19:45:21,3,1,1
2023-02-02 19:45:32,2,1,1
2023-02-02 19:45:37,2,1,1
2023-02-02 19:46:23,3,1,1
2023-02-02 19:46:28,2,1,1
2023-02-02 19:46:48,1,1,1
2023-02-02 19:47:11,2,1,1
2023-02-02 19:47:15,2,1,1
2023-02-02 19:47:19,2,1,1
2023-02-02 19:47:23,2,1,1
2023-02-02 19:47:25,3,1,1
2023-02-02 19:47:31,2,1,1
2023-02-02 19:47:38,2,1,1
2023-02-02 19:47:39,2,1,1
2023-02-02 19:47:50,2,1,1
2023-02-02 19:47:53,3,1,1
2023-02-02 19:48:02,3,1,1
2023-02-02 19:48:09,2,1,1
2023-02-02 19:48:48,4,1,1
2023-02-02 19:48:52,3,1,1
2023-02-02 19:49:09,2,1,1
2023-02-02 19:49:59,3,1,1
2023-02-02 19:50:16,2,1,1
2023-02-02 19:51:08,3,1,1
2023-02-02 19:51:17,2,1,1
2023-02-02 19:52:09,3,1,1
2023-02-02 19:52:17,2,1,1
2023-02-02 19:53:48,4,1,1
2023-02-02 20:08:59,2,1,1
2023-02-02 20:10:12,1,1,1
2023-02-02 20:10:40,2,1,1
2023-02-02 20:18:12,2,1,1
2023-02-02 20:19:52,1,1,1
2023-02-02 20:20:05,2,1,1
2023-02-02 20:20:09,2,1,1
2023-02-02 20:20:15,2,1,1
2023-02-02 20:20:24,2,1,1
2023-02-02 20:20:33,2,1,1
2023-02-02 20:20:45,2,1,1
2023-02-02 20:20:54,2,1,1
2023-02-02 20:31:47,2,1,1
2023-02-02 20:32:53,1,1,1
2023-02-02 20:33:08,2,1,1
2023-02-02 20:33:13,2,1,1
2023-02-02 20:33:16,2,1,1
2023-02-02 20:33:25,1,1,1
2023-02-02 21:00:16,2,1,1
2023-02-02 21:01:48,1,1,1
2023-02-02 21:02:16,2,1,1
2023-02-02 21:02:20,2,1,1
2023-02-02 21:02:26,2,1,1
2023-02-02 21:02:34,2,1,1
2023-02-02 21:02:38,2,1,1
2023-02-02 21:02:50,2,1,1
2023-02-02 21:05:57,2,1,1
2023-02-02 21:06:09,1,1,1
2023-02-02 21:11:38,2,1,1
2023-02-02 21:12:32,1,1,1
2023-02-02 21:12:44,2,1,1
2023-02-02 21:12:49,2,1,1
2023-02-02 21:12:52,2,1,1
2023-02-02 21:13:03,2,1,1
2023-02-02 21:35:45,2,1,1
2023-02-02 21:37:05,1,1,1
2023-02-02 21:37:30,2,1,1
2023-02-02 21:37:35,1,1,1
2023-02-02 22:12:38,1,1,1
2023-02-02 22:12:50,3,1,1
2023-02-02 22:13:05,2,1,1
2023-02-02 22:14:04,3,1,1
2023-02-02 22:14:20,2,1,1
2023-02-02 22:15:46,3,1,1
2023-02-02 22:15:57,2,1,1
2023-02-02 22:17:16,3,1,1
2023-02-02 22:17:34,2,1,1
2023-02-02 22:18:25,3,1,1
2023-02-02 22:19:02,2,1,1
2023-02-02 22:20:41,4,1,1
2023-02-02 22:39:56,2,1,1
2023-02-02 22:41:31,1,1,1
2023-02-02 22:41:42,2,1,1
2023-02-02 22:41:45,2,1,1
2023-02-02 22:41:49,2,1,1
2023-02-02 22:41:56,2,1,1
2023-02-02 22:42:01,2,1,1
2023-02-02 22:42:10,2,1,1
2023-02-02 22:42:19,2,1,1
2023-02-02 22:53:31,2,1,1
2023-02-02 22:54:26,1,1,1
2023-02-02 22:54:45,2,1,1
2023-02-02 22:57:45,2,1,1
2023-02-02 22:59:25,1,1,1
2023-02-02 22:59:39,2,1,1
2023-02-02 22:59:44,2,1,1
2023-02-02 22:59:48,2,1,1
2023-02-02 22:59:59,2,1,1
2023-02-02 23:00:09,2,1,1
2023-02-02 23:00:12,1,1,1
2023-02-02 23:06:07,1,1,1
2023-02-02 23:06:25,3,1,1
2023-02-02 23:06:38,2,1,1
2023-02-02 23:06:58,2,1,1
2023-02-02 23:07:40,3,1,1
2023-02-02 23:08:00,2,1,1
2023-02-02 23:08:18,1,1,1
2023-02-02 23:08:38,2,1,1
2023-02-02 23:08:41,2,1,1
2023-02-02 23:08:47,2,1,1
2023-02-02 23:08:56,2,1,1
2023-02-02 23:09:01,2,1,1
2023-02-02 23:09:07,2,1,1
2023-02-02 23:09:13,2,1,1
2023-02-02 23:09:18,3,1,1
2023-02-02 23:09:46,2,1,1
2023-02-02 23:10:06,2,1,1
2023-02-02 23:11:05,3,1,1
2023-02-02 23:11:20,2,1,1
2023-02-02 23:12:34,3,1,1
2023-02-02 23:13:08,2,1,1
2023-02-02 23:14:40,3,1,1
2023-02-02 23:15:26,2,1,1
2023-02-02 23:16:47,1,1,1
2023-02-02 23:17:00,2,1,1
2023-02-02 23:17:04,2,1,1
2023-02-02 23:17:09,2,1,1
2023-02-02 23:17:13,2,1,1
2023-02-02 23:17:19,2,1,1
2023-02-02 23:17:26,2,1,1
2023-02-02 23:17:38,2,1,1
2023-02-02 23:17:43,3,1,1
2023-02-02 23:17:57,3,1,1
2023-02-02 23:18:05,2,1,1
2023-02-02 23:18:46,3,1,1
2023-02-02 23:19:02,2,1,1
2023-02-02 23:19:45,2,1,1
2023-02-02 23:19:57,2,1,1
2023-02-02 23:20:54,3,1,1
2023-02-02 23:33:15,2,1,1
2023-02-02 23:34:28,1,1,1
2023-02-02 23:34:54,2,1,1
2023-02-02 23:34:58,2,1,1
2023-02-02 23:35:04,2,1,1
2023-02-02 23:35:13,2,1,1
2023-02-02 23:35:18,2,1,1
2023-02-02 23:35:22,2,1,1
2023-02-02 23:35:29,2,1,1
2023-02-02 23:35:37,3,1,1
2023-02-02 23:35:44,3,1,1
2023-02-02 23:35:53,2,1,1
2023-02-02 23:36:31,3,1,1
2023-02-02 23:36:45,2,1,1
2023-02-02 23:37:33,3,1,1
2023-02-02 23:46:50,2,1,1
2023-02-02 23:48:08,1,1,1
2023-02-02 23:48:30,2,1,1
2023-02-02 23:48:34,2,1,1
2023-02-02 23:48:39,2,1,1
2023-02-02 23:48:47,2,1,1
2023-02-02 23:48:51,2,1,1
2023-02-02 23:49:03,2,1,1
2023-02-02 23:49:11,2,1,1
2023-02-03 00:04:39,2,1,1
2023-02-03 00:06:09,1,1,1
2023-02-03 00:06:39,2,1,1
2023-02-03 00:06:43,2,1,1
2023-02-03 00:06:45,2,1,1
2023-02-03 00:06:54,2,1,1
2023-02-03 00:07:02,2,1,1
2023-02-03 00:07:15,2,1,1
2023-02-03 00:07:23,2,1,1
2023-02-03 00:10:20,2,1,1
2023-02-03 00:11:40,1,1,1
2023-02-03 00:12:01,2,1,1
2023-02-03 00:12:06,2,1,1
2023-02-03 00:12:08,2,1,1
2023-02-03 00:12:14,2,1,1
2023-02-03 00:19:33,2,1,1
2023-02-03 00:20:51,1,1,1
2023-02-03 00:21:18,2,1,1
2023-02-03 00:21:22,2,1,1
2023-02-03 00:21:27,2,1,1
2023-02-03 00:21:32,1,1,1
2023-02-03 00:27:36,2,1,1
2023-02-03 00:28:36,1,1,1
2023-02-03 00:28:52,2,1,1
2023-02-03 00:28:57,2,1,1
2023-02-03 00:29:03,2,1,1
2023-02-03 00:29:10,2,1,1
2023-02-03 00:29:16,2,1,1
2023-02-03 00:29:25,2,1,1
2023-02-03 00:29:31,2,1,1
2023-02-03 00:29:36,3,1,1
2023-02-03 00:29:48,3,1,1
2023-02-03 00:29:55,2,1,1
2023-02-03 00:30:31,3,1,1
2023-02-03 00:30:47,2,1,1
2023-02-03 00:31:35,3,1,1
2023-02-03 00:31:49,2,1,1
2023-02-03 00:32:42,3,1,1
2023-02-03 00:35:39,2,1,1
2023-02-03 00:36:55,1,1,1
2023-02-03 00:37:24,2,1,1
2023-02-03 00:37:29,2,1,1
2023-02-03 00:37:34,2,1,1
2023-02-03 00:37:36,1,1,1
2023-02-03 00:47:01,2,1,1
2023-02-03 00:48:30,1,1,1
2023-02-03 00:48:53,2,1,1
2023-02-03 00:49:00,2,1,1
2023-02-03 00:49:04,2,1,1
2023-02-03 00:49:11,2,1,1
2023-02-03 00:49:17,2,1,1
2023-02-03 00:49:25,2,1,1
2023-02-03 00:49:36,2,1,1
2023-02-03 00:49:39,3,1,1
2023-02-03 00:49:48,3,1,1
2023-02-03 00:49:58,2,1,1
2023-02-03 00:50:42,3,1,1
2023-02-03 00:50:50,2,1,1
2023-02-03 00:51:41,3,1,1
2023-02-03 00:51:53,2,1,1
2023-02-03 00:52:41,3,1,1
2023-02-03 00:52:51,2,1,1
2023-02-03 00:53:25,3,1,1
2023-02-03 00:53:35,2,1,1
2023-02-03 00:54:46,4,1,1
2023-02-03 01:08:42,1,1,1
2023-02-03 01:08:56,3,1,1
2023-02-03 01:09:14,2,1,1
2023-02-03 01:09:59,3,1,1
2023-02-03 01:10:23,2,1,1
2023-02-03 01:11:57,3,1,1
2023-02-03 01:12:17,2,1,1
2023-02-03 01:13:20,3,1,1
2023-02-03 01:13:44,2,1,1
2023-02-03 01:14:27,2,1,1
2023-02-03 01:14:56,2,1,1
2023-02-03 01:16:05,3,1,1
2023-02-03 01:27:46,2,1,1
2023-02-03 01:28:42,1,1,1
2023-02-03 01:29:10,2,1,1
2023-02-03 01:29:14,2,1,1
2023-02-03 01:29:19,2,1,1
2023-02-03 01:29:29,2,1,1
2023-02-03 01:46:54,2,1,1
2023-02-03 01:48:30,1,1,1
2023-02-03 01:48:44,2,1,1
2023-02-03 01:48:49,2,1,1
2023-02-03 01:48:52,2,1,1
2023-02-03 01:49:01,2,1,1
2023-02-03 01:49:08,2,1,1
2023-02-03 01:56:07,2,1,1
2023-02-03 01:57:09,1,1,1
2023-02-03 01:57:35,2,1,1
2023-02-03 01:58:29,2,1,1
2023-02-03 01:59:50,1,1,1
2023-02-03 02:00:10,2,1,1
2023-02-03 02:00:14,2,1,1
2023-02-03 02:00:19,2,1,1
2023-02-03 02:00:23,2,1,1
2023-02-03 02:00:29,2,1,1
2023-02-03 02:00:33,2,1,1
2023-02-03 02:00:45,2,1,1
2023-02-03 02:00:50,3,1,1
2023-02-03 02:01:03,3,1,1
2023-02-03 02:01:12,2,1,1
2023-02-03 02:01:53,3,1,1
2023-02-03 02:02:06,2,1,1
2023-02-03 02:02:52,3,1,1
2023-02-03 02:03:08,2,1,1
2023-02-03 02:03:48,3,1,1
2023-02-03 02:07:42,2,1,1
2023-02-03 02:08:36,1,1,1
2023-02-03 02:09:02,2,1,1
2023-02-03 02:09:05,2,1,1
2023-02-03 02:09:10,2,1,1
2023-02-03 02:09:18,2,1,1
2023-02-03 02:09:24,2,1,1
2023-02-03 02:26:08,2,1,1
2023-02-03 02:27:00,1,1,1
2023-02-03 02:27:13,2,1,1
2023-02-03 02:27:16,2,1,1
2023-02-03 02:27:22,2,1,1
2023-02-03 02:27:29,2,1,1
2023-02-03 02:27:35,2,1,1
2023-02-03 02:35:21,2,1,1
2023-02-03 02:36:48,1,1,1
2023-02-03 02:37:14,2,1,1
2023-02-03 02:37:18,2,1,1
2023-02-03 02:37:23,2,1,1
2023-02-03 02:37:33,2,1,1
2023-02-03 02:37:45,1,1,1
2023-02-03 02:45:16,2,1,1
2023-02-03 02:46:36,1,1,1
2023-02-03 02:46:47,2,1,1
2023-02-03 02:46:54,2,1,1
2023-02-03 02:46:59,2,1,1
2023-02-03 02:47:05,2,1,1
2023-02-03 02:47:16,2,1,1
2023-02-03 02:47:24,2,1,1
2023-02-03 02:47:33,2,1,1
2023-02-03 02:47:39,3,1,1
2023-02-03 02:47:49,3,1,1
2023-02-03 02:47:55,2,1,1
2023-02-03 02:48:35,3,1,1
2023-02-03 02:48:43,2,1,1
2023-02-03 02:49:36,3,1,1
2023-02-03 02:49:52,2,1,1
2023-02-03 02:50:47,2,1,1
2023-02-03 02:50:54,2,1,1
2023-02-03 02:50:57,2,1,1
2023-02-03 02:51:30,3,1,1
2023-02-03 02:52:11,1,1,1
2023-02-03 02:52:32,2,1,1
2023-02-03 03:05:51,2,1,1
2023-02-03 03:06:50,1,1,1
2023-02-03 03:06:59,2,1,1
2023-02-03 03:07:04,2,1,1
2023-02-03 03:15:04,2,1,1
2023-02-03 03:15:56,1,1,1
2023-02-03 03:16:05,2,1,1
2023-02-03 03:16:10,2,1,1
2023-02-03 03:16:14,2,1,1
2023-02-03 03:16:20,2,1,1
2023-02-03 03:16:31,2,1,1
2023-02-03 03:16:37,2,1,1
2023-02-03 03:16:46,2,1,1
2023-02-03 03:16:54,3,1,1
2023-02-03 03:17:01,3,1,1
2023-02-03 03:17:09,2,1,1
2023-02-03 03:17:44,3,1,1
2023-02-03 03:19:18,2,1,1
2023-02-03 03:20:36,1,1,1
2023-02-03 03:20:52,2,1,1
2023-02-03 03:20:55,2,1,1
2023-02-03 03:27:21,2,1,1
2023-02-03 03:28:38,1,1,1
2023-02-03 03:28:55,2,1,1
2023-02-03 03:41:18,2,1,1
2023-02-03 03:42:50,1,1,1
2023-02-03 03:43:04,2,1,1
2023-02-03 03:43:08,2,1,1
2023-02-03 03:43:12,2,1,1
2023-02-03 03:43:18,2,1,1
2023-02-03 03:43:29,2,1,1
2023-02-03 03:43:35,2,1,1
2023-02-03 03:43:41,2,1,1
2023-02-03 03:43:48,3,1,1
2023-02-03 03:44:02,3,1,1
2023-02-03 03:44:12,2,1,1
2023-02-03 03:44:47,3,1,1
2023-02-03 03:45:06,2,1,1
2023-02-03 03:45:49,3,1,1
2023-02-03 03:46:05,2,1,1
2023-02-03 03:47:03,3,1,1
2023-02-03 03:47:14,2,1,1
2023-02-03 03:48:06,3,1,1
2023-02-03 03:48:17,2,1,1
2023-02-03 03:49:22,4,1,1
2023-02-03 04:17:41,2,1,1
2023-02-03 04:19:12,1,1,1
2023-02-03 04:19:21,2,1,1
2023-02-03 04:19:24,2,1,1
2023-02-03 04:19:29,2,1,1
2023-02-03 04:23:22,2,1,1
2023-02-03 04:24:42,1,1,1
2023-02-03 04:25:00,2,1,1
2023-02-03 04:25:05,2,1,1
2023-02-03 04:54:13,2,1,1
2023-02-03 04:55:41,1,1,1
2023-02-03 04:56:07,2,1,1
2023-02-03 05:07:48,2,1,1
2023-02-03 05:09:18,1,1,1
2023-02-03 05:09:30,2,1,1
2023-02-03 05:09:33,2,1,1
2023-02-03 05:09:37,2,1,1
2023-02-03 05:09:44,2,1,1
2023-02-03 05:09:55,2,1,1
2023-02-03 05:09:59,2,1,1
2023-02-03 05:10:07,2,1,1
2023-02-03 05:10:10,3,1,1
2023-02-03 05:10:17,3,1,1
2023-02-03 05:10:26,2,1,1
2023-02-03 05:11:08,3,1,1
2023-02-03 05:11:25,2,1,1
2023-02-03 05:12:11,3,1,1
2023-02-03 05:12:24,2,1,1
2023-02-03 05:13:18,2,1,1
2023-02-03 05:13:25,2,1,1
2023-02-03 05:14:04,3,1,1
2023-02-03 05:21:57,1,1,1
2023-02-03 05:22:14,3,1,1
2023-02-03 05:22:27,2,1,1
2023-02-03 05:22:42,2,1,1
2023-02-03 05:23:39,3,1,1
2023-02-03 05:23:59,2,1,1
2023-02-03 05:24:22,1,1,1
2023-02-03 05:24:46,2,1,1
2023-02-03 05:24:50,2,1,1
2023-02-03 05:24:53,2,1,1
2023-02-03 05:25:49,3,1,1
2023-02-03 05:26:00,2,1,1
2023-02-03 05:27:17,3,1,1
2023-02-03 05:27:34,2,1,1
2023-02-03 05:28:23,3,1,1
2023-02-03 05:28:51,2,1,1
2023-02-03 05:30:43,4,1,1
2023-02-03 05:36:17,2,1,1
2023-02-03 05:37:31,1,1,1
2023-02-03 05:37:48,2,1,1
2023-02-03 05:37:51,2,1,1
2023-02-03 05:37:57,2,1,1
2023-02-03 05:38:06,2,1,1
2023-02-03 05:38:17,2,1,1
2023-02-03 05:38:21,2,1,1
2023-02-03 05:38:29,2,1,1
2023-02-03 05:38:33,3,1,1
2023-02-03 05:38:39,3,1,1
2023-02-03 05:38:47,2,1,1
2023-02-03 05:39:19,3,1,1
2023-02-03 05:40:31,2,1,1
2023-02-03 05:41:41,1,1,1
2023-02-03 05:41:58,2,1,1
2023-02-03 05:42:02,2,1,1
2023-02-03 05:42:06,2,1,1
2023-02-03 05:42:13,2,1,1
2023-02-03 05:42:17,2,1,1
2023-02-03 05:46:12,2,1,1
2023-02-03 05:47:06,1,1,1
2023-02-03 05:47:18,2,1,1
2023-02-03 05:47:22,2,1,1
2023-02-03 05:47:26,2,1,1
2023-02-03 05:47:36,1,1,1
2023-02-03 05:51:53,2,1,1
2023-02-03 05:53:22,1,1,1
2023-02-03 05:53:39,2,1,1
2023-02-03 05:53:44,2,1,1
2023-02-03 05:53:47,2,1,1
2023-02-03 06:12:28,2,1,1
2023-02-03 06:13:47,1,1,1
2023-02-03 06:14:11,2,1,1
2023-02-03 06:14:14,2,1,1
2023-02-03 06:26:03,2,1,1
2023-02-03 06:27:28,1,1,1
2023-02-03 06:27:47,2,1,1
2023-02-03 06:27:50,2,1,1
2023-02-03 06:27:52,2,1,1
2023-02-03 06:28:01,2,1,1
2023-02-03 06:28:13,1,1,1
2023-02-03 06:39:38,2,1,1
2023-02-03 06:40:43,1,1,1
2023-02-03 06:41:12,2,1,1
2023-02-03 06:41:16,2,1,1
2023-02-03 06:41:19,2,1,1
2023-02-03 06:41:30,2,1,1
2023-02-03 06:41:37,2,1,1
2023-02-03 06:41:46,2,1,1
2023-02-03 06:48:51,2,1,1
2023-02-03 06:49:58,1,1,1
2023-02-03 06:50:21,2,1,1
2023-02-03 06:50:24,2,1,1
2023-02-03 06:50:27,2,1,1
2023-02-03 06:50:32,2,1,1
2023-02-03 06:50:43,2,1,1
2023-02-03 06:50:53,2,1,1
2023-02-03 06:51:03,2,1,1
2023-02-03 06:51:08,3,1,1
2023-02-03 06:51:13,2,1,1
2023-02-03 06:51:21,3,1,1
2023-02-03 06:51:34,2,1,1
2023-02-03 06:52:09,2,1,1
2023-02-03 06:52:19,2,1,1
2023-02-03 06:53:04,3,1,1
2023-02-03 06:53:16,2,1,1
2023-02-03 06:54:11,3,1,1
2023-02-03 07:04:48,2,1,1
2023-02-03 07:05:45,1,1,1
2023-02-03 07:06:05,2,1,1
2023-02-03 07:06:09,2,1,1
2023-02-03 07:06:12,2,1,1
2023-02-03 07:18:23,2,1,1
2023-02-03 07:19:43,1,1,1
2023-02-03 07:19:54,2,1,1
2023-02-03 07:19:57,2,1,1
2023-02-03 07:19:59,2,1,1
2023-02-03 07:20:09,2,1,1
2023-02-03 07:20:15,2,1,1
2023-02-03 07:27:36,2,1,1
2023-02-03 07:28:41,1,1,1
2023-02-03 07:28:58,2,1,1
2023-02-03 07:29:01,2,1,1
2023-02-03 07:29:05,2,1,1
2023-02-03 07:29:12,2,1,1
2023-02-03 07:29:22,2,1,1
2023-02-03 07:39:11,2,1,1
2023-02-03 07:40:35,1,1,1
2023-02-03 07:40:52,2,1,1
2023-02-03 07:40:59,2,1,1
2023-02-03 07:41:04,2,1,1
2023-02-03 07:41:08,2,1,1
2023-02-03 07:41:16,2,1,1
2023-02-03 07:41:25,2,1,1
2023-02-03 07:41:34,2,1,1
2023-02-03 07:41:37,3,1,1
2023-02-03 07:41:46,3,1,1
2023-02-03 07:41:53,2,1,1
2023-02-03 07:42:24,3,1,1
2023-02-03 07:42:40,2,1,1
2023-02-03 07:43:27,2,1,1
2023-02-03 07:54:47,2,1,1
2023-02-03 07:56:11,1,1,1
2023-02-03 07:56:23,2,1,1
2023-02-03 07:56:26,2,1,1
2023-02-03 07:56:30,2,1,1
2023-02-03 07:56:42,2,1,1
2023-02-03 07:56:52,2,1,1
2023-02-03 07:57:00,2,1,1
2023-02-03 07:57:06,2,1,1
2023-02-03 08:08:22,2,1,1
2023-02-03 08:09:52,1,1,1
2023-02-03 08:10:07,2,1,1
2023-02-03 08:10:10,2,1,1
2023-02-03 08:10:15,2,1,1
2023-02-03 08:10:19,2,1,1
2023-02-03 08:10:29,2,1,1
2023-02-03 08:10:39,2,1,1
2023-02-03 08:10:47,2,1,1
2023-02-03 08:10:50,3,1,1
2023-02-03 08:11:01,3,1,1
2023-02-03 08:11:09,2,1,1
2023-02-03 08:11:50,3,1,1
2023-02-03 08:12:09,2,1,1
2023-02-03 08:12:58,3,1,1
2023-02-03 08:13:08,2,1,1
2023-02-03 08:13:49,3,1,1
2023-02-03 08:13:57,2,1,1
2023-02-03 08:14:52,3,1,1
2023-02-03 08:15:03,2,1,1
2023-02-03 08:16:23,4,1,1
2023-02-03 08:21:49,2,1,1
2023-02-03 08:23:09,1,1,1
2023-02-03 08:23:18,2,1,1
2023-02-03 08:23:21,2,1,1
2023-02-03 08:23:24,2,1,1
2023-02-03 08:23:29,2,1,1
2023-02-03 08:23:38,2,1,1
2023-02-03 08:23:43,2,1,1
2023-02-03 08:23:52,2,1,1
2023-02-03 08:23:58,3,1,1
2023-02-03 08:24:06,3,1,1
2023-02-03 08:24:11,2,1,1
2023-02-03 08:24:12,2,1,1
2023-02-03 08:24:53,3,1,1
2023-02-03 08:25:12,2,1,1
2023-02-03 08:25:42,1,1,1
2023-02-03 08:26:04,3,1,1
2023-02-03 08:26:11,2,1,1
2023-02-03 08:26:15,2,1,1
2023-02-03 08:27:02,3,1,1
2023-02-03 08:27:08,2,1,1
2023-02-03 08:27:43,2,1,1
2023-02-03 08:28:25,2,1,1
2023-02-03 08:29:33,1,1,1
2023-02-03 08:29:49,2,1,1
2023-02-03 08:29:52,2,1,1
2023-02-03 08:56:46,2,1,1
2023-02-03 08:57:47,1,1,1
2023-02-03 08:58:06,2,1,1
2023-02-03 09:10:21,2,1,1
2023-02-03 09:11:37,1,1,1
2023-02-03 09:12:04,2,1,1
2023-02-03 09:12:07,2,1,1
2023-02-03 09:12:10,2,1,1
2023-02-03 09:12:14,2,1,1
2023-02-03 09:12:24,2,1,1
2023-02-03 09:12:32,2,1,1
2023-02-03 09:12:40,2,1,1
2023-02-03 09:12:47,3,1,1
2023-02-03 09:26:10,2,1,1
2023-02-03 09:27:15,1,1,1
2023-02-03 09:27:31,2,1,1
2023-02-03 09:27:33,1,1,1
2023-02-03 09:35:23,2,1,1
2023-02-03 09:36:31,1,1,1
2023-02-03 09:36:51,2,1,1
2023-02-03 09:36:55,2,1,1
2023-02-03 09:36:59,2,1,1
2023-02-03 09:37:45,2,1,1
2023-02-03 09:38:04,1,1,1
2023-02-03 09:46:13,2,1,1
2023-02-03 09:47:50,1,1,1
2023-02-03 09:48:09,2,1,1
2023-02-03 09:48:12,2,1,1
2023-02-03 09:50:27,2,1,1
2023-02-03 09:51:36,1,1,1
2023-02-03 09:51:59,2,1,1
2023-02-03 09:52:06,2,1,1
2023-02-03 09:52:12,2,1,1
2023-02-03 09:52:20,2,1,1
2023-02-03 09:52:28,2,1,1
2023-02-03 09:52:34,2,1,1
2023-02-03 09:52:40,2,1,1
2023-02-03 09:52:48,3,1,1
2023-02-03 09:52:59,3,1,1
2023-02-03 09:53:06,2,1,1
2023-02-03 09:53:44,3,1,1
2023-02-03 09:53:54,2,1,1
2023-02-03 09:54:43,3,1,1
2023-02-03 09:54:58,2,1,1
2023-02-03 09:55:42,3,1,1
2023-02-03 09:55:47,2,1,1
2023-02-03 09:56:39,3,1,1
2023-02-03 09:56:51,2,1,1
2023-02-03 09:58:15,2,1,1
2023-02-03 10:11:28,1,1,1
2023-02-03 10:11:42,3,1,1
2023-02-03 10:12:04,2,1,1
2023-02-03 10:13:15,2,1,1
2023-02-03 10:14:00,3,1,1
2023-02-03 10:14:22,1,1,1
2023-02-03 10:14:31,2,1,1
2023-02-03 10:14:35,2,1,1
2023-02-03 10:14:38,2,1,1
2023-02-03 10:14:45,2,1,1
2023-02-03 10:14:55,2,1,1
2023-02-03 10:15:02,2,1,1
2023-02-03 10:15:13,2,1,1
2023-02-03 10:15:20,3,1,1
2023-02-03 10:15:26,3,1,1
2023-02-03 10:15:35,2,1,1
2023-02-03 10:16:16,3,1,1
2023-02-03 10:16:32,2,1,1
2023-02-03 10:17:22,3,1,1
2023-02-03 10:17:29,2,1,1
2023-02-03 10:17:36,2,1,1
2023-02-03 10:18:20,3,1,1
2023-02-03 10:18:22,1,1,1
2023-02-03 10:18:32,2,1,1
2023-02-03 10:18:38,2,1,1
2023-02-03 10:18:41,2,1,1
2023-02-03 10:18:43,2,1,1
2023-02-03 10:18:49,2,1,1
2023-02-03 10:18:54,2,1,1
2023-02-03 10:19:07,2,1,1
2023-02-03 10:19:10,2,1,1
2023-02-03 10:19:13,3,1,1
2023-02-03 10:19:24,2,1,1
2023-02-03 10:20:38,4,1,1
2023-02-03 10:40:56,1,1,1
2023-02-03 10:41:14,2,1,1
2023-02-03 10:42:35,4,1,1
2023-02-03 11:04:24,2,1,1
2023-02-03 11:05:40,1,1,1
2023-02-03 11:06:07,2,1,1
2023-02-03 11:06:11,2,1,1
2023-02-03 11:06:13,2,1,1
2023-02-03 11:06:20,2,1,1
2023-02-03 11:06:25,2,1,1
2023-02-03 11:06:37,2,1,1
2023-02-03 11:32:53,2,1,1
2023-02-03 11:34:09,1,1,1
2023-02-03 11:34:22,2,1,1
2023-02-03 11:34:27,2,1,1
2023-02-03 11:34:30,2,1,1
2023-02-03 11:34:35,2,1,1
2023-02-03 11:34:43,2,1,1
2023-02-03 11:34:49,2,1,1
2023-02-03 11:34:58,2,1,1
2023-02-03 11:35:03,3,1,1
2023-02-03 11:42:06,2,1,1
2023-02-03 11:55:41,2,1,1
2023-02-03 11:57:04,1,1,1
2023-02-03 11:57:17,2,1,1
2023-02-03 11:57:22,2,1,1
2023-02-03 11:57:26,2,1,1
2023-02-03 11:57:32,1,1,1
2023-02-03 12:01:22,2,1,1
2023-02-03 12:02:59,1,1,1
2023-02-03 12:03:26,2,1,1
2023-02-03 12:03:32,2,1,1
2023-02-03 12:03:38,2,1,1
2023-02-03 12:03:42,2,1,1
2023-02-03 12:03:47,2,1,1
2023-02-03 12:03:52,2,1,1
2023-02-03 12:04:00,2,1,1
2023-02-03 12:04:06,3,1,1
2023-02-03 12:04:13,3,1,1
2023-02-03 12:04:19,2,1,1
2023-02-03 12:04:54,3,1,1
2023-02-03 12:05:03,2,1,1
2023-02-03 12:05:51,2,1,1
2023-02-03 12:06:07,2,1,1
2023-02-03 12:07:00,3,1,1
2023-02-03 12:07:07,2,1,1
2023-02-03 12:07:57,3,1,1
2023-02-03 12:14:57,2,1,1
2023-02-03 12:16:05,1,1,1
2023-02-03 12:16:24,2,1,1
2023-02-03 12:16:27,2,1,1
2023-02-03 12:16:31,2,1,1
2023-02-03 12:16:38,2,1,1
2023-02-03 12:16:46,2,1,1
2023-02-03 12:16:52,2,1,1
2023-02-03 12:17:01,2,1,1
2023-02-03 12:17:06,3,1,1
2023-02-03 12:17:16,3,1,1
2023-02-03 12:17:27,2,1,1
2023-02-03 12:18:08,3,1,1
2023-02-03 12:18:18,2,1,1
2023-02-03 12:19:03,3,1,1
2023-02-03 12:19:15,2,1,1
2023-02-03 12:19:57,3,1,1
2023-02-03 12:20:03,2,1,1
2023-02-03 12:20:37,3,1,1
2023-02-03 12:20:50,2,1,1
2023-02-03 12:22:17,4,1,1
2023-02-03 12:47:48,2,1,1
2023-02-03 12:49:12,1,1,1
2023-02-03 12:49:25,2,1,1
2023-02-03 13:05:37,2,1,1
2023-02-03 13:06:30,1,1,1
2023-02-03 13:06:43,2,1,1
2023-02-03 13:06:47,2,1,1
2023-02-03 13:06:52,2,1,1
2023-02-03 13:07:59,2,1,1
2023-02-03 13:09:10,1,1,1
2023-02-03 13:09:38,2,1,1
2023-02-03 13:09:42,2,1,1
2023-02-03 13:17:12,2,1,1
2023-02-03 13:18:51,1,1,1
2023-02-03 13:19:03,2,1,1
2023-02-03 13:19:07,2,1,1
2023-02-03 13:19:16,1,1,1
2023-02-03 13:40:00,2,1,1
2023-02-03 13:41:27,1,1,1
2023-02-03 13:41:37,2,1,1
2023-02-03 13:41:40,2,1,1
2023-02-03 13:41:44,2,1,1
2023-02-03 13:41:50,2,1,1
2023-02-03 13:41:57,2,1,1
2023-02-03 13:42:01,2,1,1
2023-02-03 13:42:12,2,1,1
2023-02-03 13:42:20,3,1,1
2023-02-03 13:42:35,3,1,1
2023-02-03 13:42:42,2,1,1
2023-02-03 13:43:17,3,1,1
2023-02-03 13:43:28,2,1,1
2023-02-03 13:44:19,3,1,1
2023-02-03 13:44:28,2,1,1
2023-02-03 13:45:08,3,1,1
2023-02-03 13:45:19,2,1,1
2023-02-03 13:46:16,3,1,1
2023-02-03 13:46:27,2,1,1
2023-02-03 13:47:48,2,1,1
2023-02-03 13:49:13,2,1,1
2023-02-03 13:50:06,1,1,1
2023-02-03 13:50:25,2,1,1
2023-02-03 13:50:30,2,1,1
2023-02-03 13:50:32,2,1,1
2023-02-03 13:50:42,2,1,1
2023-02-03 13:50:51,2,1,1
2023-02-03 13:51:00,2,1,1
2023-02-03 13:51:09,2,1,1
2023-02-03 14:00:48,2,1,1
2023-02-03 14:02:00,1,1,1
2023-02-03 14:02:13,2,1,1
2023-02-03 14:02:19,2,1,1
2023-02-03 14:02:25,2,1,1
2023-02-03 14:02:34,2,1,1
2023-02-03 14:02:44,2,1,1
2023-02-03 14:02:51,2,1,1
2023-02-03 14:02:58,2,1,1
2023-02-03 14:03:03,3,1,1
2023-02-03 14:03:11,3,1,1
2023-02-03 14:03:20,2,1,1
2023-02-03 14:03:56,3,1,1
2023-02-03 14:04:11,2,1,1
2023-02-03 14:05:04,3,1,1
2023-02-03 14:05:16,2,1,1
2023-02-03 14:06:06,3,1,1
2023-02-03 14:06:17,2,1,1
2023-02-03 14:06:57,3,1,1
2023-02-03 14:07:10,2,1,1
2023-02-03 14:08:20,4,1,1
2023-02-03 14:34:59,1,1,1
2023-02-03 14:35:16,2,1,1
2023-02-03 14:36:30,2,1,1
2023-02-03 14:37:11,2,1,1
2023-02-03 14:38:37,1,1,1
2023-02-03 14:39:06,2,1,1
2023-02-03 14:39:09,2,1,1
2023-02-03 14:39:15,2,1,1
2023-02-03 14:39:25,2,1,1
2023-02-03 14:39:29,2,1,1
2023-02-03 14:39:36,2,1,1
2023-02-03 14:39:44,1,1,1
2023-02-03 14:40:51,2,1,1
2023-02-03 14:50:46,2,1,1
2023-02-03 14:52:22,1,1,1
2023-02-03 14:52:47,2,1,1
2023-02-03 14:52:52,2,1,1
2023-02-03 14:52:56,2,1,1
2023-02-03 14:59:59,2,1,1
2023-02-03 15:01:10,1,1,1
2023-02-03 15:01:30,2,1,1
2023-02-03 15:01:35,2,1,1
2023-02-03 15:01:39,2,1,1
2023-02-03 15:09:12,2,1,1
2023-02-03 15:10:33,1,1,1
2023-02-03 15:10:52,2,1,1
2023-02-03 15:10:56,2,1,1
2023-02-03 15:10:59,2,1,1
2023-02-03 15:11:07,2,1,1
2023-02-03 15:11:12,2,1,1
2023-02-03 15:11:18,2,1,1
2023-02-03 15:11:27,2,1,1
2023-02-03 15:11:31,3,1,1
2023-02-03 15:11:36,3,1,1
2023-02-03 15:11:45,2,1,1
2023-02-03 15:12:21,3,1,1
2023-02-03 15:12:36,2,1,1
2023-02-03 15:13:23,3,1,1
2023-02-03 15:13:36,2,1,1
2023-02-03 15:14:22,2,1,1
2023-02-03 15:18:25,2,1,1
2023-02-03 15:19:36,1,1,1
2023-02-03 15:20:06,2,1,1
2023-02-03 15:20:10,2,1,1
2023-02-03 15:20:12,2,1,1
2023-02-03 15:20:22,2,1,1
2023-02-03 15:20:31,2,1,1
2023-02-03 15:27:38,2,1,1
2023-02-03 15:29:12,1,1,1
2023-02-03 15:29:31,2,1,1
2023-02-03 15:29:38,2,1,1
2023-02-03 15:29:44,2,1,1
2023-02-03 15:29:49,2,1,1
2023-02-03 15:30:00,2,1,1
2023-02-03 15:30:06,2,1,1
2023-02-03 15:30:16,2,1,1
2023-02-03 15:30:21,3,1,1
2023-02-03 15:30:30,3,1,1
2023-02-03 15:30:43,2,1,1
2023-02-03 15:31:28,3,1,1
2023-02-03 15:31:45,2,1,1
2023-02-03 15:32:26,3,1,1
2023-02-03 15:32:42,2,1,1
2023-02-03 15:33:33,3,1,1
2023-02-03 15:33:38,2,1,1
2023-02-03 15:34:28,3,1,1
2023-02-03 15:34:41,2,1,1
2023-02-03 15:36:06,2,1,1
2023-02-03 15:41:13,2,1,1
2023-02-03 15:42:07,1,1,1
2023-02-03 15:42:21,2,1,1
2023-02-03 15:42:24,2,1,1
2023-02-03 15:42:29,2,1,1
2023-02-03 15:42:34,2,1,1
2023-02-03 15:42:40,2,1,1
2023-02-03 15:42:46,2,1,1
2023-02-03 15:42:57,2,1,1
2023-02-03 15:43:01,3,1,1
2023-02-03 15:43:08,3,1,1
2023-02-03 15:43:15,2,1,1
2023-02-03 15:44:00,3,1,1
2023-02-03 15:44:11,2,1,1
2023-02-03 15:45:05,3,1,1
2023-02-03 15:45:21,2,1,1
2023-02-03 15:46:20,3,1,1
2023-02-03 16:00:00,1,1,1
2023-02-03 16:00:13,2,1,1
2023-02-03 16:01:21,4,1,1
2023-02-03 16:02:01,2,1,1
2023-02-03 16:03:40,1,1,1
2023-02-03 16:03:58,2,1,1
2023-02-03 16:04:01,2,1,1
2023-02-03 16:04:07,2,1,1
2023-02-03 16:04:11,2,1,1
2023-02-03 16:04:18,2,1,1
2023-02-03 16:04:23,4,2,2
2023-02-03 16:04:30,2,1,1
2023-02-03 16:04:36,3,1,1
2023-02-03 16:04:41,3,1,1
2023-02-03 16:04:47,2,1,1
2023-02-03 16:05:23,1,1,1
2023-02-03 16:05:29,3,1,1
2023-02-03 16:05:44,4,2,2
2023-02-03 16:05:48,2,1,1
2023-02-03 16:05:51,2,1,1
2023-02-03 16:05:55,2,1,1
2023-02-03 16:06:04,2,1,1
2023-02-03 16:06:09,2,1,1
2023-02-03 16:06:18,2,1,1
2023-02-03 16:06:24,3,1,1
2023-02-03 16:06:35,3,1,1
2023-02-03 16:06:36,3,1,1
2023-02-03 16:06:45,2,1,1
2023-02-03 16:06:47,2,1,1
2023-02-03 16:07:16,3,1,1
2023-02-03 16:07:42,3,1,1
2023-02-03 16:07:54,2,1,1
2023-02-03 16:08:34,3,1,1
2023-02-03 16:08:47,2,1,1
2023-02-03 16:10:05,4,1,1
2023-02-03 17:01:21,2,1,1
2023-02-03 17:02:36,1,1,1
2023-02-03 17:02:52,2,1,1
2023-02-03 17:02:55,2,1,1
2023-02-03 17:02:59,2,1,1
2023-02-03 17:03:07,2,1,1
2023-02-03 17:03:19,1,1,1
2023-02-03 17:11:30,1,1,1
2023-02-03 17:11:40,3,1,1
2023-02-03 17:12:02,2,1,1
2023-02-03 17:13:12,3,1,1
2023-02-03 17:41:50,2,1,1
2023-02-03 17:42:50,1,1,1
2023-02-03 17:43:20,2,1,1
2023-02-03 17:43:27,2,1,1
2023-02-03 17:43:31,2,1,1
2023-02-03 17:43:38,2,1,1
2023-02-03 17:43:44,2,1,1
2023-02-03 17:43:51,2,1,1
2023-02-03 17:44:00,2,1,1
2023-02-03 17:44:06,3,1,1
2023-02-03 17:44:13,3,1,1
2023-02-03 17:44:24,2,1,1
2023-02-03 17:44:55,3,1,1
2023-02-03 17:45:11,2,1,1
2023-02-03 17:45:59,3,1,1
2023-02-03 17:46:07,2,1,1
2023-02-03 17:46:50,3,1,1
2023-02-03 17:46:59,2,1,1
2023-02-03 17:47:42,3,1,1
2023-02-03 17:47:56,2,1,1
2023-02-03 17:49:04,4,1,1
2023-02-03 17:59:39,2,1,1
2023-02-03 18:00:52,1,1,1
2023-02-03 18:01:03,2,1,1
2023-02-03 18:01:08,2,1,1
2023-02-03 18:01:12,2,1,1
2023-02-03 18:01:19,2,1,1
2023-02-03 18:01:24,2,1,1
2023-02-03 18:01:28,2,1,1
2023-02-03 18:01:39,2,1,1
2023-02-03 18:01:47,3,1,1
2023-02-03 18:01:55,3,1,1
2023-02-03 18:02:01,2,1,1
2023-02-03 18:02:44,3,1,1
2023-02-03 18:02:53,2,1,1
2023-02-03 18:03:40,3,1,1
2023-02-03 18:03:55,2,1,1
2023-02-03 18:04:44,3,1,1
2023-02-03 18:04:51,2,1,1
2023-02-03 18:05:28,3,1,1
2023-02-03 18:05:41,2,1,1
2023-02-03 18:07:07,4,1,1
2023-02-03 18:33:49,2,1,1
2023-02-03 18:35:15,1,1,1
2023-02-03 18:35:40,2,1,1
2023-02-03 18:35:44,2,1,1
2023-02-03 18:35:50,2,1,1
2023-02-03 18:35:58,2,1,1
2023-02-03 18:36:03,2,1,1
2023-02-03 18:36:12,2,1,1
2023-02-03 18:36:22,2,1,1
2023-02-03 18:36:25,3,1,1
2023-02-03 18:36:39,3,1,1
2023-02-03 18:36:46,2,1,1
2023-02-03 18:37:22,3,1,1
2023-02-03 18:39:30,2,1,1
2023-02-03 18:40:54,1,1,1
2023-02-03 18:41:19,2,1,1
2023-02-03 18:41:23,2,1,1
2023-02-03 18:41:26,2,1,1
2023-02-03 18:41:30,2,1,1
2023-02-03 18:41:37,2,1,1
2023-02-03 18:41:47,2,1,1
2023-02-03 18:41:58,2,1,1
2023-02-03 18:42:05,3,1,1
2023-02-03 18:42:14,3,1,1
2023-02-03 18:42:27,2,1,1
2023-02-03 18:43:03,3,1,1
2023-02-03 18:43:20,2,1,1
2023-02-03 18:44:08,3,1,1
2023-02-03 18:44:25,2,1,1
2023-02-03 18:45:14,2,1,1
2023-02-03 18:45:22,2,1,1
2023-02-03 18:46:02,3,1,1
2023-02-03 19:02:18,2,1,1
2023-02-03 19:03:32,1,1,1
2023-02-03 19:03:51,2,1,1
2023-02-03 19:03:55,2,1,1
2023-02-03 19:03:57,2,1,1
2023-02-03 19:04:05,2,1,1
2023-02-03 19:11:31,2,1,1
2023-02-03 19:12:50,1,1,1
2023-02-03 19:13:02,2,1,1
2023-02-03 19:13:08,2,1,1
2023-02-03 19:13:11,2,1,1
2023-02-03 19:13:19,2,1,1
2023-02-03 19:13:26,2,1,1
2023-02-03 19:13:31,2,1,1
2023-02-03 19:13:42,2,1,1
2023-02-03 19:13:45,3,1,1
2023-02-03 19:13:52,3,1,1
2023-02-03 19:13:59,2,1,1
2023-02-03 19:14:38,3,1,1
2023-02-03 19:14:54,2,1,1
2023-02-03 19:15:36,3,1,1
2023-02-03 19:15:45,4,2,2
2023-02-03 19:16:36,1,1,1
2023-02-03 19:16:41,2,1,1
2023-02-03 19:16:48,2,1,1
2023-02-03 19:16:49,2,1,1
2023-02-03 19:16:52,2,1,1
2023-02-03 19:16:55,2,1,1
2023-02-03 19:17:01,2,1,1
2023-02-03 19:17:08,2,1,1
2023-02-03 19:17:13,2,1,1
2023-02-03 19:17:21,2,1,1
2023-02-03 19:17:25,3,1,1
2023-02-03 19:17:26,3,1,1
2023-02-03 19:17:37,3,1,1
2023-02-03 19:17:48,2,1,1
2023-02-03 19:18:26,3,1,1
2023-02-03 19:18:41,2,1,1
2023-02-03 19:19:25,3,1,1
2023-02-03 19:19:38,2,1,1
2023-02-03 19:20:19,3,1,1
2023-02-03 19:20:27,2,1,1
2023-02-03 19:21:16,3,1,1
2023-02-03 19:21:24,2,1,1
2023-02-03 19:22:44,4,1,1
2023-02-03 19:34:34,1,1,1
2023-02-03 19:34:51,3,1,1
2023-02-03 19:35:09,2,1,1
2023-02-03 19:36:07,3,1,1
2023-02-03 19:36:37,2,1,1
2023-02-03 19:37:33,3,1,1
2023-02-03 19:37:54,2,1,1
2023-02-03 19:38:52,3,1,1
2023-02-03 19:39:16,2,1,1
2023-02-03 19:40:04,3,1,1
2023-02-03 19:40:42,2,1,1
2023-02-03 19:41:48,4,1,1
2023-02-03 19:43:24,2,1,1
2023-02-03 19:44:51,1,1,1
2023-02-03 19:45:13,2,1,1
2023-02-03 19:45:18,2,1,1
2023-02-03 19:45:23,2,1,1
2023-02-03 19:45:32,2,1,1
2023-02-03 19:45:37,2,1,1
2023-02-03 19:45:41,2,1,1
2023-02-03 19:45:43,1,1,1
2023-02-03 19:45:48,2,1,1
2023-02-03 19:45:56,3,1,1
2023-02-03 19:45:59,3,1,1
2023-02-03 19:46:04,3,1,1
2023-02-03 19:46:10,2,1,1
2023-02-03 19:46:17,2,1,1
2023-02-03 19:46:40,3,1,1
2023-02-03 19:47:07,3,1,1
2023-02-03 19:47:27,2,1,1
2023-02-03 19:48:39,3,1,1
2023-02-03 19:48:51,2,1,1
2023-02-03 19:50:09,3,1,1
2023-02-03 19:50:23,2,1,1
2023-02-03 19:51:20,3,1,1
2023-02-03 19:51:51,2,1,1
2023-02-03 19:52:37,2,1,1
2023-02-03 19:52:55,4,1,1
2023-02-03 19:53:57,1,1,1
2023-02-03 19:54:25,2,1,1
2023-02-03 19:54:29,2,1,1
2023-02-03 20:01:50,2,1,1
2023-02-03 20:02:44,1,1,1
2023-02-03 20:03:09,2,1,1
2023-02-03 20:03:14,2,1,1
2023-02-03 20:03:16,2,1,1
2023-02-03 20:03:25,2,1,1
2023-02-03 20:03:30,2,1,1
2023-02-03 20:11:45,2,1,1
2023-02-03 20:12:54,1,1,1
2023-02-03 20:13:08,2,1,1
2023-02-03 20:13:15,2,1,1
2023-02-03 20:13:19,2,1,1
2023-02-03 20:13:28,2,1,1
2023-02-03 20:13:39,2,1,1
2023-02-03 20:13:44,2,1,1
2023-02-03 20:13:52,2,1,1
2023-02-03 20:13:57,3,1,1
2023-02-03 20:14:06,3,1,1
2023-02-03 20:14:17,2,1,1
2023-02-03 20:14:58,3,1,1
2023-02-03 20:15:07,2,1,1
2023-02-03 20:15:53,3,1,1
2023-02-03 20:16:05,2,1,1
2023-02-03 20:16:47,3,1,1
2023-02-03 20:16:58,2,1,1
2023-02-03 20:17:52,3,1,1
2023-02-03 20:18:03,2,1,1
2023-02-03 20:19:19,4,1,1
2023-02-03 20:40:14,2,1,1
2023-02-03 20:41:46,1,1,1
2023-02-03 20:42:09,2,1,1
2023-02-03 20:58:40,2,1,1
2023-02-03 20:59:33,1,1,1
2023-02-03 21:00:00,2,1,1
2023-02-03 21:00:07,2,1,1
2023-02-03 21:00:10,2,1,1
2023-02-03 21:00:14,2,1,1
2023-02-03 21:00:25,2,1,1
2023-02-03 21:00:32,2,1,1
2023-02-03 21:00:39,2,1,1
2023-02-03 21:00:43,3,1,1
2023-02-03 21:00:58,3,1,1
2023-02-03 21:01:04,2,1,1
2023-02-03 21:01:44,3,1,1
2023-02-03 21:01:59,2,1,1
2023-02-03 21:02:40,3,1,1
2023-02-03 21:02:50,2,1,1
2023-02-03 21:02:54,2,1,1
2023-02-03 21:03:39,3,1,1
2023-02-03 21:03:46,2,1,1
2023-02-03 21:03:49,1,1,1
2023-02-03 21:03:59,2,1,1
2023-02-03 21:04:03,2,1,1
2023-02-03 21:04:09,2,1,1
2023-02-03 21:04:20,2,1,1
2023-02-03 21:04:34,3,1,1
2023-02-03 21:04:45,2,1,1
2023-02-03 21:05:16,2,1,1
2023-02-03 21:06:07,4,1,1
2023-02-03 21:06:30,1,1,1
2023-02-03 21:06:52,2,1,1
2023-02-03 21:06:57,2,1,1
2023-02-03 21:07:01,2,1,1
2023-02-03 21:07:08,2,1,1
2023-02-03 21:07:13,2,1,1
2023-02-03 21:07:20,2,1,1
2023-02-03 21:07:32,2,1,1
2023-02-03 21:07:35,3,1,1
2023-02-03 21:07:47,3,1,1
2023-02-03 21:07:53,2,1,1
2023-02-03 21:08:33,3,1,1
2023-02-03 21:08:44,2,1,1
2023-02-03 21:09:33,3,1,1
2023-02-03 21:09:45,2,1,1
2023-02-03 21:10:25,3,1,1
2023-02-03 21:10:31,2,1,1
2023-02-03 21:11:05,3,1,1
2023-02-03 21:11:19,2,1,1
2023-02-03 21:12:22,2,1,1
2023-02-03 21:18:51,2,1,1
2023-02-03 21:20:19,1,1,1
2023-02-03 21:20:47,2,1,1
2023-02-03 21:20:51,2,1,1
2023-02-03 21:35:58,1,1,1
2023-02-03 21:36:08,3,1,1
2023-02-03 21:36:20,2,1,1
2023-02-03 21:37:28,2,1,1
2023-02-03 21:54:13,1,1,1
2023-02-03 21:54:32,2,1,1
2023-02-03 21:55:14,2,1,1
2023-02-03 21:56:03,4,1,1
2023-02-03 21:56:42,1,1,1
2023-02-03 21:56:56,2,1,1
2023-02-03 21:57:03,2,1,1
2023-02-03 21:57:06,2,1,1
2023-02-03 21:57:14,2,1,1
2023-02-03 21:57:22,2,1,1
2023-02-03 21:57:32,2,1,1
2023-02-03 21:57:39,2,1,1
2023-02-03 21:57:42,3,1,1
2023-02-03 22:03:17,2,1,1
2023-02-03 22:04:36,1,1,1
2023-02-03 22:05:00,2,1,1
2023-02-03 22:16:52,2,1,1
2023-02-03 22:18:11,1,1,1
2023-02-03 22:18:34,2,1,1
2023-02-03 22:18:38,2,1,1
2023-02-03 22:18:42,2,1,1
2023-02-03 22:18:52,2,1,1
2023-02-03 22:18:57,2,1,1
2023-02-03 22:32:49,2,1,1
2023-02-03 22:33:43,1,1,1
2023-02-03 22:33:57,2,1,1
2023-02-03 22:34:04,2,1,1
2023-02-03 22:34:07,2,1,1
2023-02-03 22:34:16,2,1,1
2023-02-03 22:34:23,2,1,1
2023-02-03 22:34:29,2,1,1
2023-02-03 22:34:40,2,1,1
2023-02-03 22:34:44,3,1,1
2023-02-03 22:34:53,3,1,1
2023-02-03 22:35:03,2,1,1
2023-02-03 22:35:41,3,1,1
2023-02-03 22:35:53,2,1,1
2023-02-03 22:36:35,3,1,1
2023-02-03 22:36:46,2,1,1
2023-02-03 22:37:33,3,1,1
2023-02-03 22:37:41,2,1,1
2023-02-03 22:38:27,3,1,1
2023-02-03 22:38:36,2,1,1
2023-02-03 22:40:08,4,1,1
2023-02-03 22:48:46,2,1,1
2023-02-03 22:49:54,1,1,1
2023-02-03 22:50:11,2,1,1
2023-02-03 22:50:17,2,1,1
2023-02-03 22:50:23,2,1,1
2023-02-03 22:50:28,2,1,1
2023-02-03 22:50:34,2,1,1
2023-02-03 22:50:38,2,1,1
2023-02-03 22:50:47,2,1,1
2023-02-03 22:50:50,3,1,1
2023-02-03 22:51:04,3,1,1
2023-02-03 22:51:10,2,1,1
2023-02-03 22:51:49,3,1,1
2023-02-03 22:51:59,2,1,1
2023-02-03 22:52:54,2,1,1
2023-02-03 22:53:08,2,1,1
2023-02-03 22:54:08,3,1,1
2023-02-03 22:54:16,2,1,1
2023-02-03 22:55:11,3,1,1
2023-02-03 23:03:40,2,1,1
2023-02-03 23:04:38,1,1,1
2023-02-03 23:05:04,2,1,1
2023-02-03 23:05:07,2,1,1
2023-02-03 23:05:13,2,1,1
2023-02-03 23:05:19,2,1,1
2023-02-03 23:05:26,2,1,1
2023-02-03 23:05:35,2,1,1
2023-02-03 23:05:47,2,1,1
2023-02-03 23:05:54,3,1,1
2023-02-03 23:06:07,3,1,1
2023-02-03 23:06:13,2,1,1
2023-02-03 23:06:50,3,1,1
2023-02-03 23:07:00,2,1,1
2023-02-03 23:07:47,3,1,1
2023-02-03 23:07:55,2,1,1
2023-02-03 23:08:45,3,1,1
2023-02-03 23:08:54,2,1,1
2023-02-03 23:09:43,3,1,1
2023-02-03 23:09:55,2,1,1
2023-02-03 23:11:11,4,1,1
2023-02-03 23:12:53,2,1,1
2023-02-03 23:33:28,2,1,1
2023-02-03 23:34:22,1,1,1
2023-02-03 23:34:39,2,1,1
2023-02-03 23:34:44,2,1,1
2023-02-03 23:34:47,2,1,1
2023-02-03 23:34:52,2,1,1
2023-02-03 23:34:59,2,1,1
2023-02-03 23:35:07,2,1,1
2023-02-03 23:35:15,2,1,1
2023-02-03 23:35:23,3,1,1
2023-02-03 23:35:33,3,1,1
2023-02-03 23:35:42,2,1,1
2023-02-03 23:36:20,3,1,1
2023-02-03 23:36:28,2,1,1
2023-02-03 23:37:08,3,1,1
2023-02-03 23:37:19,2,1,1
2023-02-03 23:38:09,2,1,1
2023-02-03 23:47:03,2,1,1
2023-02-03 23:47:53,1,1,1
2023-02-03 23:48:19,2,1,1
2023-02-03 23:48:24,2,1,1
2023-02-03 23:48:27,2,1,1
2023-02-03 23:48:35,2,1,1
2023-02-03 23:48:45,2,1,1
2023-02-03 23:48:49,2,1,1
2023-02-03 23:48:59,2,1,1
2023-02-03 23:49:04,3,1,1
2023-02-03 23:49:14,3,1,1
2023-02-03 23:49:23,2,1,1
2023-02-03 23:49:58,3,1,1
2023-02-03 23:50:17,2,1,1
2023-02-03 23:50:59,3,1,1
2023-02-03 23:51:09,2,1,1
2023-02-03 23:52:10,3,1,1
2023-02-03 23:52:18,2,1,1
2023-02-03 23:53:10,3,1,1
2023-02-03 23:53:22,2,1,1
2023-02-03 23:54:25,4,1,1
2023-02-04 00:12:05,2,1,1
2023-02-04 00:13:14,1,1,1
2023-02-04 00:13:40,2,1,1
2023-02-04 00:13:43,2,1,1
2023-02-04 00:13:49,2,1,1
2023-02-04 00:14:01,2,1,1
2023-02-04 00:14:09,2,1,1
2023-02-04 00:14:13,1,1,1
2023-02-04 00:36:15,1,1,1
2023-02-04 00:36:30,3,1,1
2023-02-04 00:36:48,2,1,1
2023-02-04 00:37:33,3,1,1
2023-02-04 00:37:57,2,1,1
2023-02-04 00:39:34,2,1,1
2023-02-04 00:39:47,2,1,1
2023-02-04 00:40:49,3,1,1
2023-02-04 00:41:07,2,1,1
2023-02-04 00:41:37,2,1,1
2023-02-04 00:41:54,3,1,1
2023-02-04 00:42:27,2,1,1
2023-02-04 00:42:57,1,1,1
2023-02-04 00:43:20,2,1,1
2023-02-04 00:43:24,2,1,1
2023-02-04 00:43:30,2,1,1
2023-02-04 00:43:40,1,1,1
2023-02-04 00:43:54,3,1,1
2023-02-04 01:08:47,2,1,1
2023-02-04 01:09:49,1,1,1
2023-02-04 01:10:03,2,1,1
2023-02-04 01:10:08,2,1,1
2023-02-04 01:10:14,2,1,1
2023-02-04 01:10:23,2,1,1
2023-02-04 01:13:01,2,1,1
2023-02-04 01:13:56,1,1,1
2023-02-04 01:14:12,2,1,1
2023-02-04 01:14:17,2,1,1
2023-02-04 01:14:22,2,1,1
2023-02-04 01:14:29,2,1,1
2023-02-04 01:14:34,2,1,1
2023-02-04 01:14:44,2,1,1
2023-02-04 01:14:55,2,1,1
2023-02-04 01:14:58,3,1,1
2023-02-04 01:15:08,3,1,1
2023-02-04 01:15:16,2,1,1
2023-02-04 01:16:01,3,1,1
2023-02-04 01:16:09,2,1,1
2023-02-04 01:16:57,3,1,1
2023-02-04 01:17:06,2,1,1
2023-02-04 01:17:46,3,1,1
2023-02-04 01:17:53,2,1,1
2023-02-04 01:18:43,3,1,1
2023-02-04 01:18:53,2,1,1
2023-02-04 01:19:53,4,1,1
2023-02-04 01:26:36,2,1,1
2023-02-04 01:27:52,1,1,1
2023-02-04 01:28:12,2,1,1
2023-02-04 01:28:19,2,1,1
2023-02-04 01:28:22,2,1,1
2023-02-04 01:28:30,2,1,1
2023-02-04 01:28:35,2,1,1
2023-02-04 01:28:41,2,1,1
2023-02-04 01:28:51,2,1,1
2023-02-04 01:28:56,3,1,1
2023-02-04 01:29:05,3,1,1
2023-02-04 01:29:16,2,1,1
2023-02-04 01:30:01,3,1,1
2023-02-04 01:30:12,2,1,1
2023-02-04 01:31:00,3,1,1
2023-02-04 01:31:16,2,1,1
2023-02-04 01:32:12,3,1,1
2023-02-04 01:32:21,2,1,1
2023-02-04 01:32:59,3,1,1
2023-02-04 01:33:07,2,1,1
2023-02-04 01:34:22,4,1,1
2023-02-04 01:50:43,2,1,1
2023-02-04 01:51:33,1,1,1
2023-02-04 01:51:46,2,1,1
2023-02-04 01:51:49,2,1,1
2023-02-04 01:51:55,2,1,1
2023-02-04 01:52:03,2,1,1
2023-02-04 01:52:08,2,1,1
2023-02-04 01:52:18,2,1,1
2023-02-04 01:52:29,2,1,1
2023-02-04 01:52:36,3,1,1
2023-02-04 01:52:46,3,1,1
2023-02-04 01:52:59,2,1,1
2023-02-04 01:53:39,3,1,1
2023-02-04 01:53:48,2,1,1
2023-02-04 01:54:41,3,1,1
2023-02-04 01:54:55,2,1,1
2023-02-04 01:55:37,3,1,1
2023-02-04 01:55:42,2,1,1
2023-02-04 01:56:24,2,1,1
2023-02-04 02:14:13,2,1,1
2023-02-04 02:15:29,1,1,1
2023-02-04 02:15:43,2,1,1
2023-02-04 02:27:48,2,1,1
2023-02-04 02:29:23,1,1,1
2023-02-04 02:29:36,2,1,1
2023-02-04 02:29:39,2,1,1
2023-02-04 02:29:41,2,1,1
2023-02-04 02:29:51,2,1,1
2023-02-04 02:29:56,2,1,1
2023-02-04 02:30:07,2,1,1
2023-02-04 02:37:01,2,1,1
2023-02-04 02:38:21,1,1,1
2023-02-04 02:38:35,2,1,1
2023-02-04 02:38:40,2,1,1
2023-02-04 02:38:44,2,1,1
2023-02-04 02:38:55,2,1,1
2023-02-04 02:46:14,2,1,1
2023-02-04 02:47:37,1,1,1
2023-02-04 02:48:06,2,1,1
2023-02-04 02:48:10,2,1,1
2023-02-04 02:48:15,2,1,1
2023-02-04 02:48:22,2,1,1
2023-02-04 02:59:49,2,1,1
2023-02-04 03:01:01,1,1,1
2023-02-04 03:01:24,2,1,1
2023-02-04 03:01:27,2,1,1
2023-02-04 03:01:30,2,1,1
2023-02-04 03:05:30,2,1,1
2023-02-04 03:07:07,1,1,1
2023-02-04 03:07:33,2,1,1
2023-02-04 03:07:40,2,1,1
2023-02-04 03:07:44,2,1,1
2023-02-04 03:07:51,2,1,1
2023-02-04 03:08:00,2,1,1
2023-02-04 03:08:04,2,1,1
2023-02-04 03:08:13,2,1,1
2023-02-04 03:08:17,3,1,1
2023-02-04 03:08:24,3,1,1
2023-02-04 03:08:34,2,1,1
2023-02-04 03:09:09,3,1,1
2023-02-04 03:32:04,1,1,1
2023-02-04 03:32:17,3,1,1
2023-02-04 03:32:26,2,1,1
2023-02-04 03:33:11,3,1,1
2023-02-04 03:33:38,2,1,1
2023-02-04 03:35:15,3,1,1
2023-02-04 03:35:26,2,1,1
2023-02-04 03:36:40,2,1,1
2023-02-04 03:36:53,2,1,1
2023-02-04 03:37:41,3,1,1
2023-02-04 03:38:15,2,1,1
2023-02-04 03:39:44,3,1,1
2023-02-04 04:11:17,2,1,1
2023-02-04 04:12:13,1,1,1
2023-02-04 04:12:36,2,1,1
2023-02-04 04:12:42,2,1,1
2023-02-04 04:12:47,2,1,1
2023-02-04 04:12:53,2,1,1
2023-02-04 04:13:04,2,1,1
2023-02-04 04:13:14,2,1,1
2023-02-04 04:13:21,2,1,1
2023-02-04 04:13:25,3,1,1
2023-02-04 04:13:39,2,1,1
2023-02-04 04:13:40,3,1,1
2023-02-04 04:13:53,2,1,1
2023-02-04 04:14:36,2,1,1
2023-02-04 04:14:44,1,1,1
2023-02-04 04:14:46,2,1,1
2023-02-04 04:15:05,2,1,1
2023-02-04 04:15:12,2,1,1
2023-02-04 04:15:18,2,1,1
2023-02-04 04:15:27,5,2,2
2023-02-04 04:15:34,2,1,1
2023-02-04 04:15:39,2,1,1
2023-02-04 04:15:42,2,1,1
2023-02-04 04:15:50,2,1,1
2023-02-04 04:15:58,3,1,1
2023-02-04 04:16:05,3,1,1
2023-02-04 04:16:16,2,1,1
2023-02-04 04:16:39,3,1,1
2023-02-04 04:16:46,2,1,1
2023-02-04 04:16:52,3,1,1
2023-02-04 04:17:39,3,1,1
2023-02-04 04:36:27,2,1,1
2023-02-04 04:37:24,1,1,1
2023-02-04 04:37:40,2,1,1
2023-02-04 04:37:43,2,1,1
2023-02-04 04:37:47,2,1,1
2023-02-04 04:37:53,2,1,1
2023-02-04 04:37:58,2,1,1
2023-02-04 04:57:02,2,1,1
2023-02-04 04:58:11,1,1,1
2023-02-04 04:58:38,2,1,1
2023-02-04 04:58:42,2,1,1
2023-02-04 04:58:48,2,1,1
2023-02-04 05:02:12,1,1,1
2023-02-04 05:02:18,3,1,1
2023-02-04 05:02:31,2,1,1
2023-02-04 05:03:37,2,1,1
2023-02-04 05:08:24,2,1,1
2023-02-04 05:09:19,1,1,1
2023-02-04 05:09:36,2,1,1
2023-02-04 05:09:40,2,1,1
2023-02-04 05:14:05,2,1,1
2023-02-04 05:15:34,1,1,1
2023-02-04 05:16:03,2,1,1
2023-02-04 05:16:06,2,1,1
2023-02-04 05:16:08,2,1,1
2023-02-04 05:16:16,1,1,1
2023-02-04 05:30:02,2,1,1
2023-02-04 05:30:56,1,1,1
2023-02-04 05:31:14,2,1,1
2023-02-04 05:31:18,2,1,1
2023-02-04 05:31:21,2,1,1
2023-02-04 05:31:30,2,1,1
2023-02-04 06:04:59,2,1,1
2023-02-04 06:05:52,1,1,1
2023-02-04 06:06:22,2,1,1
2023-02-04 06:06:25,2,1,1
2023-02-04 06:06:29,2,1,1
2023-02-04 06:06:34,2,1,1
2023-02-04 06:06:45,2,1,1
2023-02-04 06:06:50,2,1,1
2023-02-04 06:06:59,2,1,1
2023-02-04 06:07:02,3,1,1
2023-02-04 06:07:07,3,1,1
2023-02-04 06:07:14,2,1,1
2023-02-04 06:07:50,3,1,1
2023-02-04 06:07:58,2,1,1
2023-02-04 06:08:39,2,1,1
2023-02-04 06:08:49,2,1,1
2023-02-04 06:09:32,3,1,1
2023-02-04 06:27:47,2,1,1
2023-02-04 06:29:04,1,1,1
2023-02-04 06:29:13,2,1,1
2023-02-04 06:29:16,2,1,1
2023-02-04 06:29:18,2,1,1
2023-02-04 06:29:30,2,1,1
2023-02-04 06:29:39,2,1,1
2023-02-04 06:29:51,2,1,1
2023-02-04 06:59:11,2,1,1
2023-02-04 07:00:27,1,1,1
2023-02-04 07:00:38,2,1,1
2023-02-04 07:00:43,2,1,1
2023-02-04 07:00:46,2,1,1
2023-02-04 07:00:54,2,1,1
2023-02-04 07:12:46,2,1,1
2023-02-04 07:14:01,1,1,1
2023-02-04 07:14:22,2,1,1
2023-02-04 07:14:25,2,1,1
2023-02-04 07:14:30,2,1,1
2023-02-04 07:14:35,2,1,1
2023-02-04 07:14:40,2,1,1
2023-02-04 07:14:48,2,1,1
2023-02-04 07:14:56,2,1,1
2023-02-04 07:14:59,3,1,1
2023-02-04 07:15:11,3,1,1
2023-02-04 07:15:19,2,1,1
2023-02-04 07:16:01,3,1,1
2023-02-04 07:16:16,2,1,1
2023-02-04 07:17:04,3,1,1
2023-02-04 07:17:18,2,1,1
2023-02-04 07:17:58,2,1,1
2023-02-04 07:18:09,2,1,1
2023-02-04 07:19:05,2,1,1
2023-02-04 07:25:41,2,1,1
2023-02-04 07:26:13,2,1,1
2023-02-04 07:26:54,1,1,1
2023-02-04 07:53:45,2,1,1
2023-02-04 07:55:16,1,1,1
2023-02-04 07:55:26,2,1,1
2023-02-04 07:55:31,2,1,1
2023-02-04 07:55:36,2,1,1
2023-02-04 07:55:45,2,1,1
2023-02-04 08:02:23,1,1,1
2023-02-04 08:02:42,3,1,1
2023-02-04 08:02:56,2,1,1
2023-02-04 08:02:58,2,1,1
2023-02-04 08:04:04,3,1,1
2023-02-04 08:04:13,1,1,1
2023-02-04 08:04:25,2,1,1
2023-02-04 08:04:37,2,1,1
2023-02-04 08:04:40,2,1,1
2023-02-04 08:04:45,2,1,1
2023-02-04 08:04:49,2,1,1
2023-02-04 08:04:54,2,1,1
2023-02-04 08:04:59,2,1,1
2023-02-04 08:05:09,2,1,1
2023-02-04 08:05:16,3,1,1
2023-02-04 08:05:23,3,1,1
2023-02-04 08:05:34,2,1,1
2023-02-04 08:05:52,3,1,1
2023-02-04 08:06:04,2,1,1
2023-02-04 08:06:11,3,1,1
2023-02-04 08:06:28,2,1,1
2023-02-04 08:07:05,2,1,1
2023-02-04 08:07:17,3,1,1
2023-02-04 08:07:26,2,1,1
2023-02-04 08:07:28,2,1,1
2023-02-04 08:08:14,3,1,1
2023-02-04 08:08:39,2,1,1
2023-02-04 08:09:12,3,1,1
2023-02-04 09:07:51,2,1,1
2023-02-04 09:08:59,1,1,1
2023-02-04 09:09:09,2,1,1
2023-02-04 09:21:26,2,1,1
2023-02-04 09:22:47,1,1,1
2023-02-04 09:23:17,2,1,1
2023-02-04 09:23:22,2,1,1
2023-02-04 09:23:27,2,1,1
2023-02-04 09:23:37,2,1,1
2023-02-04 09:23:46,2,1,1
2023-02-04 09:23:57,2,1,1
2023-02-04 09:29:14,1,1,1
2023-02-04 09:29:33,3,1,1
2023-02-04 09:29:44,2,1,1
2023-02-04 09:30:26,3,1,1
2023-02-04 09:30:47,2,1,1
2023-02-04 09:31:57,3,1,1
2023-02-04 09:32:16,2,1,1
2023-02-04 09:33:26,3,1,1
2023-02-04 09:33:38,2,1,1
2023-02-04 09:34:19,3,1,1
2023-02-04 09:34:49,2,1,1
2023-02-04 09:36:25,2,1,1
2023-02-04 09:39:15,2,1,1
2023-02-04 09:40:26,1,1,1
2023-02-04 09:40:54,2,1,1
2023-02-04 09:40:59,2,1,1
2023-02-04 09:41:05,2,1,1
2023-02-04 09:41:11,2,1,1
2023-02-04 09:41:20,1,1,1
2023-02-04 09:58:31,2,1,1
2023-02-04 09:59:21,1,1,1
2023-02-04 09:59:49,2,1,1
2023-02-04 09:59:53,2,1,1
2023-02-04 09:59:57,2,1,1
2023-02-04 10:00:02,2,1,1
2023-02-04 10:00:11,2,1,1
2023-02-04 10:00:18,2,1,1
2023-02-04 10:00:25,2,1,1
2023-02-04 10:00:33,3,1,1
2023-02-04 10:44:57,2,1,1
2023-02-04 10:46:20,1,1,1
2023-02-04 10:46:50,2,1,1
2023-02-04 10:46:54,2,1,1
2023-02-04 10:46:58,2,1,1
2023-02-04 10:47:00,1,1,1
2023-02-04 11:03:23,2,1,1
2023-02-04 11:04:23,1,1,1
2023-02-04 11:04:43,2,1,1
2023-02-04 11:04:47,2,1,1
2023-02-04 11:04:50,2,1,1
2023-02-04 11:04:57,2,1,1
2023-02-04 11:05:07,2,1,1
2023-02-04 11:05:17,2,1,1
2023-02-04 11:05:27,2,1,1
2023-02-04 11:05:30,3,1,1
2023-02-04 11:05:35,3,1,1
2023-02-04 11:05:45,2,1,1
2023-02-04 11:06:15,3,1,1
2023-02-04 11:06:30,2,1,1
2023-02-04 11:07:14,3,1,1
2023-02-04 11:07:23,2,1,1
2023-02-04 11:08:09,3,1,1
2023-02-04 11:09:04,2,1,1
2023-02-04 11:09:58,1,1,1
2023-02-04 11:10:23,2,1,1
2023-02-04 11:20:39,2,1,1
2023-02-04 11:21:31,1,1,1
2023-02-04 11:21:47,2,1,1
2023-02-04 11:21:52,2,1,1
2023-02-04 11:21:58,2,1,1
2023-02-04 11:22:07,2,1,1
2023-02-04 11:22:16,2,1,1
2023-02-04 11:22:27,1,1,1
2023-02-04 11:25:58,1,1,1
2023-02-04 11:26:17,3,1,1
2023-02-04 11:26:30,2,1,1
2023-02-04 11:27:28,3,1,1
2023-02-04 11:27:57,2,1,1
2023-02-04 11:29:47,3,1,1
2023-02-04 11:29:57,2,1,1
2023-02-04 11:30:48,3,1,1
2023-02-04 11:31:03,2,1,1
2023-02-04 11:32:05,3,1,1
2023-02-04 11:32:35,2,1,1
2023-02-04 11:33:35,4,1,1
2023-02-04 11:39:47,2,1,1
2023-02-04 11:40:51,1,1,1
2023-02-04 11:41:16,2,1,1
2023-02-04 11:41:19,2,1,1
2023-02-04 11:41:21,2,1,1
2023-02-04 11:41:32,2,1,1
2023-02-04 11:41:37,2,1,1
2023-02-04 11:49:00,2,1,1
2023-02-04 11:50:15,1,1,1
2023-02-04 11:50:43,2,1,1
2023-02-04 11:54:41,2,1,1
2023-02-04 11:56:05,1,1,1
2023-02-04 11:56:33,2,1,1
2023-02-04 11:56:38,2,1,1
2023-02-04 11:56:41,2,1,1
2023-02-04 11:56:53,2,1,1
2023-02-04 11:56:59,2,1,1
2023-02-04 11:57:12,2,1,1
2023-02-04 12:08:16,2,1,1
2023-02-04 12:09:28,1,1,1
2023-02-04 12:09:47,2,1,1
2023-02-04 12:09:53,2,1,1
2023-02-04 12:09:58,2,1,1
2023-02-04 12:10:02,2,1,1
2023-02-04 12:10:07,2,1,1
2023-02-04 12:10:15,2,1,1
2023-02-04 12:10:24,2,1,1
2023-02-04 12:10:29,3,1,1
2023-02-04 12:10:43,3,1,1
2023-02-04 12:10:54,2,1,1
2023-02-04 12:11:28,3,1,1
2023-02-04 12:11:38,2,1,1
2023-02-04 12:12:29,2,1,1
2023-02-04 12:12:39,2,1,1
2023-02-04 12:13:40,3,1,1
2023-02-04 12:13:45,2,1,1
2023-02-04 12:13:57,2,1,1
2023-02-04 12:14:39,3,1,1
2023-02-04 12:15:09,1,1,1
2023-02-04 12:15:28,2,1,1
2023-02-04 12:15:31,2,1,1
2023-02-04 12:15:36,2,1,1
2023-02-04 12:15:42,2,1,1
2023-02-04 12:15:48,2,1,1
2023-02-04 12:15:54,2,1,1
2023-02-04 12:16:06,2,1,1
2023-02-04 12:16:09,3,1,1
2023-02-04 12:16:19,3,1,1
2023-02-04 12:16:31,2,1,1
2023-02-04 12:17:07,3,1,1
2023-02-04 12:17:23,2,1,1
2023-02-04 12:18:18,2,1,1
2023-02-04 12:18:32,2,1,1
2023-02-04 12:19:15,3,1,1
2023-02-04 12:19:25,2,1,1
2023-02-04 12:20:02,3,1,1
2023-02-04 12:38:54,2,1,1
2023-02-04 12:40:31,1,1,1
2023-02-04 12:41:00,2,1,1
2023-02-04 12:41:10,1,1,1
2023-02-04 12:43:08,2,1,1
2023-02-04 12:44:43,1,1,1
2023-02-04 12:45:13,2,1,1
2023-02-04 12:45:20,2,1,1
2023-02-04 12:45:24,2,1,1
2023-02-04 12:45:32,2,1,1
2023-02-04 12:45:39,2,1,1
2023-02-04 12:45:44,2,1,1
2023-02-04 12:45:51,2,1,1
2023-02-04 12:45:58,3,1,1
2023-02-04 12:56:43,2,1,1
2023-02-04 12:57:46,1,1,1
2023-02-04 12:58:12,2,1,1
2023-02-04 12:58:16,2,1,1
2023-02-04 12:58:22,2,1,1
2023-02-04 12:58:28,2,1,1
2023-02-04 12:58:34,2,1,1
2023-02-04 12:58:45,2,1,1
2023-02-04 13:10:18,2,1,1
2023-02-04 13:11:19,1,1,1
2023-02-04 13:11:30,2,1,1
2023-02-04 13:11:34,2,1,1
2023-02-04 13:11:40,2,1,1
2023-02-04 13:11:50,2,1,1
2023-02-04 13:11:58,2,1,1
2023-02-04 13:12:09,2,1,1
2023-02-04 13:12:15,2,1,1
2023-02-04 14:01:19,1,1,1
2023-02-04 14:01:37,3,1,1
2023-02-04 14:01:47,2,1,1
2023-02-04 14:02:42,3,1,1
2023-02-04 14:03:05,2,1,1
2023-02-04 14:04:20,3,1,1
2023-02-04 14:04:29,2,1,1
2023-02-04 14:05:26,3,1,1
2023-02-04 14:05:38,2,1,1
2023-02-04 14:06:20,3,1,1
2023-02-04 14:06:49,2,1,1
2023-02-04 14:07:55,4,1,1
2023-02-04 14:29:25,2,1,1
2023-02-04 14:30:54,1,1,1
2023-02-04 14:31:06,2,1,1
2023-02-04 14:43:00,2,1,1
2023-02-04 14:44:13,1,1,1
2023-02-04 14:44:23,2,1,1
2023-02-04 14:44:27,2,1,1
2023-02-04 14:44:33,2,1,1
2023-02-04 14:44:41,2,1,1
2023-02-04 14:44:52,2,1,1
2023-02-04 14:44:58,2,1,1
2023-02-04 14:45:05,2,1,1
2023-02-04 14:45:10,3,1,1
2023-02-04 14:45:22,3,1,1
2023-02-04 14:45:28,2,1,1
2023-02-04 14:45:59,3,1,1
2023-02-04 14:46:07,2,1,1
2023-02-04 14:46:58,3,1,1
2023-02-04 14:47:13,2,1,1
2023-02-04 14:48:16,3,1,1
2023-02-04 14:48:41,2,1,1
2023-02-04 14:49:46,1,1,1
2023-02-04 14:50:14,2,1,1
2023-02-04 14:50:18,2,1,1
2023-02-04 15:02:16,2,1,1
2023-02-04 15:03:23,1,1,1
2023-02-04 15:03:50,2,1,1
2023-02-04 15:03:57,2,1,1
2023-02-04 15:04:00,2,1,1
2023-02-04 15:04:05,2,1,1
2023-02-04 15:04:16,2,1,1
2023-02-04 15:04:25,2,1,1
2023-02-04 15:04:34,2,1,1
2023-02-04 15:04:38,3,1,1
2023-02-04 15:04:43,3,1,1
2023-02-04 15:04:55,2,1,1
2023-02-04 15:05:33,3,1,1
2023-02-04 15:05:42,2,1,1
2023-02-04 15:06:31,3,1,1
2023-02-04 15:06:47,2,1,1
2023-02-04 15:07:42,3,1,1
2023-02-04 15:07:51,2,1,1
2023-02-04 15:07:57,2,1,1
2023-02-04 15:08:25,3,1,1
2023-02-04 15:08:36,2,1,1
2023-02-04 15:09:29,1,1,1
2023-02-04 15:09:42,2,1,1
2023-02-04 15:09:45,2,1,1
2023-02-04 15:09:56,4,1,1
2023-02-04 15:10:19,2,1,1
2023-02-04 15:11:34,1,1,1
2023-02-04 15:11:55,2,1,1
2023-02-04 15:12:00,2,1,1
2023-02-04 15:12:08,1,1,1
2023-02-04 15:18:22,2,1,1
2023-02-04 15:19:30,1,1,1
2023-02-04 15:19:51,2,1,1
2023-02-04 15:19:55,2,1,1
2023-02-04 15:20:00,2,1,1
2023-02-04 15:20:09,1,1,1
2023-02-04 15:27:35,2,1,1
2023-02-04 15:28:42,1,1,1
2023-02-04 15:28:51,2,1,1
2023-02-04 15:28:56,2,1,1
2023-02-04 15:28:59,2,1,1
2023-02-04 15:33:02,1,1,1
2023-02-04 15:33:21,3,1,1
2023-02-04 15:33:30,2,1,1
2023-02-04 15:34:29,3,1,1
2023-02-04 15:34:50,2,1,1
2023-02-04 15:36:09,3,1,1
2023-02-04 15:36:24,2,1,1
2023-02-04 15:37:15,3,1,1
2023-02-04 15:37:29,2,1,1
2023-02-04 15:38:13,3,1,1
2023-02-04 15:38:42,2,1,1
2023-02-04 15:39:43,4,1,1
2023-02-04 15:46:01,2,1,1
2023-02-04 15:46:59,1,1,1
2023-02-04 15:47:15,2,1,1
2023-02-04 15:47:20,2,1,1
2023-02-04 15:47:26,2,1,1
2023-02-04 15:47:34,2,1,1
2023-02-04 15:59:36,2,1,1
2023-02-04 16:00:38,1,1,1
2023-02-04 16:01:08,2,1,1
2023-02-04 16:01:13,2,1,1
2023-02-04 16:01:16,2,1,1
2023-02-04 16:01:21,2,1,1
2023-02-04 16:01:28,2,1,1
2023-02-04 16:01:34,2,1,1
2023-02-04 16:01:43,2,1,1
2023-02-04 16:01:50,3,1,1
2023-02-04 16:02:04,3,1,1
2023-02-04 16:02:14,2,1,1
2023-02-04 16:02:49,2,1,1
2023-02-04 16:03:08,2,1,1
2023-02-04 16:03:48,3,1,1
2023-02-04 16:03:57,2,1,1
2023-02-04 16:05:02,3,1,1
2023-02-04 16:05:10,2,1,1
2023-02-04 16:05:47,3,1,1
2023-02-04 16:14:30,2,1,1
2023-02-04 16:15:21,1,1,1
2023-02-04 16:15:34,2,1,1
2023-02-04 16:15:39,2,1,1
2023-02-04 16:15:41,2,1,1
2023-02-04 16:15:47,2,1,1
2023-02-04 16:15:49,1,1,1
2023-02-04 16:37:18,2,1,1
2023-02-04 16:38:32,1,1,1
2023-02-04 16:38:46,2,1,1
2023-02-04 16:38:50,2,1,1
2023-02-04 16:38:55,2,1,1
2023-02-04 16:39:02,2,1,1
2023-02-04 16:56:42,1,1,1
2023-02-04 16:56:55,3,1,1
2023-02-04 16:57:08,2,1,1
2023-02-04 16:57:58,3,1,1
2023-02-04 16:58:27,2,1,1
2023-02-04 16:59:27,3,1,1
2023-02-04 16:59:45,2,1,1
2023-02-04 17:00:37,3,1,1
2023-02-04 17:00:49,2,1,1
2023-02-04 17:01:31,3,1,1
2023-02-04 17:02:08,2,1,1
2023-02-04 17:03:59,2,1,1
2023-02-04 17:22:46,2,1,1
2023-02-04 17:24:05,1,1,1
2023-02-04 17:24:28,2,1,1
2023-02-04 17:24:31,2,1,1
2023-02-04 17:24:35,2,1,1
2023-02-04 17:24:47,2,1,1
2023-02-04 17:24:57,2,1,1
2023-02-04 17:25:06,2,1,1
2023-02-04 17:28:27,2,1,1
2023-02-04 17:29:53,1,1,1
2023-02-04 17:30:17,2,1,1
2023-02-04 17:30:21,2,1,1
2023-02-04 17:30:27,2,1,1
2023-02-04 17:30:31,2,1,1
2023-02-04 17:30:39,2,1,1
2023-02-04 17:30:43,2,1,1
2023-02-04 17:30:53,2,1,1
2023-02-04 17:30:58,3,1,1
2023-02-04 17:31:12,3,1,1
2023-02-04 17:31:23,2,1,1
2023-02-04 17:32:07,3,1,1
2023-02-04 17:32:16,2,1,1
2023-02-04 17:33:10,3,1,1
2023-02-04 17:33:24,2,1,1
2023-02-04 17:34:10,3,1,1
2023-02-04 17:34:20,2,1,1
2023-02-04 17:35:07,3,1,1
2023-02-04 17:35:21,2,1,1
2023-02-04 17:36:36,4,1,1
2023-02-04 17:42:02,2,1,1
2023-02-04 17:43:33,1,1,1
2023-02-04 17:44:01,2,1,1
2023-02-04 17:44:06,2,1,1
2023-02-04 17:44:12,2,1,1
2023-02-04 17:44:22,2,1,1
2023-02-04 17:44:26,2,1,1
2023-02-04 17:51:57,2,1,1
2023-02-04 17:52:47,1,1,1
2023-02-04 17:53:12,2,1,1
2023-02-04 17:57:05,1,1,1
2023-02-04 17:57:17,3,1,1
2023-02-04 17:57:31,2,1,1
2023-02-04 17:58:26,3,1,1
2023-02-04 17:58:53,2,1,1
2023-02-04 18:00:07,3,1,1
2023-02-04 18:00:17,2,1,1
2023-02-04 18:01:14,2,1,1
2023-02-04 18:01:26,2,1,1
2023-02-04 18:02:31,3,1,1
2023-02-04 18:03:03,2,1,1
2023-02-04 18:04:03,3,1,1
2023-02-04 18:11:13,2,1,1
2023-02-04 18:12:18,1,1,1
2023-02-04 18:12:34,2,1,1
2023-02-04 18:12:38,2,1,1
2023-02-04 18:12:42,2,1,1
2023-02-04 18:15:27,2,1,1
2023-02-04 18:16:25,1,1,1
2023-02-04 18:16:52,2,1,1
2023-02-04 18:16:59,2,1,1
2023-02-04 18:17:05,2,1,1
2023-02-04 18:17:09,2,1,1
2023-02-04 18:17:17,2,1,1
2023-02-04 18:17:27,2,1,1
2023-02-04 18:17:38,2,1,1
2023-02-04 18:17:41,3,1,1
2023-02-04 18:17:51,3,1,1
2023-02-04 18:17:59,2,1,1
2023-02-04 18:18:39,2,1,1
2023-02-04 18:18:48,2,1,1
2023-02-04 18:19:34,3,1,1
2023-02-04 18:24:40,2,1,1
2023-02-04 18:25:44,1,1,1
2023-02-04 18:25:56,2,1,1
2023-02-04 18:25:59,2,1,1
2023-02-04 18:28:54,2,1,1
2023-02-04 18:29:44,1,1,1
2023-02-04 18:30:08,2,1,1
2023-02-04 18:30:13,2,1,1
2023-02-04 18:30:15,2,1,1
2023-02-04 18:30:23,2,1,1
2023-02-04 18:30:33,2,1,1
2023-02-04 18:30:45,2,1,1
2023-02-04 18:30:49,2,1,1
2023-02-04 18:42:29,2,1,1
2023-02-04 18:43:55,1,1,1
2023-02-04 18:44:22,2,1,1
2023-02-04 18:44:27,2,1,1
2023-02-04 18:44:32,2,1,1
2023-02-04 18:44:44,2,1,1
2023-02-04 19:00:42,1,1,1
2023-02-04 19:00:56,3,1,1
2023-02-04 19:01:07,2,1,1
2023-02-04 19:02:19,3,1,1
2023-02-04 19:02:47,2,1,1
2023-02-04 19:03:46,3,1,1
2023-02-04 19:03:58,2,1,1
2023-02-04 19:05:22,3,1,1
2023-02-04 19:05:46,2,1,1
2023-02-04 19:06:35,3,1,1
2023-02-04 19:07:04,2,1,1
2023-02-04 19:08:00,2,1,1
2023-02-04 19:08:21,1,1,1
2023-02-04 19:08:34,3,1,1
2023-02-04 19:08:55,2,1,1
2023-02-04 19:08:58,2,1,1
2023-02-04 19:09:51,3,1,1
2023-02-04 19:10:12,1,1,1
2023-02-04 19:10:24,2,1,1
2023-02-04 19:10:28,2,1,1
2023-02-04 19:10:31,2,1,1
2023-02-04 19:10:38,2,1,1
2023-02-04 19:10:44,2,1,1
2023-02-04 19:19:49,1,1,1
2023-02-04 19:19:57,3,1,1
2023-02-04 19:20:15,2,1,1
2023-02-04 19:21:21,3,1,1
2023-02-04 19:22:33,2,1,1
2023-02-04 19:24:55,2,1,1
2023-02-04 19:27:14,1,1,1
2023-02-04 19:27:28,3,1,1
2023-02-04 19:27:41,2,1,1
2023-02-04 19:28:39,2,1,1
2023-02-04 19:28:57,2,1,1
2023-02-04 19:29:49,3,1,1
2023-02-04 19:29:59,2,1,1
2023-02-04 19:30:36,2,1,1
2023-02-04 19:31:01,2,1,1
2023-02-04 19:31:14,2,1,1
2023-02-04 19:31:48,1,1,1
2023-02-04 19:32:00,2,1,1
2023-02-04 19:32:02,3,1,1
2023-02-04 19:32:05,2,1,1
2023-02-04 19:32:09,2,1,1
2023-02-04 19:32:21,2,1,1
2023-02-04 19:32:30,2,1,1
2023-02-04 19:32:33,3,1,1
2023-02-04 19:32:43,2,1,1
2023-02-04 19:44:11,2,1,1
2023-02-04 19:45:07,1,1,1
2023-02-04 19:45:36,2,1,1
2023-02-04 20:13:22,2,1,1
2023-02-04 20:14:19,1,1,1
2023-02-04 20:14:33,3,1,1
2023-02-04 20:14:47,1,1,1
2023-02-04 20:14:51,2,1,1
2023-02-04 20:15:15,2,1,1
2023-02-04 20:15:18,2,1,1
2023-02-04 20:15:21,2,1,1
2023-02-04 20:15:36,3,1,1
2023-02-04 20:15:56,2,1,1
2023-02-04 20:17:45,2,1,1
2023-02-04 20:17:57,2,1,1
2023-02-04 20:18:53,3,1,1
2023-02-04 20:19:06,2,1,1
2023-02-04 20:20:19,5,1,1
2023-02-04 20:26:57,2,1,1
2023-02-04 20:28:26,1,1,1
2023-02-04 20:28:40,2,1,1
2023-02-04 20:28:44,2,1,1
2023-02-04 20:28:49,2,1,1
2023-02-04 20:29:00,2,1,1
2023-02-04 20:42:54,2,1,1
2023-02-04 20:44:22,1,1,1
2023-02-04 20:44:48,2,1,1
2023-02-04 20:44:52,2,1,1
2023-02-04 20:44:54,2,1,1
2023-02-04 20:45:00,2,1,1
2023-02-04 20:45:08,2,1,1
2023-02-04 20:45:18,2,1,1
2023-02-04 20:45:27,2,1,1
2023-02-04 20:52:07,2,1,1
2023-02-04 20:53:03,1,1,1
2023-02-04 20:53:31,2,1,1
2023-02-04 20:53:36,2,1,1
2023-02-04 20:53:41,2,1,1
2023-02-04 20:53:51,2,1,1
2023-02-04 20:53:55,2,1,1
2023-02-04 20:53:58,1,1,1
2023-02-04 21:00:10,2,1,1
2023-02-04 21:01:43,1,1,1
2023-02-04 21:01:59,2,1,1
2023-02-04 21:02:03,2,1,1
2023-02-04 21:02:09,2,1,1
2023-02-04 21:02:13,2,1,1
2023-02-04 21:02:22,2,1,1
2023-02-04 21:02:28,2,1,1
2023-02-04 21:02:35,2,1,1
2023-02-04 21:02:41,3,1,1
2023-02-04 21:02:46,3,1,1
2023-02-04 21:02:58,2,1,1
2023-02-04 21:03:42,2,1,1
2023-02-04 21:13:45,2,1,1
2023-02-04 21:14:56,1,1,1
2023-02-04 21:15:09,2,1,1
2023-02-04 21:15:15,2,1,1
2023-02-04 21:15:19,2,1,1
2023-02-04 21:15:28,2,1,1
2023-02-04 21:15:37,2,1,1
2023-02-04 21:15:44,2,1,1
2023-02-04 21:15:55,2,1,1
2023-02-04 21:16:02,3,1,1
2023-02-04 21:16:09,3,1,1
2023-02-04 21:16:15,2,1,1
2023-02-04 21:16:49,2,1,1
2023-02-04 21:27:20,2,1,1
2023-02-04 21:28:52,1,1,1
2023-02-04 21:29:20,2,1,1
2023-02-04 21:29:23,2,1,1
2023-02-04 21:29:27,2,1,1
2023-02-04 21:29:37,1,1,1
2023-02-04 21:40:55,2,1,1
2023-02-04 21:42:32,1,1,1
2023-02-04 21:42:54,2,1,1
2023-02-04 21:48:24,1,1,1
2023-02-04 21:48:42,3,1,1
2023-02-04 21:48:58,2,1,1
2023-02-04 21:50:08,2,1,1
2023-02-04 21:50:12,3,1,1
2023-02-04 21:50:41,2,1,1
2023-02-04 21:51:00,1,1,1
2023-02-04 21:51:20,2,1,1
2023-02-04 21:51:23,2,1,1
2023-02-04 21:51:29,2,1,1
2023-02-04 21:51:36,2,1,1
2023-02-04 21:51:43,2,1,1
2023-02-04 21:51:53,2,1,1
2023-02-04 21:52:04,2,1,1
2023-02-04 21:52:07,3,1,1
2023-02-04 21:52:09,3,1,1
2023-02-04 21:52:15,3,1,1
2023-02-04 21:52:21,2,1,1
2023-02-04 21:52:26,2,1,1
2023-02-04 21:52:30,2,1,1
2023-02-04 21:52:56,3,1,1
2023-02-04 21:53:14,2,1,1
2023-02-04 21:53:45,1,1,1
2023-02-04 21:53:48,3,1,1
2023-02-04 21:53:54,2,1,1
2023-02-04 21:53:58,2,1,1
2023-02-04 21:54:01,3,1,1
2023-02-04 21:54:03,2,1,1
2023-02-04 21:54:08,2,1,1
2023-02-04 21:54:11,2,1,1
2023-02-04 21:54:15,2,1,1
2023-02-04 21:54:17,2,1,1
2023-02-04 21:54:27,2,1,1
2023-02-04 21:54:34,2,1,1
2023-02-04 21:54:39,3,1,1
2023-02-04 21:54:47,3,1,1
2023-02-04 21:55:00,2,1,1
2023-02-04 21:55:01,3,1,1
2023-02-04 21:55:07,2,1,1
2023-02-04 21:55:23,3,1,1
2023-02-04 21:55:32,3,1,1
2023-02-04 21:55:43,2,1,1
2023-02-04 21:55:45,2,1,1
2023-02-04 21:55:49,2,1,1
2023-02-04 21:56:26,2,1,1
2023-02-04 21:57:24,4,1,1
2023-02-04 22:10:19,2,1,1
2023-02-04 22:11:27,1,1,1
2023-02-04 22:11:41,2,1,1
2023-02-04 22:11:47,2,1,1
2023-02-04 22:11:53,2,1,1
2023-02-04 22:12:02,2,1,1
2023-02-04 22:12:09,2,1,1
2023-02-04 22:12:13,2,1,1
2023-02-04 22:12:21,2,1,1
2023-02-04 22:12:26,3,1,1
2023-02-04 22:12:36,3,1,1
2023-02-04 22:12:42,2,1,1
2023-02-04 22:13:13,3,1,1
2023-02-04 22:13:21,2,1,1
2023-02-04 22:14:13,3,1,1
2023-02-04 22:14:27,2,1,1
2023-02-04 22:15:08,3,1,1
2023-02-04 22:15:18,2,1,1
2023-02-04 22:16:10,3,1,1
2023-02-04 22:16:21,2,1,1
2023-02-04 22:17:33,4,1,1
2023-02-04 22:33:49,2,1,1
2023-02-04 22:35:28,1,1,1
2023-02-04 22:35:43,2,1,1
2023-02-04 22:35:48,2,1,1
2023-02-04 22:35:52,1,1,1
2023-02-04 22:43:02,2,1,1
2023-02-04 22:44:11,1,1,1
2023-02-04 22:44:24,2,1,1
2023-02-04 22:44:28,2,1,1
2023-02-04 22:45:33,1,1,1
2023-02-04 22:45:45,3,1,1
2023-02-04 22:45:57,2,1,1
2023-02-04 22:47:06,3,1,1
2023-02-04 22:47:35,2,1,1
2023-02-04 22:49:05,2,1,1
2023-02-04 22:49:17,2,1,1
2023-02-04 22:50:21,3,1,1
2023-02-04 22:50:34,2,1,1
2023-02-04 22:51:18,3,1,1
2023-02-04 22:51:54,2,1,1
2023-02-04 22:53:36,2,1,1
2023-02-04 23:00:51,2,1,1
2023-02-04 23:02:08,1,1,1
2023-02-04 23:02:18,2,1,1
2023-02-04 23:02:22,2,1,1
2023-02-04 23:02:25,2,1,1
2023-02-04 23:02:30,2,1,1
2023-02-04 23:02:39,2,1,1
2023-02-04 23:02:48,2,1,1
2023-02-04 23:02:58,2,1,1
2023-02-04 23:03:05,3,1,1
2023-02-04 23:03:19,3,1,1
2023-02-04 23:03:25,2,1,1
2023-02-04 23:04:05,2,1,1
2023-02-04 23:04:18,2,1,1
2023-02-04 23:05:11,3,1,1
2023-02-04 23:05:21,2,1,1
2023-02-04 23:06:02,3,1,1
2023-02-04 23:06:11,2,1,1
2023-02-04 23:06:51,3,1,1
2023-02-04 23:10:04,2,1,1
2023-02-04 23:11:07,1,1,1
2023-02-04 23:11:24,2,1,1
2023-02-04 23:11:27,2,1,1
2023-02-04 23:11:29,2,1,1
2023-02-04 23:11:37,2,1,1
2023-02-04 23:12:26,2,1,1
2023-02-04 23:13:59,1,1,1
2023-02-04 23:14:28,2,1,1
2023-02-04 23:14:31,2,1,1
2023-02-04 23:14:35,2,1,1
2023-02-04 23:14:41,2,1,1
2023-02-04 23:14:50,2,1,1
2023-02-04 23:15:00,2,1,1
2023-02-04 23:15:08,2,1,1
2023-02-04 23:15:12,3,1,1
2023-02-04 23:16:40,2,1,1
2023-02-04 23:17:47,1,1,1
2023-02-04 23:18:14,2,1,1
2023-02-04 23:18:17,2,1,1
2023-02-04 23:18:20,2,1,1
2023-02-04 23:18:26,2,1,1
2023-02-04 23:18:35,2,1,1
2023-02-04 23:18:45,2,1,1
2023-02-04 23:18:54,2,1,1
2023-02-04 23:18:59,3,1,1
2023-02-04 23:35:51,1,1,1
2023-02-04 23:36:03,3,1,1
2023-02-04 23:36:20,2,1,1
2023-02-04 23:37:29,3,1,1
2023-02-04 23:37:55,2,1,1
2023-02-04 23:39:12,3,1,1
2023-02-04 23:39:22,2,1,1
2023-02-04 23:40:19,3,1,1
2023-02-04 23:40:42,2,1,1
2023-02-04 23:41:31,2,1,1
2023-02-04 23:42:07,2,1,1
2023-02-04 23:43:29,3,1,1
2023-02-04 23:46:46,2,1,1
2023-02-04 23:47:58,1,1,1
2023-02-04 23:48:18,2,1,1
2023-02-04 23:48:23,2,1,1
2023-02-04 23:48:25,2,1,1
2023-02-04 23:48:33,1,1,1
2023-02-04 23:55:59,2,1,1
2023-02-04 23:57:01,1,1,1
2023-02-04 23:57:18,2,1,1
2023-02-04 23:57:24,2,1,1
2023-02-04 23:57:28,2,1,1
2023-02-04 23:57:36,2,1,1
2023-02-04 23:57:45,2,1,1
2023-02-04 23:57:53,2,1,1
2023-02-04 23:58:04,2,1,1
2023-02-04 23:58:08,3,1,1
2023-02-04 23:58:13,3,1,1
2023-02-04 23:58:23,2,1,1
2023-02-04 23:58:56,2,1,1
2023-02-04 23:59:06,2,1,1
2023-02-04 23:59:49,3,1,1
2023-02-05 00:00:05,2,1,1
2023-02-05 00:00:47,3,1,1
2023-02-05 00:00:57,2,1,1
2023-02-05 00:01:38,3,1,1
2023-02-05 00:26:50,2,1,1
2023-02-05 00:28:13,1,1,1
2023-02-05 00:28:22,2,1,1
2023-02-05 00:28:27,2,1,1
2023-02-05 00:28:30,2,1,1
2023-02-05 00:28:38,2,1,1
2023-02-05 00:28:44,2,1,1
2023-02-05 00:28:51,2,1,1
2023-02-05 00:29:02,2,1,1
2023-02-05 00:29:06,3,1,1
2023-02-05 00:32:31,2,1,1
2023-02-05 00:33:51,1,1,1
2023-02-05 00:34:20,2,1,1
2023-02-05 00:46:06,2,1,1
2023-02-05 00:47:02,1,1,1
2023-02-05 00:47:11,2,1,1
2023-02-05 00:47:14,2,1,1
2023-02-05 00:47:16,2,1,1
2023-02-05 00:47:27,2,1,1
2023-02-05 00:48:34,1,1,1
2023-02-05 00:48:52,3,1,1
2023-02-05 00:49:07,2,1,1
2023-02-05 00:50:11,3,1,1
2023-02-05 00:50:27,2,1,1
2023-02-05 00:52:04,3,1,1
2023-02-05 00:52:18,2,1,1
2023-02-05 00:53:36,3,1,1
2023-02-05 00:53:57,2,1,1
2023-02-05 00:54:44,2,1,1
2023-02-05 00:55:12,2,1,1
2023-02-05 00:55:19,2,1,1
2023-02-05 00:56:45,3,1,1
2023-02-05 00:56:50,1,1,1
2023-02-05 00:57:00,2,1,1
2023-02-05 00:57:03,2,1,1
2023-02-05 00:57:07,2,1,1
2023-02-05 00:57:19,2,1,1
2023-02-05 00:57:26,2,1,1
2023-02-05 00:57:34,2,1,1
2023-02-05 00:57:37,2,1,1
2023-02-05 01:08:54,2,1,1
2023-02-05 01:10:10,1,1,1
2023-02-05 01:10:21,2,1,1
2023-02-05 01:10:24,2,1,1
2023-02-05 01:10:30,2,1,1
2023-02-05 01:10:39,2,1,1
2023-02-05 01:10:46,2,1,1
2023-02-05 01:10:56,2,1,1
2023-02-05 01:11:05,2,1,1
2023-02-05 01:11:08,3,1,1
2023-02-05 01:11:16,3,1,1
2023-02-05 01:11:27,2,1,1
2023-02-05 01:12:08,2,1,1
2023-02-05 01:24:26,1,1,1
2023-02-05 01:24:44,3,1,1
2023-02-05 01:24:56,2,1,1
2023-02-05 01:26:10,3,1,1
2023-02-05 01:26:35,2,1,1
2023-02-05 01:28:04,3,1,1
2023-02-05 01:28:10,2,1,1
2023-02-05 01:28:14,2,1,1
2023-02-05 01:29:33,2,1,1
2023-02-05 01:29:49,1,1,1
2023-02-05 01:29:53,2,1,1
2023-02-05 01:30:18,2,1,1
2023-02-05 01:30:22,2,1,1
2023-02-05 01:30:27,2,1,1
2023-02-05 01:30:36,1,1,1
2023-02-05 01:30:55,3,1,1
2023-02-05 01:31:25,2,1,1
2023-02-05 01:32:32,2,1,1
2023-02-05 01:37:23,2,1,1
2023-02-05 01:38:25,1,1,1
2023-02-05 01:38:41,2,1,1
2023-02-05 01:38:44,2,1,1
2023-02-05 01:38:48,2,1,1
2023-02-05 01:38:56,2,1,1
2023-02-05 01:39:06,2,1,1
2023-02-05 01:39:16,2,1,1
2023-02-05 01:50:50,2,1,1
2023-02-05 01:51:57,1,1,1
2023-02-05 01:52:24,2,1,1
2023-02-05 01:52:27,2,1,1
2023-02-05 01:52:32,1,1,1
2023-02-05 02:13:38,2,1,1
2023-02-05 02:14:44,1,1,1
2023-02-05 02:15:00,2,1,1
2023-02-05 02:15:04,2,1,1
2023-02-05 02:15:10,2,1,1
2023-02-05 02:15:21,2,1,1
2023-02-05 02:19:19,2,1,1
2023-02-05 02:20:46,1,1,1
2023-02-05 02:21:03,2,1,1
2023-02-05 02:21:07,2,1,1
2023-02-05 02:21:11,2,1,1
2023-02-05 02:21:18,2,1,1
2023-02-05 02:21:23,2,1,1
2023-02-05 02:21:31,2,1,1
2023-02-05 02:21:42,2,1,1
2023-02-05 02:21:47,3,1,1
2023-02-05 02:22:00,3,1,1
2023-02-05 02:22:12,2,1,1
2023-02-05 02:22:52,3,1,1
2023-02-05 02:23:00,2,1,1
2023-02-05 02:23:43,3,1,1
2023-02-05 02:23:53,2,1,1
2023-02-05 02:24:32,3,1,1
2023-02-05 02:24:38,2,1,1
2023-02-05 02:25:29,3,1,1
2023-02-05 02:25:40,2,1,1
2023-02-05 02:26:59,2,1,1
2023-02-05 02:29:14,2,1,1
2023-02-05 02:30:31,1,1,1
2023-02-05 02:30:56,2,1,1
2023-02-05 02:30:59,2,1,1
2023-02-05 02:31:03,2,1,1
2023-02-05 02:31:12,2,1,1
2023-02-05 02:31:23,2,1,1
2023-02-05 02:31:30,2,1,1
2023-02-05 02:31:42,2,1,1
2023-02-05 02:31:45,3,1,1
2023-02-05 02:31:56,3,1,1
2023-02-05 02:32:04,2,1,1
2023-02-05 02:32:42,2,1,1
2023-02-05 02:32:57,2,1,1
2023-02-05 02:33:47,3,1,1
2023-02-05 02:33:58,2,1,1
2023-02-05 02:34:43,3,1,1
2023-02-05 02:34:55,2,1,1
2023-02-05 02:36:20,1,1,1
2023-02-05 02:36:33,2,1,1
2023-02-05 02:36:35,1,1,1
2023-02-05 02:40:36,2,1,1
2023-02-05 02:46:17,2,1,1
2023-02-05 02:47:41,1,1,1
2023-02-05 02:47:57,2,1,1
2023-02-05 02:54:44,1,1,1
2023-02-05 02:55:02,2,1,1
2023-02-05 02:55:30,2,1,1
2023-02-05 02:56:01,2,1,1
2023-02-05 02:56:28,1,1,1
2023-02-05 02:56:48,2,1,1
2023-02-05 02:56:51,2,1,1
2023-02-05 02:56:57,2,1,1
2023-02-05 03:08:13,2,1,1
2023-02-05 03:30:43,2,1,1
2023-02-05 03:32:17,1,1,1
2023-02-05 03:32:38,2,1,1
2023-02-05 03:32:43,2,1,1
2023-02-05 03:36:24,2,1,1
2023-02-05 03:37:23,1,1,1
2023-02-05 03:37:33,2,1,1
2023-02-05 03:37:36,2,1,1
2023-02-05 03:37:40,2,1,1
2023-02-05 03:37:45,2,1,1
2023-02-05 03:37:51,2,1,1
2023-02-05 03:37:56,2,1,1
2023-02-05 03:38:03,2,1,1
2023-02-05 03:38:08,3,1,1
2023-02-05 03:38:19,3,1,1
2023-02-05 03:38:29,2,1,1
2023-02-05 03:38:46,2,1,1
2023-02-05 03:39:04,3,1,1
2023-02-05 03:39:19,2,1,1
2023-02-05 03:40:10,3,1,1
2023-02-05 03:40:19,1,1,1
2023-02-05 03:40:23,2,1,1
2023-02-05 03:40:38,2,1,1
2023-02-05 03:40:42,2,1,1
2023-02-05 03:40:46,2,1,1
2023-02-05 03:40:54,2,1,1
2023-02-05 03:41:03,2,1,1
2023-02-05 03:41:08,3,1,1
2023-02-05 03:41:13,4,2,2
2023-02-05 03:41:21,2,1,1
2023-02-05 03:41:28,3,1,1
2023-02-05 03:41:42,3,1,1
2023-02-05 03:41:49,2,1,1
2023-02-05 03:41:55,3,1,1
2023-02-05 03:42:08,2,1,1
2023-02-05 03:42:24,3,1,1
2023-02-05 03:43:09,4,1,1
2023-02-05 03:52:13,2,1,1
2023-02-05 03:53:40,1,1,1
2023-02-05 03:54:09,2,1,1
2023-02-05 03:54:13,2,1,1
2023-02-05 03:54:18,2,1,1
2023-02-05 03:54:26,2,1,1
2023-02-05 03:54:36,2,1,1
2023-02-05 03:54:46,2,1,1
2023-02-05 03:54:58,2,1,1
2023-02-05 03:55:05,3,1,1
2023-02-05 03:55:16,3,1,1
2023-02-05 03:55:22,2,1,1
2023-02-05 03:56:01,3,1,1
2023-02-05 03:56:14,2,1,1
2023-02-05 03:56:27,2,1,1
2023-02-05 03:57:00,3,1,1
2023-02-05 03:57:15,2,1,1
2023-02-05 03:57:32,1,1,1
2023-02-05 03:57:42,2,1,1
2023-02-05 03:57:49,2,1,1
2023-02-05 03:57:53,2,1,1
2023-02-05 03:58:00,5,2,2
2023-02-05 03:58:08,2,1,1
2023-02-05 03:58:17,2,1,1
2023-02-05 03:58:26,2,1,1
2023-02-05 03:58:31,3,1,1
2023-02-05 03:58:40,3,1,1
2023-02-05 03:58:47,2,1,1
2023-02-05 03:59:18,3,1,1
2023-02-05 04:23:37,2,1,1
2023-02-05 04:25:04,1,1,1
2023-02-05 04:25:26,2,1,1
2023-02-05 04:25:33,2,1,1
2023-02-05 04:25:36,2,1,1
2023-02-05 04:25:43,2,1,1
2023-02-05 04:25:53,2,1,1
2023-02-05 04:25:58,2,1,1
2023-02-05 04:26:04,2,1,1
2023-02-05 04:26:12,3,1,1
2023-02-05 04:26:25,3,1,1
2023-02-05 04:26:35,2,1,1
2023-02-05 04:27:15,2,1,1
2023-02-05 04:27:23,2,1,1
2023-02-05 04:28:11,2,1,1
2023-02-05 04:28:28,2,1,1
2023-02-05 04:29:16,3,1,1
2023-02-05 04:29:25,2,1,1
2023-02-05 04:30:03,3,1,1
2023-02-05 04:35:05,2,1,1
2023-02-05 04:37:12,2,1,1
2023-02-05 04:38:49,1,1,1
2023-02-05 04:38:58,2,1,1
2023-02-05 04:39:01,2,1,1
2023-02-05 04:39:04,2,1,1
2023-02-05 04:39:10,2,1,1
2023-02-05 04:39:18,2,1,1
2023-02-05 04:39:31,2,1,1
2023-02-05 04:39:37,2,1,1
2023-02-05 05:00:00,2,1,1
2023-02-05 05:01:40,1,1,1
2023-02-05 05:02:10,2,1,1
2023-02-05 05:02:16,2,1,1
2023-02-05 05:02:19,2,1,1
2023-02-05 05:02:24,2,1,1
2023-02-05 05:02:31,2,1,1
2023-02-05 05:02:38,2,1,1
2023-02-05 05:02:48,2,1,1
2023-02-05 05:02:51,3,1,1
2023-02-05 05:03:02,3,1,1
2023-02-05 05:03:15,2,1,1
2023-02-05 05:03:48,3,1,1
2023-02-05 05:03:58,2,1,1
2023-02-05 05:04:47,3,1,1
2023-02-05 05:05:04,2,1,1
2023-02-05 05:05:52,3,1,1
2023-02-05 05:32:01,2,1,1
2023-02-05 05:33:40,1,1,1
2023-02-05 05:34:08,2,1,1
2023-02-05 05:34:12,2,1,1
2023-02-05 05:36:15,2,1,1
2023-02-05 05:37:13,1,1,1
2023-02-05 05:37:39,2,1,1
2023-02-05 05:37:44,2,1,1
2023-02-05 05:37:50,2,1,1
2023-02-05 05:37:57,2,1,1
2023-02-05 05:38:02,2,1,1
2023-02-05 05:38:14,2,1,1
2023-02-05 05:51:09,2,1,1
2023-02-05 05:52:17,1,1,1
2023-02-05 05:52:39,2,1,1
2023-02-05 05:52:43,2,1,1
2023-02-05 05:52:48,2,1,1
2023-02-05 05:52:59,2,1,1
2023-02-05 05:53:05,2,1,1
2023-02-05 05:53:17,1,1,1
2023-02-05 06:00:22,2,1,1
2023-02-05 06:01:44,1,1,1
2023-02-05 06:02:12,2,1,1
2023-02-05 06:02:16,2,1,1
2023-02-05 06:02:21,2,1,1
2023-02-05 06:02:25,2,1,1
2023-02-05 06:02:36,2,1,1
2023-02-05 06:02:40,2,1,1
2023-02-05 06:02:48,2,1,1
2023-02-05 06:02:56,3,1,1
2023-02-05 06:03:04,3,1,1
2023-02-05 06:03:14,2,1,1
2023-02-05 06:03:49,3,1,1
2023-02-05 06:04:06,2,1,1
2023-02-05 06:04:56,3,1,1
2023-02-05 06:05:05,2,1,1
2023-02-05 06:05:46,3,1,1
2023-02-05 06:05:55,2,1,1
2023-02-05 06:06:35,3,1,1
2023-02-05 06:06:46,2,1,1
2023-02-05 06:07:55,4,1,1
2023-02-05 06:09:35,2,1,1
2023-02-05 06:10:57,1,1,1
2023-02-05 06:11:14,2,1,1
2023-02-05 06:11:19,2,1,1
2023-02-05 06:23:10,2,1,1
2023-02-05 06:24:15,1,1,1
2023-02-05 06:24:30,2,1,1
2023-02-05 06:24:37,2,1,1
2023-02-05 06:24:43,2,1,1
2023-02-05 06:24:50,2,1,1
2023-02-05 06:24:56,2,1,1
2023-02-05 06:25:05,2,1,1
2023-02-05 06:25:12,2,1,1
2023-02-05 06:25:20,3,1,1
2023-02-05 06:25:26,3,1,1
2023-02-05 06:25:35,2,1,1
2023-02-05 06:26:19,3,1,1
2023-02-05 06:26:36,2,1,1
2023-02-05 06:27:24,2,1,1
2023-02-05 06:27:31,2,1,1
2023-02-05 06:28:25,1,1,1
2023-02-05 06:28:42,2,1,1
2023-02-05 06:28:48,2,1,1
2023-02-05 06:28:52,2,1,1
2023-02-05 06:29:00,2,1,1
2023-02-05 06:29:06,2,1,1
2023-02-05 06:29:12,2,1,1
2023-02-05 06:29:21,2,1,1
2023-02-05 06:29:24,3,1,1
2023-02-05 06:29:39,3,1,1
2023-02-05 06:29:47,2,1,1
2023-02-05 06:30:20,3,1,1
2023-02-05 06:30:36,2,1,1
2023-02-05 06:31:18,3,1,1
2023-02-05 06:31:27,2,1,1
2023-02-05 06:32:20,3,1,1
2023-02-05 06:32:30,2,1,1
2023-02-05 06:33:06,3,1,1
2023-02-05 06:33:17,2,1,1
2023-02-05 06:34:19,4,1,1
2023-02-05 06:37:19,2,1,1
2023-02-05 06:38:35,1,1,1
2023-02-05 06:38:53,2,1,1
2023-02-05 06:38:56,2,1,1
2023-02-05 06:39:01,2,1,1
2023-02-05 06:39:11,2,1,1
2023-02-05 06:39:19,2,1,1
2023-02-05 06:39:24,1,1,1
2023-02-05 06:50:54,2,1,1
2023-02-05 06:52:29,1,1,1
2023-02-05 06:52:40,2,1,1
2023-02-05 06:52:47,2,1,1
2023-02-05 06:52:52,2,1,1
2023-02-05 06:53:00,2,1,1
2023-02-05 06:53:10,2,1,1
2023-02-05 06:53:20,2,1,1
2023-02-05 06:53:26,2,1,1
2023-02-05 06:53:31,3,1,1
2023-02-05 06:56:35,2,1,1
2023-02-05 06:57:33,1,1,1
2023-02-05 06:57:53,2,1,1
2023-02-05 06:57:57,2,1,1
2023-02-05 06:58:03,2,1,1
2023-02-05 06:58:09,2,1,1
2023-02-05 06:58:19,2,1,1
2023-02-05 06:58:27,2,1,1
2023-02-05 06:58:33,2,1,1
2023-02-05 06:58:39,3,1,1
2023-02-05 06:58:46,3,1,1
2023-02-05 06:58:56,2,1,1
2023-02-05 06:59:29,2,1,1
2023-02-05 06:59:45,2,1,1
2023-02-05 07:00:27,3,1,1
2023-02-05 07:00:37,2,1,1
2023-02-05 07:01:26,3,1,1
2023-02-05 07:01:36,2,1,1
2023-02-05 07:02:28,2,1,1
2023-02-05 07:10:07,2,1,1
2023-02-05 07:34:09,2,1,1
2023-02-05 07:34:59,1,1,1
2023-02-05 07:35:15,2,1,1
2023-02-05 07:35:21,2,1,1
2023-02-05 07:35:26,2,1,1
2023-02-05 07:35:30,2,1,1
2023-02-05 07:35:36,2,1,1
2023-02-05 07:35:46,2,1,1
2023-02-05 07:35:58,2,1,1
2023-02-05 07:36:05,3,1,1
2023-02-05 07:36:12,3,1,1
2023-02-05 07:36:22,2,1,1
2023-02-05 07:37:06,3,1,1
2023-02-05 07:37:22,2,1,1
2023-02-05 07:38:09,3,1,1
2023-02-05 07:38:24,2,1,1
2023-02-05 07:39:22,3,1,1
2023-02-05 07:39:32,2,1,1
2023-02-05 07:40:19,3,1,1
2023-02-05 07:40:31,2,1,1
2023-02-05 07:41:40,4,1,1
2023-02-05 07:47:44,2,1,1
2023-02-05 07:49:14,1,1,1
2023-02-05 07:49:38,2,1,1
2023-02-05 07:49:44,2,1,1
2023-02-05 07:49:47,2,1,1
2023-02-05 07:49:53,2,1,1
2023-02-05 07:49:59,2,1,1
2023-02-05 07:50:06,2,1,1
2023-02-05 07:50:16,2,1,1
2023-02-05 07:50:20,3,1,1
2023-02-05 08:07:00,2,1,1
2023-02-05 08:08:02,1,1,1
2023-02-05 08:08:17,2,1,1
2023-02-05 08:08:23,2,1,1
2023-02-05 08:08:28,2,1,1
2023-02-05 08:08:35,2,1,1
2023-02-05 08:08:44,2,1,1
2023-02-05 08:08:49,2,1,1
2023-02-05 08:08:56,2,1,1
2023-02-05 08:08:59,3,1,1
2023-02-05 08:09:06,3,1,1
2023-02-05 08:09:12,2,1,1
2023-02-05 08:09:47,3,1,1
2023-02-05 08:16:13,2,1,1
2023-02-05 08:17:34,1,1,1
2023-02-05 08:17:56,2,1,1
2023-02-05 08:18:00,2,1,1
2023-02-05 08:18:05,2,1,1
2023-02-05 08:18:17,2,1,1
2023-02-05 08:18:25,1,1,1
2023-02-05 08:25:26,2,1,1
2023-02-05 08:26:54,1,1,1
2023-02-05 08:27:03,2,1,1
2023-02-05 08:27:07,2,1,1
2023-02-05 08:27:13,2,1,1
2023-02-05 08:27:21,2,1,1
2023-02-05 08:27:28,2,1,1
2023-02-05 08:27:38,2,1,1
2023-02-05 08:27:48,2,1,1
2023-02-05 08:27:51,3,1,1
2023-02-05 08:27:56,3,1,1
2023-02-05 08:28:04,2,1,1
2023-02-05 08:28:42,2,1,1
2023-02-05 08:28:54,2,1,1
2023-02-05 08:29:45,3,1,1
2023-02-05 08:30:02,2,1,1
2023-02-05 08:30:59,2,1,1
2023-02-05 08:52:36,2,1,1
2023-02-05 08:53:50,1,1,1
2023-02-05 08:54:01,2,1,1
2023-02-05 08:54:04,2,1,1
2023-02-05 08:54:06,2,1,1
2023-02-05 08:54:18,2,1,1
2023-02-05 08:54:28,2,1,1
2023-02-05 08:54:36,2,1,1
2023-02-05 08:54:41,2,1,1
2023-02-05 09:34:40,2,1,1
2023-02-05 09:35:58,1,1,1
2023-02-05 09:36:19,2,1,1
2023-02-05 09:36:26,2,1,1
2023-02-05 09:36:31,2,1,1
2023-02-05 09:36:39,2,1,1
2023-02-05 09:36:48,2,1,1
2023-02-05 09:36:58,2,1,1
2023-02-05 09:37:09,2,1,1
2023-02-05 09:37:12,3,1,1
2023-02-05 09:37:21,3,1,1
2023-02-05 09:37:28,2,1,1
2023-02-05 09:38:05,3,1,1
2023-02-05 09:38:15,2,1,1
2023-02-05 09:38:55,2,1,1
2023-02-05 09:39:03,2,1,1
2023-02-05 09:39:59,3,1,1
2023-02-05 09:40:08,2,1,1
2023-02-05 09:40:50,2,1,1
2023-02-05 09:43:53,2,1,1
2023-02-05 09:45:25,1,1,1
2023-02-05 09:45:34,2,1,1
2023-02-05 09:45:40,2,1,1
2023-02-05 09:45:43,2,1,1
2023-02-05 09:45:47,2,1,1
2023-02-05 09:45:48,2,1,1
2023-02-05 09:45:54,2,1,1
2023-02-05 09:46:04,2,1,1
2023-02-05 09:46:15,2,1,1
2023-02-05 09:46:21,3,1,1
2023-02-05 09:46:28,3,1,1
2023-02-05 09:46:35,2,1,1
2023-02-05 09:47:07,3,1,1
2023-02-05 09:47:15,2,1,1
2023-02-05 09:48:00,3,1,1
2023-02-05 09:49:34,2,1,1
2023-02-05 09:50:25,1,1,1
2023-02-05 09:50:34,2,1,1
2023-02-05 09:50:41,2,1,1
2023-02-05 09:50:47,2,1,1
2023-02-05 09:50:56,2,1,1
2023-02-05 09:51:02,2,1,1
2023-02-05 09:51:07,2,1,1
2023-02-05 09:51:16,2,1,1
2023-02-05 09:51:20,3,1,1
2023-02-05 09:51:31,3,1,1
2023-02-05 09:51:38,2,1,1
2023-02-05 09:52:18,3,1,1
2023-02-05 09:52:29,2,1,1
2023-02-05 09:53:24,3,1,1
2023-02-05 09:53:41,2,1,1
2023-02-05 09:53:48,2,1,1
2023-02-05 09:54:36,3,1,1
2023-02-05 09:54:44,2,1,1
2023-02-05 09:54:51,1,1,1
2023-02-05 09:55:11,2,1,1
2023-02-05 09:55:15,2,1,1
2023-02-05 09:55:40,3,1,1
2023-02-05 09:55:49,2,1,1
2023-02-05 09:56:50,4,1,1
2023-02-05 10:03:01,2,1,1
2023-02-05 10:04:39,1,1,1
2023-02-05 10:04:49,2,1,1
2023-02-05 10:04:55,2,1,1
2023-02-05 10:05:01,2,1,1
2023-02-05 10:05:05,2,1,1
2023-02-05 10:05:14,2,1,1
2023-02-05 10:05:19,2,1,1
2023-02-05 10:05:31,2,1,1
2023-02-05 10:05:35,3,1,1
2023-02-05 10:14:23,2,1,1
2023-02-05 10:15:49,1,1,1
2023-02-05 10:16:05,2,1,1
2023-02-05 10:16:12,2,1,1
2023-02-05 10:16:18,2,1,1
2023-02-05 10:16:25,2,1,1
2023-02-05 10:16:36,2,1,1
2023-02-05 10:16:41,2,1,1
2023-02-05 10:16:52,2,1,1
2023-02-05 10:16:58,3,1,1
2023-02-05 10:17:12,3,1,1
2023-02-05 10:17:22,2,1,1
2023-02-05 10:17:58,2,1,1
2023-02-05 10:18:12,2,1,1
2023-02-05 10:18:59,3,1,1
2023-02-05 10:19:11,2,1,1
2023-02-05 10:19:59,2,1,1
2023-02-05 10:20:11,2,1,1
2023-02-05 10:20:53,3,1,1
2023-02-05 10:23:59,2,1,1
2023-02-05 10:27:58,2,1,1
2023-02-05 10:29:09,1,1,1
2023-02-05 10:29:38,2,1,1
2023-02-05 10:29:42,2,1,1
2023-02-05 10:29:45,2,1,1
2023-02-05 10:29:57,2,1,1
2023-02-05 10:30:01,2,1,1
2023-02-05 10:30:14,2,1,1
2023-02-05 10:37:11,2,1,1
2023-02-05 10:38:25,1,1,1
2023-02-05 10:38:42,2,1,1
2023-02-05 10:38:46,2,1,1
2023-02-05 10:38:52,2,1,1
2023-02-05 10:38:56,2,1,1
2023-02-05 10:39:04,2,1,1
2023-02-05 10:39:08,2,1,1
2023-02-05 10:39:19,2,1,1
2023-02-05 10:39:25,3,1,1
2023-02-05 10:39:32,3,1,1
2023-02-05 10:39:41,2,1,1
2023-02-05 10:40:16,3,1,1
2023-02-05 10:50:46,2,1,1
2023-02-05 10:52:18,1,1,1
2023-02-05 10:52:30,2,1,1
2023-02-05 10:52:34,2,1,1
2023-02-05 10:52:39,2,1,1
2023-02-05 11:01:36,1,1,1
2023-02-05 11:01:46,3,1,1
2023-02-05 11:02:04,2,1,1
2023-02-05 11:03:44,3,1,1
2023-02-05 11:28:28,2,1,1
2023-02-05 11:37:41,2,1,1
2023-02-05 11:38:50,1,1,1
2023-02-05 11:39:14,2,1,1
2023-02-05 11:39:18,2,1,1
2023-02-05 11:39:21,2,1,1
2023-02-05 11:39:30,2,1,1
2023-02-05 11:39:36,2,1,1
2023-02-05 11:39:49,2,1,1
2023-02-05 11:39:55,2,1,1
2023-02-05 12:14:04,2,1,1
2023-02-05 12:15:00,1,1,1
2023-02-05 12:15:13,2,1,1
2023-02-05 12:15:18,2,1,1
2023-02-05 12:15:22,2,1,1
2023-02-05 12:15:31,2,1,1
2023-02-05 12:15:42,2,1,1
2023-02-05 12:15:46,2,1,1
2023-02-05 12:15:53,2,1,1
2023-02-05 12:15:56,3,1,1
2023-02-05 12:16:06,3,1,1
2023-02-05 12:16:14,2,1,1
2023-02-05 12:16:56,3,1,1
2023-02-05 12:17:05,2,1,1
2023-02-05 12:17:56,3,1,1
2023-02-05 12:18:04,2,1,1
2023-02-05 12:18:52,3,1,1
2023-02-05 12:19:03,2,1,1
2023-02-05 12:19:41,3,1,1
2023-02-05 12:19:49,2,1,1
2023-02-05 12:20:52,4,1,1
2023-02-05 12:22:32,2,1,1
2023-02-05 12:23:46,1,1,1
2023-02-05 12:24:14,2,1,1
2023-02-05 12:24:18,2,1,1
2023-02-05 12:24:23,2,1,1
2023-02-05 12:24:34,2,1,1
2023-02-05 12:45:12,2,1,1
2023-02-05 12:46:29,1,1,1
2023-02-05 12:46:48,2,1,1
2023-02-05 12:46:51,2,1,1
2023-02-05 12:46:56,2,1,1
2023-02-05 12:47:06,2,1,1
2023-02-05 12:47:12,2,1,1
2023-02-05 12:47:19,2,1,1
2023-02-05 12:47:25,2,1,1
2023-02-05 13:00:06,2,1,1
2023-02-05 13:01:17,1,1,1
2023-02-05 13:01:35,2,1,1
2023-02-05 13:01:39,2,1,1
2023-02-05 13:23:03,2,1,1
2023-02-05 13:23:54,1,1,1
2023-02-05 13:24:23,2,1,1
2023-02-05 13:24:26,2,1,1
2023-02-05 13:24:29,2,1,1
2023-02-05 13:24:37,2,1,1
2023-02-05 13:24:47,2,1,1
2023-02-05 13:24:52,2,1,1
2023-02-05 13:25:03,2,1,1
2023-02-05 13:25:09,3,1,1
2023-02-05 13:34:49,1,1,1
2023-02-05 13:34:56,3,1,1
2023-02-05 13:35:18,2,1,1
2023-02-05 13:36:31,3,1,1
2023-02-05 13:42:19,2,1,1
2023-02-05 13:43:55,1,1,1
2023-02-05 13:44:16,2,1,1
2023-02-05 13:44:20,2,1,1
2023-02-05 13:44:24,2,1,1
2023-02-05 13:44:29,2,1,1
2023-02-05 13:44:36,2,1,1
2023-02-05 13:44:40,2,1,1
2023-02-05 13:44:46,2,1,1
2023-02-05 13:44:49,3,1,1
2023-02-05 13:44:54,3,1,1
2023-02-05 13:45:00,2,1,1
2023-02-05 13:45:38,3,1,1
2023-02-05 13:45:48,2,1,1
2023-02-05 13:46:31,3,1,1
2023-02-05 13:46:33,2,1,1
2023-02-05 13:48:08,1,1,1
2023-02-05 13:48:26,2,1,1
2023-02-05 13:48:31,2,1,1
2023-02-05 13:50:47,2,1,1
2023-02-05 13:52:21,1,1,1
2023-02-05 13:52:49,2,1,1
2023-02-05 13:52:53,2,1,1
2023-02-05 14:00:00,2,1,1
2023-02-05 14:01:12,1,1,1
2023-02-05 14:01:35,2,1,1
2023-02-05 14:01:40,2,1,1
2023-02-05 14:01:43,2,1,1
2023-02-05 14:01:49,2,1,1
2023-02-05 14:01:59,2,1,1
2023-02-05 14:02:09,2,1,1
2023-02-05 14:02:18,2,1,1
2023-02-05 14:02:24,3,1,1
2023-02-05 14:13:35,2,1,1
2023-02-05 14:14:50,1,1,1
2023-02-05 14:15:09,2,1,1
2023-02-05 14:15:13,2,1,1
2023-02-05 14:15:17,2,1,1
2023-02-05 14:15:24,2,1,1
2023-02-05 14:15:33,2,1,1
2023-02-05 14:15:45,2,1,1
2023-02-05 14:15:49,2,1,1
2023-02-05 14:15:54,1,1,1
2023-02-05 14:19:16,2,1,1
2023-02-05 14:20:22,1,1,1
2023-02-05 14:20:50,2,1,1
2023-02-05 14:20:57,2,1,1
2023-02-05 14:21:03,2,1,1
2023-02-05 14:21:11,2,1,1
2023-02-05 14:21:22,2,1,1
2023-02-05 14:21:28,2,1,1
2023-02-05 14:21:39,2,1,1
2023-02-05 14:21:44,3,1,1
2023-02-05 14:21:58,3,1,1
2023-02-05 14:22:06,2,1,1
2023-02-05 14:22:47,3,1,1
2023-02-05 14:22:57,2,1,1
2023-02-05 14:23:46,3,1,1
2023-02-05 14:23:59,2,1,1
2023-02-05 14:24:57,2,1,1
2023-02-05 14:25:03,3,1,1
2023-02-05 14:25:10,2,1,1
2023-02-05 14:26:05,3,1,1
2023-02-05 14:26:16,2,1,1
2023-02-05 14:26:17,1,1,1
2023-02-05 14:26:36,2,1,1
2023-02-05 14:26:39,2,1,1
2023-02-05 14:26:42,2,1,1
2023-02-05 14:26:51,2,1,1
2023-02-05 14:26:58,2,1,1
2023-02-05 14:27:03,2,1,1
2023-02-05 14:27:11,2,1,1
2023-02-05 14:27:15,3,1,1
2023-02-05 14:27:32,2,1,1
2023-02-05 14:34:10,2,1,1
2023-02-05 14:35:07,1,1,1
2023-02-05 14:35:27,2,1,1
2023-02-05 14:35:30,2,1,1
2023-02-05 14:35:35,2,1,1
2023-02-05 14:35:45,2,1,1
2023-02-05 14:35:52,2,1,1
2023-02-05 14:35:55,1,1,1
2023-02-05 14:41:08,1,1,1
2023-02-05 14:41:20,3,1,1
2023-02-05 14:41:29,2,1,1
2023-02-05 14:42:43,3,1,1
2023-02-05 14:43:09,2,1,1
2023-02-05 14:44:58,3,1,1
2023-02-05 14:45:15,2,1,1
2023-02-05 14:46:39,3,1,1
2023-02-05 14:46:55,2,1,1
2023-02-05 14:47:36,3,1,1
2023-02-05 14:47:45,2,1,1
2023-02-05 14:48:12,2,1,1
2023-02-05 14:48:46,1,1,1
2023-02-05 14:48:58,2,1,1
2023-02-05 14:49:03,2,1,1
2023-02-05 14:49:05,2,1,1
2023-02-05 14:49:13,2,1,1
2023-02-05 14:49:21,2,1,1
2023-02-05 14:49:32,4,1,1
2023-02-05 14:50:07,2,1,1
2023-02-05 14:51:37,1,1,1
2023-02-05 14:51:53,2,1,1
2023-02-05 14:51:58,2,1,1
2023-02-05 14:52:03,2,1,1
2023-02-05 14:52:09,2,1,1
2023-02-05 14:52:18,2,1,1
2023-02-05 14:52:25,1,1,1
2023-02-05 14:52:29,2,1,1
2023-02-05 14:53:40,1,1,1
2023-02-05 14:54:10,2,1,1
2023-02-05 14:54:14,2,1,1
2023-02-05 15:06:04,2,1,1
2023-02-05 15:07:04,1,1,1
2023-02-05 15:07:28,2,1,1
2023-02-05 15:07:34,2,1,1
2023-02-05 15:07:38,2,1,1
2023-02-05 15:07:43,2,1,1
2023-02-05 15:07:53,2,1,1
2023-02-05 15:08:02,2,1,1
2023-02-05 15:08:10,2,1,1
2023-02-05 15:08:15,3,1,1
2023-02-05 15:08:21,3,1,1
2023-02-05 15:08:31,2,1,1
2023-02-05 15:09:01,3,1,1
2023-02-05 15:09:10,2,1,1
2023-02-05 15:09:50,3,1,1
2023-02-05 15:10:18,2,1,1
2023-02-05 15:11:47,1,1,1
2023-02-05 15:12:02,2,1,1
2023-02-05 15:12:06,2,1,1
2023-02-05 15:12:09,2,1,1
2023-02-05 15:12:38,1,1,1
2023-02-05 15:12:59,2,1,1
2023-02-05 15:14:11,4,1,1
2023-02-05 15:23:18,1,1,1
2023-02-05 15:23:23,3,1,1
2023-02-05 15:23:46,2,1,1
2023-02-05 15:25:19,3,1,1
2023-02-05 15:29:34,2,1,1
2023-02-05 15:31:13,1,1,1
2023-02-05 15:31:29,2,1,1
2023-02-05 15:31:32,2,1,1
2023-02-05 15:31:34,2,1,1
2023-02-05 15:31:46,2,1,1
2023-02-05 15:31:50,1,1,1
2023-02-05 15:43:09,2,1,1
2023-02-05 15:44:49,1,1,1
2023-02-05 15:45:19,2,1,1
2023-02-05 15:45:23,2,1,1
2023-02-05 16:00:58,2,1,1
2023-02-05 16:02:12,1,1,1
2023-02-05 16:02:23,2,1,1
2023-02-05 16:02:27,2,1,1
2023-02-05 16:02:33,2,1,1
2023-02-05 16:02:44,2,1,1
2023-02-05 16:02:53,2,1,1
2023-02-05 16:02:58,1,1,1
2023-02-05 16:05:12,2,1,1
2023-02-05 16:06:36,1,1,1
2023-02-05 16:07:05,2,1,1
2023-02-05 16:07:10,2,1,1
2023-02-05 16:29:19,2,1,1
2023-02-05 16:30:14,1,1,1
2023-02-05 16:30:30,2,1,1
2023-02-05 16:30:34,2,1,1
2023-02-05 16:30:38,2,1,1
2023-02-05 16:30:42,2,1,1
2023-02-05 16:30:51,2,1,1
2023-02-05 16:30:56,2,1,1
2023-02-05 16:31:07,2,1,1
2023-02-05 16:31:14,3,1,1
2023-02-05 16:31:26,3,1,1
2023-02-05 16:31:39,2,1,1
2023-02-05 16:32:19,3,1,1
2023-02-05 16:42:54,2,1,1
2023-02-05 16:43:18,1,1,1
2023-02-05 16:54:29,2,1,1
2023-02-05 16:55:49,1,1,1
2023-02-05 16:56:06,2,1,1
2023-02-05 16:56:11,2,1,1
2023-02-05 16:56:15,2,1,1
2023-02-05 16:56:20,2,1,1
2023-02-05 16:56:29,2,1,1
2023-02-05 16:56:35,2,1,1
2023-02-05 16:56:46,2,1,1
2023-02-05 16:56:50,3,1,1
2023-02-05 16:57:00,3,1,1
2023-02-05 16:57:09,2,1,1
2023-02-05 16:57:46,3,1,1
2023-02-05 16:58:04,2,1,1
2023-02-05 16:58:55,3,1,1
2023-02-05 16:59:06,2,1,1
2023-02-05 16:59:56,2,1,1
2023-02-05 17:00:02,2,1,1
2023-02-05 17:00:49,3,1,1
2023-02-05 17:08:04,2,1,1
2023-02-05 17:09:06,1,1,1
2023-02-05 17:09:20,2,1,1
2023-02-05 17:09:26,2,1,1
2023-02-05 17:09:30,2,1,1
2023-02-05 17:09:35,2,1,1
2023-02-05 17:09:44,2,1,1
2023-02-05 17:09:54,2,1,1
2023-02-05 17:10:04,2,1,1
2023-02-05 17:10:09,3,1,1
2023-02-05 17:10:15,3,1,1
2023-02-05 17:10:27,2,1,1
2023-02-05 17:11:07,1,1,1
2023-02-05 17:11:11,3,1,1
2023-02-05 17:11:21,3,1,1
2023-02-05 17:11:30,2,1,1
2023-02-05 17:11:31,2,1,1
2023-02-05 17:12:14,3,1,1
2023-02-05 17:12:28,2,1,1
2023-02-05 17:12:34,2,1,1
2023-02-05 17:12:59,2,1,1
2023-02-05 17:13:15,3,1,1
2023-02-05 17:13:25,2,1,1
2023-02-05 17:14:05,3,1,1
2023-02-05 17:14:14,2,1,1
2023-02-05 17:14:27,3,1,1
2023-02-05 17:14:43,2,1,1
2023-02-05 17:15:26,2,1,1
2023-02-05 17:16:06,3,1,1
2023-02-05 17:16:30,2,1,1
2023-02-05 17:17:33,3,1,1
2023-02-05 17:18:06,2,1,1
2023-02-05 17:19:54,3,1,1
2023-02-05 17:21:39,2,1,1
2023-02-05 17:22:32,1,1,1
2023-02-05 17:22:43,2,1,1
2023-02-05 17:22:49,2,1,1
2023-02-05 17:22:52,2,1,1
2023-02-05 17:22:56,2,1,1
2023-02-05 17:23:03,2,1,1
2023-02-05 17:23:09,2,1,1
2023-02-05 17:23:19,2,1,1
2023-02-05 17:23:24,3,1,1
2023-02-05 17:23:38,3,1,1
2023-02-05 17:23:49,2,1,1
2023-02-05 17:24:33,3,1,1
2023-02-05 17:24:52,2,1,1
2023-02-05 17:25:32,3,1,1
2023-02-05 17:25:41,2,1,1
2023-02-05 17:26:31,3,1,1
2023-02-05 17:26:38,2,1,1
2023-02-05 17:27:21,3,1,1
2023-02-05 17:27:34,2,1,1
2023-02-05 17:28:50,2,1,1
2023-02-05 17:52:30,2,1,1
2023-02-05 17:54:09,1,1,1
2023-02-05 17:54:28,2,1,1
2023-02-05 17:54:33,2,1,1
2023-02-05 18:03:31,1,1,1
2023-02-05 18:03:50,2,1,1
2023-02-05 18:05:03,2,1,1
2023-02-05 18:14:18,2,1,1
2023-02-05 18:15:18,2,1,1
2023-02-05 18:16:35,1,1,1
2023-02-05 18:17:02,2,1,1
2023-02-05 18:17:09,2,1,1
2023-02-05 18:17:13,2,1,1
2023-02-05 18:17:19,2,1,1
2023-02-05 18:17:29,2,1,1
2023-02-05 18:17:38,2,1,1
2023-02-05 18:17:44,2,1,1
2023-02-05 18:17:49,3,1,1
2023-02-05 18:18:04,3,1,1
2023-02-05 18:18:14,2,1,1
2023-02-05 18:18:48,3,1,1
2023-02-05 18:18:57,2,1,1
2023-02-05 18:19:39,3,1,1
2023-02-05 18:20:59,2,1,1
2023-02-05 18:21:59,1,1,1
2023-02-05 18:22:13,1,1,1
2023-02-05 18:22:27,4,2,2
2023-02-05 18:22:32,2,1,1
2023-02-05 18:22:36,2,1,1
2023-02-05 18:22:45,2,1,1
2023-02-05 18:22:56,2,1,1
2023-02-05 18:23:05,2,1,1
2023-02-05 18:23:16,2,1,1
2023-02-05 18:23:21,3,1,1
2023-02-05 18:23:29,3,1,1
2023-02-05 18:23:32,4,1,1
2023-02-05 18:23:37,2,1,1
2023-02-05 18:24:09,3,1,1
2023-02-05 18:24:23,2,1,1
2023-02-05 18:25:03,3,1,1
2023-02-05 18:25:20,2,1,1
2023-02-05 18:26:04,3,1,1
2023-02-05 18:40:15,2,1,1
2023-02-05 18:41:25,1,1,1
2023-02-05 18:41:36,2,1,1
2023-02-05 18:41:40,2,1,1
2023-02-05 18:41:43,2,1,1
2023-02-05 18:41:55,2,1,1
2023-02-05 18:42:03,2,1,1
2023-02-05 18:42:14,2,1,1
2023-02-05 18:42:20,1,1,1
2023-02-05 18:53:50,2,1,1
2023-02-05 18:54:42,1,1,1
2023-02-05 18:55:07,2,1,1
2023-02-05 18:55:11,2,1,1
2023-02-05 18:58:04,2,1,1
2023-02-05 18:59:25,1,1,1
2023-02-05 18:59:49,2,1,1
2023-02-05 18:59:54,2,1,1
2023-02-05 18:59:57,2,1,1
2023-02-05 19:00:05,2,1,1
2023-02-05 19:00:15,2,1,1
2023-02-05 19:00:25,2,1,1
2023-02-05 19:00:36,2,1,1
2023-02-05 19:00:40,3,1,1
2023-02-05 19:00:54,3,1,1
2023-02-05 19:01:03,2,1,1
2023-02-05 19:01:34,3,1,1
2023-02-05 19:03:45,2,1,1
2023-02-05 19:05:03,1,1,1
2023-02-05 19:05:25,2,1,1
2023-02-05 19:05:30,2,1,1
2023-02-05 19:05:34,2,1,1
2023-02-05 19:05:43,2,1,1
2023-02-05 19:05:54,2,1,1
2023-02-05 19:05:59,2,1,1
2023-02-05 19:06:05,2,1,1
2023-02-05 19:06:09,3,1,1
2023-02-05 19:06:15,3,1,1
2023-02-05 19:06:22,2,1,1
2023-02-05 19:07:04,3,1,1
2023-02-05 19:07:22,2,1,1
2023-02-05 19:08:10,3,1,1
2023-02-05 19:08:18,2,1,1
2023-02-05 19:09:14,3,1,1
2023-02-05 19:09:24,2,1,1
2023-02-05 19:09:58,3,1,1
2023-02-05 19:10:10,2,1,1
2023-02-05 19:11:28,4,1,1
2023-02-05 19:34:36,2,1,1
2023-02-05 19:36:15,1,1,1
2023-02-05 19:36:34,2,1,1
2023-02-05 19:36:37,2,1,1
2023-02-05 19:36:42,2,1,1
2023-02-05 19:36:49,1,1,1
2023-02-05 19:40:17,2,1,1
2023-02-05 20:16:32,2,1,1
2023-02-05 20:17:32,1,1,1
2023-02-05 20:17:51,2,1,1
2023-02-05 20:17:56,1,1,1
2023-02-05 20:22:13,2,1,1
2023-02-05 20:45:01,2,1,1
2023-02-05 20:46:13,1,1,1
2023-02-05 20:46:28,2,1,1
2023-02-05 20:46:31,2,1,1
2023-02-05 20:46:34,2,1,1
2023-02-05 20:46:41,2,1,1
2023-02-05 20:46:51,2,1,1
2023-02-05 20:47:03,2,1,1
2023-02-05 21:05:36,2,1,1
2023-02-05 21:06:50,1,1,1
2023-02-05 21:07:19,2,1,1
2023-02-05 21:07:24,2,1,1
2023-02-05 21:07:30,2,1,1
2023-02-05 21:07:37,2,1,1
2023-02-05 21:07:43,2,1,1
2023-02-05 21:07:54,2,1,1
2023-02-05 21:08:02,1,1,1
2023-02-05 21:19:40,1,1,1
2023-02-05 21:19:45,3,1,1
2023-02-05 21:20:01,2,1,1
2023-02-05 21:21:55,3,1,1
2023-02-05 21:47:17,1,1,1
2023-02-05 21:47:33,3,1,1
2023-02-05 21:47:46,2,1,1
2023-02-05 21:48:57,3,1,1
2023-02-05 21:49:26,2,1,1
2023-02-05 21:50:36,3,1,1
2023-02-05 21:50:47,2,1,1
2023-02-05 21:52:08,2,1,1
2023-02-05 21:52:32,2,1,1
2023-02-05 21:53:36,5,1,1
2023-02-05 21:58:12,2,1,1
2023-02-05 21:59:36,1,1,1
2023-02-05 21:59:55,2,1,1
2023-02-05 21:59:58,2,1,1
2023-02-05 22:00:03,1,1,1
2023-02-05 22:03:53,2,1,1
2023-02-05 22:05:11,1,1,1
2023-02-05 22:05:34,2,1,1
2023-02-05 22:05:40,2,1,1
2023-02-05 22:05:45,2,1,1
2023-02-05 22:05:50,2,1,1
2023-02-05 22:05:59,2,1,1
2023-02-05 22:06:05,2,1,1
2023-02-05 22:06:16,2,1,1
2023-02-05 22:06:22,3,1,1
2023-02-05 22:06:28,3,1,1
2023-02-05 22:06:34,2,1,1
2023-02-05 22:07:18,3,1,1
2023-02-05 22:07:28,2,1,1
2023-02-05 22:08:07,2,1,1
2023-02-05 22:08:16,3,1,1
2023-02-05 22:08:29,2,1,1
2023-02-05 22:09:28,3,1,1
2023-02-05 22:09:38,2,1,1
2023-02-05 22:10:19,3,1,1
2023-02-05 22:10:31,2,1,1
2023-02-05 22:11:40,4,1,1
2023-02-05 22:21:34,2,1,1
2023-02-05 22:22:37,1,1,1
2023-02-05 22:22:46,2,1,1
2023-02-05 22:22:48,1,1,1
2023-02-05 23:14:52,2,1,1
2023-02-05 23:16:08,1,1,1
2023-02-05 23:16:18,2,1,1
2023-02-05 23:16:23,2,1,1
2023-02-05 23:16:28,2,1,1
2023-02-05 23:16:35,2,1,1
2023-02-05 23:16:43,2,1,1
2023-02-05 23:16:51,2,1,1
2023-02-05 23:33:18,2,1,1
2023-02-05 23:34:19,1,1,1
2023-02-05 23:34:39,2,1,1
2023-02-05 23:34:43,2,1,1
2023-02-05 23:34:48,2,1,1
2023-02-05 23:46:53,2,1,1
2023-02-05 23:47:59,1,1,1
2023-02-05 23:48:18,2,1,1
2023-02-05 23:48:22,2,1,1
2023-02-05 23:48:25,2,1,1
2023-02-05 23:48:33,2,1,1
2023-02-05 23:48:42,2,1,1
2023-02-05 23:48:47,2,1,1
2023-02-05 23:48:55,2,1,1
2023-02-05 23:49:03,3,1,1
2023-02-05 23:49:15,2,1,1
2023-02-05 23:50:23,1,1,1
2023-02-05 23:50:45,2,1,1
2023-02-05 23:50:49,2,1,1
2023-02-05 23:50:55,2,1,1
2023-02-05 23:51:06,2,1,1
2023-02-05 23:51:15,2,1,1
2023-02-06 00:07:41,2,1,1
2023-02-06 00:09:16,1,1,1
2023-02-06 00:09:32,2,1,1
2023-02-06 00:09:39,2,1,1
2023-02-06 00:09:44,2,1,1
2023-02-06 00:09:48,2,1,1
2023-02-06 00:09:58,2,1,1
2023-02-06 00:10:05,2,1,1
2023-02-06 00:10:12,2,1,1
2023-02-06 00:10:20,3,1,1
2023-02-06 00:10:26,3,1,1
2023-02-06 00:10:35,2,1,1
2023-02-06 00:11:20,3,1,1
2023-02-06 00:13:22,2,1,1
2023-02-06 00:14:42,1,1,1
2023-02-06 00:15:06,2,1,1
2023-02-06 00:15:11,2,1,1
2023-02-06 00:15:17,1,1,1
2023-02-06 00:31:11,2,1,1
2023-02-06 00:32:30,1,1,1
2023-02-06 00:32:42,2,1,1
2023-02-06 00:32:49,2,1,1
2023-02-06 00:32:55,2,1,1
2023-02-06 00:33:01,2,1,1
2023-02-06 00:33:10,2,1,1
2023-02-06 00:33:17,2,1,1
2023-02-06 00:33:29,2,1,1
2023-02-06 00:33:37,3,1,1
2023-02-06 01:12:25,2,1,1
2023-02-06 01:13:54,1,1,1
2023-02-06 01:14:16,2,1,1
2023-02-06 01:14:20,2,1,1
2023-02-06 01:14:25,2,1,1
2023-02-06 01:14:36,2,1,1
2023-02-06 01:14:40,2,1,1
2023-02-06 01:14:53,2,1,1
2023-02-06 01:30:14,2,1,1
2023-02-06 01:31:05,1,1,1
2023-02-06 01:31:32,2,1,1
2023-02-06 01:31:39,2,1,1
2023-02-06 01:31:42,2,1,1
2023-02-06 01:31:50,2,1,1
2023-02-06 01:31:59,2,1,1
2023-02-06 01:32:06,2,1,1
2023-02-06 01:32:16,2,1,1
2023-02-06 01:32:24,3,1,1
2023-02-06 01:32:37,3,1,1
2023-02-06 01:32:48,2,1,1
2023-02-06 01:33:28,3,1,1
2023-02-06 01:33:46,2,1,1
2023-02-06 01:34:36,3,1,1
2023-02-06 01:34:50,2,1,1
2023-02-06 01:35:46,3,1,1
2023-02-06 01:35:55,4,2,2
2023-02-06 01:36:52,3,1,1
2023-02-06 01:37:02,2,1,1
2023-02-06 01:37:22,1,1,1
2023-02-06 01:37:52,2,1,1
2023-02-06 01:37:57,2,1,1
2023-02-06 01:38:00,2,1,1
2023-02-06 01:38:11,2,1,1
2023-02-06 01:38:21,4,2,2
2023-02-06 01:38:32,2,1,1
2023-02-06 01:38:39,2,1,1
2023-02-06 01:58:43,2,1,1
2023-02-06 01:59:36,1,1,1
2023-02-06 01:59:48,2,1,1
2023-02-06 01:59:53,2,1,1
2023-02-06 01:59:56,2,1,1
2023-02-06 02:00:03,2,1,1
2023-02-06 02:04:24,2,1,1
2023-02-06 02:05:23,1,1,1
2023-02-06 02:05:32,2,1,1
2023-02-06 02:05:37,2,1,1
2023-02-06 02:05:42,2,1,1
2023-02-06 02:05:47,1,1,1
2023-02-06 02:06:39,1,1,1
2023-02-06 02:06:58,2,1,1
2023-02-06 02:07:59,4,1,1
2023-02-06 02:47:47,2,1,1
2023-02-06 02:48:38,1,1,1
2023-02-06 02:48:53,2,1,1
2023-02-06 02:48:58,2,1,1
2023-02-06 03:01:22,2,1,1
2023-02-06 03:03:00,1,1,1
2023-02-06 03:03:09,2,1,1
2023-02-06 03:03:14,2,1,1
2023-02-06 03:03:18,2,1,1
2023-02-06 03:03:26,2,1,1
2023-02-06 03:03:30,2,1,1
2023-02-06 03:03:37,2,1,1
2023-02-06 03:03:46,2,1,1
2023-02-06 03:11:54,1,1,1
2023-02-06 03:12:10,3,1,1
2023-02-06 03:12:24,2,1,1
2023-02-06 03:13:22,3,1,1
2023-02-06 03:13:38,2,1,1
2023-02-06 03:14:58,2,1,1
2023-02-06 03:15:16,2,1,1
2023-02-06 03:16:16,3,1,1
2023-02-06 03:16:38,2,1,1
2023-02-06 03:17:42,3,1,1
2023-02-06 03:18:15,2,1,1
2023-02-06 03:19:55,3,1,1
2023-02-06 03:20:38,2,1,1
2023-02-06 03:22:14,1,1,1
2023-02-06 03:22:41,2,1,1
2023-02-06 03:22:44,2,1,1
2023-02-06 03:22:49,2,1,1
2023-02-06 03:22:57,2,1,1
2023-02-06 03:23:06,2,1,1
2023-02-06 03:23:15,2,1,1
2023-02-06 03:23:27,2,1,1
2023-02-06 03:23:33,3,1,1
2023-02-06 03:23:44,3,1,1
2023-02-06 03:23:56,2,1,1
2023-02-06 03:24:30,3,1,1
2023-02-06 03:29:51,2,1,1
2023-02-06 03:31:08,1,1,1
2023-02-06 03:31:26,2,1,1
2023-02-06 03:31:30,2,1,1
2023-02-06 03:31:35,2,1,1
2023-02-06 03:31:41,2,1,1
2023-02-06 03:50:26,2,1,1
2023-02-06 03:52:05,1,1,1
2023-02-06 03:52:32,2,1,1
2023-02-06 03:59:39,2,1,1
2023-02-06 04:01:17,1,1,1
2023-02-06 04:01:44,2,1,1
2023-02-06 04:01:48,2,1,1
2023-02-06 04:01:51,2,1,1
2023-02-06 04:01:57,2,1,1
2023-02-06 04:02:06,2,1,1
2023-02-06 04:02:14,2,1,1
2023-02-06 04:02:24,2,1,1
2023-02-06 04:02:31,3,1,1
2023-02-06 04:02:40,3,1,1
2023-02-06 04:02:49,2,1,1
2023-02-06 04:03:33,3,1,1
2023-02-06 04:03:48,2,1,1
2023-02-06 04:04:42,3,1,1
2023-02-06 04:04:57,2,1,1
2023-02-06 04:05:44,2,1,1
2023-02-06 04:05:49,2,1,1
2023-02-06 04:06:39,3,1,1
2023-02-06 04:38:11,2,1,1
2023-02-06 04:39:01,1,1,1
2023-02-06 04:39:21,2,1,1
2023-02-06 04:39:28,1,1,1
2023-02-06 05:05:21,2,1,1
2023-02-06 05:06:41,1,1,1
2023-02-06 05:07:09,2,1,1
2023-02-06 05:07:12,2,1,1
2023-02-06 05:07:24,1,1,1
2023-02-06 05:14:34,2,1,1
2023-02-06 05:15:32,1,1,1
2023-02-06 05:15:41,2,1,1
2023-02-06 05:15:45,2,1,1
2023-02-06 05:15:50,2,1,1
2023-02-06 05:15:54,2,1,1
2023-02-06 05:16:00,2,1,1
2023-02-06 05:16:05,2,1,1
2023-02-06 05:16:13,2,1,1
2023-02-06 05:16:20,3,1,1
2023-02-06 05:16:31,3,1,1
2023-02-06 05:16:43,2,1,1
2023-02-06 05:17:15,3,1,1
2023-02-06 05:17:27,2,1,1
2023-02-06 05:18:20,3,1,1
2023-02-06 05:18:34,2,1,1
2023-02-06 05:19:28,3,1,1
2023-02-06 05:19:34,2,1,1
2023-02-06 05:20:32,3,1,1
2023-02-06 05:20:43,2,1,1
2023-02-06 05:22:12,4,1,1
2023-02-06 05:28:09,2,1,1
2023-02-06 05:29:20,1,1,1
2023-02-06 05:29:29,2,1,1
2023-02-06 05:29:32,2,1,1
2023-02-06 05:29:43,1,1,1
2023-02-06 05:44:22,1,1,1
2023-02-06 05:44:36,3,1,1
2023-02-06 05:44:46,2,1,1
2023-02-06 05:45:34,3,1,1
2023-02-06 05:46:00,2,1,1
2023-02-06 05:47:25,3,1,1
2023-02-06 05:47:46,2,1,1
2023-02-06 05:48:55,3,1,1
2023-02-06 05:49:19,2,1,1
2023-02-06 05:50:24,3,1,1
2023-02-06 05:50:56,2,1,1
2023-02-06 05:50:57,2,1,1
2023-02-06 05:52:01,2,1,1
2023-02-06 05:52:27,1,1,1
2023-02-06 05:52:56,2,1,1
2023-02-06 05:53:01,2,1,1
2023-02-06 05:53:06,2,1,1
2023-02-06 05:53:12,2,1,1
2023-02-06 05:53:17,2,1,1
2023-02-06 05:53:23,2,1,1
2023-02-06 05:53:29,2,1,1
2023-02-06 05:53:37,3,1,1
2023-02-06 05:53:46,3,1,1
2023-02-06 05:53:59,2,1,1
2023-02-06 05:54:34,2,1,1
2023-02-06 05:54:42,2,1,1
2023-02-06 05:55:37,3,1,1
2023-02-06 05:55:48,2,1,1
2023-02-06 05:56:27,3,1,1
2023-02-06 05:56:33,2,1,1
2023-02-06 05:57:08,3,1,1
2023-02-06 06:00:10,2,1,1
2023-02-06 06:01:16,1,1,1
2023-02-06 06:01:34,2,1,1
2023-02-06 06:01:39,2,1,1
2023-02-06 06:01:43,2,1,1
2023-02-06 06:01:50,2,1,1
2023-02-06 06:02:01,2,1,1
2023-02-06 06:02:05,2,1,1
2023-02-06 06:02:12,2,1,1
2023-02-06 06:02:17,3,1,1
2023-02-06 06:02:31,3,1,1
2023-02-06 06:02:39,2,1,1
2023-02-06 06:03:19,3,1,1
2023-02-06 06:03:35,2,1,1
2023-02-06 06:04:15,3,1,1
2023-02-06 06:19:34,1,1,1
2023-02-06 06:19:50,3,1,1
2023-02-06 06:20:07,2,1,1
2023-02-06 06:21:12,3,1,1
2023-02-06 06:21:38,2,1,1
2023-02-06 06:22:28,3,1,1
2023-02-06 06:22:46,2,1,1
2023-02-06 06:23:52,3,1,1
2023-02-06 06:24:08,2,1,1
2023-02-06 06:24:56,3,1,1
2023-02-06 06:25:31,2,1,1
2023-02-06 06:27:01,4,1,1
2023-02-06 06:33:56,2,1,1
2023-02-06 06:34:56,1,1,1
2023-02-06 06:35:16,2,1,1
2023-02-06 06:35:21,2,1,1
2023-02-06 06:35:24,2,1,1
2023-02-06 06:35:32,2,1,1
2023-02-06 06:35:39,2,1,1
2023-02-06 06:35:51,2,1,1
2023-02-06 06:36:00,2,1,1
2023-02-06 06:43:09,2,1,1
2023-02-06 06:44:48,1,1,1
2023-02-06 06:45:14,2,1,1
2023-02-06 06:45:18,2,1,1
2023-02-06 06:45:22,2,1,1
2023-02-06 06:45:27,2,1,1
2023-02-06 06:45:35,2,1,1
2023-02-06 06:45:42,2,1,1
2023-02-06 06:45:49,2,1,1
2023-02-06 06:45:53,3,1,1
2023-02-06 06:46:00,3,1,1
2023-02-06 06:46:06,2,1,1
2023-02-06 06:46:45,3,1,1
2023-02-06 06:47:02,2,1,1
2023-02-06 06:47:23,2,1,1
2023-02-06 06:47:54,3,1,1
2023-02-06 06:48:11,2,1,1
2023-02-06 06:48:21,1,1,1
2023-02-06 06:48:45,2,1,1
2023-02-06 06:48:48,2,1,1
2023-02-06 06:48:53,2,1,1
2023-02-06 06:48:59,2,1,1
2023-02-06 06:49:01,3,1,1
2023-02-06 06:49:04,1,1,1
2023-02-06 06:49:09,2,1,1
2023-02-06 06:49:49,3,1,1
2023-02-06 06:50:00,2,1,1
2023-02-06 06:51:33,4,1,1
2023-02-06 06:56:36,2,1,1
2023-02-06 06:57:43,1,1,1
2023-02-06 06:58:08,2,1,1
2023-02-06 06:58:12,2,1,1
2023-02-06 06:58:14,2,1,1
2023-02-06 06:58:24,2,1,1
2023-02-06 06:58:33,2,1,1
2023-02-06 06:58:42,2,1,1
2023-02-06 06:58:50,2,1,1
2023-02-06 07:00:50,2,1,1
2023-02-06 07:02:12,1,1,1
2023-02-06 07:02:31,2,1,1
2023-02-06 07:02:34,2,1,1
2023-02-06 07:02:45,1,1,1
2023-02-06 07:14:25,2,1,1
2023-02-06 07:15:22,1,1,1
2023-02-06 07:15:36,2,1,1
2023-02-06 07:15:40,2,1,1
2023-02-06 07:15:43,2,1,1
2023-02-06 07:18:39,2,1,1
2023-02-06 07:20:10,1,1,1
2023-02-06 07:20:40,2,1,1
2023-02-06 07:20:45,2,1,1
2023-02-06 07:20:51,2,1,1
2023-02-06 07:20:58,2,1,1
2023-02-06 07:26:42,2,1,1
2023-02-06 07:26:57,1,1,1
2023-02-06 07:27:15,3,1,1
2023-02-06 07:27:30,2,1,1
2023-02-06 07:27:55,1,1,1
2023-02-06 07:28:21,2,1,1
2023-02-06 07:28:24,2,1,1
2023-02-06 07:28:40,3,1,1
2023-02-06 07:29:00,2,1,1
2023-02-06 07:29:04,2,1,1
2023-02-06 07:30:11,3,1,1
2023-02-06 07:30:19,1,1,1
2023-02-06 07:30:26,2,1,1
2023-02-06 07:30:31,2,1,1
2023-02-06 07:30:34,2,1,1
2023-02-06 07:31:24,3,1,1
2023-02-06 07:31:48,2,1,1
2023-02-06 07:32:38,3,1,1
2023-02-06 07:33:09,2,1,1
2023-02-06 07:34:26,4,1,1
2023-02-06 08:24:02,2,1,1
2023-02-06 08:24:59,1,1,1
2023-02-06 08:25:22,2,1,1
2023-02-06 08:25:25,2,1,1
2023-02-06 08:25:28,2,1,1
2023-02-06 08:25:40,2,1,1
2023-02-06 08:25:49,2,1,1
2023-02-06 08:26:02,2,1,1
2023-02-06 08:26:10,2,1,1
2023-02-06 08:33:15,2,1,1
2023-02-06 08:34:29,1,1,1
2023-02-06 08:34:38,2,1,1
2023-02-06 08:34:43,2,1,1
2023-02-06 08:34:47,2,1,1
2023-02-06 08:34:56,2,1,1
2023-02-06 08:35:02,2,1,1
2023-02-06 08:35:08,2,1,1
2023-02-06 08:35:19,2,1,1
2023-02-06 08:35:23,3,1,1
2023-02-06 08:35:35,3,1,1
2023-02-06 08:35:43,2,1,1
2023-02-06 08:36:16,3,1,1
2023-02-06 08:36:25,2,1,1
2023-02-06 08:37:10,2,1,1
2023-02-06 08:37:19,2,1,1
2023-02-06 08:38:07,2,1,1
2023-02-06 08:38:13,2,1,1
2023-02-06 08:39:02,2,1,1
2023-02-06 08:43:12,1,1,1
2023-02-06 09:10:57,2,1,1
2023-02-06 09:12:16,1,1,1
2023-02-06 09:12:29,2,1,1
2023-02-06 09:12:35,2,1,1
2023-02-06 09:12:41,2,1,1
2023-02-06 09:12:47,2,1,1
2023-02-06 09:12:56,2,1,1
2023-02-06 09:13:01,2,1,1
2023-02-06 09:13:13,2,1,1
2023-02-06 09:13:21,3,1,1
2023-02-06 09:13:31,3,1,1
2023-02-06 09:13:44,2,1,1
2023-02-06 09:14:15,3,1,1
2023-02-06 09:14:28,2,1,1
2023-02-06 09:15:17,3,1,1
2023-02-06 09:15:31,2,1,1
2023-02-06 09:16:31,3,1,1
2023-02-06 09:16:38,2,1,1
2023-02-06 09:16:43,2,1,1
2023-02-06 09:17:41,3,1,1
2023-02-06 09:17:53,2,1,1
2023-02-06 09:18:05,1,1,1
2023-02-06 09:18:25,2,1,1
2023-02-06 09:18:30,2,1,1
2023-02-06 09:18:36,2,1,1
2023-02-06 09:19:14,4,1,1
2023-02-06 09:30:13,2,1,1
2023-02-06 09:31:17,1,1,1
2023-02-06 09:31:44,2,1,1
2023-02-06 09:31:49,2,1,1
2023-02-06 09:39:26,2,1,1
2023-02-06 09:40:26,1,1,1
2023-02-06 09:40:49,2,1,1
2023-02-06 09:40:52,2,1,1
2023-02-06 09:43:27,1,1,1
2023-02-06 09:43:45,3,1,1
2023-02-06 09:43:54,2,1,1
2023-02-06 09:44:37,3,1,1
2023-02-06 09:44:52,2,1,1
2023-02-06 09:46:01,3,1,1
2023-02-06 09:46:14,2,1,1
2023-02-06 09:47:05,2,1,1
2023-02-06 09:47:21,2,1,1
2023-02-06 09:48:33,3,1,1
2023-02-06 09:49:02,2,1,1
2023-02-06 09:50:51,3,1,1
2023-02-06 09:53:01,2,1,1
2023-02-06 09:54:36,1,1,1
2023-02-06 09:55:01,2,1,1
2023-02-06 09:55:06,2,1,1
2023-02-06 09:55:11,2,1,1
2023-02-06 09:55:17,2,1,1
2023-02-06 09:55:24,2,1,1
2023-02-06 10:02:14,2,1,1
2023-02-06 10:03:23,1,1,1
2023-02-06 10:03:40,2,1,1
2023-02-06 10:03:47,2,1,1
2023-02-06 10:03:51,2,1,1
2023-02-06 10:03:55,2,1,1
2023-02-06 10:04:04,2,1,1
2023-02-06 10:04:13,2,1,1
2023-02-06 10:04:22,2,1,1
2023-02-06 10:04:30,3,1,1
2023-02-06 10:15:49,2,1,1
2023-02-06 10:17:23,1,1,1
2023-02-06 10:17:39,2,1,1
2023-02-06 10:17:43,2,1,1
2023-02-06 10:17:48,2,1,1
2023-02-06 10:25:02,2,1,1
2023-02-06 10:26:39,1,1,1
2023-02-06 10:27:06,2,1,1
2023-02-06 10:46:19,2,1,1
2023-02-06 10:47:20,1,1,1
2023-02-06 10:47:43,2,1,1
2023-02-06 10:47:48,2,1,1
2023-02-06 10:47:54,2,1,1
2023-02-06 10:47:58,2,1,1
2023-02-06 10:48:06,2,1,1
2023-02-06 10:48:11,2,1,1
2023-02-06 10:48:18,2,1,1
2023-02-06 10:48:21,3,1,1
2023-02-06 10:48:31,3,1,1
2023-02-06 10:48:37,2,1,1
2023-02-06 10:49:17,3,1,1
2023-02-06 10:49:30,2,1,1
2023-02-06 10:50:20,3,1,1
2023-02-06 10:59:54,2,1,1
2023-02-06 11:01:06,1,1,1
2023-02-06 11:01:30,2,1,1
2023-02-06 11:01:34,2,1,1
2023-02-06 11:40:31,2,1,1
2023-02-06 11:41:32,1,1,1
2023-02-06 11:41:42,1,1,1
2023-02-06 11:41:46,3,1,1
2023-02-06 11:41:56,4,2,2
2023-02-06 11:42:00,2,1,1
2023-02-06 11:43:08,3,1,1
2023-02-06 11:43:34,2,1,1
2023-02-06 11:44:39,3,1,1
2023-02-06 11:44:52,2,1,1
2023-02-06 11:45:55,3,1,1
2023-02-06 11:46:12,2,1,1
2023-02-06 11:46:15,2,1,1
2023-02-06 11:47:18,3,1,1
2023-02-06 11:47:30,1,1,1
2023-02-06 11:47:56,4,2,2
2023-02-06 11:48:00,1,1,1
2023-02-06 11:48:58,2,1,1
2023-02-06 12:02:09,2,1,1
2023-02-06 12:03:48,1,1,1
2023-02-06 12:04:08,2,1,1
2023-02-06 12:04:12,2,1,1
2023-02-06 12:04:15,2,1,1
2023-02-06 12:04:26,2,1,1
2023-02-06 12:04:30,2,1,1
2023-02-06 12:34:52,2,1,1
2023-02-06 12:36:21,1,1,1
2023-02-06 12:36:43,2,1,1
2023-02-06 12:36:47,2,1,1
2023-02-06 12:36:57,1,1,1
2023-02-06 12:44:05,2,1,1
2023-02-06 12:45:41,1,1,1
2023-02-06 12:46:05,2,1,1
2023-02-06 12:46:10,2,1,1
2023-02-06 12:54:00,2,1,1
2023-02-06 12:55:01,1,1,1
2023-02-06 12:55:22,2,1,1
2023-02-06 12:55:25,2,1,1
2023-02-06 13:07:35,2,1,1
2023-02-06 13:08:35,1,1,1
2023-02-06 13:08:58,2,1,1
2023-02-06 13:09:02,2,1,1
2023-02-06 13:09:05,2,1,1
2023-02-06 13:09:13,2,1,1
2023-02-06 13:09:20,2,1,1
2023-02-06 13:09:29,2,1,1
2023-02-06 13:09:39,2,1,1
2023-02-06 13:09:44,3,1,1
2023-02-06 13:09:59,3,1,1
2023-02-06 13:10:11,2,1,1
2023-02-06 13:10:42,3,1,1
2023-02-06 13:25:24,2,1,1
2023-02-06 13:26:37,1,1,1
2023-02-06 13:26:56,2,1,1
2023-02-06 13:27:00,2,1,1
2023-02-06 13:27:04,2,1,1
2023-02-06 13:29:38,2,1,1
2023-02-06 13:31:07,1,1,1
2023-02-06 13:31:34,2,1,1
2023-02-06 13:31:37,2,1,1
2023-02-06 13:31:41,2,1,1
2023-02-06 13:31:49,2,1,1
2023-02-06 14:11:57,1,1,1
2023-02-06 14:12:04,3,1,1
2023-02-06 14:12:20,2,1,1
2023-02-06 14:13:24,3,1,1
2023-02-06 14:17:28,2,1,1
2023-02-06 14:19:06,1,1,1
2023-02-06 14:19:34,2,1,1
2023-02-06 14:26:41,2,1,1
2023-02-06 14:27:45,1,1,1
2023-02-06 14:28:09,2,1,1
2023-02-06 14:28:13,2,1,1
2023-02-06 14:28:16,1,1,1
2023-02-06 14:40:16,2,1,1
2023-02-06 14:41:43,1,1,1
2023-02-06 14:41:54,2,1,1
2023-02-06 14:41:57,2,1,1
2023-02-06 14:42:01,2,1,1
2023-02-06 14:42:07,2,1,1
2023-02-06 14:42:14,2,1,1
2023-02-06 14:42:22,2,1,1
2023-02-06 14:56:13,2,1,1
2023-02-06 14:57:21,1,1,1
2023-02-06 14:57:50,2,1,1
2023-02-06 14:57:53,2,1,1
2023-02-06 14:57:58,2,1,1
2023-02-06 14:58:10,2,1,1
2023-02-06 14:58:16,2,1,1
2023-02-06 14:58:29,2,1,1
2023-02-06 14:58:38,2,1,1
2023-02-06 15:05:26,2,1,1
2023-02-06 15:06:46,1,1,1
2023-02-06 15:07:06,2,1,1
2023-02-06 15:07:11,2,1,1
2023-02-06 15:07:14,2,1,1
2023-02-06 15:07:23,1,1,1
2023-02-06 15:22:42,2,1,1
2023-02-06 15:23:56,1,1,1
2023-02-06 15:24:15,2,1,1
2023-02-06 15:24:19,2,1,1
2023-02-06 15:24:25,2,1,1
2023-02-06 15:24:30,2,1,1
2023-02-06 15:24:37,2,1,1
2023-02-06 15:24:47,2,1,1
2023-02-06 15:24:56,2,1,1
2023-02-06 15:25:04,3,1,1
2023-02-06 15:25:15,3,1,1
2023-02-06 15:25:28,2,1,1
2023-02-06 15:25:59,3,1,1
2023-02-06 15:31:55,2,1,1
2023-02-06 15:33:35,1,1,1
2023-02-06 15:33:44,2,1,1
2023-02-06 15:33:49,2,1,1
2023-02-06 15:33:51,2,1,1
2023-02-06 15:34:02,2,1,1
2023-02-06 15:34:07,2,1,1
2023-02-06 15:34:18,2,1,1
2023-02-06 15:34:27,1,1,1
2023-02-06 15:36:09,2,1,1
2023-02-06 15:37:08,1,1,1
2023-02-06 15:37:25,2,1,1
2023-02-06 15:37:32,2,1,1
2023-02-06 15:37:38,2,1,1
2023-02-06 15:37:45,2,1,1
2023-02-06 15:37:51,2,1,1
2023-02-06 15:37:56,2,1,1
2023-02-06 15:38:02,2,1,1
2023-02-06 15:38:05,3,1,1
2023-02-06 15:38:13,3,1,1
2023-02-06 15:38:26,2,1,1
2023-02-06 15:39:11,3,1,1
2023-02-06 15:39:19,2,1,1
2023-02-06 15:40:12,3,1,1
2023-02-06 15:45:22,2,1,1
2023-02-06 15:46:53,1,1,1
2023-02-06 15:47:20,2,1,1
2023-02-06 16:03:11,2,1,1
2023-02-06 16:04:24,1,1,1
2023-02-06 16:04:47,2,1,1
2023-02-06 16:04:50,2,1,1
2023-02-06 16:04:52,2,1,1
2023-02-06 16:04:58,2,1,1
2023-02-06 16:05:06,2,1,1
2023-02-06 16:05:12,1,1,1
2023-02-06 16:32:59,2,1,1
2023-02-06 16:34:25,1,1,1
2023-02-06 16:34:47,2,1,1
2023-02-06 16:34:54,2,1,1
2023-02-06 16:35:00,2,1,1
2023-02-06 16:35:04,2,1,1
2023-02-06 16:35:15,2,1,1
2023-02-06 16:35:23,2,1,1
2023-02-06 16:35:29,2,1,1
2023-02-06 16:35:36,3,1,1
2023-02-06 16:35:41,3,1,1
2023-02-06 16:35:48,2,1,1
2023-02-06 16:36:26,3,1,1
2023-02-06 16:42:12,2,1,1
2023-02-06 16:43:26,1,1,1
2023-02-06 16:43:53,2,1,1
2023-02-06 16:43:59,1,1,1
2023-02-06 16:44:34,2,1,1
2023-02-06 16:46:11,1,1,1
2023-02-06 16:46:33,2,1,1
2023-02-06 16:46:38,2,1,1
2023-02-06 16:46:41,2,1,1
2023-02-06 16:46:48,2,1,1
2023-02-06 16:48:48,2,1,1
2023-02-06 16:49:47,1,1,1
2023-02-06 16:50:04,2,1,1
2023-02-06 16:50:09,2,1,1
2023-02-06 16:50:14,2,1,1
2023-02-06 17:02:23,2,1,1
2023-02-06 17:03:33,1,1,1
2023-02-06 17:03:55,2,1,1
2023-02-06 17:08:04,2,1,1
2023-02-06 17:09:36,1,1,1
2023-02-06 17:10:06,2,1,1
2023-02-06 17:10:12,2,1,1
2023-02-06 17:10:17,2,1,1
2023-02-06 17:10:22,2,1,1
2023-02-06 17:10:27,2,1,1
2023-02-06 17:10:35,2,1,1
2023-02-06 17:10:47,2,1,1
2023-02-06 17:10:52,3,1,1
2023-02-06 17:11:01,3,1,1
2023-02-06 17:11:14,2,1,1
2023-02-06 17:11:54,3,1,1
2023-02-06 17:12:06,2,1,1
2023-02-06 17:13:01,3,1,1
2023-02-06 17:13:45,2,1,1
2023-02-06 17:14:52,1,1,1
2023-02-06 17:15:14,2,1,1
2023-02-06 17:15:19,2,1,1
2023-02-06 17:19:26,2,1,1
2023-02-06 17:20:29,1,1,1
2023-02-06 17:20:45,2,1,1
2023-02-06 17:20:49,2,1,1
2023-02-06 17:20:54,2,1,1
2023-02-06 17:21:02,2,1,1
2023-02-06 17:23:40,2,1,1
2023-02-06 17:24:36,1,1,1
2023-02-06 17:24:48,2,1,1
2023-02-06 17:24:53,2,1,1
2023-02-06 17:24:59,2,1,1
2023-02-06 17:25:10,2,1,1
2023-02-06 17:25:17,1,1,1
2023-02-06 17:51:19,2,1,1
2023-02-06 17:52:56,1,1,1
2023-02-06 17:53:21,2,1,1
2023-02-06 17:55:33,2,1,1
2023-02-06 17:56:28,1,1,1
2023-02-06 17:56:55,2,1,1
2023-02-06 17:57:02,2,1,1
2023-02-06 17:57:07,2,1,1
2023-02-06 17:57:16,2,1,1
2023-02-06 17:57:22,2,1,1
2023-02-06 17:57:30,2,1,1
2023-02-06 17:57:39,2,1,1
2023-02-06 17:57:47,3,1,1
2023-02-06 17:57:57,3,1,1
2023-02-06 17:58:10,2,1,1
2023-02-06 17:58:50,3,1,1
2023-02-06 17:59:01,2,1,1
2023-02-06 17:59:43,3,1,1
2023-02-06 17:59:58,2,1,1
2023-02-06 18:00:57,3,1,1
2023-02-06 18:01:02,2,1,1
2023-02-06 18:01:43,3,1,1
2023-02-06 18:01:55,2,1,1
2023-02-06 18:03:00,4,1,1
2023-02-06 18:07:08,2,1,1
2023-02-06 18:08:28,1,1,1
2023-02-06 18:08:57,2,1,1
2023-02-06 18:11:22,2,1,1
2023-02-06 18:12:48,1,1,1
2023-02-06 18:13:08,2,1,1
2023-02-06 18:13:14,2,1,1
2023-02-06 18:13:17,2,1,1
2023-02-06 18:13:24,2,1,1
2023-02-06 18:13:30,2,1,1
2023-02-06 18:13:34,2,1,1
2023-02-06 18:13:43,2,1,1
2023-02-06 18:13:49,3,1,1
2023-02-06 18:33:00,2,1,1
2023-02-06 18:34:36,1,1,1
2023-02-06 18:34:53,2,1,1
2023-02-06 18:34:56,2,1,1
2023-02-06 18:46:35,2,1,1
2023-02-06 18:47:26,1,1,1
2023-02-06 18:47:55,2,1,1
2023-02-06 18:48:02,2,1,1
2023-02-06 18:48:05,2,1,1
2023-02-06 18:48:11,2,1,1
2023-02-06 18:48:22,2,1,1
2023-02-06 18:48:30,2,1,1
2023-02-06 18:48:42,2,1,1
2023-02-06 18:48:48,3,1,1
2023-02-06 18:49:00,3,1,1
2023-02-06 18:49:09,2,1,1
2023-02-06 18:49:42,3,1,1
2023-02-06 18:49:57,2,1,1
2023-02-06 18:50:40,3,1,1
2023-02-06 18:50:52,2,1,1
2023-02-06 18:51:53,3,1,1
2023-02-06 18:52:00,2,1,1
2023-02-06 18:52:43,3,1,1
2023-02-06 18:52:53,2,1,1
2023-02-06 18:54:22,4,1,1
2023-02-06 19:03:11,1,1,1
2023-02-06 19:03:28,3,1,1
2023-02-06 19:03:45,2,1,1
2023-02-06 19:04:26,3,1,1
2023-02-06 19:04:51,2,1,1
2023-02-06 19:06:35,3,1,1
2023-02-06 19:06:45,2,1,1
2023-02-06 19:07:40,3,1,1
2023-02-06 19:08:01,2,1,1
2023-02-06 19:09:13,3,1,1
2023-02-06 19:09:44,2,1,1
2023-02-06 19:11:07,4,1,1
2023-02-06 19:15:04,2,1,1
2023-02-06 19:15:57,1,1,1
2023-02-06 19:16:12,2,1,1
2023-02-06 19:16:16,2,1,1
2023-02-06 19:16:22,2,1,1
2023-02-06 19:16:27,2,1,1
2023-02-06 19:16:32,2,1,1
2023-02-06 19:16:41,2,1,1
2023-02-06 19:16:52,2,1,1
2023-02-06 19:16:58,3,1,1
2023-02-06 19:17:05,3,1,1
2023-02-06 19:17:15,2,1,1
2023-02-06 19:17:55,3,1,1
2023-02-06 19:28:39,2,1,1
2023-02-06 19:30:05,1,1,1
2023-02-06 19:30:25,2,1,1
2023-02-06 19:30:28,2,1,1
2023-02-06 19:43:33,2,1,1
2023-02-06 19:44:39,1,1,1
2023-02-06 19:45:08,2,1,1
2023-02-06 19:45:11,2,1,1
2023-02-06 19:45:17,2,1,1
2023-02-06 19:45:23,2,1,1
2023-02-06 19:45:33,2,1,1
2023-02-06 19:45:39,2,1,1
2023-02-06 19:45:45,2,1,1
2023-02-06 19:45:51,3,1,1
2023-02-06 19:57:08,2,1,1
2023-02-06 19:58:23,1,1,1
2023-02-06 19:58:46,2,1,1
2023-02-06 19:58:49,2,1,1
2023-02-06 19:58:53,2,1,1
2023-02-06 19:59:00,2,1,1
2023-02-06 19:59:07,2,1,1
2023-02-06 19:59:18,1,1,1
2023-02-06 20:19:56,2,1,1
2023-02-06 20:21:35,1,1,1
2023-02-06 20:21:57,2,1,1
2023-02-06 20:22:02,2,1,1
2023-02-06 20:22:07,2,1,1
2023-02-06 20:22:15,2,1,1
2023-02-06 20:22:23,2,1,1
2023-02-06 20:34:50,2,1,1
2023-02-06 20:35:54,1,1,1
2023-02-06 20:36:09,2,1,1
2023-02-06 20:36:13,2,1,1
2023-02-06 20:36:18,2,1,1
2023-02-06 20:36:27,2,1,1
2023-02-06 20:36:32,2,1,1
2023-02-06 20:36:42,2,1,1
2023-02-06 20:36:54,2,1,1
2023-02-06 20:36:58,3,1,1
2023-02-06 20:37:06,3,1,1
2023-02-06 20:37:16,2,1,1
2023-02-06 20:37:46,3,1,1
2023-02-06 20:38:04,2,1,1
2023-02-06 20:38:56,2,1,1
2023-02-06 20:57:38,2,1,1
2023-02-06 20:59:18,1,1,1
2023-02-06 20:59:31,2,1,1
2023-02-06 20:59:34,2,1,1
2023-02-06 20:59:39,2,1,1
2023-02-06 20:59:47,2,1,1
2023-02-06 20:59:53,2,1,1
2023-02-06 20:59:57,2,1,1
2023-02-06 21:00:06,2,1,1
2023-02-06 21:00:12,3,1,1
2023-02-06 21:29:02,2,1,1
2023-02-06 21:30:18,1,1,1
2023-02-06 21:30:28,2,1,1
2023-02-06 21:30:33,2,1,1
2023-02-06 21:30:37,2,1,1
2023-02-06 21:30:45,2,1,1
2023-02-06 21:38:15,2,1,1
2023-02-06 21:39:46,1,1,1
2023-02-06 21:40:03,2,1,1
2023-02-06 21:42:29,2,1,1
2023-02-06 21:43:45,1,1,1
2023-02-06 21:44:07,2,1,1
2023-02-06 21:44:13,2,1,1
2023-02-06 21:44:19,2,1,1
2023-02-06 21:44:28,2,1,1
2023-02-06 21:44:36,2,1,1
2023-02-06 21:44:41,2,1,1
2023-02-06 21:44:48,2,1,1
2023-02-06 21:44:55,3,1,1
2023-02-06 21:45:09,3,1,1
2023-02-06 21:45:16,2,1,1
2023-02-06 21:45:50,3,1,1
2023-02-06 21:46:01,2,1,1
2023-02-06 21:46:43,3,1,1
2023-02-06 21:46:55,2,1,1
2023-02-06 21:47:54,3,1,1
2023-02-06 21:48:00,2,1,1
2023-02-06 21:48:46,3,1,1
2023-02-06 21:48:55,2,1,1
2023-02-06 21:50:16,4,1,1
2023-02-06 21:57:23,2,1,1
2023-02-06 21:58:43,1,1,1
2023-02-06 21:59:12,2,1,1
2023-02-06 21:59:19,2,1,1
2023-02-06 21:59:25,2,1,1
2023-02-06 21:59:30,2,1,1
2023-02-06 21:59:41,2,1,1
2023-02-06 21:59:50,2,1,1
2023-02-06 21:59:56,2,1,1
2023-02-06 22:00:02,3,1,1
2023-02-06 22:01:30,1,1,1
2023-02-06 22:01:37,2,1,1
2023-02-06 22:01:42,3,1,1
2023-02-06 22:01:54,2,1,1
2023-02-06 22:02:43,3,1,1
2023-02-06 22:03:04,2,1,1
2023-02-06 22:04:31,3,1,1
2023-02-06 22:04:51,2,1,1
2023-02-06 22:05:55,3,1,1
2023-02-06 22:06:20,2,1,1
2023-02-06 22:07:12,3,1,1
2023-02-06 22:07:45,2,1,1
2023-02-06 22:09:06,2,1,1
2023-02-06 22:10:50,2,1,1
2023-02-06 22:11:45,1,1,1
2023-02-06 22:12:14,2,1,1
2023-02-06 22:12:17,2,1,1
2023-02-06 22:12:19,2,1,1
2023-02-06 22:12:25,2,1,1
2023-02-06 22:24:25,2,1,1
2023-02-06 22:25:31,1,1,1
2023-02-06 22:25:45,2,1,1
2023-02-06 22:25:49,2,1,1
2023-02-06 22:25:52,2,1,1
2023-02-06 22:33:38,2,1,1
2023-02-06 22:35:01,1,1,1
2023-02-06 22:35:15,2,1,1
2023-02-06 22:35:20,2,1,1
2023-02-06 22:35:25,2,1,1
2023-02-06 22:35:34,2,1,1
2023-02-06 22:35:39,2,1,1
2023-02-06 22:35:44,2,1,1
2023-02-06 22:35:51,2,1,1
2023-02-06 22:35:54,3,1,1
2023-02-06 22:42:51,2,1,1
2023-02-06 22:44:03,1,1,1
2023-02-06 22:44:29,2,1,1
2023-02-06 22:44:34,2,1,1
2023-02-06 22:44:40,2,1,1
2023-02-06 22:44:47,2,1,1
2023-02-06 22:44:52,2,1,1
2023-02-06 22:45:00,2,1,1
2023-02-06 22:45:12,1,1,1
2023-02-06 23:05:39,2,1,1
2023-02-06 23:07:09,1,1,1
2023-02-06 23:07:24,2,1,1
2023-02-06 23:07:27,2,1,1
2023-02-06 23:07:30,2,1,1
2023-02-06 23:07:37,2,1,1
2023-02-06 23:07:43,2,1,1
2023-02-06 23:07:51,2,1,1
2023-02-06 23:08:00,2,1,1
2023-02-06 23:08:04,3,1,1
2023-02-06 23:08:18,3,1,1
2023-02-06 23:08:28,2,1,1
2023-02-06 23:09:01,3,1,1
2023-02-06 23:16:04,2,1,1
2023-02-06 23:17:35,1,1,1
2023-02-06 23:17:44,2,1,1
2023-02-06 23:17:48,2,1,1
2023-02-06 23:17:52,2,1,1
2023-02-06 23:18:01,2,1,1
2023-02-06 23:41:14,2,1,1
2023-02-06 23:42:37,1,1,1
2023-02-06 23:42:53,2,1,1
2023-02-06 23:42:58,2,1,1
2023-02-06 23:50:27,2,1,1
2023-02-06 23:51:31,1,1,1
2023-02-06 23:51:53,2,1,1
2023-02-06 23:51:57,2,1,1
2023-02-06 23:51:59,2,1,1
2023-02-06 23:52:07,2,1,1
2023-02-06 23:52:17,2,1,1
2023-02-06 23:52:30,2,1,1
2023-02-06 23:52:36,2,1,1
2023-02-07 00:10:38,2,1,1
2023-02-07 00:11:45,1,1,1
2023-02-07 00:12:01,2,1,1
2023-02-07 00:12:04,2,1,1
2023-02-07 00:12:10,2,1,1
2023-02-07 00:12:18,2,1,1
2023-02-07 00:12:24,2,1,1
2023-02-07 00:12:37,2,1,1
2023-02-07 00:12:46,2,1,1
2023-02-07 00:19:51,2,1,1
2023-02-07 00:21:10,1,1,1
2023-02-07 00:21:39,2,1,1
2023-02-07 00:21:42,2,1,1
2023-02-07 00:21:48,2,1,1
2023-02-07 00:21:57,2,1,1
2023-02-07 00:22:06,2,1,1
2023-02-07 00:22:12,2,1,1
2023-02-07 00:22:20,2,1,1
2023-02-07 00:22:23,3,1,1
2023-02-07 00:22:33,3,1,1
2023-02-07 00:22:40,2,1,1
2023-02-07 00:23:23,3,1,1
2023-02-07 00:23:38,2,1,1
2023-02-07 00:24:26,3,1,1
2023-02-07 00:24:43,2,1,1
2023-02-07 00:25:32,2,1,1
2023-02-07 00:25:34,3,1,1
2023-02-07 00:25:46,2,1,1
2023-02-07 00:26:45,3,1,1
2023-02-07 00:26:55,2,1,1
2023-02-07 00:27:10,1,1,1
2023-02-07 00:27:32,2,1,1
2023-02-07 00:27:36,2,1,1
2023-02-07 00:27:41,2,1,1
2023-02-07 00:27:50,2,1,1
2023-02-07 00:27:58,2,1,1
2023-02-07 00:27:59,4,1,1
2023-02-07 00:28:08,2,1,1
2023-02-07 00:28:17,2,1,1
2023-02-07 00:34:45,2,1,1
2023-02-07 00:36:07,1,1,1
2023-02-07 00:36:26,2,1,1
2023-02-07 00:36:31,2,1,1
2023-02-07 00:36:34,2,1,1
2023-02-07 00:36:40,2,1,1
2023-02-07 00:48:20,2,1,1
2023-02-07 00:49:48,1,1,1
2023-02-07 00:50:09,2,1,1
2023-02-07 00:50:16,2,1,1
2023-02-07 00:50:22,2,1,1
2023-02-07 00:50:30,2,1,1
2023-02-07 00:50:36,2,1,1
2023-02-07 00:50:41,2,1,1
2023-02-07 00:50:52,2,1,1
2023-02-07 00:50:59,3,1,1
2023-02-07 00:51:13,3,1,1
2023-02-07 00:51:23,2,1,1
2023-02-07 00:52:03,3,1,1
2023-02-07 01:06:31,2,1,1
2023-02-07 01:07:21,1,1,1
2023-02-07 01:07:51,2,1,1
2023-02-07 01:07:56,2,1,1
2023-02-07 01:08:00,2,1,1
2023-02-07 01:08:10,2,1,1
2023-02-07 01:08:12,1,1,1
2023-02-07 01:15:44,2,1,1
2023-02-07 01:17:03,1,1,1
2023-02-07 01:17:25,2,1,1
2023-02-07 01:17:28,2,1,1
2023-02-07 01:17:34,2,1,1
2023-02-07 01:45:25,2,1,1
2023-02-07 01:46:49,1,1,1
2023-02-07 01:47:16,2,1,1
2023-02-07 01:49:39,2,1,1
2023-02-07 01:55:20,2,1,1
2023-02-07 01:56:11,1,1,1
2023-02-07 01:56:33,2,1,1
2023-02-07 01:56:38,2,1,1
2023-02-07 01:56:42,2,1,1
2023-02-07 01:56:54,2,1,1
2023-02-07 02:14:36,2,1,1
2023-02-07 02:15:45,1,1,1
2023-02-07 02:16:03,2,1,1
2023-02-07 02:16:09,1,1,1
2023-02-07 02:52:18,2,1,1
2023-02-07 02:53:15,1,1,1
2023-02-07 02:53:43,2,1,1
2023-02-07 02:53:47,2,1,1
2023-02-07 02:53:51,2,1,1
2023-02-07 02:54:00,2,1,1
2023-02-07 02:54:05,2,1,1
2023-02-07 03:00:21,2,1,1
2023-02-07 03:01:42,1,1,1
2023-02-07 03:01:56,2,1,1
2023-02-07 03:02:01,2,1,1
2023-02-07 03:02:04,2,1,1
2023-02-07 03:02:11,2,1,1
2023-02-07 03:02:20,2,1,1
2023-02-07 03:02:27,2,1,1
2023-02-07 03:02:37,2,1,1
2023-02-07 03:02:43,3,1,1
2023-02-07 03:02:53,3,1,1
2023-02-07 03:03:00,2,1,1
2023-02-07 03:03:44,2,1,1
2023-02-07 03:04:03,2,1,1
2023-02-07 03:04:50,3,1,1
2023-02-07 03:36:36,2,1,1
2023-02-07 03:38:04,1,1,1
2023-02-07 03:38:14,2,1,1
2023-02-07 03:38:19,2,1,1
2023-02-07 03:38:25,2,1,1
2023-02-07 03:38:29,2,1,1
2023-02-07 03:38:38,2,1,1
2023-02-07 03:38:47,2,1,1
2023-02-07 03:38:55,2,1,1
2023-02-07 03:39:03,3,1,1
2023-02-07 03:39:16,3,1,1
2023-02-07 03:39:22,2,1,1
2023-02-07 03:40:02,3,1,1
2023-02-07 03:40:19,2,1,1
2023-02-07 03:41:12,3,1,1
2023-02-07 03:41:21,2,1,1
2023-02-07 03:42:15,3,1,1
2023-02-07 03:42:27,2,1,1
2023-02-07 03:43:17,3,1,1
2023-02-07 03:43:31,2,1,1
2023-02-07 03:44:59,4,1,1
2023-02-07 03:55:52,2,1,1
2023-02-07 03:56:50,1,1,1
2023-02-07 03:57:01,2,1,1
2023-02-07 03:57:04,2,1,1
2023-02-07 03:57:08,2,1,1
2023-02-07 03:57:15,2,1,1
2023-02-07 03:57:25,2,1,1
2023-02-07 03:57:27,1,1,1
2023-02-07 04:17:55,2,1,1
2023-02-07 04:19:21,1,1,1
2023-02-07 04:19:42,2,1,1
2023-02-07 04:19:47,2,1,1
2023-02-07 04:19:52,2,1,1
2023-02-07 04:19:58,2,1,1
2023-02-07 04:20:08,2,1,1
2023-02-07 04:20:12,2,1,1
2023-02-07 04:20:22,2,1,1
2023-02-07 04:20:27,3,1,1
2023-02-07 04:20:40,3,1,1
2023-02-07 04:20:49,2,1,1
2023-02-07 04:21:21,3,1,1
2023-02-07 04:21:37,2,1,1
2023-02-07 04:22:21,2,1,1
2023-02-07 04:22:30,2,1,1
2023-02-07 04:23:12,3,1,1
2023-02-07 04:23:24,2,1,1
2023-02-07 04:23:36,2,1,1
2023-02-07 04:24:19,3,1,1
2023-02-07 04:24:52,1,1,1
2023-02-07 04:25:05,2,1,1
2023-02-07 04:25:10,2,1,1
2023-02-07 04:25:15,2,1,1
2023-02-07 04:25:26,2,1,1
2023-02-07 04:25:35,2,1,1
2023-02-07 04:25:43,1,1,1
2023-02-07 04:34:01,1,1,1
2023-02-07 04:34:13,3,1,1
2023-02-07 04:34:28,2,1,1
2023-02-07 04:35:15,3,1,1
2023-02-07 04:35:42,2,1,1
2023-02-07 04:37:11,2,1,1
2023-02-07 04:37:30,3,1,1
2023-02-07 04:37:41,2,1,1
2023-02-07 04:38:12,1,1,1
2023-02-07 04:38:28,2,1,1
2023-02-07 04:38:32,2,1,1
2023-02-07 04:38:35,2,1,1
2023-02-07 04:38:38,3,1,1
2023-02-07 04:38:45,2,1,1
2023-02-07 04:38:55,2,1,1
2023-02-07 04:38:56,2,1,1
2023-02-07 04:39:02,2,1,1
2023-02-07 04:40:05,3,1,1
2023-02-07 04:40:41,2,1,1
2023-02-07 04:41:47,2,1,1
2023-02-07 04:55:37,2,1,1
2023-02-07 04:56:41,1,1,1
2023-02-07 04:56:54,2,1,1
2023-02-07 04:56:59,2,1,1
2023-02-07 04:57:05,2,1,1
2023-02-07 04:57:16,2,1,1
2023-02-07 04:57:21,2,1,1
2023-02-07 05:01:18,2,1,1
2023-02-07 05:02:41,1,1,1
2023-02-07 05:03:05,2,1,1
2023-02-07 05:10:31,2,1,1
2023-02-07 05:11:48,1,1,1
2023-02-07 05:12:18,2,1,1
2023-02-07 05:12:21,2,1,1
2023-02-07 05:12:25,2,1,1
2023-02-07 05:12:32,2,1,1
2023-02-07 05:12:43,2,1,1
2023-02-07 05:12:53,2,1,1
2023-02-07 05:13:00,2,1,1
2023-02-07 05:13:06,3,1,1
2023-02-07 05:13:19,3,1,1
2023-02-07 05:13:32,2,1,1
2023-02-07 05:14:11,3,1,1
2023-02-07 05:24:06,2,1,1
2023-02-07 05:25:04,1,1,1
2023-02-07 05:25:13,2,1,1
2023-02-07 05:25:18,2,1,1
2023-02-07 05:25:24,2,1,1
2023-02-07 05:25:32,2,1,1
2023-02-07 05:25:37,2,1,1
2023-02-07 05:25:44,2,1,1
2023-02-07 05:25:50,2,1,1
2023-02-07 05:25:58,3,1,1
2023-02-07 05:26:13,3,1,1
2023-02-07 05:26:26,2,1,1
2023-02-07 05:27:09,3,1,1
2023-02-07 05:27:23,2,1,1
2023-02-07 05:28:06,3,1,1
2023-02-07 06:02:07,1,1,1
2023-02-07 06:02:18,3,1,1
2023-02-07 06:02:29,2,1,1
2023-02-07 06:04:09,3,1,1
2023-02-07 06:10:42,1,1,1
2023-02-07 06:10:59,3,1,1
2023-02-07 06:11:13,2,1,1
2023-02-07 06:12:03,3,1,1
2023-02-07 06:12:32,2,1,1
2023-02-07 06:13:36,3,1,1
2023-02-07 06:13:52,2,1,1
2023-02-07 06:14:59,3,1,1
2023-02-07 06:15:15,2,1,1
2023-02-07 06:16:05,3,1,1
2023-02-07 06:16:13,2,1,1
2023-02-07 06:16:32,2,1,1
2023-02-07 06:17:46,1,1,1
2023-02-07 06:17:49,2,1,1
2023-02-07 06:18:05,2,1,1
2023-02-07 06:18:10,2,1,1
2023-02-07 06:18:15,2,1,1
2023-02-07 06:18:24,2,1,1
2023-02-07 06:21:54,2,1,1
2023-02-07 06:22:58,1,1,1
2023-02-07 06:23:10,2,1,1
2023-02-07 06:23:13,2,1,1
2023-02-07 06:23:16,2,1,1
2023-02-07 06:23:25,2,1,1
2023-02-07 06:23:31,2,1,1
2023-02-07 06:31:07,2,1,1
2023-02-07 06:32:38,1,1,1
2023-02-07 06:33:04,2,1,1
2023-02-07 06:33:11,2,1,1
2023-02-07 06:33:15,2,1,1
2023-02-07 06:33:21,2,1,1
2023-02-07 06:33:29,2,1,1
2023-02-07 06:33:36,2,1,1
2023-02-07 06:33:48,2,1,1
2023-02-07 06:33:51,3,1,1
2023-02-07 06:34:06,3,1,1
2023-02-07 06:34:19,2,1,1
2023-02-07 06:35:02,3,1,1
2023-02-07 06:35:18,2,1,1
2023-02-07 06:36:10,3,1,1
2023-02-07 06:36:26,2,1,1
2023-02-07 06:37:30,3,1,1
2023-02-07 06:37:41,2,1,1
2023-02-07 06:38:33,3,1,1
2023-02-07 06:38:42,2,1,1
2023-02-07 06:40:17,4,1,1
2023-02-07 06:41:32,2,1,1
2023-02-07 06:42:30,1,1,1
2023-02-07 06:42:52,2,1,1
2023-02-07 06:42:55,2,1,1
2023-02-07 06:43:01,2,1,1
2023-02-07 06:43:08,2,1,1
2023-02-07 06:43:18,2,1,1
2023-02-07 06:43:31,2,1,1
2023-02-07 06:43:38,2,1,1
2023-02-07 06:55:07,2,1,1
2023-02-07 06:56:24,1,1,1
2023-02-07 06:56:34,2,1,1
2023-02-07 07:00:47,1,1,1
2023-02-07 07:00:58,3,1,1
2023-02-07 07:01:16,2,1,1
2023-02-07 07:02:11,3,1,1
2023-02-07 07:04:20,2,1,1
2023-02-07 07:05:55,1,1,1
2023-02-07 07:06:08,2,1,1
2023-02-07 07:06:11,2,1,1
2023-02-07 07:17:55,2,1,1
2023-02-07 07:19:12,1,1,1
2023-02-07 07:19:34,2,1,1
2023-02-07 07:19:37,2,1,1
2023-02-07 07:52:05,2,1,1
2023-02-07 07:53:09,1,1,1
2023-02-07 07:53:22,2,1,1
2023-02-07 07:53:27,2,1,1
2023-02-07 07:53:31,2,1,1
2023-02-07 08:05:40,2,1,1
2023-02-07 08:06:41,1,1,1
2023-02-07 08:07:02,2,1,1
2023-02-07 08:07:06,2,1,1
2023-02-07 08:07:10,2,1,1
2023-02-07 08:07:21,1,1,1
2023-02-07 08:20:34,2,1,1
2023-02-07 08:21:53,1,1,1
2023-02-07 08:22:13,2,1,1
2023-02-07 08:22:17,2,1,1
2023-02-07 08:22:20,2,1,1
2023-02-07 08:22:29,2,1,1
2023-02-07 08:22:40,1,1,1
2023-02-07 09:10:50,1,1,1
2023-02-07 09:11:04,3,1,1
2023-02-07 09:11:20,2,1,1
2023-02-07 09:12:04,3,1,1
2023-02-07 09:12:30,2,1,1
2023-02-07 09:13:29,2,1,1
2023-02-07 09:13:48,2,1,1
2023-02-07 09:15:08,3,1,1
2023-02-07 09:15:30,2,1,1
2023-02-07 09:16:12,3,1,1
2023-02-07 09:16:49,2,1,1
2023-02-07 09:18:16,3,1,1
2023-02-07 09:34:02,2,1,1
2023-02-07 09:36:24,2,1,1
2023-02-07 09:37:31,1,1,1
2023-02-07 09:37:51,2,1,1
2023-02-07 09:37:58,2,1,1
2023-02-07 09:38:03,2,1,1
2023-02-07 09:38:11,2,1,1
2023-02-07 09:38:22,2,1,1
2023-02-07 09:38:26,2,1,1
2023-02-07 09:38:34,2,1,1
2023-02-07 09:38:40,3,1,1
2023-02-07 09:38:55,3,1,1
2023-02-07 09:39:05,2,1,1
2023-02-07 09:39:46,3,1,1
2023-02-07 09:40:02,2,1,1
2023-02-07 09:40:45,2,1,1
2023-02-07 09:43:00,2,1,1
2023-02-07 09:44:15,1,1,1
2023-02-07 09:44:40,2,1,1
2023-02-07 09:44:45,2,1,1
2023-02-07 09:44:49,2,1,1
2023-02-07 09:45:00,2,1,1
2023-02-07 09:45:05,2,1,1
2023-02-07 09:56:35,2,1,1
2023-02-07 09:57:29,1,1,1
2023-02-07 09:57:43,2,1,1
2023-02-07 09:57:48,2,1,1
2023-02-07 09:57:51,2,1,1
2023-02-07 09:58:01,2,1,1
2023-02-07 09:58:09,2,1,1
2023-02-07 09:58:18,2,1,1
2023-02-07 09:58:22,2,1,1
2023-02-07 09:58:30,1,1,1
2023-02-07 11:03:33,2,1,1
2023-02-07 11:04:33,1,1,1
2023-02-07 11:04:54,2,1,1
2023-02-07 11:04:59,2,1,1
2023-02-07 11:05:03,2,1,1
2023-02-07 11:05:10,2,1,1
2023-02-07 11:28:35,2,1,1
2023-02-07 11:29:49,1,1,1
2023-02-07 11:30:19,2,1,1
2023-02-07 11:30:24,2,1,1
2023-02-07 11:30:27,2,1,1
2023-02-07 11:30:31,2,1,1
2023-02-07 11:30:38,2,1,1
2023-02-07 11:30:44,2,1,1
2023-02-07 11:30:51,2,1,1
2023-02-07 11:30:56,3,1,1
2023-02-07 11:30:57,2,1,1
2023-02-07 11:31:03,3,1,1
2023-02-07 11:31:13,2,1,1
2023-02-07 11:31:49,3,1,1
2023-02-07 11:32:04,1,1,1
2023-02-07 11:32:05,2,1,1
2023-02-07 11:32:23,2,1,1
2023-02-07 11:32:29,2,1,1
2023-02-07 11:32:33,2,1,1
2023-02-07 11:32:40,2,1,1
2023-02-07 11:32:45,2,1,1
2023-02-07 11:32:53,3,1,1
2023-02-07 11:32:55,2,1,1
2023-02-07 11:33:02,2,1,1
2023-02-07 11:33:07,3,1,1
2023-02-07 11:33:09,2,1,1
2023-02-07 11:34:05,2,1,1
2023-02-07 11:44:32,2,1,1
2023-02-07 11:46:09,1,1,1
2023-02-07 11:46:27,2,1,1
2023-02-07 11:46:30,2,1,1
2023-02-07 11:46:34,2,1,1
2023-02-07 11:46:39,2,1,1
2023-02-07 11:46:45,2,1,1
2023-02-07 11:46:52,2,1,1
2023-02-07 11:47:04,2,1,1
2023-02-07 11:47:08,3,1,1
2023-02-07 11:47:17,3,1,1
2023-02-07 11:47:26,2,1,1
2023-02-07 11:48:10,3,1,1
2023-02-07 11:48:21,2,1,1
2023-02-07 11:48:46,2,1,1
2023-02-07 11:49:08,3,1,1
2023-02-07 11:49:23,2,1,1
2023-02-07 11:50:10,1,1,1
2023-02-07 11:50:23,2,1,1
2023-02-07 11:50:24,3,1,1
2023-02-07 11:50:29,2,1,1
2023-02-07 11:51:27,2,1,1
2023-02-07 12:09:21,2,1,1
2023-02-07 12:10:22,1,1,1
2023-02-07 12:10:52,2,1,1
2023-02-07 12:10:55,2,1,1
2023-02-07 12:10:57,2,1,1
2023-02-07 12:11:07,2,1,1
2023-02-07 12:45:44,2,1,1
2023-02-07 12:47:00,1,1,1
2023-02-07 12:47:18,2,1,1
2023-02-07 12:47:23,2,1,1
2023-02-07 12:47:27,2,1,1
2023-02-07 12:47:31,2,1,1
2023-02-07 12:47:37,2,1,1
2023-02-07 12:47:43,2,1,1
2023-02-07 12:47:54,2,1,1
2023-02-07 12:47:57,3,1,1
2023-02-07 12:48:03,3,1,1
2023-02-07 12:48:13,2,1,1
2023-02-07 12:48:50,2,1,1
2023-02-07 12:49:01,2,1,1
2023-02-07 12:49:42,3,1,1
2023-02-07 12:49:57,2,1,1
2023-02-07 12:50:45,3,1,1
2023-02-07 12:50:53,2,1,1
2023-02-07 12:51:48,3,1,1
2023-02-07 12:59:19,2,1,1
2023-02-07 13:00:41,1,1,1
2023-02-07 13:01:03,2,1,1
2023-02-07 13:01:41,2,1,1
2023-02-07 13:03:00,1,1,1
2023-02-07 13:03:29,2,1,1
2023-02-07 13:03:34,2,1,1
2023-02-07 13:03:37,2,1,1
2023-02-07 13:03:45,2,1,1
2023-02-07 13:03:54,2,1,1
2023-02-07 13:16:35,2,1,1
2023-02-07 13:17:34,1,1,1
2023-02-07 13:17:46,2,1,1
2023-02-07 13:17:49,2,1,1
2023-02-07 13:17:54,2,1,1
2023-02-07 13:25:48,2,1,1
2023-02-07 13:27:19,1,1,1
2023-02-07 13:27:37,2,1,1
2023-02-07 13:27:42,2,1,1
2023-02-07 13:27:45,2,1,1
2023-02-07 13:27:53,2,1,1
2023-02-07 13:52:58,2,1,1
2023-02-07 13:53:51,1,1,1
2023-02-07 13:54:14,2,1,1
2023-02-07 13:54:18,2,1,1
2023-02-07 13:54:24,2,1,1
2023-02-07 13:54:31,2,1,1
2023-02-07 13:54:40,2,1,1
2023-02-07 13:54:51,2,1,1
2023-02-07 13:54:56,2,1,1
2023-02-07 14:11:24,2,1,1
2023-02-07 14:12:27,1,1,1
2023-02-07 14:12:40,2,1,1
2023-02-07 14:12:45,2,1,1
2023-02-07 14:12:47,2,1,1
2023-02-07 14:12:55,2,1,1
2023-02-07 14:13:03,2,1,1
2023-02-07 14:13:10,2,1,1
2023-02-07 14:13:17,2,1,1
2023-02-07 14:30:32,2,1,1
2023-02-07 14:31:33,1,1,1
2023-02-07 14:31:59,2,1,1
2023-02-07 14:32:02,2,1,1
2023-02-07 14:32:05,2,1,1
2023-02-07 14:32:11,2,1,1
2023-02-07 14:32:17,2,1,1
2023-02-07 14:32:27,1,1,1
2023-02-07 14:32:54,2,1,1
2023-02-07 14:34:07,1,1,1
2023-02-07 14:34:26,2,1,1
2023-02-07 14:34:29,2,1,1
2023-02-07 14:34:34,2,1,1
2023-02-07 14:34:40,2,1,1
2023-02-07 14:34:50,2,1,1
2023-02-07 14:34:58,2,1,1
2023-02-07 14:35:08,2,1,1
2023-02-07 14:35:16,3,1,1
2023-02-07 14:35:29,3,1,1
2023-02-07 14:35:35,2,1,1
2023-02-07 14:36:20,3,1,1
2023-02-07 15:15:07,2,1,1
2023-02-07 15:16:28,1,1,1
2023-02-07 15:16:58,2,1,1
2023-02-07 15:17:03,2,1,1
2023-02-07 15:17:09,2,1,1
2023-02-07 15:17:17,2,1,1
2023-02-07 15:17:26,2,1,1
2023-02-07 15:17:36,2,1,1
2023-02-07 15:17:42,2,1,1
2023-02-07 15:17:48,3,1,1
2023-02-07 15:17:54,3,1,1
2023-02-07 15:18:05,2,1,1
2023-02-07 15:18:48,3,1,1
2023-02-07 15:19:06,2,1,1
2023-02-07 15:19:52,3,1,1
2023-02-07 15:20:00,2,1,1
2023-02-07 15:21:01,3,1,1
2023-02-07 15:21:13,2,1,1
2023-02-07 15:21:54,2,1,1
2023-02-07 15:28:42,2,1,1
2023-02-07 15:29:36,1,1,1
2023-02-07 15:30:00,2,1,1
2023-02-07 15:30:07,2,1,1
2023-02-07 15:30:10,2,1,1
2023-02-07 15:30:16,2,1,1
2023-02-07 15:30:23,2,1,1
2023-02-07 15:30:28,2,1,1
2023-02-07 15:30:37,2,1,1
2023-02-07 15:30:42,3,1,1
2023-02-07 15:30:49,3,1,1
2023-02-07 15:31:00,2,1,1
2023-02-07 15:31:33,3,1,1
2023-02-07 15:31:49,2,1,1
2023-02-07 15:32:32,3,1,1
2023-02-07 15:32:40,2,1,1
2023-02-07 15:33:45,3,1,1
2023-02-07 15:33:53,2,1,1
2023-02-07 15:34:32,3,1,1
2023-02-07 15:34:45,2,1,1
2023-02-07 15:36:07,4,1,1
2023-02-07 15:42:17,2,1,1
2023-02-07 15:43:33,1,1,1
2023-02-07 15:43:52,2,1,1
2023-02-07 15:51:30,2,1,1
2023-02-07 15:53:04,1,1,1
2023-02-07 15:53:27,2,1,1
2023-02-07 15:53:31,2,1,1
2023-02-07 15:53:37,2,1,1
2023-02-07 15:53:47,2,1,1
2023-02-07 16:10:46,2,1,1
2023-02-07 16:12:00,1,1,1
2023-02-07 16:12:10,2,1,1
2023-02-07 16:12:14,2,1,1
2023-02-07 16:12:17,2,1,1
2023-02-07 16:12:26,2,1,1
2023-02-07 16:24:21,2,1,1
2023-02-07 16:25:47,1,1,1
2023-02-07 16:26:15,2,1,1
2023-02-07 16:26:19,2,1,1
2023-02-07 16:26:24,2,1,1
2023-02-07 16:26:29,2,1,1
2023-02-07 16:26:35,2,1,1
2023-02-07 16:26:42,2,1,1
2023-02-07 16:26:52,2,1,1
2023-02-07 16:26:57,3,1,1
2023-02-07 16:27:11,3,1,1
2023-02-07 16:27:19,2,1,1
2023-02-07 16:27:50,3,1,1
2023-02-07 16:27:58,2,1,1
2023-02-07 16:28:35,2,1,1
2023-02-07 16:28:43,3,1,1
2023-02-07 16:28:59,2,1,1
2023-02-07 16:29:57,3,1,1
2023-02-07 16:30:02,1,1,1
2023-02-07 16:30:07,2,1,1
2023-02-07 16:30:11,2,1,1
2023-02-07 16:30:21,1,1,1
2023-02-07 16:30:42,3,1,1
2023-02-07 16:30:55,2,1,1
2023-02-07 16:32:12,4,1,1
2023-02-07 16:34:16,2,1,1
2023-02-07 16:35:33,1,1,1
2023-02-07 16:35:49,2,1,1
2023-02-07 16:35:52,2,1,1
2023-02-07 16:35:55,2,1,1
2023-02-07 16:36:00,2,1,1
2023-02-07 16:36:07,2,1,1
2023-02-07 16:36:13,2,1,1
2023-02-07 16:36:24,2,1,1
2023-02-07 16:36:30,3,1,1
2023-02-07 16:36:37,3,1,1
2023-02-07 16:36:50,2,1,1
2023-02-07 16:37:28,3,1,1
2023-02-07 16:37:43,2,1,1
2023-02-07 16:38:33,3,1,1
2023-02-07 16:38:42,2,1,1
2023-02-07 16:39:32,2,1,1
2023-02-07 16:43:29,2,1,1
2023-02-07 16:44:45,1,1,1
2023-02-07 16:44:54,2,1,1
2023-02-07 16:52:42,2,1,1
2023-02-07 16:53:44,1,1,1
2023-02-07 16:53:54,2,1,1
2023-02-07 16:53:57,2,1,1
2023-02-07 16:54:01,2,1,1
2023-02-07 16:54:09,2,1,1
2023-02-07 16:54:19,2,1,1
2023-02-07 16:54:26,2,1,1
2023-02-07 16:54:30,2,1,1
2023-02-07 16:59:18,2,1,1
2023-02-07 17:00:55,1,1,1
2023-02-07 17:01:21,2,1,1
2023-02-07 17:01:24,2,1,1
2023-02-07 17:22:06,2,1,1
2023-02-07 17:23:26,1,1,1
2023-02-07 17:23:43,2,1,1
2023-02-07 17:30:09,2,1,1
2023-02-07 17:31:33,1,1,1
2023-02-07 17:32:02,2,1,1
2023-02-07 17:32:05,2,1,1
2023-02-07 17:32:11,2,1,1
2023-02-07 17:32:17,2,1,1
2023-02-07 17:32:23,2,1,1
2023-02-07 17:32:36,2,1,1
2023-02-07 17:32:45,2,1,1
2023-02-07 17:32:49,1,1,1
2023-02-07 17:34:23,2,1,1
2023-02-07 17:35:03,1,1,1
2023-02-07 17:35:15,3,1,1
2023-02-07 17:35:24,2,1,1
2023-02-07 17:35:36,1,1,1
2023-02-07 17:35:58,2,1,1
2023-02-07 17:36:02,2,1,1
2023-02-07 17:36:05,2,1,1
2023-02-07 17:36:09,2,1,1
2023-02-07 17:36:17,2,1,1
2023-02-07 17:36:26,2,1,1
2023-02-07 17:36:33,2,1,1
2023-02-07 17:36:34,3,1,1
2023-02-07 17:36:40,3,1,1
2023-02-07 17:36:54,3,1,1
2023-02-07 17:36:57,2,1,1
2023-02-07 17:37:06,2,1,1
2023-02-07 17:37:38,3,1,1
2023-02-07 17:37:52,2,1,1
2023-02-07 17:38:17,3,1,1
2023-02-07 17:38:26,2,1,1
2023-02-07 17:38:47,3,1,1
2023-02-07 17:38:56,2,1,1
2023-02-07 17:39:38,3,1,1
2023-02-07 17:39:39,2,1,1
2023-02-07 17:39:50,2,1,1
2023-02-07 17:40:04,2,1,1
2023-02-07 17:40:35,3,1,1
2023-02-07 17:40:46,2,1,1
2023-02-07 17:41:19,3,1,1
2023-02-07 17:41:54,2,1,1
2023-02-07 17:42:13,4,1,1
2023-02-07 17:43:26,3,1,1
2023-02-07 17:47:58,2,1,1
2023-02-07 17:49:24,1,1,1
2023-02-07 17:49:36,2,1,1
2023-02-07 17:49:39,2,1,1
2023-02-07 17:57:11,2,1,1
2023-02-07 17:58:28,1,1,1
2023-02-07 17:58:57,2,1,1
2023-02-07 17:59:02,2,1,1
2023-02-07 17:59:08,2,1,1
2023-02-07 17:59:17,2,1,1
2023-02-07 17:59:23,2,1,1
2023-02-07 17:59:36,2,1,1
2023-02-07 17:59:41,2,1,1
2023-02-07 17:59:52,1,1,1
2023-02-07 18:02:52,2,1,1
2023-02-07 18:04:00,1,1,1
2023-02-07 18:04:27,2,1,1
2023-02-07 18:04:30,2,1,1
2023-02-07 18:04:35,2,1,1
2023-02-07 18:04:39,2,1,1
2023-02-07 18:04:45,2,1,1
2023-02-07 18:04:49,2,1,1
2023-02-07 18:04:55,2,1,1
2023-02-07 18:05:02,3,1,1
2023-02-07 18:05:11,3,1,1
2023-02-07 18:05:23,2,1,1
2023-02-07 18:05:54,3,1,1
2023-02-07 18:06:12,2,1,1
2023-02-07 18:06:56,3,1,1
2023-02-07 18:07:12,2,1,1
2023-02-07 18:07:57,3,1,1
2023-02-07 18:21:18,2,1,1
2023-02-07 18:22:27,1,1,1
2023-02-07 18:22:44,2,1,1
2023-02-07 18:25:32,2,1,1
2023-02-07 18:26:24,1,1,1
2023-02-07 18:26:48,2,1,1
2023-02-07 18:26:51,2,1,1
2023-02-07 18:26:56,2,1,1
2023-02-07 18:27:02,2,1,1
2023-02-07 18:27:54,2,1,1
2023-02-07 18:29:32,1,1,1
2023-02-07 18:29:46,2,1,1
2023-02-07 18:29:50,2,1,1
2023-02-07 18:29:53,2,1,1
2023-02-07 18:29:59,2,1,1
2023-02-07 18:36:10,1,1,1
2023-02-07 18:36:22,3,1,1
2023-02-07 18:36:32,2,1,1
2023-02-07 18:37:44,3,1,1
2023-02-07 18:38:12,2,1,1
2023-02-07 18:38:44,1,1,1
2023-02-07 18:38:55,3,1,1
2023-02-07 18:39:14,2,1,1
2023-02-07 18:39:23,3,1,1
2023-02-07 18:39:40,2,1,1
2023-02-07 18:40:44,3,1,1
2023-02-07 18:40:46,2,1,1
2023-02-07 18:41:05,2,1,1
2023-02-07 18:41:29,2,1,1
2023-02-07 18:42:04,3,1,1
2023-02-07 18:42:19,1,1,1
2023-02-07 18:42:35,2,1,1
2023-02-07 18:42:36,2,1,1
2023-02-07 18:42:41,2,1,1
2023-02-07 18:42:46,2,1,1
2023-02-07 18:42:53,2,1,1
2023-02-07 18:43:03,2,1,1
2023-02-07 18:43:09,2,1,1
2023-02-07 18:43:15,2,1,1
2023-02-07 18:43:23,3,1,1
2023-02-07 18:43:31,2,1,1
2023-02-07 18:43:32,3,1,1
2023-02-07 18:43:40,2,1,1
2023-02-07 18:44:22,3,1,1
2023-02-07 18:44:38,2,1,1
2023-02-07 18:45:30,3,1,1
2023-02-07 18:47:10,2,1,1
2023-02-07 18:48:47,1,1,1
2023-02-07 18:49:05,2,1,1
2023-02-07 18:49:10,2,1,1
2023-02-07 18:49:16,2,1,1
2023-02-07 19:05:36,2,1,1
2023-02-07 19:06:36,1,1,1
2023-02-07 19:06:55,2,1,1
2023-02-07 19:07:00,2,1,1
2023-02-07 19:07:03,2,1,1
2023-02-07 19:07:12,2,1,1
2023-02-07 19:07:19,2,1,1
2023-02-07 19:07:24,2,1,1
2023-02-07 19:07:34,2,1,1
2023-02-07 19:07:39,3,1,1
2023-02-07 19:07:45,3,1,1
2023-02-07 19:07:53,2,1,1
2023-02-07 19:08:34,3,1,1
2023-02-07 19:08:48,2,1,1
2023-02-07 19:09:34,3,1,1
2023-02-07 19:09:51,2,1,1
2023-02-07 19:10:42,2,1,1
2023-02-07 19:10:49,2,1,1
2023-02-07 19:11:29,3,1,1
2023-02-07 19:40:49,2,1,1
2023-02-07 19:41:49,1,1,1
2023-02-07 19:42:02,2,1,1
2023-02-07 19:42:07,2,1,1
2023-02-07 19:42:11,2,1,1
2023-02-07 19:42:19,2,1,1
2023-02-07 19:42:25,2,1,1
2023-02-07 19:42:30,1,1,1
2023-02-07 19:45:03,2,1,1
2023-02-07 19:46:01,1,1,1
2023-02-07 19:46:25,2,1,1
2023-02-07 19:46:28,2,1,1
2023-02-07 19:46:33,2,1,1
2023-02-07 19:46:39,2,1,1
2023-02-07 19:46:49,2,1,1
2023-02-07 19:46:56,2,1,1
2023-02-07 19:47:02,1,1,1
2023-02-07 19:54:16,2,1,1
2023-02-07 19:55:44,1,1,1
2023-02-07 19:56:13,2,1,1
2023-02-07 19:56:19,2,1,1
2023-02-07 19:56:24,2,1,1
2023-02-07 19:56:29,2,1,1
2023-02-07 19:56:37,2,1,1
2023-02-07 19:56:43,2,1,1
2023-02-07 19:56:51,2,1,1
2023-02-07 19:56:56,3,1,1
2023-02-07 19:57:11,3,1,1
2023-02-07 19:57:18,2,1,1
2023-02-07 19:57:54,3,1,1
2023-02-07 19:58:11,2,1,1
2023-02-07 19:59:01,3,1,1
2023-02-07 19:59:11,2,1,1
2023-02-07 19:59:57,2,1,1
2023-02-07 20:00:14,3,1,1
2023-02-07 20:00:22,2,1,1
2023-02-07 20:01:19,1,1,1
2023-02-07 20:01:21,3,1,1
2023-02-07 20:01:32,2,1,1
2023-02-07 20:01:46,2,1,1
2023-02-07 20:01:51,2,1,1
2023-02-07 20:01:56,2,1,1
2023-02-07 20:02:07,2,1,1
2023-02-07 20:02:32,4,1,1
2023-02-07 20:13:32,2,1,1
2023-02-07 20:15:07,1,1,1
2023-02-07 20:15:34,2,1,1
2023-02-07 20:15:41,2,1,1
2023-02-07 20:15:44,2,1,1
2023-02-07 20:15:50,2,1,1
2023-02-07 20:15:58,2,1,1
2023-02-07 20:16:07,2,1,1
2023-02-07 20:16:15,2,1,1
2023-02-07 20:16:19,3,1,1
2023-02-07 20:16:26,3,1,1
2023-02-07 20:16:36,2,1,1
2023-02-07 20:17:09,3,1,1
2023-02-07 20:22:45,2,1,1
2023-02-07 20:24:15,1,1,1
2023-02-07 20:24:40,2,1,1
2023-02-07 20:24:45,2,1,1
2023-02-07 20:24:49,2,1,1
2023-02-07 20:24:55,2,1,1
2023-02-07 20:25:05,2,1,1
2023-02-07 20:25:14,2,1,1
2023-02-07 20:25:18,1,1,1
2023-02-07 20:45:33,2,1,1
2023-02-07 20:47:11,1,1,1
2023-02-07 20:47:33,2,1,1
2023-02-07 20:47:40,2,1,1
2023-02-07 20:47:43,2,1,1
2023-02-07 20:47:47,2,1,1
2023-02-07 20:47:52,2,1,1
2023-02-07 20:47:57,2,1,1
2023-02-07 20:48:03,2,1,1
2023-02-07 20:48:09,3,1,1
2023-02-07 20:48:16,3,1,1
2023-02-07 20:48:25,2,1,1
2023-02-07 20:49:04,3,1,1
2023-02-07 20:49:15,2,1,1
2023-02-07 20:49:59,3,1,1
2023-02-07 20:50:13,2,1,1
2023-02-07 20:51:03,3,1,1
2023-02-07 20:51:13,2,1,1
2023-02-07 20:51:59,3,1,1
2023-02-07 20:52:07,2,1,1
2023-02-07 20:53:11,4,1,1
2023-02-07 20:54:46,2,1,1
2023-02-07 20:56:01,1,1,1
2023-02-07 20:56:12,2,1,1
2023-02-07 20:56:17,2,1,1
2023-02-07 20:56:22,2,1,1
2023-02-07 21:06:21,2,1,1
2023-02-07 21:07:13,1,1,1
2023-02-07 21:07:28,2,1,1
2023-02-07 21:07:32,2,1,1
2023-02-07 21:07:37,2,1,1
2023-02-07 21:07:48,2,1,1
2023-02-07 21:07:57,2,1,1
2023-02-07 21:08:08,2,1,1
2023-02-07 21:08:13,2,1,1
2023-02-07 21:10:35,2,1,1
2023-02-07 21:11:52,1,1,1
2023-02-07 21:12:04,2,1,1
2023-02-07 21:12:09,2,1,1
2023-02-07 21:12:15,2,1,1
2023-02-07 21:12:21,2,1,1
2023-02-07 21:24:02,2,1,1
2023-02-07 21:25:32,1,1,1
2023-02-07 21:25:53,2,1,1
2023-02-07 21:25:57,2,1,1
2023-02-07 21:26:02,2,1,1
2023-02-07 21:26:08,2,1,1
2023-02-07 21:26:15,2,1,1
2023-02-07 21:26:24,2,1,1
2023-02-07 21:26:25,1,1,1
2023-02-07 21:27:43,1,1,1
2023-02-07 21:28:02,2,1,1
2023-02-07 21:28:07,2,1,1
2023-02-07 21:28:10,2,1,1
2023-02-07 21:30:52,1,1,1
2023-02-07 21:31:08,3,1,1
2023-02-07 21:31:26,2,1,1
2023-02-07 21:32:29,3,1,1
2023-02-07 21:32:56,2,1,1
2023-02-07 21:34:39,3,1,1
2023-02-07 21:34:48,2,1,1
2023-02-07 21:36:07,3,1,1
2023-02-07 21:36:29,2,1,1
2023-02-07 21:37:27,3,1,1
2023-02-07 21:38:01,2,1,1
2023-02-07 21:39:05,4,1,1
2023-02-07 21:39:59,2,1,1
2023-02-07 21:40:53,1,1,1
2023-02-07 21:41:07,2,1,1
2023-02-07 21:41:11,2,1,1
2023-02-07 21:41:14,2,1,1
2023-02-07 21:41:26,2,1,1
2023-02-07 21:41:35,2,1,1
2023-02-07 21:41:48,2,1,1
2023-02-07 21:41:57,2,1,1
2023-02-07 21:41:59,1,1,1
2023-02-07 21:42:21,2,1,1
2023-02-07 21:43:11,1,1,1
2023-02-07 21:43:22,2,1,1
2023-02-07 21:43:25,2,1,1
2023-02-07 21:43:31,2,1,1
2023-02-07 21:43:35,2,1,1
2023-02-07 21:43:45,2,1,1
2023-02-07 21:43:52,2,1,1
2023-02-07 21:43:59,2,1,1
2023-02-07 21:44:06,3,1,1
2023-02-07 21:52:16,2,1,1
2023-02-07 21:53:09,1,1,1
2023-02-07 21:53:24,2,1,1
2023-02-07 21:53:29,2,1,1
2023-02-07 21:53:35,2,1,1
2023-02-07 21:53:43,2,1,1
2023-02-07 21:53:51,2,1,1
2023-02-07 21:53:57,2,1,1
2023-02-07 21:54:05,2,1,1
2023-02-07 21:54:09,3,1,1
2023-02-07 21:54:20,3,1,1
2023-02-07 21:54:28,2,1,1
2023-02-07 21:54:59,2,1,1
2023-02-07 21:55:12,2,1,1
2023-02-07 21:55:59,3,1,1
2023-02-07 21:56:14,2,1,1
2023-02-07 21:57:09,3,1,1
2023-02-07 21:57:18,2,1,1
2023-02-07 21:57:52,3,1,1
2023-02-07 22:07:10,2,1,1
2023-02-07 22:08:20,1,1,1
2023-02-07 22:08:33,2,1,1
2023-02-07 22:08:37,2,1,1
2023-02-07 22:08:41,2,1,1
2023-02-07 22:08:46,2,1,1
2023-02-07 22:08:56,2,1,1
2023-02-07 22:09:01,2,1,1
2023-02-07 22:09:13,2,1,1
2023-02-07 22:09:17,3,1,1
2023-02-07 22:09:31,3,1,1
2023-02-07 22:09:41,2,1,1
2023-02-07 22:10:20,3,1,1
2023-02-07 22:10:39,2,1,1
2023-02-07 22:11:25,3,1,1
2023-02-07 22:11:41,2,1,1
2023-02-07 22:12:27,3,1,1
2023-02-07 22:12:32,2,1,1
2023-02-07 22:13:10,3,1,1
2023-02-07 22:13:19,2,1,1
2023-02-07 22:14:39,2,1,1
2023-02-07 22:16:23,2,1,1
2023-02-07 22:17:50,1,1,1
2023-02-07 22:18:00,2,1,1
2023-02-07 22:18:05,2,1,1
2023-02-07 22:18:10,2,1,1
2023-02-07 22:18:22,2,1,1
2023-02-07 22:18:26,2,1,1
2023-02-07 22:18:33,2,1,1
2023-02-07 22:18:41,2,1,1
2023-02-07 22:18:51,1,1,1
2023-02-07 22:22:04,2,1,1
2023-02-07 22:23:05,1,1,1
2023-02-07 22:23:17,2,1,1
2023-02-07 22:23:20,2,1,1
2023-02-07 22:23:25,2,1,1
2023-02-07 22:23:33,2,1,1
2023-02-07 22:23:41,2,1,1
2023-02-07 22:23:50,2,1,1
2023-02-07 22:24:01,2,1,1
2023-02-07 22:24:09,3,1,1
2023-02-07 22:24:21,3,1,1
2023-02-07 22:24:33,2,1,1
2023-02-07 22:25:17,3,1,1
2023-02-07 22:25:36,2,1,1
2023-02-07 22:26:24,2,1,1
2023-02-07 22:26:41,2,1,1
2023-02-07 22:27:39,3,1,1
2023-02-07 22:27:45,2,1,1
2023-02-07 22:27:48,2,1,1
2023-02-07 22:28:42,1,1,1
2023-02-07 22:28:43,3,1,1
2023-02-07 22:29:12,2,1,1
2023-02-07 22:29:16,2,1,1
2023-02-07 22:29:22,2,1,1
2023-02-07 22:29:32,2,1,1
2023-02-07 22:29:38,2,1,1
2023-02-07 22:47:01,2,1,1
2023-02-07 22:47:58,1,1,1
2023-02-07 22:48:14,2,1,1
2023-02-07 22:48:20,2,1,1
2023-02-07 22:48:24,2,1,1
2023-02-07 22:48:30,2,1,1
2023-02-07 22:48:41,2,1,1
2023-02-07 22:48:49,2,1,1
2023-02-07 22:48:55,2,1,1
2023-02-07 22:49:01,3,1,1
2023-02-07 22:49:09,3,1,1
2023-02-07 22:49:16,2,1,1
2023-02-07 22:49:46,3,1,1
2023-02-07 22:50:01,2,1,1
2023-02-07 22:50:50,3,1,1
2023-02-07 23:09:12,1,1,1
2023-02-07 23:09:31,2,1,1
2023-02-07 23:09:49,2,1,1
2023-02-07 23:10:47,4,1,1
2023-02-07 23:11:16,1,1,1
2023-02-07 23:11:38,2,1,1
2023-02-07 23:19:02,2,1,1
2023-02-07 23:19:58,1,1,1
2023-02-07 23:20:18,2,1,1
2023-02-07 23:20:24,2,1,1
2023-02-07 23:20:27,2,1,1
2023-02-07 23:20:35,2,1,1
2023-02-07 23:20:42,2,1,1
2023-02-07 23:20:48,2,1,1
2023-02-07 23:20:57,2,1,1
2023-02-07 23:21:05,3,1,1
2023-02-07 23:21:19,3,1,1
2023-02-07 23:21:26,2,1,1
2023-02-07 23:21:58,3,1,1
2023-02-07 23:22:08,2,1,1
2023-02-07 23:22:55,3,1,1
2023-02-07 23:23:09,2,1,1
2023-02-07 23:24:10,3,1,1
2023-02-07 23:24:17,2,1,1
2023-02-07 23:25:06,3,1,1
2023-02-07 23:25:15,2,1,1
2023-02-07 23:26:42,4,1,1
2023-02-07 23:28:15,2,1,1
2023-02-07 23:29:51,1,1,1
2023-02-07 23:30:13,2,1,1
2023-02-07 23:30:20,2,1,1
2023-02-07 23:30:26,2,1,1
2023-02-07 23:30:31,2,1,1
2023-02-07 23:30:38,2,1,1
2023-02-07 23:30:44,2,1,1
2023-02-07 23:30:53,2,1,1
2023-02-07 23:30:59,3,1,1
2023-02-07 23:31:11,3,1,1
2023-02-07 23:31:17,2,1,1
2023-02-07 23:31:52,3,1,1
2023-02-07 23:32:03,2,1,1
2023-02-07 23:32:55,3,1,1
2023-02-07 23:33:04,2,1,1
2023-02-07 23:33:49,3,1,1
2023-02-07 23:33:56,2,1,1
2023-02-07 23:33:57,2,1,1
2023-02-07 23:34:47,1,1,1
2023-02-07 23:34:55,2,1,1
2023-02-07 23:35:11,2,1,1
2023-02-07 23:35:18,2,1,1
2023-02-07 23:35:23,2,1,1
2023-02-07 23:35:27,2,1,1
2023-02-07 23:35:36,2,1,1
2023-02-07 23:35:45,2,1,1
2023-02-07 23:35:56,2,1,1
2023-02-07 23:36:04,3,1,1
2023-02-07 23:36:12,3,1,1
2023-02-07 23:36:18,2,1,1
2023-02-07 23:36:53,3,1,1
2023-02-07 23:37:08,2,1,1
2023-02-07 23:37:54,3,1,1
2023-02-07 23:38:05,2,1,1
2023-02-07 23:38:10,2,1,1
2023-02-07 23:38:54,3,1,1
2023-02-07 23:39:00,1,1,1
2023-02-07 23:39:02,2,1,1
2023-02-07 23:39:15,2,1,1
2023-02-07 23:39:18,1,1,1
2023-02-07 23:40:00,3,1,1
2023-02-07 23:40:14,2,1,1
2023-02-07 23:41:39,4,1,1
2023-02-08 00:04:27,1,1,1
2023-02-08 00:04:40,3,1,1
2023-02-08 00:04:50,2,1,1
2023-02-08 00:05:56,3,1,1
2023-02-08 00:06:17,2,1,1
2023-02-08 00:07:36,3,1,1
2023-02-08 00:07:54,2,1,1
2023-02-08 00:08:55,3,1,1
2023-02-08 00:09:12,2,1,1
2023-02-08 00:10:25,3,1,1
2023-02-08 00:10:50,2,1,1
2023-02-08 00:12:16,2,1,1
2023-02-08 00:16:47,2,1,1
2023-02-08 00:17:44,1,1,1
2023-02-08 00:17:56,2,1,1
2023-02-08 00:18:00,2,1,1
2023-02-08 00:18:02,2,1,1
2023-02-08 00:18:14,2,1,1
2023-02-08 00:18:20,2,1,1
2023-02-08 00:18:32,2,1,1
2023-02-08 00:44:06,2,1,1
2023-02-08 00:45:13,1,1,1
2023-02-08 00:45:42,2,1,1
2023-02-08 00:45:45,2,1,1
2023-02-08 00:45:47,2,1,1
2023-02-08 00:45:50,1,1,1
2023-02-08 00:49:47,2,1,1
2023-02-08 00:51:06,1,1,1
2023-02-08 00:51:29,2,1,1
2023-02-08 00:51:32,2,1,1
2023-02-08 01:37:45,2,1,1
2023-02-08 01:38:38,1,1,1
2023-02-08 01:38:58,2,1,1
2023-02-08 01:39:01,2,1,1
2023-02-08 01:39:06,2,1,1
2023-02-08 01:39:14,1,1,1
2023-02-08 01:41:59,2,1,1
2023-02-08 01:42:54,1,1,1
2023-02-08 01:43:21,2,1,1
2023-02-08 01:43:24,2,1,1
2023-02-08 01:43:27,2,1,1
2023-02-08 01:43:30,1,1,1
2023-02-08 01:51:12,2,1,1
2023-02-08 01:52:14,1,1,1
2023-02-08 01:52:25,2,1,1
2023-02-08 01:52:28,2,1,1
2023-02-08 01:52:30,2,1,1
2023-02-08 01:52:42,2,1,1
2023-02-08 02:22:03,2,1,1
2023-02-08 02:23:40,1,1,1
2023-02-08 02:23:52,2,1,1
2023-02-08 02:23:56,2,1,1
2023-02-08 02:23:59,2,1,1
2023-02-08 02:24:06,2,1,1
2023-02-08 02:24:16,2,1,1
2023-02-08 02:24:26,2,1,1
2023-02-08 02:24:35,2,1,1
2023-02-08 02:24:40,3,1,1
2023-02-08 02:39:19,2,1,1
2023-02-08 02:40:37,1,1,1
2023-02-08 02:40:46,2,1,1
2023-02-08 02:40:49,2,1,1
2023-02-08 02:40:54,2,1,1
2023-02-08 02:41:02,2,1,1
2023-02-08 02:41:09,2,1,1
2023-02-08 02:41:16,2,1,1
2023-02-08 02:41:23,2,1,1
2023-02-08 02:41:31,3,1,1
2023-02-08 02:41:44,3,1,1
2023-02-08 02:41:55,2,1,1
2023-02-08 02:42:26,3,1,1
2023-02-08 02:42:41,2,1,1
2023-02-08 02:43:27,3,1,1
2023-02-08 02:43:43,2,1,1
2023-02-08 02:44:46,3,1,1
2023-02-08 02:44:56,2,1,1
2023-02-08 02:45:37,2,1,1
2023-02-08 02:48:32,2,1,1
2023-02-08 02:49:59,1,1,1
2023-02-08 02:50:17,2,1,1
2023-02-08 02:50:20,2,1,1
2023-02-08 02:50:22,1,1,1
2023-02-08 02:57:45,2,1,1
2023-02-08 02:58:44,1,1,1
2023-02-08 02:58:53,2,1,1
2023-02-08 02:58:56,2,1,1
2023-02-08 02:59:00,2,1,1
2023-02-08 02:59:05,2,1,1
2023-02-08 02:59:14,2,1,1
2023-02-08 02:59:24,2,1,1
2023-02-08 02:59:33,2,1,1
2023-02-08 02:59:37,3,1,1
2023-02-08 02:59:42,3,1,1
2023-02-08 02:59:53,2,1,1
2023-02-08 03:00:38,3,1,1
2023-02-08 03:00:57,2,1,1
2023-02-08 03:01:46,3,1,1
2023-02-08 03:02:02,2,1,1
2023-02-08 03:02:41,3,1,1
2023-02-08 03:11:20,2,1,1
2023-02-08 03:12:33,1,1,1
2023-02-08 03:12:42,2,1,1
2023-02-08 03:12:47,2,1,1
2023-02-08 03:12:53,2,1,1
2023-02-08 03:17:01,2,1,1
2023-02-08 03:18:19,1,1,1
2023-02-08 03:18:38,2,1,1
2023-02-08 03:18:45,2,1,1
2023-02-08 03:18:49,2,1,1
2023-02-08 03:18:53,2,1,1
2023-02-08 03:19:01,2,1,1
2023-02-08 03:19:07,2,1,1
2023-02-08 03:19:18,2,1,1
2023-02-08 03:19:22,3,1,1
2023-02-08 03:19:35,3,1,1
2023-02-08 03:19:44,2,1,1
2023-02-08 03:20:23,1,1,1
2023-02-08 03:20:28,3,1,1
2023-02-08 03:20:37,3,1,1
2023-02-08 03:20:38,2,1,1
2023-02-08 03:20:47,2,1,1
2023-02-08 03:21:24,3,1,1
2023-02-08 03:21:32,2,1,1
2023-02-08 03:21:55,2,1,1
2023-02-08 03:22:12,2,1,1
2023-02-08 03:22:17,3,1,1
2023-02-08 03:22:29,2,1,1
2023-02-08 03:23:10,3,1,1
2023-02-08 03:23:18,3,1,1
2023-02-08 03:23:20,2,1,1
2023-02-08 03:23:37,2,1,1
2023-02-08 03:24:49,4,1,1
2023-02-08 03:24:53,3,1,1
2023-02-08 03:25:15,2,1,1
2023-02-08 03:26:14,2,1,1
2023-02-08 03:26:15,5,1,1
2023-02-08 03:27:13,1,1,1
2023-02-08 03:27:41,2,1,1
2023-02-08 03:27:47,2,1,1
2023-02-08 03:27:51,2,1,1
2023-02-08 03:27:56,2,1,1
2023-02-08 03:28:05,2,1,1
2023-02-08 03:28:12,2,1,1
2023-02-08 03:28:20,2,1,1
2023-02-08 03:28:23,3,1,1
2023-02-08 03:28:29,3,1,1
2023-02-08 03:28:40,2,1,1
2023-02-08 03:29:19,3,1,1
2023-02-08 03:29:38,2,1,1
2023-02-08 03:30:27,3,1,1
2023-02-08 03:30:40,2,1,1
2023-02-08 03:31:33,3,1,1
2023-02-08 03:31:38,2,1,1
2023-02-08 03:32:22,3,1,1
2023-02-08 03:32:35,2,1,1
2023-02-08 03:33:39,4,1,1
2023-02-08 03:37:49,2,1,1
2023-02-08 03:39:08,1,1,1
2023-02-08 03:39:26,2,1,1
2023-02-08 03:39:31,2,1,1
2023-02-08 03:42:03,2,1,1
2023-02-08 03:43:14,1,1,1
2023-02-08 03:43:39,2,1,1
2023-02-08 03:43:49,1,1,1
2023-02-08 03:51:16,2,1,1
2023-02-08 03:52:10,1,1,1
2023-02-08 03:52:23,2,1,1
2023-02-08 04:09:05,2,1,1
2023-02-08 04:10:07,1,1,1
2023-02-08 04:10:16,2,1,1
2023-02-08 04:10:19,2,1,1
2023-02-08 04:10:24,2,1,1
2023-02-08 04:10:31,2,1,1
2023-02-08 04:10:38,2,1,1
2023-02-08 04:10:47,2,1,1
2023-02-08 04:10:56,2,1,1
2023-02-08 04:11:02,3,1,1
2023-02-08 04:11:13,3,1,1
2023-02-08 04:11:22,2,1,1
2023-02-08 04:12:07,3,1,1
2023-02-08 04:12:20,2,1,1
2023-02-08 04:13:09,3,1,1
2023-02-08 04:13:19,2,1,1
2023-02-08 04:14:16,3,1,1
2023-02-08 04:36:15,2,1,1
2023-02-08 04:37:23,1,1,1
2023-02-08 04:37:42,2,1,1
2023-02-08 04:37:45,2,1,1
2023-02-08 04:37:51,2,1,1
2023-02-08 04:37:58,2,1,1
2023-02-08 04:38:09,2,1,1
2023-02-08 04:38:15,2,1,1
2023-02-08 04:38:24,2,1,1
2023-02-08 04:38:29,3,1,1
2023-02-08 04:38:36,3,1,1
2023-02-08 04:38:44,2,1,1
2023-02-08 04:39:21,3,1,1
2023-02-08 04:39:30,2,1,1
2023-02-08 04:40:14,3,1,1
2023-02-08 04:40:23,2,1,1
2023-02-08 04:41:08,3,1,1
2023-02-08 04:41:20,2,1,1
2023-02-08 04:41:56,2,1,1
2023-02-08 04:42:00,3,1,1
2023-02-08 04:42:10,2,1,1
2023-02-08 04:43:25,1,1,1
2023-02-08 04:43:38,2,1,1
2023-02-08 04:43:48,2,1,1
2023-02-08 04:43:53,2,1,1
2023-02-08 04:43:58,2,1,1
2023-02-08 04:47:37,2,1,1
2023-02-08 04:48:38,1,1,1
2023-02-08 04:49:01,2,1,1
2023-02-08 04:49:05,2,1,1
2023-02-08 05:14:47,2,1,1
2023-02-08 05:16:03,1,1,1
2023-02-08 05:16:28,2,1,1
2023-02-08 05:16:31,2,1,1
2023-02-08 05:16:36,2,1,1
2023-02-08 05:16:41,2,1,1
2023-02-08 05:16:48,2,1,1
2023-02-08 05:16:55,2,1,1
2023-02-08 05:17:03,2,1,1
2023-02-08 05:17:10,3,1,1
2023-02-08 05:26:22,2,1,1
2023-02-08 05:27:02,1,1,1
2023-02-08 05:27:17,2,1,1
2023-02-08 05:27:25,1,1,1
2023-02-08 05:27:37,2,1,1
2023-02-08 05:27:44,2,1,1
2023-02-08 05:27:49,2,1,1
2023-02-08 05:27:58,2,1,1
2023-02-08 05:28:04,2,1,1
2023-02-08 05:28:13,2,1,1
2023-02-08 05:28:21,2,1,1
2023-02-08 05:28:28,3,1,1
2023-02-08 05:28:41,3,1,1
2023-02-08 05:28:48,2,1,1
2023-02-08 05:28:51,4,1,1
2023-02-08 05:29:23,3,1,1
2023-02-08 05:45:38,2,1,1
2023-02-08 05:46:58,1,1,1
2023-02-08 05:47:21,2,1,1
2023-02-08 05:47:26,2,1,1
2023-02-08 05:47:32,2,1,1
2023-02-08 05:47:41,2,1,1
2023-02-08 06:04:54,2,1,1
2023-02-08 06:06:13,1,1,1
2023-02-08 06:06:35,2,1,1
2023-02-08 06:06:41,2,1,1
2023-02-08 06:06:45,2,1,1
2023-02-08 06:06:53,2,1,1
2023-02-08 06:06:58,2,1,1
2023-02-08 06:07:08,2,1,1
2023-02-08 06:07:18,2,1,1
2023-02-08 06:07:22,3,1,1
2023-02-08 06:07:33,3,1,1
2023-02-08 06:07:45,2,1,1
2023-02-08 06:08:30,3,1,1
2023-02-08 06:08:43,2,1,1
2023-02-08 06:09:24,3,1,1
2023-02-08 06:09:40,2,1,1
2023-02-08 06:10:34,3,1,1
2023-02-08 06:10:45,2,1,1
2023-02-08 06:11:35,3,1,1
2023-02-08 06:11:49,2,1,1
2023-02-08 06:12:53,4,1,1
2023-02-08 06:13:05,1,1,1
2023-02-08 06:13:18,3,1,1
2023-02-08 06:13:30,2,1,1
2023-02-08 06:14:17,3,1,1
2023-02-08 06:14:45,2,1,1
2023-02-08 06:16:26,3,1,1
2023-02-08 06:16:37,2,1,1
2023-02-08 06:17:38,3,1,1
2023-02-08 06:17:53,2,1,1
2023-02-08 06:18:53,3,1,1
2023-02-08 06:19:21,2,1,1
2023-02-08 06:19:48,2,1,1
2023-02-08 06:20:55,5,2,2
2023-02-08 06:21:19,2,1,1
2023-02-08 06:21:23,2,1,1
2023-02-08 06:21:29,2,1,1
2023-02-08 06:21:39,2,1,1
2023-02-08 06:39:04,2,1,1
2023-02-08 06:40:07,1,1,1
2023-02-08 06:40:20,2,1,1
2023-02-08 06:40:27,2,1,1
2023-02-08 06:40:31,2,1,1
2023-02-08 06:40:40,2,1,1
2023-02-08 06:40:48,2,1,1
2023-02-08 06:40:56,2,1,1
2023-02-08 06:41:06,2,1,1
2023-02-08 06:41:11,3,1,1
2023-02-08 06:41:26,3,1,1
2023-02-08 06:41:38,2,1,1
2023-02-08 06:42:13,3,1,1
2023-02-08 06:42:31,2,1,1
2023-02-08 06:43:18,3,1,1
2023-02-08 06:43:30,2,1,1
2023-02-08 06:44:14,3,1,1
2023-02-08 06:44:23,2,1,1
2023-02-08 06:45:06,3,1,1
2023-02-08 06:45:14,2,1,1
2023-02-08 06:46:21,4,1,1
2023-02-08 06:58:20,2,1,1
2023-02-08 06:59:49,1,1,1
2023-02-08 07:00:06,2,1,1
2023-02-08 07:00:09,2,1,1
2023-02-08 07:00:14,2,1,1
2023-02-08 07:00:18,2,1,1
2023-02-08 07:00:27,2,1,1
2023-02-08 07:00:37,2,1,1
2023-02-08 07:00:43,2,1,1
2023-02-08 07:00:51,3,1,1
2023-02-08 07:01:01,3,1,1
2023-02-08 07:01:13,2,1,1
2023-02-08 07:01:43,3,1,1
2023-02-08 07:58:21,2,1,1
2023-02-08 07:59:34,1,1,1
2023-02-08 07:59:43,2,1,1
2023-02-08 07:59:46,2,1,1
2023-02-08 07:59:51,2,1,1
2023-02-08 08:00:03,2,1,1
2023-02-08 08:00:09,2,1,1
2023-02-08 08:00:21,2,1,1
2023-02-08 08:00:27,2,1,1
2023-02-08 08:07:34,2,1,1
2023-02-08 08:09:01,1,1,1
2023-02-08 08:09:24,2,1,1
2023-02-08 08:09:27,2,1,1
2023-02-08 08:09:32,2,1,1
2023-02-08 08:09:38,2,1,1
2023-02-08 08:09:42,2,1,1
2023-02-08 08:30:22,2,1,1
2023-02-08 08:32:01,1,1,1
2023-02-08 08:32:22,2,1,1
2023-02-08 08:32:28,2,1,1
2023-02-08 08:32:34,2,1,1
2023-02-08 08:32:43,2,1,1
2023-02-08 08:32:44,2,1,1
2023-02-08 08:32:52,2,1,1
2023-02-08 08:32:59,2,1,1
2023-02-08 08:33:11,2,1,1
2023-02-08 08:33:17,3,1,1
2023-02-08 08:33:30,3,1,1
2023-02-08 08:33:38,2,1,1
2023-02-08 08:34:03,1,1,1
2023-02-08 08:34:13,2,1,1
2023-02-08 08:34:16,2,1,1
2023-02-08 08:34:20,2,1,1
2023-02-08 08:34:22,3,1,1
2023-02-08 08:34:29,2,1,1
2023-02-08 08:34:32,2,1,1
2023-02-08 08:34:39,2,1,1
2023-02-08 08:34:47,2,1,1
2023-02-08 08:34:53,2,1,1
2023-02-08 08:35:23,3,1,1
2023-02-08 08:38:25,2,1,1
2023-02-08 08:39:38,1,1,1
2023-02-08 08:39:58,2,1,1
2023-02-08 08:40:03,2,1,1
2023-02-08 08:40:05,2,1,1
2023-02-08 08:40:17,2,1,1
2023-02-08 08:40:25,2,1,1
2023-02-08 08:44:06,2,1,1
2023-02-08 08:45:17,1,1,1
2023-02-08 08:45:28,2,1,1
2023-02-08 08:45:31,2,1,1
2023-02-08 08:45:36,2,1,1
2023-02-08 08:45:44,2,1,1
2023-02-08 08:45:48,2,1,1
2023-02-08 08:45:55,2,1,1
2023-02-08 08:46:04,2,1,1
2023-02-08 09:08:55,2,1,1
2023-02-08 09:10:12,1,1,1
2023-02-08 09:10:27,2,1,1
2023-02-08 09:31:43,2,1,1
2023-02-08 09:32:44,1,1,1
2023-02-08 09:33:03,2,1,1
2023-02-08 09:33:07,2,1,1
2023-02-08 09:40:56,2,1,1
2023-02-08 09:41:59,1,1,1
2023-02-08 09:42:19,2,1,1
2023-02-08 09:42:23,2,1,1
2023-02-08 09:42:26,2,1,1
2023-02-08 09:42:33,2,1,1
2023-02-08 09:42:44,2,1,1
2023-02-08 09:42:48,2,1,1
2023-02-08 09:43:00,2,1,1
2023-02-08 09:43:06,3,1,1
2023-02-08 09:43:17,3,1,1
2023-02-08 09:43:28,2,1,1
2023-02-08 09:44:10,3,1,1
2023-02-08 09:44:19,2,1,1
2023-02-08 09:45:11,3,1,1
2023-02-08 09:54:31,2,1,1
2023-02-08 09:55:33,1,1,1
2023-02-08 09:55:58,2,1,1
2023-02-08 10:08:06,2,1,1
2023-02-08 10:09:12,1,1,1
2023-02-08 10:09:32,2,1,1
2023-02-08 10:09:35,2,1,1
2023-02-08 10:12:20,2,1,1
2023-02-08 10:13:34,1,1,1
2023-02-08 10:14:01,2,1,1
2023-02-08 10:14:08,2,1,1
2023-02-08 10:14:13,2,1,1
2023-02-08 10:14:20,2,1,1
2023-02-08 10:14:27,2,1,1
2023-02-08 10:14:35,2,1,1
2023-02-08 10:14:41,2,1,1
2023-02-08 10:14:47,3,1,1
2023-02-08 10:14:58,3,1,1
2023-02-08 10:15:10,2,1,1
2023-02-08 10:15:49,3,1,1
2023-02-08 10:15:57,2,1,1
2023-02-08 10:16:38,3,1,1
2023-02-08 10:16:46,2,1,1
2023-02-08 10:17:45,3,1,1
2023-02-08 10:17:50,2,1,1
2023-02-08 10:18:42,3,1,1
2023-02-08 10:18:53,2,1,1
2023-02-08 10:20:06,4,1,1
2023-02-08 10:32:55,2,1,1
2023-02-08 10:34:10,1,1,1
2023-02-08 10:34:37,2,1,1
2023-02-08 10:34:42,2,1,1
2023-02-08 10:34:48,2,1,1
2023-02-08 11:14:09,2,1,1
2023-02-08 11:19:50,2,1,1
2023-02-08 11:20:48,1,1,1
2023-02-08 11:21:02,2,1,1
2023-02-08 11:21:06,2,1,1
2023-02-08 11:21:12,2,1,1
2023-02-08 11:21:20,2,1,1
2023-02-08 11:21:25,1,1,1
2023-02-08 11:24:04,2,1,1
2023-02-08 11:25:02,1,1,1
2023-02-08 11:25:24,2,1,1
2023-02-08 11:25:29,2,1,1
2023-02-08 11:25:32,2,1,1
2023-02-08 11:25:36,2,1,1
2023-02-08 11:25:45,2,1,1
2023-02-08 11:25:50,2,1,1
2023-02-08 11:25:57,2,1,1
2023-02-08 11:26:04,3,1,1
2023-02-08 11:26:12,3,1,1
2023-02-08 11:26:21,2,1,1
2023-02-08 11:26:56,2,1,1
2023-02-08 11:27:09,2,1,1
2023-02-08 11:27:59,3,1,1
2023-02-08 11:28:14,2,1,1
2023-02-08 11:29:17,3,1,1
2023-02-08 11:29:23,2,1,1
2023-02-08 11:30:22,3,1,1
2023-02-08 11:42:30,2,1,1
2023-02-08 11:44:05,1,1,1
2023-02-08 11:44:34,2,1,1
2023-02-08 11:44:39,2,1,1
2023-02-08 11:44:45,2,1,1
2023-02-08 11:44:53,2,1,1
2023-02-08 11:44:58,2,1,1
2023-02-08 11:45:06,2,1,1
2023-02-08 11:45:15,2,1,1
2023-02-08 11:45:19,3,1,1
2023-02-08 11:45:26,3,1,1
2023-02-08 11:45:35,2,1,1
2023-02-08 11:46:19,3,1,1
2023-02-08 11:46:33,2,1,1
2023-02-08 11:47:13,3,1,1
2023-02-08 11:47:27,2,1,1
2023-02-08 11:48:08,2,1,1
2023-02-08 11:48:20,2,1,1
2023-02-08 11:49:17,2,1,1
2023-02-08 11:54:28,2,1,1
2023-02-08 11:56:05,2,1,1
2023-02-08 11:56:59,1,1,1
2023-02-08 11:57:14,2,1,1
2023-02-08 11:57:17,2,1,1
2023-02-08 11:57:20,2,1,1
2023-02-08 11:57:27,2,1,1
2023-02-08 11:57:32,2,1,1
2023-02-08 11:57:39,2,1,1
2023-02-08 11:57:50,2,1,1
2023-02-08 11:57:54,3,1,1
2023-02-08 11:58:05,3,1,1
2023-02-08 11:58:17,2,1,1
2023-02-08 11:59:00,3,1,1
2023-02-08 11:59:15,2,1,1
2023-02-08 12:00:10,2,1,1
2023-02-08 12:00:19,2,1,1
2023-02-08 12:00:58,3,1,1
2023-02-08 12:01:09,2,1,1
2023-02-08 12:01:49,3,1,1
2023-02-08 12:10:59,2,1,1
2023-02-08 12:12:02,1,1,1
2023-02-08 12:12:12,2,1,1
2023-02-08 12:12:15,2,1,1
2023-02-08 12:12:21,2,1,1
2023-02-08 12:12:25,2,1,1
2023-02-08 12:12:34,2,1,1
2023-02-08 12:12:41,2,1,1
2023-02-08 12:12:51,2,1,1
2023-02-08 12:12:57,3,1,1
2023-02-08 12:13:03,3,1,1
2023-02-08 12:13:10,2,1,1
2023-02-08 12:13:49,3,1,1
2023-02-08 12:13:59,2,1,1
2023-02-08 12:14:42,3,1,1
2023-02-08 12:14:59,2,1,1
2023-02-08 12:15:57,3,1,1
2023-02-08 12:16:06,2,1,1
2023-02-08 12:16:40,2,1,1
2023-02-08 12:16:49,3,1,1
2023-02-08 12:16:59,2,1,1
2023-02-08 12:17:55,1,1,1
2023-02-08 12:18:07,2,1,1
2023-02-08 12:18:08,4,1,1
2023-02-08 12:18:12,2,1,1
2023-02-08 12:18:15,2,1,1
2023-02-08 12:18:21,2,1,1
2023-02-08 12:18:27,2,1,1
2023-02-08 12:18:33,2,1,1
2023-02-08 12:18:41,2,1,1
2023-02-08 12:18:45,3,1,1
2023-02-08 12:18:50,3,1,1
2023-02-08 12:19:00,2,1,1
2023-02-08 12:19:39,3,1,1
2023-02-08 12:19:56,2,1,1
2023-02-08 12:20:41,3,1,1
2023-02-08 12:20:51,2,1,1
2023-02-08 12:21:36,3,1,1
2023-02-08 12:21:44,2,1,1
2023-02-08 12:22:27,3,1,1
2023-02-08 12:22:35,2,1,1
2023-02-08 12:23:51,4,1,1
2023-02-08 12:31:34,2,1,1
2023-02-08 12:32:26,1,1,1
2023-02-08 12:32:48,2,1,1
2023-02-08 12:32:51,2,1,1
2023-02-08 12:32:54,2,1,1
2023-02-08 12:32:58,2,1,1
2023-02-08 12:33:05,2,1,1
2023-02-08 12:33:14,2,1,1
2023-02-08 12:33:24,2,1,1
2023-02-08 12:33:28,3,1,1
2023-02-08 12:33:39,3,1,1
2023-02-08 12:33:47,2,1,1
2023-02-08 12:34:31,3,1,1
2023-02-08 12:34:42,2,1,1
2023-02-08 12:35:28,3,1,1
2023-02-08 12:35:41,2,1,1
2023-02-08 12:36:25,3,1,1
2023-02-08 12:36:30,2,1,1
2023-02-08 12:37:04,3,1,1
2023-02-08 12:37:16,2,1,1
2023-02-08 12:38:30,4,1,1
2023-02-08 12:45:09,2,1,1
2023-02-08 12:46:40,1,1,1
2023-02-08 12:47:03,2,1,1
2023-02-08 13:00:58,2,1,1
2023-02-08 13:02:05,1,1,1
2023-02-08 13:02:29,2,1,1
2023-02-08 13:02:32,2,1,1
2023-02-08 13:02:38,2,1,1
2023-02-08 13:02:45,2,1,1
2023-02-08 13:02:50,2,1,1
2023-02-08 13:03:00,2,1,1
2023-02-08 13:03:10,2,1,1
2023-02-08 13:03:18,3,1,1
2023-02-08 13:03:24,3,1,1
2023-02-08 13:03:34,2,1,1
2023-02-08 13:04:09,3,1,1
2023-02-08 13:04:18,2,1,1
2023-02-08 13:05:07,3,1,1
2023-02-08 13:14:33,2,1,1
2023-02-08 13:15:57,1,1,1
2023-02-08 13:16:27,2,1,1
2023-02-08 13:23:46,2,1,1
2023-02-08 13:25:24,1,1,1
2023-02-08 13:25:44,2,1,1
2023-02-08 13:25:47,2,1,1
2023-02-08 13:25:53,2,1,1
2023-02-08 13:25:57,2,1,1
2023-02-08 13:26:08,2,1,1
2023-02-08 13:26:18,2,1,1
2023-02-08 13:26:24,2,1,1
2023-02-08 13:26:32,3,1,1
2023-02-08 13:26:47,3,1,1
2023-02-08 13:26:58,2,1,1
2023-02-08 13:27:39,3,1,1
2023-02-08 13:37:13,2,1,1
2023-02-08 13:38:31,1,1,1
2023-02-08 13:38:51,2,1,1
2023-02-08 13:38:55,2,1,1
2023-02-08 13:39:01,2,1,1
2023-02-08 13:39:10,2,1,1
2023-02-08 13:39:17,2,1,1
2023-02-08 13:39:24,2,1,1
2023-02-08 13:39:36,2,1,1
2023-02-08 13:39:40,3,1,1
2023-02-08 13:39:48,3,1,1
2023-02-08 13:39:58,2,1,1
2023-02-08 13:40:28,3,1,1
2023-02-08 13:40:43,2,1,1
2023-02-08 13:41:37,3,1,1
2023-02-08 13:41:51,2,1,1
2023-02-08 13:42:40,3,1,1
2023-02-08 13:42:45,2,1,1
2023-02-08 13:43:23,3,1,1
2023-02-08 13:43:32,2,1,1
2023-02-08 13:44:47,4,1,1
2023-02-08 13:46:26,2,1,1
2023-02-08 13:47:59,1,1,1
2023-02-08 13:48:16,2,1,1
2023-02-08 13:48:20,2,1,1
2023-02-08 13:50:40,2,1,1
2023-02-08 13:51:45,1,1,1
2023-02-08 13:52:11,2,1,1
2023-02-08 13:52:15,1,1,1
2023-02-08 14:04:15,2,1,1
2023-02-08 14:05:46,1,1,1
2023-02-08 14:05:55,2,1,1
2023-02-08 14:05:59,2,1,1
2023-02-08 14:06:03,2,1,1
2023-02-08 14:06:09,2,1,1
2023-02-08 14:06:17,2,1,1
2023-02-08 14:06:22,2,1,1
2023-02-08 14:06:32,2,1,1
2023-02-08 14:06:35,3,1,1
2023-02-08 14:15:50,2,1,1
2023-02-08 14:17:21,1,1,1
2023-02-08 14:17:39,2,1,1
2023-02-08 14:44:19,2,1,1
2023-02-08 14:45:35,1,1,1
2023-02-08 14:45:57,2,1,1
2023-02-08 14:46:02,2,1,1
2023-02-08 14:46:05,2,1,1
2023-02-08 14:46:09,2,1,1
2023-02-08 14:46:14,2,1,1
2023-02-08 14:46:20,2,1,1
2023-02-08 14:46:27,2,1,1
2023-02-08 14:46:30,3,1,1
2023-02-08 14:55:50,1,1,1
2023-02-08 14:56:03,3,1,1
2023-02-08 14:56:18,2,1,1
2023-02-08 14:57:26,3,1,1
2023-02-08 14:57:50,2,1,1
2023-02-08 14:57:54,2,1,1
2023-02-08 14:59:09,3,1,1
2023-02-08 14:59:24,3,2,2
2023-02-08 14:59:34,2,1,1
2023-02-08 15:00:32,3,1,1
2023-02-08 15:00:48,2,1,1
2023-02-08 15:01:35,3,1,1
2023-02-08 15:02:02,2,1,1
2023-02-08 15:03:15,4,1,1
2023-02-08 15:17:10,2,1,1
2023-02-08 15:18:40,1,1,1
2023-02-08 15:19:00,2,1,1
2023-02-08 15:19:07,2,1,1
2023-02-08 15:19:10,2,1,1
2023-02-08 15:19:15,2,1,1
2023-02-08 15:19:20,2,1,1
2023-02-08 15:19:25,2,1,1
2023-02-08 15:19:32,2,1,1
2023-02-08 15:19:35,3,1,1
2023-02-08 15:19:48,3,1,1
2023-02-08 15:19:59,2,1,1
2023-02-08 15:20:44,3,1,1
2023-02-08 15:30:45,2,1,1
2023-02-08 15:32:24,1,1,1
2023-02-08 15:32:44,2,1,1
2023-02-08 15:32:47,2,1,1
2023-02-08 15:32:52,2,1,1
2023-02-08 15:32:57,2,1,1
2023-02-08 15:33:07,2,1,1
2023-02-08 15:33:12,2,1,1
2023-02-08 15:33:19,2,1,1
2023-02-08 15:33:25,3,1,1
2023-02-08 15:34:59,2,1,1
2023-02-08 15:36:34,1,1,1
2023-02-08 15:37:03,2,1,1
2023-02-08 15:37:08,2,1,1
2023-02-08 15:48:34,2,1,1
2023-02-08 15:50:12,1,1,1
2023-02-08 15:50:40,2,1,1
2023-02-08 15:50:44,2,1,1
2023-02-08 16:02:09,2,1,1
2023-02-08 16:03:11,1,1,1
2023-02-08 16:03:28,2,1,1
2023-02-08 16:03:33,2,1,1
2023-02-08 16:06:23,2,1,1
2023-02-08 16:07:47,1,1,1
2023-02-08 16:08:04,2,1,1
2023-02-08 16:08:09,2,1,1
2023-02-08 16:08:13,2,1,1
2023-02-08 16:13:59,1,1,1
2023-02-08 16:14:16,3,1,1
2023-02-08 16:14:27,2,1,1
2023-02-08 16:15:21,3,1,1
2023-02-08 16:15:37,2,1,1
2023-02-08 16:17:16,3,1,1
2023-02-08 16:17:36,2,1,1
2023-02-08 16:18:40,3,1,1
2023-02-08 16:18:59,2,1,1
2023-02-08 16:20:11,3,1,1
2023-02-08 16:20:38,2,1,1
2023-02-08 16:21:41,4,1,1
2023-02-08 16:56:21,2,1,1
2023-02-08 16:57:15,1,1,1
2023-02-08 16:57:43,2,1,1
2023-02-08 16:57:46,2,1,1
2023-02-08 16:57:50,2,1,1
2023-02-08 17:19:25,1,1,1
2023-02-08 17:19:39,3,1,1
2023-02-08 17:19:53,2,1,1
2023-02-08 17:20:47,2,1,1
2023-02-08 17:21:08,2,1,1
2023-02-08 17:22:01,3,1,1
2023-02-08 17:22:11,2,1,1
2023-02-08 17:23:35,2,1,1
2023-02-08 17:23:56,2,1,1
2023-02-08 17:24:59,3,1,1
2023-02-08 17:25:32,3,1,1
2023-02-08 17:28:22,2,1,1
2023-02-08 17:29:36,1,1,1
2023-02-08 17:30:01,2,1,1
2023-02-08 17:30:06,2,1,1
2023-02-08 17:30:09,2,1,1
2023-02-08 17:30:16,2,1,1
2023-02-08 17:30:24,2,1,1
2023-02-08 17:30:30,2,1,1
2023-02-08 17:30:40,2,1,1
2023-02-08 17:30:44,3,1,1
2023-02-08 17:30:59,3,1,1
2023-02-08 17:31:05,2,1,1
2023-02-08 17:31:47,3,1,1
2023-02-08 17:31:56,2,1,1
2023-02-08 17:32:50,3,1,1
2023-02-08 17:33:01,2,1,1
2023-02-08 17:33:46,3,1,1
2023-02-08 17:33:58,2,1,1
2023-02-08 17:34:55,2,1,1
2023-02-08 17:37:35,2,1,1
2023-02-08 17:38:34,1,1,1
2023-02-08 17:38:57,2,1,1
2023-02-08 17:39:02,2,1,1
2023-02-08 17:39:06,2,1,1
2023-02-08 17:56:01,2,1,1
2023-02-08 17:57:21,1,1,1
2023-02-08 17:57:40,2,1,1
2023-02-08 17:57:43,2,1,1
2023-02-08 17:57:45,2,1,1
2023-02-08 17:57:57,2,1,1
2023-02-08 17:58:02,2,1,1
2023-02-08 17:58:11,2,1,1
2023-02-08 18:07:36,2,1,1
2023-02-08 18:08:35,1,1,1
2023-02-08 18:08:50,2,1,1
2023-02-08 18:08:54,2,1,1
2023-02-08 18:08:59,2,1,1
2023-02-08 18:09:08,2,1,1
2023-02-08 18:09:17,2,1,1
2023-02-08 18:09:27,2,1,1
2023-02-08 18:09:32,2,1,1
2023-02-08 18:09:41,1,1,1
2023-02-08 18:16:49,2,1,1
2023-02-08 18:17:57,1,1,1
2023-02-08 18:18:11,2,1,1
2023-02-08 18:18:16,2,1,1
2023-02-08 18:18:19,2,1,1
2023-02-08 18:18:25,2,1,1
2023-02-08 18:18:34,2,1,1
2023-02-08 18:18:42,2,1,1
2023-02-08 18:18:51,2,1,1
2023-02-08 18:18:57,3,1,1
2023-02-08 18:19:11,2,1,1
2023-02-08 18:20:22,1,1,1
2023-02-08 18:20:33,2,1,1
2023-02-08 18:20:36,2,1,1
2023-02-08 18:20:39,2,1,1
2023-02-08 18:20:50,2,1,1
2023-02-08 18:20:54,2,1,1
2023-02-08 18:21:33,2,1,1
2023-02-08 18:22:26,1,1,1
2023-02-08 18:22:41,2,1,1
2023-02-08 18:22:48,2,1,1
2023-02-08 18:22:52,2,1,1
2023-02-08 18:22:58,2,1,1
2023-02-08 18:23:06,2,1,1
2023-02-08 18:23:13,2,1,1
2023-02-08 18:23:19,2,1,1
2023-02-08 18:23:26,3,1,1
2023-02-08 18:23:36,3,1,1
2023-02-08 18:23:46,2,1,1
2023-02-08 18:23:55,2,1,1
2023-02-08 18:24:22,3,1,1
2023-02-08 18:24:30,1,1,1
2023-02-08 18:24:41,2,1,1
2023-02-08 18:25:35,3,1,1
2023-02-08 18:25:51,2,1,1
2023-02-08 18:26:39,3,1,1
2023-02-08 18:29:36,2,1,1
2023-02-08 18:30:56,1,1,1
2023-02-08 18:31:20,2,1,1
2023-02-08 18:31:25,2,1,1
2023-02-08 18:31:30,2,1,1
2023-02-08 18:31:37,2,1,1
2023-02-08 18:31:48,2,1,1
2023-02-08 18:31:56,2,1,1
2023-02-08 18:32:02,2,1,1
2023-02-08 18:32:10,3,1,1
2023-02-08 18:32:23,3,1,1
2023-02-08 18:32:33,2,1,1
2023-02-08 18:33:07,3,1,1
2023-02-08 18:33:19,2,1,1
2023-02-08 18:34:03,3,1,1
2023-02-08 18:34:20,2,1,1
2023-02-08 18:35:20,3,1,1
2023-02-08 18:51:06,2,1,1
2023-02-08 18:51:44,1,1,1
2023-02-08 19:00:19,2,1,1
2023-02-08 19:01:59,1,1,1
2023-02-08 19:02:15,2,1,1
2023-02-08 19:02:20,2,1,1
2023-02-08 19:02:25,2,1,1
2023-02-08 19:02:31,2,1,1
2023-02-08 19:02:38,2,1,1
2023-02-08 19:02:51,2,1,1
2023-02-08 19:02:55,2,1,1
2023-02-08 19:13:54,2,1,1
2023-02-08 19:15:20,1,1,1
2023-02-08 19:15:35,2,1,1
2023-02-08 19:15:40,2,1,1
2023-02-08 19:15:46,2,1,1
2023-02-08 19:15:52,2,1,1
2023-02-08 19:16:03,2,1,1
2023-02-08 19:16:10,2,1,1
2023-02-08 19:16:16,2,1,1
2023-02-08 19:16:17,2,1,1
2023-02-08 19:16:24,3,1,1
2023-02-08 19:16:36,3,1,1
2023-02-08 19:16:43,2,1,1
2023-02-08 19:17:18,3,1,1
2023-02-08 19:17:47,1,1,1
2023-02-08 19:18:12,2,1,1
2023-02-08 19:18:15,2,1,1
2023-02-08 19:18:21,2,1,1
2023-02-08 19:18:31,2,1,1
2023-02-08 19:18:39,2,1,1
2023-02-08 19:29:51,2,1,1
2023-02-08 19:31:26,1,1,1
2023-02-08 19:31:40,2,1,1
2023-02-08 19:31:43,2,1,1
2023-02-08 19:31:46,2,1,1
2023-02-08 19:31:55,2,1,1
2023-02-08 19:32:01,2,1,1
2023-02-08 19:32:09,2,1,1
2023-02-08 19:32:15,2,1,1
2023-02-08 19:32:21,3,1,1
2023-02-08 19:32:30,3,1,1
2023-02-08 19:32:43,2,1,1
2023-02-08 19:33:26,3,1,1
2023-02-08 19:33:38,2,1,1
2023-02-08 19:33:39,1,1,1
2023-02-08 19:33:52,3,1,1
2023-02-08 19:34:02,2,1,1
2023-02-08 19:34:05,2,1,1
2023-02-08 19:34:27,3,1,1
2023-02-08 19:34:43,2,1,1
2023-02-08 19:34:49,3,1,1
2023-02-08 19:35:08,2,1,1
2023-02-08 19:35:34,1,1,1
2023-02-08 19:35:43,5,2,2
2023-02-08 19:35:50,2,1,1
2023-02-08 19:35:53,2,1,1
2023-02-08 19:35:55,2,1,1
2023-02-08 19:35:59,2,1,1
2023-02-08 19:36:06,2,1,1
2023-02-08 19:36:13,2,1,1
2023-02-08 19:36:16,3,1,1
2023-02-08 19:36:24,2,1,1
2023-02-08 19:36:27,3,1,1
2023-02-08 19:36:35,5,2,2
2023-02-08 19:36:38,3,1,1
2023-02-08 19:36:44,2,1,1
2023-02-08 19:36:48,2,1,1
2023-02-08 19:37:22,3,1,1
2023-02-08 19:37:39,3,1,1
2023-02-08 19:37:52,2,1,1
2023-02-08 19:38:20,4,1,1
2023-02-08 19:39:04,2,1,1
2023-02-08 19:39:33,2,1,1
2023-02-08 19:39:46,2,1,1
2023-02-08 19:40:51,1,1,1
2023-02-08 19:40:59,3,1,1
2023-02-08 19:41:08,2,1,1
2023-02-08 19:45:27,2,1,1
2023-02-08 19:46:34,1,1,1
2023-02-08 19:46:58,2,1,1
2023-02-08 19:47:05,2,1,1
2023-02-08 19:47:09,2,1,1
2023-02-08 19:47:16,2,1,1
2023-02-08 19:47:24,2,1,1
2023-02-08 19:47:30,2,1,1
2023-02-08 19:47:39,2,1,1
2023-02-08 19:47:43,3,1,1
2023-02-08 19:47:57,3,1,1
2023-02-08 19:48:06,2,1,1
2023-02-08 19:48:39,3,1,1
2023-02-08 19:48:51,2,1,1
2023-02-08 19:49:46,3,1,1
2023-02-08 19:50:03,2,1,1
2023-02-08 19:50:45,3,1,1
2023-02-08 19:50:55,2,1,1
2023-02-08 19:51:44,3,1,1
2023-02-08 19:51:52,2,1,1
2023-02-08 19:53:15,4,1,1
2023-02-08 19:54:40,2,1,1
2023-02-08 19:55:43,1,1,1
2023-02-08 19:56:08,2,1,1
2023-02-08 19:56:13,2,1,1
2023-02-08 19:56:15,1,1,1
2023-02-08 20:17:28,2,1,1
2023-02-08 20:18:52,1,1,1
2023-02-08 20:19:06,2,1,1
2023-02-08 20:31:03,2,1,1
2023-02-08 20:32:19,1,1,1
2023-02-08 20:32:33,2,1,1
2023-02-08 20:32:38,2,1,1
2023-02-08 20:32:40,2,1,1
2023-02-08 20:32:50,2,1,1
2023-02-08 20:42:47,1,1,1
2023-02-08 20:42:59,3,1,1
2023-02-08 20:43:11,2,1,1
2023-02-08 20:44:18,3,1,1
2023-02-08 20:44:35,2,1,1
2023-02-08 20:45:57,2,1,1
2023-02-08 20:46:11,3,1,1
2023-02-08 20:46:32,2,1,1
2023-02-08 20:47:30,3,1,1
2023-02-08 20:47:37,1,1,1
2023-02-08 20:47:48,2,1,1
2023-02-08 20:47:49,2,1,1
2023-02-08 20:47:56,2,1,1
2023-02-08 20:48:01,2,1,1
2023-02-08 20:48:08,2,1,1
2023-02-08 20:48:15,2,1,1
2023-02-08 20:48:23,2,1,1
2023-02-08 20:48:34,2,1,1
2023-02-08 20:48:38,3,1,1
2023-02-08 20:48:50,3,1,1
2023-02-08 20:48:53,3,1,1
2023-02-08 20:49:01,2,1,1
2023-02-08 20:49:18,2,1,1
2023-02-08 20:49:39,3,1,1
2023-02-08 20:49:52,2,1,1
2023-02-08 20:50:25,4,1,1
2023-02-08 20:50:38,3,1,1
2023-02-08 20:50:47,2,1,1
2023-02-08 20:51:27,3,1,1
2023-02-08 20:51:32,2,1,1
2023-02-08 20:52:09,3,1,1
2023-02-08 20:52:23,2,1,1
2023-02-08 20:53:26,4,1,1
2023-02-08 20:55:52,2,1,1
2023-02-08 20:57:19,1,1,1
2023-02-08 20:57:33,2,1,1
2023-02-08 20:57:37,2,1,1
2023-02-08 20:57:41,2,1,1
2023-02-08 20:57:47,2,1,1
2023-02-08 20:57:54,2,1,1
2023-02-08 20:58:02,1,1,1
2023-02-08 21:09:27,2,1,1
2023-02-08 21:10:22,1,1,1
2023-02-08 21:10:33,2,1,1
2023-02-08 21:10:40,2,1,1
2023-02-08 21:10:43,2,1,1
2023-02-08 21:10:49,2,1,1
2023-02-08 21:10:56,2,1,1
2023-02-08 21:11:00,2,1,1
2023-02-08 21:11:06,2,1,1
2023-02-08 21:11:12,3,1,1
2023-02-08 21:18:40,2,1,1
2023-02-08 21:18:58,1,1,1
2023-02-08 21:19:13,3,1,1
2023-02-08 21:19:28,2,1,1
2023-02-08 21:20:09,1,1,1
2023-02-08 21:20:28,2,1,1
2023-02-08 21:20:33,2,1,1
2023-02-08 21:20:37,2,1,1
2023-02-08 21:20:47,3,1,1
2023-02-08 21:27:53,2,1,1
2023-02-08 21:29:26,1,1,1
2023-02-08 21:29:54,2,1,1
2023-02-08 21:41:28,2,1,1
2023-02-08 21:42:47,1,1,1
2023-02-08 21:43:05,2,1,1
2023-02-08 21:43:11,2,1,1
2023-02-08 21:43:16,2,1,1
2023-02-08 21:43:22,2,1,1
2023-02-08 21:43:30,2,1,1
2023-02-08 21:43:37,2,1,1
2023-02-08 21:43:48,2,1,1
2023-02-08 21:43:54,3,1,1
2023-02-08 22:26:19,2,1,1
2023-02-08 22:27:24,1,1,1
2023-02-08 22:27:47,2,1,1
2023-02-08 22:27:53,2,1,1
2023-02-08 22:27:58,2,1,1
2023-02-08 22:28:07,2,1,1
2023-02-08 22:28:14,2,1,1
2023-02-08 22:28:23,2,1,1
2023-02-08 22:28:32,2,1,1
2023-02-08 22:28:37,3,1,1
2023-02-08 22:28:50,3,1,1
2023-02-08 22:28:56,2,1,1
2023-02-08 22:29:29,3,1,1
2023-02-08 22:29:44,2,1,1
2023-02-08 22:30:33,3,1,1
2023-02-08 22:30:50,2,1,1
2023-02-08 22:31:54,3,1,1
2023-02-08 22:32:06,2,1,1
2023-02-08 22:32:55,3,1,1
2023-02-08 22:33:05,2,1,1
2023-02-08 22:34:29,2,1,1
2023-02-08 22:35:32,2,1,1
2023-02-08 22:35:38,1,1,1
2023-02-08 22:48:40,1,1,1
2023-02-08 22:48:53,3,1,1
2023-02-08 22:49:03,2,1,1
2023-02-08 22:50:18,3,1,1
2023-02-08 22:50:38,2,1,1
2023-02-08 22:51:41,2,1,1
2023-02-08 22:52:02,2,1,1
2023-02-08 22:53:17,3,1,1
2023-02-08 22:53:39,2,1,1
2023-02-08 22:54:35,3,1,1
2023-02-08 22:55:06,2,1,1
2023-02-08 22:57:00,3,1,1
2023-02-08 23:11:55,2,1,1
2023-02-08 23:13:02,1,1,1
2023-02-08 23:13:25,2,1,1
2023-02-08 23:20:01,1,1,1
2023-02-08 23:20:13,3,1,1
2023-02-08 23:20:26,2,1,1
2023-02-08 23:21:23,3,1,1
2023-02-08 23:21:53,2,1,1
2023-02-08 23:23:23,2,1,1
2023-02-08 23:23:36,2,1,1
2023-02-08 23:24:40,3,1,1
2023-02-08 23:24:57,2,1,1
2023-02-08 23:25:14,1,1,1
2023-02-08 23:25:26,2,1,1
2023-02-08 23:25:49,3,1,1
2023-02-08 23:26:20,2,1,1
2023-02-08 23:26:29,4,1,1
2023-02-08 23:27:26,3,1,1
2023-02-08 23:39:05,2,1,1
2023-02-08 23:40:44,1,1,1
2023-02-08 23:40:57,2,1,1
2023-02-08 23:41:02,2,1,1
2023-02-08 23:41:07,2,1,1
2023-02-08 23:41:13,2,1,1
2023-02-08 23:41:21,2,1,1
2023-02-08 23:41:31,2,1,1
2023-02-08 23:41:41,2,1,1
2023-02-08 23:41:44,3,1,1
2023-02-08 23:41:52,3,1,1
2023-02-08 23:42:03,2,1,1
2023-02-08 23:42:42,2,1,1
2023-02-08 23:42:57,2,1,1
2023-02-08 23:43:50,3,1,1
2023-02-08 23:44:02,2,1,1
2023-02-08 23:44:44,3,1,1
2023-02-08 23:56:54,2,1,1
2023-02-08 23:57:51,1,1,1
2023-02-08 23:58:16,2,1,1
2023-02-08 23:58:19,2,1,1
2023-02-08 23:58:25,2,1,1
2023-02-08 23:58:33,2,1,1
2023-02-08 23:58:41,2,1,1
2023-02-08 23:58:54,2,1,1
2023-02-08 23:58:57,1,1,1
2023-02-08 23:59:16,2,1,1
2023-02-09 00:00:07,1,1,1
2023-02-09 00:00:21,2,1,1
2023-02-09 00:22:04,2,1,1
2023-02-09 00:23:07,1,1,1
2023-02-09 00:23:27,2,1,1
2023-02-09 00:23:33,2,1,1
2023-02-09 00:23:38,2,1,1
2023-02-09 00:23:43,2,1,1
2023-02-09 00:23:50,2,1,1
2023-02-09 00:23:56,2,1,1
2023-02-09 00:24:03,2,1,1
2023-02-09 00:24:06,3,1,1
2023-02-09 00:24:14,3,1,1
2023-02-09 00:24:23,2,1,1
2023-02-09 00:24:59,3,1,1
2023-02-09 00:25:11,2,1,1
2023-02-09 00:26:04,2,1,1
2023-02-09 00:26:18,2,1,1
2023-02-09 00:26:58,2,1,1
2023-02-09 00:35:31,2,1,1
2023-02-09 00:36:52,1,1,1
2023-02-09 00:37:21,2,1,1
2023-02-09 00:37:25,2,1,1
2023-02-09 00:37:30,2,1,1
2023-02-09 00:37:35,2,1,1
2023-02-09 00:37:41,2,1,1
2023-02-09 00:37:51,2,1,1
2023-02-09 00:37:58,2,1,1
2023-02-09 00:38:02,3,1,1
2023-02-09 00:38:15,3,1,1
2023-02-09 00:38:25,2,1,1
2023-02-09 00:39:09,3,1,1
2023-02-09 00:39:26,2,1,1
2023-02-09 00:40:14,3,1,1
2023-02-09 01:17:35,2,1,1
2023-02-09 01:58:20,2,1,1
2023-02-09 02:04:01,2,1,1
2023-02-09 02:05:32,1,1,1
2023-02-09 02:05:51,2,1,1
2023-02-09 02:05:56,2,1,1
2023-02-09 02:06:02,2,1,1
2023-02-09 02:06:10,2,1,1
2023-02-09 02:06:15,2,1,1
2023-02-09 02:17:36,2,1,1
2023-02-09 02:18:26,1,1,1
2023-02-09 02:18:50,2,1,1
2023-02-09 02:18:53,2,1,1
2023-02-09 02:18:59,2,1,1
2023-02-09 02:19:05,2,1,1
2023-02-09 02:19:14,2,1,1
2023-02-09 02:26:49,2,1,1
2023-02-09 02:28:25,1,1,1
2023-02-09 02:28:51,2,1,1
2023-02-09 02:28:58,2,1,1
2023-02-09 02:29:04,2,1,1
2023-02-09 02:29:11,2,1,1
2023-02-09 02:29:12,2,1,1
2023-02-09 02:29:18,2,1,1
2023-02-09 02:29:24,2,1,1
2023-02-09 02:29:31,2,1,1
2023-02-09 02:29:38,3,1,1
2023-02-09 02:29:51,3,1,1
2023-02-09 02:30:01,2,1,1
2023-02-09 02:30:04,1,1,1
2023-02-09 02:30:21,2,1,1
2023-02-09 02:30:25,2,1,1
2023-02-09 02:30:31,2,1,1
2023-02-09 02:30:35,4,2,2
2023-02-09 02:30:43,2,1,1
2023-02-09 02:30:45,2,1,1
2023-02-09 02:30:54,2,1,1
2023-02-09 02:31:00,2,1,1
2023-02-09 02:31:07,3,1,1
2023-02-09 02:31:34,3,1,1
2023-02-09 02:31:49,2,1,1
2023-02-09 02:32:42,3,1,1
2023-02-09 02:32:49,2,1,1
2023-02-09 02:33:24,3,1,1
2023-02-09 02:34:52,2,1,1
2023-02-09 02:35:55,1,1,1
2023-02-09 02:36:15,2,1,1
2023-02-09 02:36:20,2,1,1
2023-02-09 02:36:25,2,1,1
2023-02-09 02:36:32,2,1,1
2023-02-09 02:36:39,2,1,1
2023-02-09 02:36:45,2,1,1
2023-02-09 02:36:54,2,1,1
2023-02-09 02:36:59,3,1,1
2023-02-09 02:37:04,3,1,1
2023-02-09 02:37:14,2,1,1
2023-02-09 02:37:51,3,1,1
2023-02-09 02:38:10,2,1,1
2023-02-09 02:38:58,3,1,1
2023-02-09 02:39:13,2,1,1
2023-02-09 02:40:07,3,1,1
2023-02-09 02:40:12,2,1,1
2023-02-09 02:41:07,3,1,1
2023-02-09 02:41:16,2,1,1
2023-02-09 02:42:37,4,1,1
2023-02-09 02:58:57,1,1,1
2023-02-09 02:59:12,3,1,1
2023-02-09 02:59:27,2,1,1
2023-02-09 03:00:02,2,1,1
2023-02-09 03:00:34,3,1,1
2023-02-09 03:00:54,1,1,1
2023-02-09 03:01:02,2,1,1
2023-02-09 03:01:13,2,1,1
2023-02-09 03:01:16,2,1,1
2023-02-09 03:01:19,2,1,1
2023-02-09 03:01:31,1,1,1
2023-02-09 03:02:24,2,1,1
2023-02-09 03:02:42,3,1,1
2023-02-09 03:02:53,2,1,1
2023-02-09 03:03:23,1,1,1
2023-02-09 03:03:36,2,1,1
2023-02-09 03:04:12,3,1,1
2023-02-09 03:04:33,2,1,1
2023-02-09 03:05:36,3,1,1
2023-02-09 03:06:12,2,1,1
2023-02-09 03:07:15,1,1,1
2023-02-09 03:07:32,3,1,1
2023-02-09 03:07:44,2,1,1
2023-02-09 03:08:04,2,1,1
2023-02-09 03:08:41,3,1,1
2023-02-09 03:09:04,2,1,1
2023-02-09 03:10:07,2,1,1
2023-02-09 03:10:24,2,1,1
2023-02-09 03:11:26,3,1,1
2023-02-09 03:11:37,2,1,1
2023-02-09 03:11:38,2,1,1
2023-02-09 03:12:35,2,1,1
2023-02-09 03:12:54,1,1,1
2023-02-09 03:13:16,5,2,2
2023-02-09 03:13:19,2,1,1
2023-02-09 03:13:25,2,1,1
2023-02-09 03:13:34,2,1,1
2023-02-09 03:26:31,2,1,1
2023-02-09 03:27:34,1,1,1
2023-02-09 03:27:58,2,1,1
2023-02-09 03:28:04,2,1,1
2023-02-09 03:28:08,2,1,1
2023-02-09 03:28:13,2,1,1
2023-02-09 03:28:20,2,1,1
2023-02-09 03:28:28,2,1,1
2023-02-09 03:28:40,2,1,1
2023-02-09 03:28:44,3,1,1
2023-02-09 03:28:59,3,1,1
2023-02-09 03:29:10,2,1,1
2023-02-09 03:29:51,3,1,1
2023-02-09 03:30:00,2,1,1
2023-02-09 03:30:54,2,1,1
2023-02-09 03:35:44,2,1,1
2023-02-09 03:36:34,1,1,1
2023-02-09 03:36:46,2,1,1
2023-02-09 03:36:51,2,1,1
2023-02-09 03:36:54,2,1,1
2023-02-09 03:37:01,1,1,1
2023-02-09 03:51:41,2,1,1
2023-02-09 03:53:10,1,1,1
2023-02-09 03:53:22,2,1,1
2023-02-09 03:53:25,2,1,1
2023-02-09 03:53:29,2,1,1
2023-02-09 03:53:37,2,1,1
2023-02-09 03:53:46,2,1,1
2023-02-09 03:53:59,2,1,1
2023-02-09 04:00:54,2,1,1
2023-02-09 04:02:15,1,1,1
2023-02-09 04:02:33,2,1,1
2023-02-09 04:02:36,2,1,1
2023-02-09 04:02:40,2,1,1
2023-02-09 04:02:48,2,1,1
2023-02-09 04:02:55,2,1,1
2023-02-09 04:03:03,2,1,1
2023-02-09 04:03:12,2,1,1
2023-02-09 04:03:15,3,1,1
2023-02-09 04:03:22,3,1,1
2023-02-09 04:03:32,2,1,1
2023-02-09 04:04:14,3,1,1
2023-02-09 04:04:23,2,1,1
2023-02-09 04:05:04,3,1,1
2023-02-09 04:15:48,2,1,1
2023-02-09 04:16:52,1,1,1
2023-02-09 04:17:13,2,1,1
2023-02-09 04:17:17,2,1,1
2023-02-09 04:17:23,2,1,1
2023-02-09 04:17:27,2,1,1
2023-02-09 04:17:35,2,1,1
2023-02-09 04:17:44,2,1,1
2023-02-09 04:17:54,2,1,1
2023-02-09 04:17:57,3,1,1
2023-02-09 04:18:04,3,1,1
2023-02-09 04:18:14,2,1,1
2023-02-09 04:18:58,3,1,1
2023-02-09 04:19:16,2,1,1
2023-02-09 04:20:02,3,1,1
2023-02-09 04:29:23,2,1,1
2023-02-09 04:30:55,1,1,1
2023-02-09 04:31:09,2,1,1
2023-02-09 04:31:16,2,1,1
2023-02-09 04:31:22,2,1,1
2023-02-09 04:31:31,2,1,1
2023-02-09 04:31:37,2,1,1
2023-02-09 04:31:44,2,1,1
2023-02-09 04:31:52,2,1,1
2023-02-09 04:31:58,3,1,1
2023-02-09 04:32:06,3,1,1
2023-02-09 04:32:13,2,1,1
2023-02-09 04:32:49,3,1,1
2023-02-09 04:33:00,2,1,1
2023-02-09 04:33:52,3,1,1
2023-02-09 04:34:08,2,1,1
2023-02-09 04:35:12,3,1,1
2023-02-09 04:35:22,2,1,1
2023-02-09 04:36:00,3,1,1
2023-02-09 04:36:10,2,1,1
2023-02-09 04:37:31,4,1,1
2023-02-09 04:38:36,2,1,1
2023-02-09 04:39:31,1,1,1
2023-02-09 04:39:54,2,1,1
2023-02-09 04:39:59,2,1,1
2023-02-09 04:40:02,2,1,1
2023-02-09 04:40:10,2,1,1
2023-02-09 04:40:15,2,1,1
2023-02-09 04:40:25,2,1,1
2023-02-09 04:40:35,2,1,1
2023-02-09 04:40:39,3,1,1
2023-02-09 04:40:44,3,1,1
2023-02-09 04:40:51,2,1,1
2023-02-09 04:41:23,3,1,1
2023-02-09 04:41:34,2,1,1
2023-02-09 04:42:27,3,1,1
2023-02-09 04:56:25,2,1,1
2023-02-09 04:58:02,1,1,1
2023-02-09 04:58:28,2,1,1
2023-02-09 04:58:32,2,1,1
2023-02-09 04:58:34,2,1,1
2023-02-09 04:58:37,1,1,1
2023-02-09 05:29:16,2,1,1
2023-02-09 05:30:07,1,1,1
2023-02-09 05:30:27,2,1,1
2023-02-09 05:38:29,2,1,1
2023-02-09 05:39:48,1,1,1
2023-02-09 05:40:13,2,1,1
2023-02-09 05:40:18,2,1,1
2023-02-09 05:40:20,2,1,1
2023-02-09 05:40:28,2,1,1
2023-02-09 05:40:33,2,1,1
2023-02-09 05:40:40,2,1,1
2023-02-09 05:44:23,1,1,1
2023-02-09 05:44:36,3,1,1
2023-02-09 05:44:50,2,1,1
2023-02-09 05:45:51,3,1,1
2023-02-09 05:49:44,1,1,1
2023-02-09 05:50:02,3,1,1
2023-02-09 05:50:19,2,1,1
2023-02-09 05:51:18,3,1,1
2023-02-09 05:51:42,2,1,1
2023-02-09 05:52:53,3,1,1
2023-02-09 05:53:13,2,1,1
2023-02-09 05:54:37,3,1,1
2023-02-09 05:55:02,2,1,1
2023-02-09 05:55:58,3,1,1
2023-02-09 05:56:24,2,1,1
2023-02-09 05:57:46,2,1,1
2023-02-09 06:00:07,2,1,1
2023-02-09 06:01:05,1,1,1
2023-02-09 06:01:20,2,1,1
2023-02-09 06:01:24,2,1,1
2023-02-09 06:01:27,2,1,1
2023-02-09 06:01:36,2,1,1
2023-02-09 06:01:40,2,1,1
2023-02-09 06:01:53,2,1,1
2023-02-09 06:01:59,2,1,1
2023-02-09 06:04:30,1,1,1
2023-02-09 06:04:47,3,1,1
2023-02-09 06:05:01,2,1,1
2023-02-09 06:05:54,3,1,1
2023-02-09 06:06:17,2,1,1
2023-02-09 06:07:31,3,1,1
2023-02-09 06:07:48,2,1,1
2023-02-09 06:08:56,3,1,1
2023-02-09 06:09:14,2,1,1
2023-02-09 06:10:03,4,1,1
2023-02-09 06:13:42,2,1,1
2023-02-09 06:14:57,1,1,1
2023-02-09 06:15:15,2,1,1
2023-02-09 06:19:23,2,1,1
2023-02-09 06:20:40,1,1,1
2023-02-09 06:20:56,2,1,1
2023-02-09 06:20:59,2,1,1
2023-02-09 06:21:02,2,1,1
2023-02-09 06:21:09,2,1,1
2023-02-09 06:21:14,2,1,1
2023-02-09 06:21:21,2,1,1
2023-02-09 06:21:31,2,1,1
2023-02-09 06:21:36,3,1,1
2023-02-09 06:21:44,3,1,1
2023-02-09 06:21:52,2,1,1
2023-02-09 06:22:22,3,1,1
2023-02-09 06:22:41,2,1,1
2023-02-09 06:23:26,3,1,1
2023-02-09 06:25:04,2,1,1
2023-02-09 06:26:00,1,1,1
2023-02-09 06:26:19,2,1,1
2023-02-09 06:34:17,2,1,1
2023-02-09 06:35:55,1,1,1
2023-02-09 06:36:09,2,1,1
2023-02-09 06:36:14,2,1,1
2023-02-09 06:38:31,2,1,1
2023-02-09 06:40:10,1,1,1
2023-02-09 06:40:30,2,1,1
2023-02-09 06:40:33,2,1,1
2023-02-09 06:40:38,2,1,1
2023-02-09 06:40:40,1,1,1
2023-02-09 06:56:20,2,1,1
2023-02-09 06:57:39,1,1,1
2023-02-09 06:58:04,2,1,1
2023-02-09 07:09:55,2,1,1
2023-02-09 07:10:51,1,1,1
2023-02-09 07:11:17,2,1,1
2023-02-09 07:28:21,2,1,1
2023-02-09 07:29:40,1,1,1
2023-02-09 07:30:03,2,1,1
2023-02-09 07:30:08,2,1,1
2023-02-09 07:30:13,2,1,1
2023-02-09 07:37:34,2,1,1
2023-02-09 07:38:31,1,1,1
2023-02-09 07:38:46,2,1,1
2023-02-09 07:38:51,2,1,1
2023-02-09 07:38:55,2,1,1
2023-02-09 07:39:02,2,1,1
2023-02-09 07:39:12,2,1,1
2023-02-09 07:39:17,2,1,1
2023-02-09 07:39:28,2,1,1
2023-02-09 07:39:36,3,1,1
2023-02-09 07:53:23,2,1,1
2023-02-09 07:54:19,1,1,1
2023-02-09 07:54:47,2,1,1
2023-02-09 07:54:53,1,1,1
2023-02-09 07:59:04,2,1,1
2023-02-09 08:00:20,1,1,1
2023-02-09 08:00:32,2,1,1
2023-02-09 08:00:38,2,1,1
2023-02-09 08:00:41,2,1,1
2023-02-09 08:00:46,2,1,1
2023-02-09 08:00:57,2,1,1
2023-02-09 08:01:03,2,1,1
2023-02-09 08:01:14,2,1,1
2023-02-09 08:01:19,3,1,1
2023-02-09 08:01:31,3,1,1
2023-02-09 08:01:40,2,1,1
2023-02-09 08:02:22,3,1,1
2023-02-09 08:02:31,2,1,1
2023-02-09 08:03:14,3,1,1
2023-02-09 08:03:23,2,1,1
2023-02-09 08:04:11,3,1,1
2023-02-09 08:04:18,2,1,1
2023-02-09 08:05:14,3,1,1
2023-02-09 08:05:23,2,1,1
2023-02-09 08:06:29,4,1,1
2023-02-09 08:16:20,2,1,1
2023-02-09 08:17:48,1,1,1
2023-02-09 08:18:07,2,1,1
2023-02-09 08:18:11,2,1,1
2023-02-09 08:18:13,2,1,1
2023-02-09 08:18:25,2,1,1
2023-02-09 08:18:34,2,1,1
2023-02-09 08:18:39,1,1,1
2023-02-09 08:26:15,2,1,1
2023-02-09 08:27:50,1,1,1
2023-02-09 08:28:17,2,1,1
2023-02-09 08:53:17,2,1,1
2023-02-09 08:54:08,1,1,1
2023-02-09 08:54:26,2,1,1
2023-02-09 08:54:33,2,1,1
2023-02-09 08:54:39,2,1,1
2023-02-09 08:54:48,2,1,1
2023-02-09 08:54:53,2,1,1
2023-02-09 08:55:03,2,1,1
2023-02-09 08:55:11,2,1,1
2023-02-09 08:55:17,3,1,1
2023-02-09 09:04:39,2,1,1
2023-02-09 09:05:58,1,1,1
2023-02-09 09:06:14,2,1,1
2023-02-09 09:06:20,2,1,1
2023-02-09 09:06:26,2,1,1
2023-02-09 09:06:35,2,1,1
2023-02-09 09:06:40,2,1,1
2023-02-09 09:06:46,2,1,1
2023-02-09 09:06:53,2,1,1
2023-02-09 09:06:57,3,1,1
2023-02-09 09:07:12,3,1,1
2023-02-09 09:07:19,2,1,1
2023-02-09 09:08:02,3,1,1
2023-02-09 09:18:14,2,1,1
2023-02-09 09:19:53,1,1,1
2023-02-09 09:20:09,2,1,1
2023-02-09 09:20:14,2,1,1
2023-02-09 09:20:20,2,1,1
2023-02-09 09:27:27,2,1,1
2023-02-09 09:28:46,1,1,1
2023-02-09 09:28:58,2,1,1
2023-02-09 09:41:02,2,1,1
2023-02-09 09:42:26,1,1,1
2023-02-09 09:42:35,2,1,1
2023-02-09 09:42:39,2,1,1
2023-02-09 09:42:43,2,1,1
2023-02-09 09:42:52,2,1,1
2023-02-09 09:43:24,2,1,1
2023-02-09 09:44:24,1,1,1
2023-02-09 09:44:52,2,1,1
2023-02-09 09:44:57,2,1,1
2023-02-09 09:45:02,2,1,1
2023-02-09 09:45:11,2,1,1
2023-02-09 09:45:17,2,1,1
2023-02-09 09:45:21,2,1,1
2023-02-09 09:45:32,2,1,1
2023-02-09 09:45:38,3,1,1
2023-02-09 09:45:46,2,1,1
2023-02-09 09:45:49,3,1,1
2023-02-09 09:45:57,2,1,1
2023-02-09 09:46:30,3,1,1
2023-02-09 09:46:38,2,1,1
2023-02-09 09:47:16,1,1,1
2023-02-09 09:47:24,3,1,1
2023-02-09 09:47:44,2,1,1
2023-02-09 09:47:49,2,1,1
2023-02-09 09:47:52,2,1,1
2023-02-09 09:47:59,2,1,1
2023-02-09 09:48:09,2,1,1
2023-02-09 09:48:20,2,1,1
2023-02-09 09:48:22,1,1,1
2023-02-09 09:48:34,1,1,1
2023-02-09 09:48:50,3,1,1
2023-02-09 09:49:05,2,1,1
2023-02-09 09:49:49,3,1,1
2023-02-09 09:50:09,2,1,1
2023-02-09 09:51:40,3,1,1
2023-02-09 09:51:51,2,1,1
2023-02-09 09:53:07,3,1,1
2023-02-09 09:53:25,2,1,1
2023-02-09 09:54:36,3,1,1
2023-02-09 09:55:03,2,1,1
2023-02-09 09:56:50,2,1,1
2023-02-09 10:07:24,2,1,1
2023-02-09 10:39:25,2,1,1
2023-02-09 10:40:36,1,1,1
2023-02-09 10:40:50,2,1,1
2023-02-09 10:40:53,2,1,1
2023-02-09 10:41:03,1,1,1
2023-02-09 10:58:41,2,1,1
2023-02-09 11:00:14,1,1,1
2023-02-09 11:00:23,2,1,1
2023-02-09 11:00:27,2,1,1
2023-02-09 11:00:30,2,1,1
2023-02-09 11:00:38,2,1,1
2023-02-09 11:00:46,2,1,1
2023-02-09 11:00:55,2,1,1
2023-02-09 11:14:30,2,1,1
2023-02-09 11:15:44,1,1,1
2023-02-09 11:15:58,2,1,1
2023-02-09 11:16:02,2,1,1
2023-02-09 11:16:05,2,1,1
2023-02-09 11:16:12,2,1,1
2023-02-09 11:16:21,2,1,1
2023-02-09 11:39:40,2,1,1
2023-02-09 11:41:01,1,1,1
2023-02-09 11:41:25,2,1,1
2023-02-09 11:41:28,2,1,1
2023-02-09 11:41:30,2,1,1
2023-02-09 11:41:40,2,1,1
2023-02-09 11:51:38,1,1,1
2023-02-09 11:51:53,3,1,1
2023-02-09 11:52:03,2,1,1
2023-02-09 11:52:46,3,1,1
2023-02-09 11:53:04,2,1,1
2023-02-09 11:54:11,3,1,1
2023-02-09 11:54:28,2,1,1
2023-02-09 11:55:25,2,1,1
2023-02-09 11:55:37,2,1,1
2023-02-09 11:55:50,2,1,1
2023-02-09 11:57:00,3,1,1
2023-02-09 11:57:06,1,1,1
2023-02-09 11:57:28,2,1,1
2023-02-09 11:57:31,2,1,1
2023-02-09 11:57:36,2,1,1
2023-02-09 11:57:40,2,1,1
2023-02-09 11:57:48,2,1,1
2023-02-09 11:58:51,3,1,1
2023-02-09 12:08:22,1,1,1
2023-02-09 12:08:37,3,1,1
2023-02-09 12:08:51,2,1,1
2023-02-09 12:09:55,3,1,1
2023-02-09 12:10:12,2,1,1
2023-02-09 12:11:25,3,1,1
2023-02-09 12:11:44,2,1,1
2023-02-09 12:12:42,3,1,1
2023-02-09 12:12:59,2,1,1
2023-02-09 12:13:45,3,1,1
2023-02-09 12:14:20,2,1,1
2023-02-09 12:15:56,4,1,1
2023-02-09 12:20:10,1,1,1
2023-02-09 12:20:23,3,1,1
2023-02-09 12:20:36,2,1,1
2023-02-09 12:21:46,3,1,1
2023-02-09 12:22:01,2,1,1
2023-02-09 12:23:18,3,1,1
2023-02-09 12:23:36,2,1,1
2023-02-09 12:24:57,3,1,1
2023-02-09 12:25:16,2,1,1
2023-02-09 12:26:12,3,1,1
2023-02-09 12:26:39,2,1,1
2023-02-09 12:28:32,4,1,1
2023-02-09 12:33:19,2,1,1
2023-02-09 12:34:12,1,1,1
2023-02-09 12:34:34,2,1,1
2023-02-09 12:34:37,2,1,1
2023-02-09 12:34:40,2,1,1
2023-02-09 12:34:49,2,1,1
2023-02-09 12:34:58,2,1,1
2023-02-09 12:35:06,2,1,1
2023-02-09 12:35:16,1,1,1
2023-02-09 12:50:36,1,1,1
2023-02-09 12:50:55,3,1,1
2023-02-09 12:51:08,2,1,1
2023-02-09 12:51:53,3,1,1
2023-02-09 12:52:08,2,1,1
2023-02-09 12:53:53,3,1,1
2023-02-09 12:53:54,2,1,1
2023-02-09 12:54:04,2,1,1
2023-02-09 12:54:56,3,1,1
2023-02-09 12:55:03,1,1,1
2023-02-09 12:55:14,2,1,1
2023-02-09 12:55:15,2,1,1
2023-02-09 12:55:18,2,1,1
2023-02-09 12:55:22,2,1,1
2023-02-09 12:55:30,2,1,1
2023-02-09 12:55:40,2,1,1
2023-02-09 12:55:51,2,1,1
2023-02-09 12:55:57,2,1,1
2023-02-09 12:56:16,5,2,2
2023-02-09 12:56:50,2,1,1
2023-02-09 12:57:10,1,1,1
2023-02-09 12:57:21,2,1,1
2023-02-09 12:57:27,1,1,1
2023-02-09 12:58:16,4,1,1
2023-02-09 12:58:38,2,1,1
2023-02-09 13:00:10,1,1,1
2023-02-09 13:00:29,2,1,1
2023-02-09 13:00:32,2,1,1
2023-02-09 13:00:37,2,1,1
2023-02-09 13:00:48,2,1,1
2023-02-09 13:00:55,2,1,1
2023-02-09 13:01:00,2,1,1
2023-02-09 13:01:07,1,1,1
2023-02-09 13:02:13,1,1,1
2023-02-09 13:02:32,2,1,1
2023-02-09 13:02:39,2,1,1
2023-02-09 13:02:44,2,1,1
2023-02-09 13:02:51,2,1,1
2023-02-09 13:03:00,2,1,1
2023-02-09 13:03:06,2,1,1
2023-02-09 13:03:16,2,1,1
2023-02-09 13:03:20,3,1,1
2023-02-09 13:03:33,3,1,1
2023-02-09 13:03:44,2,1,1
2023-02-09 13:04:24,3,1,1
2023-02-09 13:33:51,2,1,1
2023-02-09 13:34:04,1,1,1
2023-02-09 14:06:42,2,1,1
2023-02-09 14:07:32,1,1,1
2023-02-09 14:07:45,2,1,1
2023-02-09 14:07:49,2,1,1
2023-02-09 14:07:54,2,1,1
2023-02-09 14:08:05,2,1,1
2023-02-09 14:08:11,2,1,1
2023-02-09 14:12:23,2,1,1
2023-02-09 14:13:43,1,1,1
2023-02-09 14:13:53,2,1,1
2023-02-09 14:13:56,2,1,1
2023-02-09 14:14:02,2,1,1
2023-02-09 14:14:08,2,1,1
2023-02-09 14:14:17,2,1,1
2023-02-09 14:14:21,2,1,1
2023-02-09 14:14:28,2,1,1
2023-02-09 14:14:35,3,1,1
2023-02-09 14:14:40,3,1,1
2023-02-09 14:14:47,2,1,1
2023-02-09 14:15:23,3,1,1
2023-02-09 14:15:35,2,1,1
2023-02-09 14:16:27,3,1,1
2023-02-09 14:16:40,2,1,1
2023-02-09 14:17:30,2,1,1
2023-02-09 14:17:40,2,1,1
2023-02-09 14:18:31,2,1,1
2023-02-09 14:21:36,2,1,1
2023-02-09 14:22:46,1,1,1
2023-02-09 14:23:01,2,1,1
2023-02-09 14:23:06,4,2,2
2023-02-09 14:23:12,2,1,1
2023-02-09 14:23:20,2,1,1
2023-02-09 14:23:28,2,1,1
2023-02-09 14:23:41,2,1,1
2023-02-09 14:30:49,2,1,1
2023-02-09 14:31:43,1,1,1
2023-02-09 14:32:09,2,1,1
2023-02-09 14:32:14,2,1,1
2023-02-09 14:32:20,2,1,1
2023-02-09 14:32:24,2,1,1
2023-02-09 14:32:35,2,1,1
2023-02-09 14:32:44,2,1,1
2023-02-09 14:32:55,2,1,1
2023-02-09 14:33:03,3,1,1
2023-02-09 14:33:08,3,1,1
2023-02-09 14:33:19,2,1,1
2023-02-09 14:34:04,3,1,1
2023-02-09 14:34:23,2,1,1
2023-02-09 14:35:17,3,1,1
2023-02-09 14:35:25,2,1,1
2023-02-09 14:36:26,3,1,1
2023-02-09 14:36:31,2,1,1
2023-02-09 14:37:18,3,1,1
2023-02-09 14:37:32,2,1,1
2023-02-09 14:39:04,2,1,1
2023-02-09 14:42:40,1,1,1
2023-02-09 14:42:53,3,1,1
2023-02-09 14:43:10,2,1,1
2023-02-09 14:44:25,3,1,1
2023-02-09 14:59:18,2,1,1
2023-02-09 15:00:46,1,1,1
2023-02-09 15:01:03,2,1,1
2023-02-09 15:01:08,2,1,1
2023-02-09 15:01:11,2,1,1
2023-02-09 15:01:19,2,1,1
2023-02-09 15:01:23,2,1,1
2023-02-09 15:01:31,2,1,1
2023-02-09 15:11:39,1,1,1
2023-02-09 15:11:51,2,1,1
2023-02-09 15:13:08,4,1,1
2023-02-09 15:14:12,2,1,1
2023-02-09 15:15:37,1,1,1
2023-02-09 15:16:03,2,1,1
2023-02-09 15:16:06,2,1,1
2023-02-09 15:16:08,2,1,1
2023-02-09 15:16:15,2,1,1
2023-02-09 15:16:22,2,1,1
2023-02-09 15:16:32,2,1,1
2023-02-09 15:16:40,2,1,1
2023-02-09 15:27:47,2,1,1
2023-02-09 15:29:00,1,1,1
2023-02-09 15:29:22,2,1,1
2023-02-09 15:29:25,2,1,1
2023-02-09 15:29:30,2,1,1
2023-02-09 15:29:41,2,1,1
2023-02-09 15:35:13,1,1,1
2023-02-09 15:35:18,3,1,1
2023-02-09 15:35:32,2,1,1
2023-02-09 15:37:18,3,1,1
2023-02-09 15:46:13,2,1,1
2023-02-09 15:47:42,1,1,1
2023-02-09 15:48:02,2,1,1
2023-02-09 15:48:05,2,1,1
2023-02-09 15:48:35,2,1,1
2023-02-09 15:50:02,1,1,1
2023-02-09 15:50:20,2,1,1
2023-02-09 15:50:24,2,1,1
2023-02-09 15:50:29,2,1,1
2023-02-09 15:50:33,2,1,1
2023-02-09 15:50:42,2,1,1
2023-02-09 15:50:51,2,1,1
2023-02-09 15:51:00,2,1,1
2023-02-09 15:51:08,3,1,1
2023-02-09 15:51:23,3,1,1
2023-02-09 15:51:33,2,1,1
2023-02-09 15:52:10,3,1,1
2023-02-09 15:52:23,2,1,1
2023-02-09 15:53:05,3,1,1
2023-02-09 15:53:22,2,1,1
2023-02-09 15:54:09,3,1,1
2023-02-09 15:54:15,2,1,1
2023-02-09 15:55:08,3,1,1
2023-02-09 15:55:19,2,1,1
2023-02-09 15:56:28,2,1,1
2023-02-09 16:00:10,2,1,1
2023-02-09 16:01:27,1,1,1
2023-02-09 16:01:51,2,1,1
2023-02-09 16:09:23,2,1,1
2023-02-09 16:10:57,1,1,1
2023-02-09 16:11:22,2,1,1
2023-02-09 16:11:25,2,1,1
2023-02-09 16:11:31,2,1,1
2023-02-09 16:11:38,2,1,1
2023-02-09 16:11:43,2,1,1
2023-02-09 16:11:50,2,1,1
2023-02-09 16:12:01,2,1,1
2023-02-09 16:12:09,3,1,1
2023-02-09 16:12:21,3,1,1
2023-02-09 16:12:27,2,1,1
2023-02-09 16:13:01,2,1,1
2023-02-09 16:18:36,2,1,1
2023-02-09 16:19:28,1,1,1
2023-02-09 16:19:54,2,1,1
2023-02-09 16:19:58,2,1,1
2023-02-09 16:33:47,1,1,1
2023-02-09 16:34:03,2,1,1
2023-02-09 16:35:14,4,1,1
2023-02-09 16:46:57,2,1,1
2023-02-09 16:48:01,1,1,1
2023-02-09 16:48:18,2,1,1
2023-02-09 16:48:22,2,1,1
2023-02-09 16:48:25,2,1,1
2023-02-09 16:48:36,2,1,1
2023-02-09 16:48:44,2,1,1
2023-02-09 16:48:51,1,1,1
2023-02-09 17:00:32,2,1,1
2023-02-09 17:02:03,1,1,1
2023-02-09 17:02:19,2,1,1
2023-02-09 17:02:22,2,1,1
2023-02-09 17:02:24,2,1,1
2023-02-09 17:02:34,1,1,1
2023-02-09 17:14:07,2,1,1
2023-02-09 17:15:13,1,1,1
2023-02-09 17:15:28,2,1,1
2023-02-09 17:15:31,2,1,1
2023-02-09 17:15:36,2,1,1
2023-02-09 17:36:55,2,1,1
2023-02-09 17:38:25,1,1,1
2023-02-09 17:38:39,2,1,1
2023-02-09 17:38:44,2,1,1
2023-02-09 17:38:50,2,1,1
2023-02-09 17:38:56,2,1,1
2023-02-09 17:42:36,2,1,1
2023-02-09 17:43:53,1,1,1
2023-02-09 17:44:03,2,1,1
2023-02-09 17:44:06,2,1,1
2023-02-09 17:44:09,2,1,1
2023-02-09 17:44:18,2,1,1
2023-02-09 17:44:26,2,1,1
2023-02-09 17:44:36,2,1,1
2023-02-09 17:44:46,2,1,1
2023-02-09 17:44:51,3,1,1
2023-02-09 17:46:50,2,1,1
2023-02-09 17:47:11,1,1,1
2023-02-09 17:56:03,2,1,1
2023-02-09 17:57:20,1,1,1
2023-02-09 17:57:37,2,1,1
2023-02-09 17:57:40,2,1,1
2023-02-09 17:57:45,2,1,1
2023-02-09 17:57:54,2,1,1
2023-02-09 17:58:01,2,1,1
2023-02-09 17:58:06,2,1,1
2023-02-09 17:58:17,2,1,1
2023-02-09 17:58:22,3,1,1
2023-02-09 17:58:30,3,1,1
2023-02-09 17:58:43,2,1,1
2023-02-09 17:59:13,3,1,1
2023-02-09 17:59:29,2,1,1
2023-02-09 18:00:24,3,1,1
2023-02-09 18:00:34,2,1,1
2023-02-09 18:01:15,3,1,1
2023-02-09 18:01:26,2,1,1
2023-02-09 18:01:44,2,1,1
2023-02-09 18:02:15,3,1,1
2023-02-09 18:02:29,2,1,1
2023-02-09 18:02:53,1,1,1
2023-02-09 18:03:04,2,1,1
2023-02-09 18:03:11,2,1,1
2023-02-09 18:03:15,2,1,1
2023-02-09 18:03:22,2,1,1
2023-02-09 18:03:27,2,1,1
2023-02-09 18:03:33,2,1,1
2023-02-09 18:03:43,2,1,1
2023-02-09 18:03:47,3,1,1
2023-02-09 18:03:59,4,1,1
2023-02-09 18:04:02,3,1,1
2023-02-09 18:04:06,2,1,1
2023-02-09 18:04:08,2,1,1
2023-02-09 18:04:49,3,1,1
2023-02-09 18:05:43,1,1,1
2023-02-09 18:05:59,2,1,1
2023-02-09 18:06:03,2,1,1
2023-02-09 18:06:07,2,1,1
2023-02-09 18:06:11,2,1,1
2023-02-09 18:06:20,2,1,1
2023-02-09 18:06:24,2,1,1
2023-02-09 18:06:34,2,1,1
2023-02-09 18:06:41,3,1,1
2023-02-09 18:06:50,3,1,1
2023-02-09 18:07:02,2,1,1
2023-02-09 18:07:47,3,1,1
2023-02-09 18:17:41,2,1,1
2023-02-09 18:19:06,1,1,1
2023-02-09 18:19:16,2,1,1
2023-02-09 18:26:54,2,1,1
2023-02-09 18:28:32,1,1,1
2023-02-09 18:28:59,2,1,1
2023-02-09 18:29:06,2,1,1
2023-02-09 18:29:11,2,1,1
2023-02-09 18:29:15,2,1,1
2023-02-09 18:29:26,2,1,1
2023-02-09 18:29:33,2,1,1
2023-02-09 18:29:44,2,1,1
2023-02-09 18:29:50,3,1,1
2023-02-09 18:30:04,3,1,1
2023-02-09 18:30:17,2,1,1
2023-02-09 18:31:00,2,1,1
2023-02-09 18:31:19,2,1,1
2023-02-09 18:32:13,3,1,1
2023-02-09 18:32:22,2,1,1
2023-02-09 18:33:22,3,1,1
2023-02-09 18:33:33,2,1,1
2023-02-09 18:34:12,3,1,1
2023-02-09 18:34:57,2,1,1
2023-02-09 18:36:02,1,1,1
2023-02-09 18:36:30,2,1,1
2023-02-09 18:36:35,2,1,1
2023-02-09 18:36:41,2,1,1
2023-02-09 18:36:52,2,1,1
2023-02-09 18:43:11,1,1,1
2023-02-09 18:43:28,3,1,1
2023-02-09 18:43:39,2,1,1
2023-02-09 18:44:10,2,1,1
2023-02-09 18:44:50,3,1,1
2023-02-09 18:45:06,2,1,1
2023-02-09 18:45:36,1,1,1
2023-02-09 18:45:57,2,1,1
2023-02-09 18:46:04,2,1,1
2023-02-09 18:46:07,2,1,1
2023-02-09 18:46:11,2,1,1
2023-02-09 18:46:19,2,1,1
2023-02-09 18:46:22,3,1,1
2023-02-09 18:46:26,2,1,1
2023-02-09 18:46:32,2,1,1
2023-02-09 18:46:37,3,1,1
2023-02-09 18:46:38,2,1,1
2023-02-09 18:46:42,3,1,1
2023-02-09 18:46:49,2,1,1
2023-02-09 18:47:24,3,1,1
2023-02-09 18:47:33,2,1,1
2023-02-09 18:47:37,3,1,1
2023-02-09 18:47:52,2,1,1
2023-02-09 18:48:20,3,1,1
2023-02-09 18:48:30,2,1,1
2023-02-09 18:48:36,3,1,1
2023-02-09 18:49:07,2,1,1
2023-02-09 18:49:14,3,1,1
2023-02-09 18:49:26,2,1,1
2023-02-09 18:50:07,4,1,1
2023-02-09 18:50:24,3,1,1
2023-02-09 18:50:38,2,1,1
2023-02-09 18:52:12,2,1,1
2023-02-09 19:06:58,2,1,1
2023-02-09 19:07:48,1,1,1
2023-02-09 19:08:04,1,1,1
2023-02-09 19:08:16,2,1,1
2023-02-09 19:08:19,2,1,1
2023-02-09 19:08:22,5,2,2
2023-02-09 19:08:26,2,1,1
2023-02-09 19:08:34,2,1,1
2023-02-09 19:08:39,2,1,1
2023-02-09 19:08:42,2,1,1
2023-02-09 19:08:52,2,1,1
2023-02-09 19:08:55,3,1,1
2023-02-09 19:09:03,3,1,1
2023-02-09 19:09:09,2,1,1
2023-02-09 19:09:44,3,1,1
2023-02-09 19:09:47,3,1,1
2023-02-09 19:10:01,2,1,1
2023-02-09 19:10:11,2,1,1
2023-02-09 19:10:47,3,1,1
2023-02-09 19:10:58,2,1,1
2023-02-09 19:11:11,3,1,1
2023-02-09 19:11:22,2,1,1
2023-02-09 19:11:41,3,1,1
2023-02-09 19:11:52,2,1,1
2023-02-09 19:12:35,3,1,1
2023-02-09 19:12:49,3,1,1
2023-02-09 19:12:59,2,1,1
2023-02-09 19:13:00,2,1,1
2023-02-09 19:13:45,2,1,1
2023-02-09 19:14:19,4,1,1
2023-02-09 19:14:23,2,1,1
2023-02-09 19:16:10,3,1,1
2023-02-09 19:25:13,1,1,1
2023-02-09 19:25:24,2,1,1
2023-02-09 19:25:32,2,1,1
2023-02-09 19:26:25,1,1,1
2023-02-09 19:26:47,4,1,1
2023-02-09 19:26:51,2,1,1
2023-02-09 19:26:57,2,1,1
2023-02-09 19:27:01,2,1,1
2023-02-09 19:27:09,2,1,1
2023-02-09 19:27:14,2,1,1
2023-02-09 19:27:23,2,1,1
2023-02-09 19:27:33,2,1,1
2023-02-09 19:27:40,3,1,1
2023-02-09 19:27:55,3,1,1
2023-02-09 19:28:01,2,1,1
2023-02-09 19:28:31,3,1,1
2023-02-09 19:28:50,2,1,1
2023-02-09 19:29:44,3,1,1
2023-02-09 19:30:00,2,1,1
2023-02-09 19:31:03,3,1,1
2023-02-09 19:31:05,2,1,1
2023-02-09 19:31:58,1,1,1
2023-02-09 19:32:07,2,1,1
2023-02-09 19:48:21,2,1,1
2023-02-09 19:49:18,1,1,1
2023-02-09 19:49:37,2,1,1
2023-02-09 19:49:41,2,1,1
2023-02-09 19:49:47,2,1,1
2023-02-09 19:49:53,2,1,1
2023-02-09 19:49:59,1,1,1
2023-02-09 20:01:56,2,1,1
2023-02-09 20:02:55,1,1,1
2023-02-09 20:03:24,2,1,1
2023-02-09 20:03:27,2,1,1
2023-02-09 20:16:45,1,1,1
2023-02-09 20:16:57,3,1,1
2023-02-09 20:17:18,2,1,1
2023-02-09 20:18:19,3,1,1
2023-02-09 20:29:06,2,1,1
2023-02-09 20:30:09,1,1,1
2023-02-09 20:30:18,2,1,1
2023-02-09 20:30:22,2,1,1
2023-02-09 20:30:25,2,1,1
2023-02-09 20:38:35,1,1,1
2023-02-09 20:38:54,3,1,1
2023-02-09 20:39:10,2,1,1
2023-02-09 20:39:54,2,1,1
2023-02-09 20:40:14,2,1,1
2023-02-09 20:41:28,3,1,1
2023-02-09 20:41:48,2,1,1
2023-02-09 20:42:57,3,1,1
2023-02-09 20:43:11,2,1,1
2023-02-09 20:44:20,3,1,1
2023-02-09 20:44:58,2,1,1
2023-02-09 20:46:34,3,1,1
2023-02-09 21:01:00,2,1,1
2023-02-09 21:02:36,1,1,1
2023-02-09 21:02:59,2,1,1
2023-02-09 21:03:03,2,1,1
2023-02-09 21:10:13,2,1,1
2023-02-09 21:11:50,1,1,1
2023-02-09 21:12:02,2,1,1
2023-02-09 21:12:06,2,1,1
2023-02-09 21:12:09,2,1,1
2023-02-09 21:12:18,2,1,1
2023-02-09 21:12:26,2,1,1
2023-02-09 21:12:31,2,1,1
2023-02-09 21:12:37,2,1,1
2023-02-09 21:12:43,3,1,1
2023-02-09 21:29:29,2,1,1
2023-02-09 21:30:27,1,1,1
2023-02-09 21:30:53,2,1,1
2023-02-09 21:30:57,2,1,1
2023-02-09 21:31:00,2,1,1
2023-02-09 21:31:12,2,1,1
2023-02-09 21:31:21,2,1,1
2023-02-09 21:31:33,2,1,1
2023-02-09 21:31:39,1,1,1
2023-02-09 21:38:42,2,1,1
2023-02-09 21:44:23,2,1,1
2023-02-09 21:45:37,1,1,1
2023-02-09 21:45:50,2,1,1
2023-02-09 21:45:55,2,1,1
2023-02-09 21:46:01,2,1,1
2023-02-09 21:57:58,2,1,1
2023-02-09 21:59:09,1,1,1
2023-02-09 21:59:39,2,1,1
2023-02-09 21:59:42,2,1,1
2023-02-09 21:59:45,2,1,1
2023-02-09 21:59:51,2,1,1
2023-02-09 22:00:00,2,1,1
2023-02-09 22:02:12,2,1,1
2023-02-09 22:03:16,1,1,1
2023-02-09 22:03:44,2,1,1
2023-02-09 22:03:47,2,1,1
2023-02-09 22:03:49,2,1,1
2023-02-09 22:03:58,2,1,1
2023-02-09 22:04:07,1,1,1
2023-02-09 22:07:53,2,1,1
2023-02-09 22:08:59,1,1,1
2023-02-09 22:09:20,2,1,1
2023-02-09 22:09:23,2,1,1
2023-02-09 22:12:07,2,1,1
2023-02-09 22:13:35,1,1,1
2023-02-09 22:13:47,2,1,1
2023-02-09 22:13:51,2,1,1
2023-02-09 22:14:02,1,1,1
2023-02-09 22:59:52,2,1,1
2023-02-09 23:01:03,1,1,1
2023-02-09 23:01:12,2,1,1
2023-02-09 23:01:18,2,1,1
2023-02-09 23:01:22,2,1,1
2023-02-09 23:01:29,2,1,1
2023-02-09 23:01:36,2,1,1
2023-02-09 23:01:41,2,1,1
2023-02-09 23:01:49,2,1,1
2023-02-09 23:01:56,3,1,1
2023-02-09 23:02:08,3,1,1
2023-02-09 23:02:15,2,1,1
2023-02-09 23:02:46,3,1,1
2023-02-09 23:03:01,2,1,1
2023-02-09 23:03:42,3,1,1
2023-02-09 23:03:51,2,1,1
2023-02-09 23:04:30,3,1,1
2023-02-09 23:22:40,2,1,1
2023-02-09 23:24:06,1,1,1
2023-02-09 23:24:15,2,1,1
2023-02-09 23:59:03,2,1,1
2023-02-10 00:00:05,1,1,1
2023-02-10 00:00:21,2,1,1
2023-02-10 00:08:16,2,1,1
2023-02-10 00:09:23,1,1,1
2023-02-10 00:09:47,2,1,1
2023-02-10 00:09:51,2,1,1
2023-02-10 00:09:54,2,1,1
2023-02-10 00:09:58,2,1,1
2023-02-10 00:10:03,2,1,1
2023-02-10 00:10:09,2,1,1
2023-02-10 00:10:21,2,1,1
2023-02-10 00:10:24,3,1,1
2023-02-10 00:10:36,3,1,1
2023-02-10 00:10:47,2,1,1
2023-02-10 00:11:27,3,1,1
2023-02-10 00:11:46,2,1,1
2023-02-10 00:12:40,2,1,1
2023-02-10 00:12:50,2,1,1
2023-02-10 00:13:39,3,1,1
2023-02-10 00:17:29,2,1,1
2023-02-10 00:18:52,1,1,1
2023-02-10 00:19:22,2,1,1
2023-02-10 00:19:25,2,1,1
2023-02-10 00:19:30,2,1,1
2023-02-10 00:19:41,2,1,1
2023-02-10 00:19:47,2,1,1
2023-02-10 00:19:55,2,1,1
2023-02-10 00:20:04,1,1,1
2023-02-10 00:32:23,2,1,1
2023-02-10 00:33:13,1,1,1
2023-02-10 00:33:27,2,1,1
2023-02-10 00:33:34,2,1,1
2023-02-10 00:33:40,2,1,1
2023-02-10 00:33:45,2,1,1
2023-02-10 00:33:50,2,1,1
2023-02-10 00:33:54,2,1,1
2023-02-10 00:34:04,2,1,1
2023-02-10 00:34:11,3,1,1
2023-02-10 00:34:20,3,1,1
2023-02-10 00:34:28,2,1,1
2023-02-10 00:35:00,3,1,1
2023-02-10 00:45:58,2,1,1
2023-02-10 00:46:50,1,1,1
2023-02-10 00:47:18,2,1,1
2023-02-10 00:47:22,2,1,1
2023-02-10 00:47:26,2,1,1
2023-02-10 00:47:33,2,1,1
2023-02-10 00:47:44,2,1,1
2023-02-10 00:47:50,2,1,1
2023-02-10 00:48:01,2,1,1
2023-02-10 00:48:09,3,1,1
2023-02-10 00:48:20,3,1,1
2023-02-10 00:48:31,2,1,1
2023-02-10 00:49:08,2,1,1
2023-02-10 00:49:17,2,1,1
2023-02-10 00:50:00,2,1,1
2023-02-10 00:50:13,2,1,1
2023-02-10 00:51:09,3,1,1
2023-02-10 00:51:20,2,1,1
2023-02-10 00:52:04,2,1,1
2023-02-10 00:57:45,1,1,1
2023-02-10 01:14:27,2,1,1
2023-02-10 01:15:59,1,1,1
2023-02-10 01:16:28,2,1,1
2023-02-10 01:16:32,2,1,1
2023-02-10 01:28:02,2,1,1
2023-02-10 01:29:23,1,1,1
2023-02-10 01:29:50,2,1,1
2023-02-10 01:29:57,2,1,1
2023-02-10 01:30:02,2,1,1
2023-02-10 01:30:08,2,1,1
2023-02-10 01:30:19,2,1,1
2023-02-10 01:30:29,2,1,1
2023-02-10 01:30:35,2,1,1
2023-02-10 01:30:39,3,1,1
2023-02-10 01:30:49,3,1,1
2023-02-10 01:30:56,2,1,1
2023-02-10 01:31:26,3,1,1
2023-02-10 01:31:38,2,1,1
2023-02-10 01:32:23,3,1,1
2023-02-10 01:32:35,2,1,1
2023-02-10 01:33:40,3,1,1
2023-02-10 01:33:47,2,1,1
2023-02-10 01:34:26,3,1,1
2023-02-10 01:34:40,2,1,1
2023-02-10 01:35:42,4,1,1
2023-02-10 01:37:15,2,1,1
2023-02-10 01:38:28,1,1,1
2023-02-10 01:38:37,2,1,1
2023-02-10 02:00:03,2,1,1
2023-02-10 02:01:37,1,1,1
2023-02-10 02:01:46,2,1,1
2023-02-10 02:01:50,2,1,1
2023-02-10 02:01:53,2,1,1
2023-02-10 02:01:59,2,1,1
2023-02-10 02:02:10,2,1,1
2023-02-10 02:02:16,2,1,1
2023-02-10 02:02:23,2,1,1
2023-02-10 02:02:30,3,1,1
2023-02-10 02:05:44,2,1,1
2023-02-10 02:06:44,1,1,1
2023-02-10 02:07:12,2,1,1
2023-02-10 02:07:15,2,1,1
2023-02-10 02:07:21,2,1,1
2023-02-10 02:07:27,2,1,1
2023-02-10 02:07:32,2,1,1
2023-02-10 02:07:38,2,1,1
2023-02-10 02:07:49,2,1,1
2023-02-10 02:07:55,3,1,1
2023-02-10 02:08:09,3,1,1
2023-02-10 02:08:16,2,1,1
2023-02-10 02:08:46,3,1,1
2023-02-10 02:09:05,2,1,1
2023-02-10 02:09:52,3,1,1
2023-02-10 02:09:58,2,1,1
2023-02-10 02:10:51,1,1,1
2023-02-10 02:11:07,2,1,1
2023-02-10 02:11:10,2,1,1
2023-02-10 02:11:12,2,1,1
2023-02-10 02:11:24,2,1,1
2023-02-10 02:19:11,2,1,1
2023-02-10 02:20:09,1,1,1
2023-02-10 02:20:25,3,1,1
2023-02-10 02:20:35,1,1,1
2023-02-10 02:20:40,2,1,1
2023-02-10 02:20:50,2,1,1
2023-02-10 02:20:54,2,1,1
2023-02-10 02:20:57,2,1,1
2023-02-10 02:21:03,2,1,1
2023-02-10 02:21:11,2,1,1
2023-02-10 02:21:23,3,1,1
2023-02-10 02:21:24,2,1,1
2023-02-10 02:21:48,2,1,1
2023-02-10 02:23:35,3,1,1
2023-02-10 02:23:54,2,1,1
2023-02-10 02:25:01,3,1,1
2023-02-10 02:25:17,2,1,1
2023-02-10 02:26:28,2,1,1
2023-02-10 02:27:04,2,1,1
2023-02-10 02:28:47,3,1,1
2023-02-10 02:38:27,2,1,1
2023-02-10 02:39:22,1,1,1
2023-02-10 02:39:47,2,1,1
2023-02-10 02:39:53,2,1,1
2023-02-10 02:39:56,2,1,1
2023-02-10 02:40:01,2,1,1
2023-02-10 02:40:06,2,1,1
2023-02-10 02:40:11,2,1,1
2023-02-10 02:40:19,2,1,1
2023-02-10 02:40:26,3,1,1
2023-02-10 02:40:41,3,1,1
2023-02-10 02:40:50,2,1,1
2023-02-10 02:41:33,3,1,1
2023-02-10 02:41:41,2,1,1
2023-02-10 02:42:30,3,1,1
2023-02-10 02:42:41,2,1,1
2023-02-10 02:43:35,3,1,1
2023-02-10 02:43:45,2,1,1
2023-02-10 02:44:42,3,1,1
2023-02-10 02:44:52,2,1,1
2023-02-10 02:46:16,4,1,1
2023-02-10 02:47:40,2,1,1
2023-02-10 02:48:52,1,1,1
2023-02-10 02:49:11,2,1,1
2023-02-10 02:49:16,2,1,1
2023-02-10 02:49:18,2,1,1
2023-02-10 02:49:29,2,1,1
2023-02-10 02:49:34,2,1,1
2023-02-10 02:49:44,2,1,1
2023-02-10 02:49:52,2,1,1
2023-02-10 02:49:55,1,1,1
2023-02-10 02:56:53,2,1,1
2023-02-10 02:58:06,1,1,1
2023-02-10 02:58:28,2,1,1
2023-02-10 03:01:07,2,1,1
2023-02-10 03:02:28,1,1,1
2023-02-10 03:02:58,2,1,1
2023-02-10 03:14:42,2,1,1
2023-02-10 03:15:50,1,1,1
2023-02-10 03:16:19,2,1,1
2023-02-10 03:16:29,1,1,1
2023-02-10 03:20:23,2,1,1
2023-02-10 03:21:32,1,1,1
2023-02-10 03:21:57,2,1,1
2023-02-10 03:22:02,2,1,1
2023-02-10 03:22:06,2,1,1
2023-02-10 03:22:08,1,1,1
2023-02-10 03:24:37,2,1,1
2023-02-10 03:25:31,1,1,1
2023-02-10 03:25:51,2,1,1
2023-02-10 03:25:57,2,1,1
2023-02-10 03:26:01,2,1,1
2023-02-10 03:26:09,2,1,1
2023-02-10 03:26:14,2,1,1
2023-02-10 03:26:18,2,1,1
2023-02-10 03:26:27,2,1,1
2023-02-10 03:26:33,3,1,1
2023-02-10 03:26:48,3,1,1
2023-02-10 03:26:54,2,1,1
2023-02-10 03:27:28,3,1,1
2023-02-10 03:38:12,2,1,1
2023-02-10 03:39:47,1,1,1
2023-02-10 03:40:00,2,1,1
2023-02-10 03:40:05,2,1,1
2023-02-10 03:40:11,2,1,1
2023-02-10 03:47:25,2,1,1
2023-02-10 03:48:46,1,1,1
2023-02-10 03:49:08,2,1,1
2023-02-10 03:49:11,2,1,1
2023-02-10 03:49:16,1,1,1
2023-02-10 04:06:41,2,1,1
2023-02-10 04:07:58,1,1,1
2023-02-10 04:08:27,2,1,1
2023-02-10 04:08:39,1,1,1
2023-02-10 04:18:15,1,1,1
2023-02-10 04:18:34,3,1,1
2023-02-10 04:18:44,2,1,1
2023-02-10 04:19:40,3,1,1
2023-02-10 04:20:03,2,1,1
2023-02-10 04:21:36,2,1,1
2023-02-10 04:21:48,2,1,1
2023-02-10 04:23:03,3,1,1
2023-02-10 04:23:25,2,1,1
2023-02-10 04:24:11,3,1,1
2023-02-10 04:24:42,2,1,1
2023-02-10 04:26:30,2,1,1
2023-02-10 04:54:23,2,1,1
2023-02-10 04:55:18,1,1,1
2023-02-10 04:55:27,2,1,1
2023-02-10 04:55:32,2,1,1
2023-02-10 04:55:38,2,1,1
2023-02-10 04:55:49,2,1,1
2023-02-10 04:55:59,2,1,1
2023-02-10 04:56:12,2,1,1
2023-02-10 04:56:18,2,1,1
2023-02-10 05:07:58,2,1,1
2023-02-10 05:09:05,1,1,1
2023-02-10 05:09:31,2,1,1
2023-02-10 05:09:36,2,1,1
2023-02-10 05:09:39,2,1,1
2023-02-10 05:09:45,2,1,1
2023-02-10 05:21:33,2,1,1
2023-02-10 05:22:25,1,1,1
2023-02-10 05:22:37,2,1,1
2023-02-10 05:22:40,2,1,1
2023-02-10 05:22:46,2,1,1
2023-02-10 05:22:56,2,1,1
2023-02-10 05:23:05,2,1,1
2023-02-10 05:36:27,2,1,1
2023-02-10 05:37:37,1,1,1
2023-02-10 05:37:57,2,1,1
2023-02-10 05:38:01,2,1,1
2023-02-10 05:38:07,2,1,1
2023-02-10 05:38:15,2,1,1
2023-02-10 05:38:18,1,1,1
2023-02-10 05:45:40,2,1,1
2023-02-10 05:46:30,1,1,1
2023-02-10 05:46:46,2,1,1
2023-02-10 05:46:49,2,1,1
2023-02-10 05:46:54,2,1,1
2023-02-10 05:47:01,2,1,1
2023-02-10 05:47:10,2,1,1
2023-02-10 05:47:17,2,1,1
2023-02-10 05:47:29,2,1,1
2023-02-10 05:47:32,3,1,1
2023-02-10 05:59:15,2,1,1
2023-02-10 06:00:53,1,1,1
2023-02-10 06:01:15,2,1,1
2023-02-10 06:01:20,2,1,1
2023-02-10 06:01:23,2,1,1
2023-02-10 06:01:29,2,1,1
2023-02-10 06:01:37,2,1,1
2023-02-10 06:01:48,2,1,1
2023-02-10 06:01:53,2,1,1
2023-02-10 06:02:01,1,1,1
2023-02-10 06:19:50,2,1,1
2023-02-10 06:20:48,1,1,1
2023-02-10 06:21:08,2,1,1
2023-02-10 06:21:13,2,1,1
2023-02-10 06:21:18,2,1,1
2023-02-10 06:21:24,2,1,1
2023-02-10 06:21:29,2,1,1
2023-02-10 06:29:03,2,1,1
2023-02-10 06:30:30,1,1,1
2023-02-10 06:30:49,2,1,1
2023-02-10 06:30:55,2,1,1
2023-02-10 06:30:59,2,1,1
2023-02-10 06:31:04,2,1,1
2023-02-10 06:31:10,2,1,1
2023-02-10 06:31:16,2,1,1
2023-02-10 06:31:22,2,1,1
2023-02-10 06:31:25,3,1,1
2023-02-10 06:31:40,3,1,1
2023-02-10 06:31:47,2,1,1
2023-02-10 06:32:18,3,1,1
2023-02-10 06:32:37,2,1,1
2023-02-10 06:33:32,3,1,1
2023-02-10 06:38:16,2,1,1
2023-02-10 06:39:07,1,1,1
2023-02-10 06:39:26,2,1,1
2023-02-10 06:39:29,2,1,1
2023-02-10 06:39:33,2,1,1
2023-02-10 06:39:37,2,1,1
2023-02-10 06:39:43,2,1,1
2023-02-10 06:39:48,2,1,1
2023-02-10 06:39:57,2,1,1
2023-02-10 06:40:04,3,1,1
2023-02-10 06:40:13,3,1,1
2023-02-10 06:40:23,2,1,1
2023-02-10 06:40:57,3,1,1
2023-02-10 06:41:08,2,1,1
2023-02-10 06:41:54,3,1,1
2023-02-10 06:42:06,2,1,1
2023-02-10 06:43:11,2,1,1
2023-02-10 06:43:20,2,1,1
2023-02-10 06:44:04,3,1,1
2023-02-10 06:56:42,2,1,1
2023-02-10 06:57:36,1,1,1
2023-02-10 06:57:58,2,1,1
2023-02-10 06:58:02,2,1,1
2023-02-10 06:58:07,2,1,1
2023-02-10 06:58:15,2,1,1
2023-02-10 06:58:23,2,1,1
2023-02-10 06:58:31,2,1,1
2023-02-10 06:58:42,2,1,1
2023-02-10 06:58:46,3,1,1
2023-02-10 06:59:01,3,1,1
2023-02-10 06:59:13,2,1,1
2023-02-10 06:59:52,3,1,1
2023-02-10 07:00:04,2,1,1
2023-02-10 07:00:48,3,1,1
2023-02-10 07:01:03,2,1,1
2023-02-10 07:01:45,2,1,1
2023-02-10 07:02:23,2,1,1
2023-02-10 07:03:56,1,1,1
2023-02-10 07:04:07,2,1,1
2023-02-10 07:04:14,2,1,1
2023-02-10 07:04:20,2,1,1
2023-02-10 07:04:25,2,1,1
2023-02-10 07:04:30,2,1,1
2023-02-10 07:04:38,2,1,1
2023-02-10 07:04:44,2,1,1
2023-02-10 07:04:51,3,1,1
2023-02-10 07:05:00,3,1,1
2023-02-10 07:05:10,2,1,1
2023-02-10 07:05:47,3,1,1
2023-02-10 07:05:59,2,1,1
2023-02-10 07:06:48,3,1,1
2023-02-10 07:06:56,2,1,1
2023-02-10 07:07:52,3,1,1
2023-02-10 07:08:01,2,1,1
2023-02-10 07:08:40,3,1,1
2023-02-10 07:08:49,2,1,1
2023-02-10 07:10:09,2,1,1
2023-02-10 07:40:18,1,1,1
2023-02-10 07:40:32,2,1,1
2023-02-10 07:41:31,1,1,1
2023-02-10 07:41:50,3,1,1
2023-02-10 07:41:56,4,1,1
2023-02-10 07:42:00,2,1,1
2023-02-10 07:42:55,3,1,1
2023-02-10 07:43:15,2,1,1
2023-02-10 07:44:28,3,1,1
2023-02-10 07:44:46,2,1,1
2023-02-10 07:46:11,3,1,1
2023-02-10 07:46:30,2,1,1
2023-02-10 07:47:27,3,1,1
2023-02-10 07:47:57,2,1,1
2023-02-10 07:49:23,2,1,1
2023-02-10 07:49:32,4,1,1
2023-02-10 07:51:03,1,1,1
2023-02-10 07:51:12,2,1,1
2023-02-10 07:51:16,2,1,1
2023-02-10 07:51:19,2,1,1
2023-02-10 07:51:30,2,1,1
2023-02-10 07:51:38,2,1,1
2023-02-10 07:51:45,1,1,1
2023-02-10 08:10:11,2,1,1
2023-02-10 08:11:03,1,1,1
2023-02-10 08:11:17,2,1,1
2023-02-10 08:11:24,2,1,1
2023-02-10 08:11:30,2,1,1
2023-02-10 08:11:39,2,1,1
2023-02-10 08:11:48,2,1,1
2023-02-10 08:11:53,2,1,1
2023-02-10 08:12:05,2,1,1
2023-02-10 08:12:10,3,1,1
2023-02-10 08:12:19,3,1,1
2023-02-10 08:12:27,2,1,1
2023-02-10 08:13:00,3,1,1
2023-02-10 08:13:09,2,1,1
2023-02-10 08:14:00,3,1,1
2023-02-10 08:14:16,2,1,1
2023-02-10 08:15:19,3,1,1
2023-02-10 08:15:30,2,1,1
2023-02-10 08:16:19,3,1,1
2023-02-10 08:16:28,2,1,1
2023-02-10 08:17:39,4,1,1
2023-02-10 08:23:46,2,1,1
2023-02-10 08:25:16,1,1,1
2023-02-10 08:25:46,2,1,1
2023-02-10 08:25:52,2,1,1
2023-02-10 08:25:57,2,1,1
2023-02-10 08:26:05,2,1,1
2023-02-10 08:26:13,2,1,1
2023-02-10 08:26:17,2,1,1
2023-02-10 08:26:23,2,1,1
2023-02-10 08:26:28,3,1,1
2023-02-10 08:26:38,3,1,1
2023-02-10 08:26:45,2,1,1
2023-02-10 08:27:25,3,1,1
2023-02-10 08:29:27,2,1,1
2023-02-10 08:30:39,1,1,1
2023-02-10 08:31:09,2,1,1
2023-02-10 08:47:08,2,1,1
2023-02-10 08:48:23,1,1,1
2023-02-10 08:48:32,2,1,1
2023-02-10 08:48:36,2,1,1
2023-02-10 08:48:42,2,1,1
2023-02-10 08:48:51,2,1,1
2023-02-10 08:48:58,2,1,1
2023-02-10 08:49:03,2,1,1
2023-02-10 08:49:09,2,1,1
2023-02-10 08:49:12,3,1,1
2023-02-10 08:49:18,3,1,1
2023-02-10 08:49:30,2,1,1
2023-02-10 08:50:06,2,1,1
2023-02-10 08:50:16,2,1,1
2023-02-10 08:50:58,3,1,1
2023-02-10 08:58:43,2,1,1
2023-02-10 09:00:03,1,1,1
2023-02-10 09:00:33,2,1,1
2023-02-10 09:00:40,2,1,1
2023-02-10 09:00:46,2,1,1
2023-02-10 09:00:53,2,1,1
2023-02-10 09:00:59,2,1,1
2023-02-10 09:01:09,2,1,1
2023-02-10 09:01:17,2,1,1
2023-02-10 09:01:24,3,1,1
2023-02-10 09:01:30,3,1,1
2023-02-10 09:01:41,2,1,1
2023-02-10 09:02:17,3,1,1
2023-02-10 09:02:26,2,1,1
2023-02-10 09:03:07,3,1,1
2023-02-10 09:03:23,2,1,1
2023-02-10 09:04:09,3,1,1
2023-02-10 09:04:24,2,1,1
2023-02-10 09:05:59,1,1,1
2023-02-10 09:06:14,2,1,1
2023-02-10 09:06:17,2,1,1
2023-02-10 09:06:22,2,1,1
2023-02-10 09:06:33,2,1,1
2023-02-10 09:06:41,2,1,1
2023-02-10 09:06:46,2,1,1
2023-02-10 09:06:54,2,1,1
2023-02-10 09:07:01,2,1,1
2023-02-10 09:07:04,1,1,1
2023-02-10 09:08:08,1,1,1
2023-02-10 09:08:33,2,1,1
2023-02-10 09:08:38,2,1,1
2023-02-10 09:08:42,2,1,1
2023-02-10 09:08:54,2,1,1
2023-02-10 09:09:08,2,1,1
2023-02-10 09:10:09,1,1,1
2023-02-10 09:10:31,2,1,1
2023-02-10 09:10:36,2,1,1
2023-02-10 09:10:40,2,1,1
2023-02-10 09:10:47,2,1,1
2023-02-10 09:10:51,2,1,1
2023-02-10 09:10:58,1,1,1
2023-02-10 09:22:43,2,1,1
2023-02-10 09:23:40,1,1,1
2023-02-10 09:23:55,2,1,1
2023-02-10 09:36:27,2,1,1
2023-02-10 09:37:51,1,1,1
2023-02-10 09:38:07,2,1,1
2023-02-10 09:38:12,2,1,1
2023-02-10 09:38:16,2,1,1
2023-02-10 10:03:37,2,1,1
2023-02-10 10:04:36,1,1,1
2023-02-10 10:04:49,2,1,1
2023-02-10 10:04:52,2,1,1
2023-02-10 10:04:54,2,1,1
2023-02-10 10:05:05,2,1,1
2023-02-10 10:05:10,2,1,1
2023-02-10 10:22:45,2,1,1
2023-02-10 10:31:58,2,1,1
2023-02-10 10:33:24,1,1,1
2023-02-10 10:33:34,2,1,1
2023-02-10 10:33:37,2,1,1
2023-02-10 10:33:40,2,1,1
2023-02-10 10:33:48,2,1,1
2023-02-10 10:33:52,2,1,1
2023-02-10 10:34:01,2,1,1
2023-02-10 10:41:11,2,1,1
2023-02-10 10:42:05,1,1,1
2023-02-10 10:42:35,2,1,1
2023-02-10 10:42:38,2,1,1
2023-02-10 10:42:40,2,1,1
2023-02-10 10:42:46,2,1,1
2023-02-10 10:59:00,2,1,1
2023-02-10 11:00:02,1,1,1
2023-02-10 11:00:17,2,1,1
2023-02-10 11:00:21,2,1,1
2023-02-10 11:00:27,2,1,1
2023-02-10 11:08:13,2,1,1
2023-02-10 11:09:12,1,1,1
2023-02-10 11:09:38,2,1,1
2023-02-10 11:09:44,2,1,1
2023-02-10 11:09:47,2,1,1
2023-02-10 11:09:56,2,1,1
2023-02-10 11:10:03,2,1,1
2023-02-10 11:10:10,2,1,1
2023-02-10 11:10:17,2,1,1
2023-02-10 11:10:23,3,1,1
2023-02-10 11:10:37,3,1,1
2023-02-10 11:10:45,2,1,1
2023-02-10 11:11:24,3,1,1
2023-02-10 11:11:43,2,1,1
2023-02-10 11:12:27,3,1,1
2023-02-10 11:12:40,2,1,1
2023-02-10 11:13:39,3,1,1
2023-02-10 11:13:44,2,1,1
2023-02-10 11:13:54,2,1,1
2023-02-10 11:14:28,3,1,1
2023-02-10 11:14:40,2,1,1
2023-02-10 11:15:24,1,1,1
2023-02-10 11:15:35,2,1,1
2023-02-10 11:15:39,2,1,1
2023-02-10 11:15:43,2,1,1
2023-02-10 11:15:49,2,1,1
2023-02-10 11:15:53,1,1,1
2023-02-10 11:16:11,4,1,1
2023-02-10 11:28:48,2,1,1
2023-02-10 11:30:00,1,1,1
2023-02-10 11:30:23,2,1,1
2023-02-10 11:30:28,2,1,1
2023-02-10 11:30:32,2,1,1
2023-02-10 11:30:41,2,1,1
2023-02-10 11:30:47,2,1,1
2023-02-10 11:30:57,2,1,1
2023-02-10 11:32:09,1,1,1
2023-02-10 11:32:23,3,1,1
2023-02-10 11:32:42,2,1,1
2023-02-10 11:34:16,3,1,1
2023-02-10 11:38:01,2,1,1
2023-02-10 11:39:20,1,1,1
2023-02-10 11:39:34,2,1,1
2023-02-10 11:39:38,2,1,1
2023-02-10 11:39:41,2,1,1
2023-02-10 11:39:48,2,1,1
2023-02-10 11:39:58,2,1,1
2023-02-10 11:40:05,2,1,1
2023-02-10 11:40:23,2,1,1
2023-02-10 11:55:17,2,1,1
2023-02-10 11:56:27,1,1,1
2023-02-10 11:56:38,2,1,1
2023-02-10 11:56:44,2,1,1
2023-02-10 11:56:50,2,1,1
2023-02-10 11:56:57,2,1,1
2023-02-10 11:57:03,2,1,1
2023-02-10 11:57:12,2,1,1
2023-02-10 11:57:21,2,1,1
2023-02-10 11:57:25,3,1,1
2023-02-10 11:57:34,3,1,1
2023-02-10 11:57:47,2,1,1
2023-02-10 11:58:28,3,1,1
2023-02-10 11:58:41,2,1,1
2023-02-10 11:59:26,3,1,1
2023-02-10 11:59:36,2,1,1
2023-02-10 12:00:21,3,1,1
2023-02-10 12:00:28,2,1,1
2023-02-10 12:00:58,2,1,1
2023-02-10 12:01:17,2,1,1
2023-02-10 12:02:21,1,1,1
2023-02-10 12:02:49,2,1,1
2023-02-10 12:02:52,2,1,1
2023-02-10 12:02:55,2,1,1
2023-02-10 12:03:03,1,1,1
2023-02-10 12:04:13,1,1,1
2023-02-10 12:04:18,3,1,1
2023-02-10 12:04:38,2,1,1
2023-02-10 12:05:57,2,1,1
2023-02-10 12:14:33,2,1,1
2023-02-10 12:16:04,1,1,1
2023-02-10 12:16:20,2,1,1
2023-02-10 12:16:23,2,1,1
2023-02-10 12:16:29,2,1,1
2023-02-10 12:16:41,1,1,1
2023-02-10 12:18:47,2,1,1
2023-02-10 12:20:21,1,1,1
2023-02-10 12:20:45,2,1,1
2023-02-10 12:20:50,2,1,1
2023-02-10 12:20:54,2,1,1
2023-02-10 12:21:02,2,1,1
2023-02-10 12:21:07,2,1,1
2023-02-10 12:21:20,2,1,1
2023-02-10 12:21:25,2,1,1
2023-02-10 12:21:35,1,1,1
2023-02-10 12:33:41,2,1,1
2023-02-10 12:42:01,1,1,1
2023-02-10 12:42:06,3,1,1
2023-02-10 12:42:19,2,1,1
2023-02-10 12:43:55,2,1,1
2023-02-10 12:52:57,2,1,1
2023-02-10 12:54:37,1,1,1
2023-02-10 12:54:49,2,1,1
2023-02-10 12:54:54,2,1,1
2023-02-10 12:54:57,2,1,1
2023-02-10 12:55:01,2,1,1
2023-02-10 12:55:10,2,1,1
2023-02-10 12:55:20,2,1,1
2023-02-10 12:55:26,2,1,1
2023-02-10 12:55:29,3,1,1
2023-02-10 12:55:42,3,1,1
2023-02-10 12:55:51,2,1,1
2023-02-10 12:56:36,3,1,1
2023-02-10 12:56:54,2,1,1
2023-02-10 12:57:48,3,1,1
2023-02-10 12:57:58,2,1,1
2023-02-10 12:58:58,3,1,1
2023-02-10 12:59:03,2,1,1
2023-02-10 12:59:45,3,1,1
2023-02-10 12:59:57,2,1,1
2023-02-10 13:01:11,4,1,1
2023-02-10 13:23:48,2,1,1
2023-02-10 13:25:11,1,1,1
2023-02-10 13:25:31,2,1,1
2023-02-10 13:25:34,2,1,1
2023-02-10 14:12:57,2,1,1
2023-02-10 14:14:21,1,1,1
2023-02-10 14:14:32,2,1,1
2023-02-10 14:14:35,2,1,1
2023-02-10 14:14:39,2,1,1
2023-02-10 14:26:32,2,1,1
2023-02-10 14:27:47,1,1,1
2023-02-10 14:28:13,2,1,1
2023-02-10 14:28:16,2,1,1
2023-02-10 14:28:18,2,1,1
2023-02-10 14:28:27,2,1,1
2023-02-10 14:28:32,2,1,1
2023-02-10 14:28:43,2,1,1
2023-02-10 14:28:49,2,1,1
2023-02-10 14:40:07,2,1,1
2023-02-10 14:41:12,1,1,1
2023-02-10 14:41:21,2,1,1
2023-02-10 14:41:24,2,1,1
2023-02-10 14:41:26,2,1,1
2023-02-10 14:49:20,2,1,1
2023-02-10 14:51:00,1,1,1
2023-02-10 14:51:09,2,1,1
2023-02-10 14:53:34,2,1,1
2023-02-10 14:54:52,1,1,1
2023-02-10 14:55:14,2,1,1
2023-02-10 14:55:21,2,1,1
2023-02-10 14:55:25,2,1,1
2023-02-10 14:55:31,2,1,1
2023-02-10 14:55:37,2,1,1
2023-02-10 14:55:42,2,1,1
2023-02-10 14:55:53,2,1,1
2023-02-10 14:56:01,3,1,1
2023-02-10 14:56:10,3,1,1
2023-02-10 14:56:20,2,1,1
2023-02-10 14:56:59,3,1,1
2023-02-10 14:57:14,2,1,1
2023-02-10 14:58:06,3,1,1
2023-02-10 14:58:14,2,1,1
2023-02-10 14:59:04,3,1,1
2023-02-10 14:59:16,2,1,1
2023-02-10 14:59:50,3,1,1
2023-02-10 15:00:04,2,1,1
2023-02-10 15:01:14,4,1,1
2023-02-10 15:07:01,2,1,1
2023-02-10 15:08:14,1,1,1
2023-02-10 15:08:40,2,1,1
2023-02-10 15:08:47,2,1,1
2023-02-10 15:08:51,2,1,1
2023-02-10 15:08:56,2,1,1
2023-02-10 15:09:02,2,1,1
2023-02-10 15:09:12,2,1,1
2023-02-10 15:09:20,2,1,1
2023-02-10 15:09:24,3,1,1
2023-02-10 15:09:35,3,1,1
2023-02-10 15:09:45,2,1,1
2023-02-10 15:10:16,3,1,1
2023-02-10 15:10:35,2,1,1
2023-02-10 15:11:22,3,1,1
2023-02-10 15:11:31,2,1,1
2023-02-10 15:12:35,3,1,1
2023-02-10 15:12:41,2,1,1
2023-02-10 15:13:19,3,1,1
2023-02-10 15:13:28,2,1,1
2023-02-10 15:14:51,4,1,1
2023-02-10 15:20:28,2,1,1
2023-02-10 15:22:01,1,1,1
2023-02-10 15:22:28,2,1,1
2023-02-10 15:22:33,2,1,1
2023-02-10 15:22:36,2,1,1
2023-02-10 15:22:48,2,1,1
2023-02-10 15:22:52,2,1,1
2023-02-10 15:31:50,2,1,1
2023-02-10 15:33:03,1,1,1
2023-02-10 15:33:27,2,1,1
2023-02-10 15:33:30,2,1,1
2023-02-10 15:33:34,2,1,1
2023-02-10 15:33:41,2,1,1
2023-02-10 15:33:47,2,1,1
2023-02-10 15:33:58,2,1,1
2023-02-10 15:34:03,2,1,1
2023-02-10 15:34:07,1,1,1
2023-02-10 15:45:17,2,1,1
2023-02-10 15:46:19,1,1,1
2023-02-10 15:46:47,2,1,1
2023-02-10 15:46:50,2,1,1
2023-02-10 15:46:58,1,1,1
2023-02-10 15:56:52,2,1,1
2023-02-10 15:57:48,1,1,1
2023-02-10 15:57:58,2,1,1
2023-02-10 15:58:02,2,1,1
2023-02-10 15:58:07,2,1,1
2023-02-10 15:58:15,2,1,1
2023-02-10 15:58:26,2,1,1
2023-02-10 15:58:32,2,1,1
2023-02-10 15:58:40,2,1,1
2023-02-10 15:58:46,3,1,1
2023-02-10 15:58:54,3,1,1
2023-02-10 15:59:01,2,1,1
2023-02-10 15:59:37,2,1,1
2023-02-10 16:10:27,2,1,1
2023-02-10 16:11:59,1,1,1
2023-02-10 16:12:15,2,1,1
2023-02-10 16:12:19,2,1,1
2023-02-10 16:12:24,2,1,1
2023-02-10 16:12:36,1,1,1
2023-02-10 16:16:08,2,1,1
2023-02-10 16:17:09,1,1,1
2023-02-10 16:17:39,2,1,1
2023-02-10 16:17:45,2,1,1
2023-02-10 16:17:51,2,1,1
2023-02-10 16:17:59,2,1,1
2023-02-10 16:18:04,2,1,1
2023-02-10 16:18:10,2,1,1
2023-02-10 16:18:18,2,1,1
2023-02-10 16:18:23,3,1,1
2023-02-10 16:18:30,2,1,1
2023-02-10 16:18:34,3,1,1
2023-02-10 16:18:41,2,1,1
2023-02-10 16:19:13,3,1,1
2023-02-10 16:19:22,1,1,1
2023-02-10 16:19:52,2,1,1
2023-02-10 16:19:58,2,1,1
2023-02-10 16:20:04,2,1,1
2023-02-10 16:20:13,2,1,1
2023-02-10 16:20:21,2,1,1
2023-02-10 16:20:28,2,1,1
2023-02-10 16:20:34,2,1,1
2023-02-10 16:20:39,3,1,1
2023-02-10 16:20:51,3,1,1
2023-02-10 16:20:57,2,1,1
2023-02-10 16:21:39,3,1,1
2023-02-10 16:21:47,2,1,1
2023-02-10 16:22:33,2,1,1
2023-02-10 16:39:18,2,1,1
2023-02-10 16:40:48,1,1,1
2023-02-10 16:40:59,2,1,1
2023-02-10 16:41:04,2,1,1
2023-02-10 16:44:59,2,1,1
2023-02-10 16:45:54,1,1,1
2023-02-10 16:46:19,2,1,1
2023-02-10 16:46:26,2,1,1
2023-02-10 16:46:30,2,1,1
2023-02-10 16:46:35,2,1,1
2023-02-10 16:46:40,2,1,1
2023-02-10 16:46:46,2,1,1
2023-02-10 16:46:56,2,1,1
2023-02-10 16:46:59,3,1,1
2023-02-10 16:47:14,3,1,1
2023-02-10 16:47:23,2,1,1
2023-02-10 16:48:01,3,1,1
2023-02-10 16:48:15,2,1,1
2023-02-10 16:48:56,3,1,1
2023-02-10 16:49:05,2,1,1
2023-02-10 16:49:58,3,1,1
2023-02-10 16:50:40,2,1,1
2023-02-10 16:51:47,1,1,1
2023-02-10 16:52:08,2,1,1
2023-02-10 16:52:11,2,1,1
2023-02-10 17:13:51,1,1,1
2023-02-10 17:14:08,3,1,1
2023-02-10 17:14:20,2,1,1
2023-02-10 17:15:23,3,1,1
2023-02-10 17:15:43,2,1,1
2023-02-10 17:17:31,3,1,1
2023-02-10 17:17:51,2,1,1
2023-02-10 17:19:09,3,1,1
2023-02-10 17:19:22,2,1,1
2023-02-10 17:20:15,3,1,1
2023-02-10 17:20:48,2,1,1
2023-02-10 17:22:10,2,1,1
2023-02-10 17:26:55,2,1,1
2023-02-10 17:27:45,1,1,1
2023-02-10 17:28:03,2,1,1
2023-02-10 17:28:10,1,1,1
2023-02-10 17:49:43,2,1,1
2023-02-10 17:51:12,1,1,1
2023-02-10 17:51:39,2,1,1
2023-02-10 17:51:43,2,1,1
2023-02-10 17:51:45,2,1,1
2023-02-10 17:51:52,2,1,1
2023-02-10 17:51:56,2,1,1
2023-02-10 17:52:08,2,1,1
2023-02-10 17:52:20,1,1,1
2023-02-10 17:58:56,2,1,1
2023-02-10 18:21:36,2,1,1
2023-02-10 18:23:09,1,1,1
2023-02-10 18:23:24,2,1,1
2023-02-10 18:25:20,1,1,1
2023-02-10 18:25:27,3,1,1
2023-02-10 18:25:43,2,1,1
2023-02-10 18:26:38,2,1,1
2023-02-10 18:30:49,2,1,1
2023-02-10 18:31:57,1,1,1
2023-02-10 18:32:14,2,1,1
2023-02-10 18:32:21,2,1,1
2023-02-10 18:32:27,2,1,1
2023-02-10 18:32:33,2,1,1
2023-02-10 18:32:42,2,1,1
2023-02-10 18:32:52,2,1,1
2023-02-10 18:32:58,2,1,1
2023-02-10 18:33:02,3,1,1
2023-02-10 18:33:12,3,1,1
2023-02-10 18:33:24,2,1,1
2023-02-10 18:33:56,3,1,1
2023-02-10 18:34:04,2,1,1
2023-02-10 18:34:54,3,1,1
2023-02-10 18:35:02,2,1,1
2023-02-10 18:35:49,3,1,1
2023-02-10 18:36:01,2,1,1
2023-02-10 18:36:41,3,1,1
2023-02-10 18:36:50,2,1,1
2023-02-10 18:38:17,4,1,1
2023-02-10 18:40:44,2,1,1
2023-02-10 18:41:35,1,1,1
2023-02-10 18:41:48,2,1,1
2023-02-10 19:00:20,1,1,1
2023-02-10 19:00:37,3,1,1
2023-02-10 19:00:54,2,1,1
2023-02-10 19:01:46,3,1,1
2023-02-10 19:02:03,2,1,1
2023-02-10 19:03:40,3,1,1
2023-02-10 19:03:58,2,1,1
2023-02-10 19:05:18,3,1,1
2023-02-10 19:05:31,2,1,1
2023-02-10 19:06:27,3,1,1
2023-02-10 19:07:02,2,1,1
2023-02-10 19:08:14,4,1,1
2023-02-10 19:12:45,2,1,1
2023-02-10 19:14:07,1,1,1
2023-02-10 19:14:32,2,1,1
2023-02-10 19:14:37,2,1,1
2023-02-10 19:14:43,2,1,1
2023-02-10 19:14:49,2,1,1
2023-02-10 19:31:11,2,1,1
2023-02-10 19:32:36,1,1,1
2023-02-10 19:33:05,2,1,1
2023-02-10 19:33:08,2,1,1
2023-02-10 19:33:13,2,1,1
2023-02-10 19:33:20,2,1,1
2023-02-10 19:33:29,2,1,1
2023-02-10 19:33:41,2,1,1
2023-02-10 19:33:47,2,1,1
2023-02-10 19:41:06,2,1,1
2023-02-10 19:42:04,1,1,1
2023-02-10 19:42:26,2,1,1
2023-02-10 19:42:30,2,1,1
2023-02-10 19:42:33,2,1,1
2023-02-10 19:42:44,2,1,1
2023-02-10 19:42:48,2,1,1
2023-02-10 19:42:57,1,1,1
2023-02-10 19:56:00,2,1,1
2023-02-10 19:56:51,1,1,1
2023-02-10 19:57:18,2,1,1
2023-02-10 19:57:22,2,1,1
2023-02-10 20:05:13,2,1,1
2023-02-10 20:06:42,1,1,1
2023-02-10 20:07:07,2,1,1
2023-02-10 20:07:10,2,1,1
2023-02-10 20:07:14,2,1,1
2023-02-10 20:07:26,2,1,1
2023-02-10 20:07:30,2,1,1
2023-02-10 20:14:26,2,1,1
2023-02-10 20:15:21,1,1,1
2023-02-10 20:15:46,2,1,1
2023-02-10 20:15:51,2,1,1
2023-02-10 20:15:57,2,1,1
2023-02-10 20:16:02,2,1,1
2023-02-10 20:16:13,2,1,1
2023-02-10 20:16:20,2,1,1
2023-02-10 20:16:30,2,1,1
2023-02-10 20:16:38,3,1,1
2023-02-10 20:37:06,2,1,1
2023-02-10 20:38:35,1,1,1
2023-02-10 20:38:49,2,1,1
2023-02-10 20:38:54,2,1,1
2023-02-10 20:38:59,2,1,1
2023-02-10 20:39:06,2,1,1
2023-02-10 20:39:17,2,1,1
2023-02-10 20:39:24,2,1,1
2023-02-10 20:39:35,2,1,1
2023-02-10 20:39:41,3,1,1
2023-02-10 20:39:49,3,1,1
2023-02-10 20:40:00,2,1,1
2023-02-10 20:40:37,3,1,1
2023-02-10 20:40:56,2,1,1
2023-02-10 20:41:48,3,1,1
2023-02-10 20:41:56,2,1,1
2023-02-10 20:42:44,3,1,1
2023-02-10 21:14:03,2,1,1
2023-02-10 21:15:09,1,1,1
2023-02-10 21:15:32,2,1,1
2023-02-10 21:15:35,2,1,1
2023-02-10 21:15:38,2,1,1
2023-02-10 21:15:42,2,1,1
2023-02-10 21:15:51,2,1,1
2023-02-10 21:15:55,2,1,1
2023-02-10 21:16:01,2,1,1
2023-02-10 21:16:05,3,1,1
2023-02-10 21:16:13,3,1,1
2023-02-10 21:16:26,2,1,1
2023-02-10 21:17:11,2,1,1
2023-02-10 21:17:21,2,1,1
2023-02-10 21:18:09,3,1,1
2023-02-10 21:18:22,2,1,1
2023-02-10 21:19:04,3,1,1
2023-02-10 21:19:12,2,1,1
2023-02-10 21:19:55,2,1,1
2023-02-10 21:26:08,2,1,1
2023-02-10 21:46:04,2,1,1
2023-02-10 21:47:32,1,1,1
2023-02-10 21:47:55,2,1,1
2023-02-10 21:47:59,2,1,1
2023-02-10 21:48:09,1,1,1
2023-02-10 21:50:18,2,1,1
2023-02-10 21:51:28,1,1,1
2023-02-10 21:51:42,2,1,1
2023-02-10 21:51:48,2,1,1
2023-02-10 21:51:53,2,1,1
2023-02-10 21:51:57,2,1,1
2023-02-10 21:52:04,2,1,1
2023-02-10 21:52:09,2,1,1
2023-02-10 21:52:21,2,1,1
2023-02-10 21:52:25,3,1,1
2023-02-10 21:52:38,3,1,1
2023-02-10 21:52:51,2,1,1
2023-02-10 21:53:24,3,1,1
2023-02-10 21:53:38,2,1,1
2023-02-10 21:54:27,3,1,1
2023-02-10 21:54:37,2,1,1
2023-02-10 21:55:40,3,1,1
2023-02-10 21:55:45,2,1,1
2023-02-10 21:56:26,3,1,1
2023-02-10 21:56:34,2,1,1
2023-02-10 21:58:08,4,1,1
2023-02-10 22:05:12,2,1,1
2023-02-10 22:06:07,1,1,1
2023-02-10 22:06:37,2,1,1
2023-02-10 22:10:53,2,1,1
2023-02-10 22:11:51,1,1,1
2023-02-10 22:12:10,2,1,1
2023-02-10 22:12:14,2,1,1
2023-02-10 22:16:34,2,1,1
2023-02-10 22:17:44,1,1,1
2023-02-10 22:17:59,2,1,1
2023-02-10 22:18:04,2,1,1
2023-02-10 22:18:06,2,1,1
2023-02-10 22:18:16,2,1,1
2023-02-10 22:25:47,2,1,1
2023-02-10 22:26:37,1,1,1
2023-02-10 22:26:49,2,1,1
2023-02-10 22:26:53,2,1,1
2023-02-10 22:26:57,2,1,1
2023-02-10 22:27:06,2,1,1
2023-02-10 22:27:10,2,1,1
2023-02-10 22:27:17,2,1,1
2023-02-10 22:27:21,2,1,1
2023-02-10 22:35:42,2,1,1
2023-02-10 22:36:57,1,1,1
2023-02-10 22:37:11,2,1,1
2023-02-10 22:37:16,2,1,1
2023-02-10 22:37:22,2,1,1
2023-02-10 22:37:31,2,1,1
2023-02-10 22:37:36,2,1,1
2023-02-10 22:37:43,2,1,1
2023-02-10 22:37:52,2,1,1
2023-02-10 22:37:59,3,1,1
2023-02-10 22:38:05,3,1,1
2023-02-10 22:38:11,2,1,1
2023-02-10 22:38:45,2,1,1
2023-02-10 22:38:59,2,1,1
2023-02-10 22:39:54,3,1,1
2023-02-10 22:44:55,2,1,1
2023-02-10 22:46:14,1,1,1
2023-02-10 22:46:23,2,1,1
2023-02-10 22:46:30,2,1,1
2023-02-10 22:46:35,2,1,1
2023-02-10 22:46:41,2,1,1
2023-02-10 22:46:51,2,1,1
2023-02-10 22:46:56,2,1,1
2023-02-10 22:47:07,2,1,1
2023-02-10 22:47:10,3,1,1
2023-02-10 22:47:23,3,1,1
2023-02-10 22:47:35,2,1,1
2023-02-10 22:48:05,3,1,1
2023-02-10 22:48:17,2,1,1
2023-02-10 22:49:01,3,1,1
2023-02-10 22:49:14,2,1,1
2023-02-10 22:50:07,3,1,1
2023-02-10 22:50:19,2,1,1
2023-02-10 22:51:12,3,1,1
2023-02-10 22:51:20,2,1,1
2023-02-10 22:52:49,4,1,1
2023-02-10 22:54:08,2,1,1
2023-02-10 22:55:04,1,1,1
2023-02-10 22:55:20,2,1,1
2023-02-10 22:55:27,2,1,1
2023-02-10 22:55:32,2,1,1
2023-02-10 22:55:41,2,1,1
2023-02-10 22:55:46,2,1,1
2023-02-10 22:55:50,2,1,1
2023-02-10 22:55:59,2,1,1
2023-02-10 22:56:06,3,1,1
2023-02-10 22:56:14,3,1,1
2023-02-10 22:56:23,2,1,1
2023-02-10 22:57:01,3,1,1
2023-02-10 22:57:10,2,1,1
2023-02-10 22:58:02,3,1,1
2023-02-10 22:58:19,2,1,1
2023-02-10 22:58:22,2,1,1
2023-02-10 22:59:16,3,1,1
2023-02-10 22:59:19,1,1,1
2023-02-10 22:59:27,2,1,1
2023-02-10 22:59:43,2,1,1
2023-02-10 22:59:50,2,1,1
2023-02-10 22:59:55,2,1,1
2023-02-10 23:00:04,2,1,1
2023-02-10 23:00:11,2,1,1
2023-02-10 23:00:17,3,1,1
2023-02-10 23:00:20,2,1,1
2023-02-10 23:00:26,2,1,1
2023-02-10 23:00:31,2,1,1
2023-02-10 23:00:33,3,1,1
2023-02-10 23:00:45,3,1,1
2023-02-10 23:00:52,2,1,1
2023-02-10 23:01:26,2,1,1
2023-02-10 23:01:45,2,1,1
2023-02-10 23:01:56,2,1,1
2023-02-10 23:02:26,3,1,1
2023-02-10 23:02:43,2,1,1
2023-02-10 23:03:31,3,1,1
2023-02-10 23:09:44,2,1,1
2023-02-10 23:10:53,1,1,1
2023-02-10 23:11:22,2,1,1
2023-02-10 23:11:26,2,1,1
2023-02-10 23:11:28,2,1,1
2023-02-10 23:11:37,2,1,1
2023-02-10 23:11:47,2,1,1
2023-02-10 23:11:55,2,1,1
2023-02-10 23:12:02,2,1,1
2023-02-10 23:12:13,1,1,1
2023-02-10 23:29:00,2,1,1
2023-02-10 23:30:07,1,1,1
2023-02-10 23:30:17,2,1,1
2023-02-10 23:30:24,2,1,1
2023-02-10 23:30:27,2,1,1
2023-02-10 23:30:35,2,1,1
2023-02-10 23:30:40,2,1,1
2023-02-10 23:30:49,2,1,1
2023-02-10 23:30:58,2,1,1
2023-02-10 23:31:03,3,1,1
2023-02-10 23:31:13,3,1,1
2023-02-10 23:31:23,2,1,1
2023-02-10 23:32:01,3,1,1
2023-02-10 23:32:19,2,1,1
2023-02-10 23:33:10,3,1,1
2023-02-10 23:33:21,2,1,1
2023-02-10 23:34:02,3,1,1
2023-02-10 23:34:09,2,1,1
2023-02-10 23:34:57,3,1,1
2023-02-10 23:35:09,2,1,1
2023-02-10 23:36:38,2,1,1
2023-02-10 23:41:01,1,1,1
2023-02-10 23:41:18,2,1,1
2023-02-10 23:42:17,4,1,1
2023-02-11 00:03:10,2,1,1
2023-02-11 00:04:37,1,1,1
2023-02-11 00:05:03,2,1,1
2023-02-11 00:05:08,2,1,1
2023-02-11 00:05:13,2,1,1
2023-02-11 00:05:20,2,1,1
2023-02-11 00:05:30,2,1,1
2023-02-11 00:05:42,1,1,1
2023-02-11 00:08:51,2,1,1
2023-02-11 00:10:23,1,1,1
2023-02-11 00:10:51,2,1,1
2023-02-11 00:11:02,1,1,1
2023-02-11 00:18:46,2,1,1
2023-02-11 00:19:44,1,1,1
2023-02-11 00:19:54,2,1,1
2023-02-11 00:19:59,2,1,1
2023-02-11 00:20:05,2,1,1
2023-02-11 00:20:17,2,1,1
2023-02-11 00:20:25,2,1,1
2023-02-11 00:20:34,2,1,1
2023-02-11 00:20:39,2,1,1
2023-02-11 00:21:52,1,1,1
2023-02-11 00:22:08,2,1,1
2023-02-11 00:23:08,4,1,1
2023-02-11 00:33:40,2,1,1
2023-02-11 00:35:17,1,1,1
2023-02-11 00:35:28,2,1,1
2023-02-11 00:35:33,2,1,1
2023-02-11 00:35:38,2,1,1
2023-02-11 00:35:45,2,1,1
2023-02-11 00:35:49,2,1,1
2023-02-11 00:52:06,2,1,1
2023-02-11 00:53:22,1,1,1
2023-02-11 00:53:36,2,1,1
2023-02-11 00:53:40,2,1,1
2023-02-11 00:53:42,2,1,1
2023-02-11 00:57:10,1,1,1
2023-02-11 00:57:24,3,1,1
2023-02-11 00:57:42,2,1,1
2023-02-11 00:58:24,3,1,1
2023-02-11 00:58:54,2,1,1
2023-02-11 01:00:00,3,1,1
2023-02-11 01:00:14,2,1,1
2023-02-11 01:01:28,3,1,1
2023-02-11 01:01:40,2,1,1
2023-02-11 01:02:51,3,1,1
2023-02-11 01:03:21,2,1,1
2023-02-11 01:04:54,4,1,1
2023-02-11 01:10:32,2,1,1
2023-02-11 01:11:45,1,1,1
2023-02-11 01:12:13,2,1,1
2023-02-11 01:12:17,2,1,1
2023-02-11 01:12:21,2,1,1
2023-02-11 01:12:29,2,1,1
2023-02-11 01:12:36,1,1,1
2023-02-11 01:16:13,2,1,1
2023-02-11 01:17:14,1,1,1
2023-02-11 01:17:36,2,1,1
2023-02-11 01:17:39,2,1,1
2023-02-11 01:17:46,1,1,1
2023-02-11 01:34:02,2,1,1
2023-02-11 01:35:13,1,1,1
2023-02-11 01:35:23,2,1,1
2023-02-11 01:35:28,2,1,1
2023-02-11 01:35:32,2,1,1
2023-02-11 01:35:43,2,1,1
2023-02-11 01:38:16,2,1,1
2023-02-11 01:39:32,1,1,1
2023-02-11 01:39:43,2,1,1
2023-02-11 01:39:47,2,1,1
2023-02-11 01:42:30,2,1,1
2023-02-11 01:43:37,1,1,1
2023-02-11 01:43:53,2,1,1
2023-02-11 01:43:58,2,1,1
2023-02-11 01:44:04,2,1,1
2023-02-11 01:44:08,2,1,1
2023-02-11 01:44:15,2,1,1
2023-02-11 01:44:20,2,1,1
2023-02-11 01:44:26,2,1,1
2023-02-11 01:44:29,3,1,1
2023-02-11 01:44:40,3,1,1
2023-02-11 01:44:47,2,1,1
2023-02-11 01:45:21,3,1,1
2023-02-11 01:45:40,2,1,1
2023-02-11 01:46:31,3,1,1
2023-02-11 01:46:42,2,1,1
2023-02-11 01:47:28,3,1,1
2023-02-11 01:47:35,2,1,1
2023-02-11 01:48:34,2,1,1
2023-02-11 01:52:25,2,1,1
2023-02-11 01:53:38,1,1,1
2023-02-11 01:54:04,2,1,1
2023-02-11 01:54:09,2,1,1
2023-02-11 01:54:14,2,1,1
2023-02-11 01:54:18,2,1,1
2023-02-11 01:54:26,2,1,1
2023-02-11 01:54:30,2,1,1
2023-02-11 01:54:42,2,1,1
2023-02-11 01:54:45,3,1,1
2023-02-11 02:11:41,2,1,1
2023-02-11 02:13:09,1,1,1
2023-02-11 02:13:34,2,1,1
2023-02-11 02:13:40,2,1,1
2023-02-11 02:13:45,2,1,1
2023-02-11 02:13:49,2,1,1
2023-02-11 02:13:59,2,1,1
2023-02-11 02:14:03,2,1,1
2023-02-11 02:14:15,2,1,1
2023-02-11 02:14:21,3,1,1
2023-02-11 02:20:54,2,1,1
2023-02-11 02:22:08,1,1,1
2023-02-11 02:22:36,2,1,1
2023-02-11 02:22:41,2,1,1
2023-02-11 02:22:46,2,1,1
2023-02-11 02:32:44,1,1,1
2023-02-11 02:32:58,3,1,1
2023-02-11 02:33:14,2,1,1
2023-02-11 02:34:29,2,1,1
2023-02-11 02:34:52,2,1,1
2023-02-11 02:35:49,3,1,1
2023-02-11 02:36:00,2,1,1
2023-02-11 02:37:22,3,1,1
2023-02-11 02:37:44,2,1,1
2023-02-11 02:38:51,3,1,1
2023-02-11 02:39:20,2,1,1
2023-02-11 02:40:15,3,1,1
2023-02-11 02:50:26,2,1,1
2023-02-11 02:51:24,1,1,1
2023-02-11 02:51:44,2,1,1
2023-02-11 02:51:50,2,1,1
2023-02-11 02:51:53,2,1,1
2023-02-11 02:52:02,2,1,1
2023-02-11 02:52:10,2,1,1
2023-02-11 02:52:19,2,1,1
2023-02-11 02:52:30,2,1,1
2023-02-11 02:52:38,3,1,1
2023-02-11 02:52:51,3,1,1
2023-02-11 02:53:00,2,1,1
2023-02-11 02:53:45,3,1,1
2023-02-11 02:53:59,2,1,1
2023-02-11 02:54:51,3,1,1
2023-02-11 02:55:08,2,1,1
2023-02-11 02:56:03,3,1,1
2023-02-11 02:56:09,2,1,1
2023-02-11 02:56:50,3,1,1
2023-02-11 02:57:00,2,1,1
2023-02-11 02:58:03,2,1,1
2023-02-11 03:13:14,2,1,1
2023-02-11 03:14:06,1,1,1
2023-02-11 03:14:24,2,1,1
2023-02-11 03:14:27,2,1,1
2023-02-11 03:14:33,2,1,1
2023-02-11 03:19:36,1,1,1
2023-02-11 03:19:51,2,1,1
2023-02-11 03:21:23,4,1,1
2023-02-11 03:38:24,2,1,1
2023-02-11 03:39:32,1,1,1
2023-02-11 03:39:53,2,1,1
2023-02-11 03:39:58,2,1,1
2023-02-11 03:40:03,2,1,1
2023-02-11 03:40:09,2,1,1
2023-02-11 03:40:17,2,1,1
2023-02-11 03:40:22,2,1,1
2023-02-11 03:40:31,2,1,1
2023-02-11 03:40:36,3,1,1
2023-02-11 03:40:49,3,1,1
2023-02-11 03:40:58,2,1,1
2023-02-11 03:41:30,3,1,1
2023-02-11 03:41:41,2,1,1
2023-02-11 03:42:31,3,1,1
2023-02-11 03:42:42,2,1,1
2023-02-11 03:43:39,3,1,1
2023-02-11 03:43:51,2,1,1
2023-02-11 03:44:05,2,1,1
2023-02-11 03:44:48,3,1,1
2023-02-11 03:44:57,2,1,1
2023-02-11 03:45:14,1,1,1
2023-02-11 03:45:25,2,1,1
2023-02-11 03:45:30,2,1,1
2023-02-11 03:45:33,2,1,1
2023-02-11 03:45:43,2,1,1
2023-02-11 03:45:50,2,1,1
2023-02-11 03:45:58,2,1,1
2023-02-11 03:46:03,4,1,1
2023-02-11 03:46:06,1,1,1
2023-02-11 03:57:40,2,1,1
2023-02-11 03:59:16,1,1,1
2023-02-11 03:59:26,2,1,1
2023-02-11 03:59:29,2,1,1
2023-02-11 03:59:35,2,1,1
2023-02-11 03:59:39,2,1,1
2023-02-11 03:59:46,2,1,1
2023-02-11 03:59:55,2,1,1
2023-02-11 04:00:05,2,1,1
2023-02-11 04:00:12,3,1,1
2023-02-11 04:00:27,3,1,1
2023-02-11 04:00:33,2,1,1
2023-02-11 04:01:13,2,1,1
2023-02-11 04:01:25,2,1,1
2023-02-11 04:02:07,3,1,1
2023-02-11 04:02:19,2,1,1
2023-02-11 04:03:03,2,1,1
2023-02-11 04:03:11,2,1,1
2023-02-11 04:04:08,3,1,1
2023-02-11 04:10:40,2,1,1
2023-02-11 04:11:07,2,1,1
2023-02-11 04:12:02,1,1,1
2023-02-11 04:12:32,2,1,1
2023-02-11 04:12:37,2,1,1
2023-02-11 04:12:42,2,1,1
2023-02-11 04:12:49,2,1,1
2023-02-11 04:36:38,2,1,1
2023-02-11 04:37:58,1,1,1
2023-02-11 04:38:08,2,1,1
2023-02-11 04:38:13,2,1,1
2023-02-11 04:59:26,2,1,1
2023-02-11 05:00:25,1,1,1
2023-02-11 05:00:52,2,1,1
2023-02-11 05:00:56,2,1,1
2023-02-11 05:08:39,2,1,1
2023-02-11 05:10:11,1,1,1
2023-02-11 05:10:38,2,1,1
2023-02-11 05:10:43,2,1,1
2023-02-11 05:10:48,2,1,1
2023-02-11 05:10:56,2,1,1
2023-02-11 05:11:00,2,1,1
2023-02-11 05:18:34,2,1,1
2023-02-11 05:20:14,1,1,1
2023-02-11 05:20:24,2,1,1
2023-02-11 05:24:15,2,1,1
2023-02-11 05:25:11,1,1,1
2023-02-11 05:25:29,2,1,1
2023-02-11 05:25:34,2,1,1
2023-02-11 05:25:36,2,1,1
2023-02-11 05:25:45,2,1,1
2023-02-11 05:25:55,2,1,1
2023-02-11 05:26:06,2,1,1
2023-02-11 05:26:13,1,1,1
2023-02-11 05:29:56,2,1,1
2023-02-11 05:31:21,1,1,1
2023-02-11 05:31:45,2,1,1
2023-02-11 05:31:49,2,1,1
2023-02-11 05:31:55,2,1,1
2023-02-11 05:32:04,2,1,1
2023-02-11 05:32:10,2,1,1
2023-02-11 05:32:16,2,1,1
2023-02-11 05:32:28,2,1,1
2023-02-11 05:32:32,3,1,1
2023-02-11 05:32:43,3,1,1
2023-02-11 05:32:53,2,1,1
2023-02-11 05:33:30,3,1,1
2023-02-11 05:33:48,2,1,1
2023-02-11 05:34:39,3,1,1
2023-02-11 05:34:55,2,1,1
2023-02-11 05:35:49,3,1,1
2023-02-11 05:35:54,2,1,1
2023-02-11 05:36:30,3,1,1
2023-02-11 05:36:39,2,1,1
2023-02-11 05:37:56,4,1,1
2023-02-11 05:39:09,2,1,1
2023-02-11 05:40:16,1,1,1
2023-02-11 05:40:37,2,1,1
2023-02-11 05:40:41,2,1,1
2023-02-11 05:40:43,2,1,1
2023-02-11 05:40:51,2,1,1
2023-02-11 05:40:56,2,1,1
2023-02-11 05:41:05,2,1,1
2023-02-11 05:52:44,2,1,1
2023-02-11 05:54:19,1,1,1
2023-02-11 05:54:46,2,1,1
2023-02-11 05:54:49,2,1,1
2023-02-11 05:54:53,2,1,1
2023-02-11 05:55:00,2,1,1
2023-02-11 05:55:07,2,1,1
2023-02-11 05:55:16,2,1,1
2023-02-11 05:55:25,2,1,1
2023-02-11 05:55:33,3,1,1
2023-02-11 05:55:45,3,1,1
2023-02-11 05:55:58,2,1,1
2023-02-11 05:56:43,3,1,1
2023-02-11 06:49:27,2,1,1
2023-02-11 06:50:35,1,1,1
2023-02-11 06:50:52,2,1,1
2023-02-11 06:50:56,2,1,1
2023-02-11 06:51:01,2,1,1
2023-02-11 06:51:07,2,1,1
2023-02-11 06:51:14,2,1,1
2023-02-11 06:51:25,2,1,1
2023-02-11 06:51:31,1,1,1
2023-02-11 07:16:29,2,1,1
2023-02-11 07:17:39,1,1,1
2023-02-11 07:17:52,2,1,1
2023-02-11 07:17:58,2,1,1
2023-02-11 07:18:02,2,1,1
2023-02-11 07:18:06,2,1,1
2023-02-11 07:18:16,2,1,1
2023-02-11 07:18:22,2,1,1
2023-02-11 07:18:28,2,1,1
2023-02-11 07:18:36,3,1,1
2023-02-11 07:18:45,3,1,1
2023-02-11 07:18:57,2,1,1
2023-02-11 07:19:27,2,1,1
2023-02-11 07:19:45,2,1,1
2023-02-11 07:20:26,3,1,1
2023-02-11 07:20:37,2,1,1
2023-02-11 07:21:23,3,1,1
2023-02-11 07:21:29,2,1,1
2023-02-11 07:22:04,3,1,1
2023-02-11 07:27:29,1,1,1
2023-02-11 07:27:44,3,1,1
2023-02-11 07:27:55,2,1,1
2023-02-11 07:29:41,2,1,1
2023-02-11 07:29:47,3,1,1
2023-02-11 07:30:58,1,1,1
2023-02-11 07:31:17,2,1,1
2023-02-11 07:31:21,2,1,1
2023-02-11 07:31:24,2,1,1
2023-02-11 07:31:30,2,1,1
2023-02-11 07:31:40,2,1,1
2023-02-11 07:31:47,2,1,1
2023-02-11 07:31:56,2,1,1
2023-02-11 07:33:56,1,1,1
2023-02-11 07:34:08,3,1,1
2023-02-11 07:34:22,2,1,1
2023-02-11 07:35:27,2,1,1
2023-02-11 07:35:55,2,1,1
2023-02-11 07:36:53,2,1,1
2023-02-11 07:37:03,2,1,1
2023-02-11 07:38:01,3,1,1
2023-02-11 07:38:26,2,1,1
2023-02-11 07:39:27,3,1,1
2023-02-11 07:40:07,3,1,1
2023-02-11 07:48:57,2,1,1
2023-02-11 07:50:10,1,1,1
2023-02-11 07:50:30,2,1,1
2023-02-11 07:50:33,2,1,1
2023-02-11 07:58:10,2,1,1
2023-02-11 07:59:19,1,1,1
2023-02-11 07:59:49,2,1,1
2023-02-11 07:59:56,2,1,1
2023-02-11 08:00:02,2,1,1
2023-02-11 08:00:10,2,1,1
2023-02-11 08:00:20,2,1,1
2023-02-11 08:00:29,2,1,1
2023-02-11 08:00:39,2,1,1
2023-02-11 08:00:47,3,1,1
2023-02-11 08:00:57,3,1,1
2023-02-11 08:01:07,2,1,1
2023-02-11 08:01:37,3,1,1
2023-02-11 08:01:49,2,1,1
2023-02-11 08:02:41,3,1,1
2023-02-11 08:02:56,2,1,1
2023-02-11 08:03:36,3,1,1
2023-02-11 08:03:41,2,1,1
2023-02-11 08:04:25,3,1,1
2023-02-11 08:04:37,2,1,1
2023-02-11 08:06:02,4,1,1
2023-02-11 08:17:26,2,1,1
2023-02-11 08:18:33,1,1,1
2023-02-11 08:18:52,2,1,1
2023-02-11 08:18:56,2,1,1
2023-02-11 08:19:00,2,1,1
2023-02-11 08:19:11,2,1,1
2023-02-11 08:19:16,2,1,1
2023-02-11 08:19:24,2,1,1
2023-02-11 08:19:33,2,1,1
2023-02-11 08:19:38,1,1,1
2023-02-11 08:21:40,2,1,1
2023-02-11 08:23:12,1,1,1
2023-02-11 08:23:23,2,1,1
2023-02-11 08:23:27,2,1,1
2023-02-11 08:23:31,2,1,1
2023-02-11 08:23:42,2,1,1
2023-02-11 08:23:48,2,1,1
2023-02-11 08:23:55,2,1,1
2023-02-11 08:24:04,2,1,1
2023-02-11 08:44:28,2,1,1
2023-02-11 08:45:22,1,1,1
2023-02-11 08:45:34,2,1,1
2023-02-11 08:45:38,2,1,1
2023-02-11 08:45:40,2,1,1
2023-02-11 09:33:16,2,1,1
2023-02-11 09:34:13,1,1,1
2023-02-11 09:34:35,2,1,1
2023-02-11 09:37:30,2,1,1
2023-02-11 09:38:33,1,1,1
2023-02-11 09:38:42,2,1,1
2023-02-11 09:38:47,2,1,1
2023-02-11 09:38:53,2,1,1
2023-02-11 09:39:02,2,1,1
2023-02-11 09:39:11,2,1,1
2023-02-11 09:39:19,2,1,1
2023-02-11 09:39:30,2,1,1
2023-02-11 09:39:37,3,1,1
2023-02-11 09:39:46,3,1,1
2023-02-11 09:39:54,2,1,1
2023-02-11 09:40:39,3,1,1
2023-02-11 09:40:53,2,1,1
2023-02-11 09:41:39,3,1,1
2023-02-11 09:41:56,2,1,1
2023-02-11 09:42:45,3,1,1
2023-02-11 09:42:55,2,1,1
2023-02-11 09:43:11,2,1,1
2023-02-11 09:43:49,3,1,1
2023-02-11 09:44:00,2,1,1
2023-02-11 09:44:12,1,1,1
2023-02-11 09:44:27,2,1,1
2023-02-11 09:45:13,4,1,1
2023-02-11 09:52:24,2,1,1
2023-02-11 09:53:53,1,1,1
2023-02-11 09:54:22,2,1,1
2023-02-11 09:54:27,2,1,1
2023-02-11 09:54:30,2,1,1
2023-02-11 09:54:39,2,1,1
2023-02-11 10:05:59,2,1,1
2023-02-11 10:06:17,1,1,1
2023-02-11 10:25:15,2,1,1
2023-02-11 10:26:21,1,1,1
2023-02-11 10:26:34,2,1,1
2023-02-11 10:30:56,2,1,1
2023-02-11 10:32:13,1,1,1
2023-02-11 10:32:41,2,1,1
2023-02-11 10:32:46,2,1,1
2023-02-11 10:32:51,2,1,1
2023-02-11 10:33:02,2,1,1
2023-02-11 10:33:11,2,1,1
2023-02-11 10:33:18,2,1,1
2023-02-11 10:33:22,2,1,1
2023-02-11 10:33:34,1,1,1
2023-02-11 10:44:31,2,1,1
2023-02-11 10:45:52,1,1,1
2023-02-11 10:46:09,2,1,1
2023-02-11 10:46:12,2,1,1
2023-02-11 10:46:18,2,1,1
2023-02-11 10:58:06,2,1,1
2023-02-11 10:59:19,1,1,1
2023-02-11 10:59:41,2,1,1
2023-02-11 11:02:13,1,1,1
2023-02-11 11:02:26,3,1,1
2023-02-11 11:02:43,2,1,1
2023-02-11 11:03:39,3,1,1
2023-02-11 11:03:47,2,1,1
2023-02-11 11:03:56,2,1,1
2023-02-11 11:04:55,1,1,1
2023-02-11 11:05:20,3,1,1
2023-02-11 11:05:25,2,1,1
2023-02-11 11:05:29,2,1,1
2023-02-11 11:05:38,2,1,1
2023-02-11 11:06:30,3,1,1
2023-02-11 11:06:51,2,1,1
2023-02-11 11:07:48,3,1,1
2023-02-11 11:08:14,2,1,1
2023-02-11 11:09:22,4,1,1
2023-02-11 11:30:57,2,1,1
2023-02-11 11:32:07,1,1,1
2023-02-11 11:32:33,2,1,1
2023-02-11 11:32:37,2,1,1
2023-02-11 11:32:40,2,1,1
2023-02-11 11:32:47,2,1,1
2023-02-11 11:40:10,2,1,1
2023-02-11 11:41:05,1,1,1
2023-02-11 11:41:29,2,1,1
2023-02-11 11:41:33,2,1,1
2023-02-11 11:41:36,2,1,1
2023-02-11 11:41:44,2,1,1
2023-02-11 11:41:55,2,1,1
2023-02-11 11:42:04,2,1,1
2023-02-11 11:42:10,2,1,1
2023-02-11 11:42:16,3,1,1
2023-02-11 11:42:26,3,1,1
2023-02-11 11:42:36,2,1,1
2023-02-11 11:43:17,2,1,1
2023-02-11 11:43:34,2,1,1
2023-02-11 11:44:24,3,1,1
2023-02-11 11:44:32,2,1,1
2023-02-11 11:45:32,3,1,1
2023-02-11 11:45:44,2,1,1
2023-02-11 11:46:29,3,1,1
2023-02-11 11:49:23,2,1,1
2023-02-11 11:50:22,1,1,1
2023-02-11 11:50:38,2,1,1
2023-02-11 11:50:42,2,1,1
2023-02-11 12:14:32,1,1,1
2023-02-11 12:14:45,3,1,1
2023-02-11 12:14:58,2,1,1
2023-02-11 12:15:44,3,1,1
2023-02-11 12:16:00,2,1,1
2023-02-11 12:16:54,3,1,1
2023-02-11 12:17:14,2,1,1
2023-02-11 12:18:13,3,1,1
2023-02-11 12:18:31,2,1,1
2023-02-11 12:18:55,2,1,1
2023-02-11 12:19:35,3,1,1
2023-02-11 12:20:07,2,1,1
2023-02-11 12:20:20,1,1,1
2023-02-11 12:20:40,2,1,1
2023-02-11 12:20:45,2,1,1
2023-02-11 12:20:47,2,1,1
2023-02-11 12:21:46,4,1,1
2023-02-11 12:32:30,2,1,1
2023-02-11 12:33:20,1,1,1
2023-02-11 12:33:34,2,1,1
2023-02-11 12:33:41,2,1,1
2023-02-11 12:33:47,2,1,1
2023-02-11 12:33:51,2,1,1
2023-02-11 12:33:58,2,1,1
2023-02-11 12:34:03,2,1,1
2023-02-11 12:34:12,2,1,1
2023-02-11 12:34:19,3,1,1
2023-02-11 12:34:34,3,1,1
2023-02-11 12:34:45,2,1,1
2023-02-11 12:35:15,3,1,1
2023-02-11 12:35:29,2,1,1
2023-02-11 12:36:15,3,1,1
2023-02-11 12:36:32,2,1,1
2023-02-11 12:37:15,2,1,1
2023-02-11 12:37:20,2,1,1
2023-02-11 12:38:03,3,1,1
2023-02-11 12:46:05,2,1,1
2023-02-11 12:47:02,1,1,1
2023-02-11 12:47:17,2,1,1
2023-02-11 12:47:20,2,1,1
2023-02-11 12:47:23,2,1,1
2023-02-11 12:47:28,2,1,1
2023-02-11 12:47:38,2,1,1
2023-02-11 12:47:43,2,1,1
2023-02-11 12:47:54,2,1,1
2023-02-11 12:48:01,3,1,1
2023-02-11 12:48:16,3,1,1
2023-02-11 12:48:25,2,1,1
2023-02-11 12:49:05,3,1,1
2023-02-11 12:49:19,2,1,1
2023-02-11 12:50:10,3,1,1
2023-02-11 12:50:18,2,1,1
2023-02-11 12:50:59,3,1,1
2023-02-11 12:51:06,2,1,1
2023-02-11 12:51:40,3,1,1
2023-02-11 12:51:52,2,1,1
2023-02-11 12:53:16,4,1,1
2023-02-11 12:59:40,2,1,1
2023-02-11 13:01:16,1,1,1
2023-02-11 13:01:29,2,1,1
2023-02-11 13:01:33,2,1,1
2023-02-11 13:26:50,2,1,1
2023-02-11 13:27:42,1,1,1
2023-02-11 13:28:05,2,1,1
2023-02-11 13:28:10,2,1,1
2023-02-11 13:28:15,2,1,1
2023-02-11 13:28:23,2,1,1
2023-02-11 13:28:30,2,1,1
2023-02-11 13:28:37,2,1,1
2023-02-11 13:28:43,2,1,1
2023-02-11 13:28:47,3,1,1
2023-02-11 13:28:57,3,1,1
2023-02-11 13:29:03,2,1,1
2023-02-11 13:29:37,3,1,1
2023-02-11 13:41:44,2,1,1
2023-02-11 13:43:12,1,1,1
2023-02-11 13:43:37,2,1,1
2023-02-11 13:50:57,2,1,1
2023-02-11 13:52:03,1,1,1
2023-02-11 13:52:32,2,1,1
2023-02-11 13:52:37,2,1,1
2023-02-11 13:52:40,2,1,1
2023-02-11 13:52:52,2,1,1
2023-02-11 13:52:59,2,1,1
2023-02-11 13:53:19,2,1,1
2023-02-11 13:54:09,1,1,1
2023-02-11 13:54:24,2,1,1
2023-02-11 13:55:41,2,1,1
2023-02-11 13:57:13,1,1,1
2023-02-11 13:57:26,2,1,1
2023-02-11 13:57:31,2,1,1
2023-02-11 13:57:36,2,1,1
2023-02-11 14:14:49,2,1,1
2023-02-11 14:16:23,1,1,1
2023-02-11 14:16:32,2,1,1
2023-02-11 14:16:35,2,1,1
2023-02-11 14:16:40,2,1,1
2023-02-11 14:16:52,2,1,1
2023-02-11 14:24:02,2,1,1
2023-02-11 14:25:32,1,1,1
2023-02-11 14:25:46,2,1,1
2023-02-11 14:25:50,2,1,1
2023-02-11 14:25:52,2,1,1
2023-02-11 14:26:02,2,1,1
2023-02-11 14:26:11,2,1,1
2023-02-11 14:26:22,2,1,1
2023-02-11 14:26:30,2,1,1
2023-02-11 14:32:42,1,1,1
2023-02-11 14:32:55,3,1,1
2023-02-11 14:33:11,2,1,1
2023-02-11 14:33:54,3,1,1
2023-02-11 14:34:15,2,1,1
2023-02-11 14:35:16,3,1,1
2023-02-11 14:35:30,2,1,1
2023-02-11 14:36:51,3,1,1
2023-02-11 14:37:08,2,1,1
2023-02-11 14:38:17,2,1,1
2023-02-11 14:38:49,2,1,1
2023-02-11 14:39:57,3,1,1
2023-02-11 14:42:28,2,1,1
2023-02-11 14:43:32,1,1,1
2023-02-11 14:43:48,2,1,1
2023-02-11 14:43:53,2,1,1
2023-02-11 14:43:55,2,1,1
2023-02-11 14:44:02,2,1,1
2023-02-11 14:44:11,2,1,1
2023-02-11 14:44:16,1,1,1
2023-02-11 14:49:15,1,1,1
2023-02-11 14:49:34,3,1,1
2023-02-11 14:49:47,2,1,1
2023-02-11 14:51:00,3,1,1
2023-02-11 14:51:18,2,1,1
2023-02-11 14:51:41,2,1,1
2023-02-11 14:52:58,3,1,1
2023-02-11 14:53:00,1,1,1
2023-02-11 14:53:07,2,1,1
2023-02-11 14:53:22,2,1,1
2023-02-11 14:54:05,3,1,1
2023-02-11 14:54:18,2,1,1
2023-02-11 14:55:22,3,1,1
2023-02-11 14:55:54,2,1,1
2023-02-11 14:56:53,4,1,1
2023-02-11 15:13:19,2,1,1
2023-02-11 15:14:28,1,1,1
2023-02-11 15:14:51,2,1,1
2023-02-11 15:14:54,2,1,1
2023-02-11 15:14:57,2,1,1
2023-02-11 15:15:05,2,1,1
2023-02-11 15:15:13,2,1,1
2023-02-11 15:15:18,2,1,1
2023-02-11 15:15:26,2,1,1
2023-02-11 15:15:33,3,1,1
2023-02-11 15:15:46,3,1,1
2023-02-11 15:15:53,2,1,1
2023-02-11 15:16:24,3,1,1
2023-02-11 15:16:41,2,1,1
2023-02-11 15:17:29,3,1,1
2023-02-11 15:17:45,2,1,1
2023-02-11 15:18:32,3,1,1
2023-02-11 15:18:41,2,1,1
2023-02-11 15:19:20,3,1,1
2023-02-11 15:19:32,2,1,1
2023-02-11 15:20:48,4,1,1
2023-02-11 15:26:54,2,1,1
2023-02-11 15:27:55,1,1,1
2023-02-11 15:28:13,2,1,1
2023-02-11 15:28:17,2,1,1
2023-02-11 15:28:20,2,1,1
2023-02-11 15:28:29,2,1,1
2023-02-11 15:28:34,2,1,1
2023-02-11 15:28:41,2,1,1
2023-02-11 15:31:08,2,1,1
2023-02-11 15:32:36,1,1,1
2023-02-11 15:32:48,2,1,1
2023-02-11 15:32:51,2,1,1
2023-02-11 15:33:03,1,1,1
2023-02-11 15:53:56,2,1,1
2023-02-11 15:54:53,1,1,1
2023-02-11 15:55:08,2,1,1
2023-02-11 15:55:11,2,1,1
2023-02-11 15:55:17,2,1,1
2023-02-11 15:55:25,2,1,1
2023-02-11 15:55:32,2,1,1
2023-02-11 15:55:39,2,1,1
2023-02-11 15:55:48,2,1,1
2023-02-11 15:55:56,3,1,1
2023-02-11 15:56:06,3,1,1
2023-02-11 15:56:16,2,1,1
2023-02-11 15:56:56,3,1,1
2023-02-11 16:12:22,2,1,1
2023-02-11 16:13:38,1,1,1
2023-02-11 16:14:01,2,1,1
2023-02-11 16:14:08,2,1,1
2023-02-11 16:14:12,2,1,1
2023-02-11 16:14:21,2,1,1
2023-02-11 16:14:27,2,1,1
2023-02-11 16:14:31,2,1,1
2023-02-11 16:14:39,2,1,1
2023-02-11 16:14:44,3,1,1
2023-02-11 16:14:58,3,1,1
2023-02-11 16:15:04,2,1,1
2023-02-11 16:15:45,3,1,1
2023-02-11 16:15:57,2,1,1
2023-02-11 16:16:39,3,1,1
2023-02-11 16:50:54,2,1,1
2023-02-11 16:52:13,1,1,1
2023-02-11 16:52:29,2,1,1
2023-02-11 16:52:33,2,1,1
2023-02-11 16:55:08,2,1,1
2023-02-11 16:56:40,1,1,1
2023-02-11 16:56:58,2,1,1
2023-02-11 16:57:02,2,1,1
2023-02-11 16:57:05,2,1,1
2023-02-11 16:57:12,2,1,1
2023-02-11 16:57:23,2,1,1
2023-02-11 16:57:30,2,1,1
2023-02-11 16:57:37,2,1,1
2023-02-11 16:57:43,3,1,1
2023-02-11 16:57:54,3,1,1
2023-02-11 16:58:05,2,1,1
2023-02-11 16:58:37,2,1,1
2023-02-11 16:58:47,2,1,1
2023-02-11 16:59:39,2,1,1
2023-02-11 16:59:53,2,1,1
2023-02-11 17:00:32,3,1,1
2023-02-11 17:00:43,2,1,1
2023-02-11 17:01:27,3,1,1
2023-02-11 17:05:41,2,1,1
2023-02-11 17:14:24,2,1,1
2023-02-11 17:15:50,1,1,1
2023-02-11 17:16:01,2,1,1
2023-02-11 17:16:05,2,1,1
2023-02-11 17:16:09,2,1,1
2023-02-11 17:16:17,2,1,1
2023-02-11 17:16:22,2,1,1
2023-02-11 17:42:53,2,1,1
2023-02-11 17:44:14,1,1,1
2023-02-11 17:44:27,2,1,1
2023-02-11 17:44:31,2,1,1
2023-02-11 17:44:37,2,1,1
2023-02-11 17:44:43,2,1,1
2023-02-11 17:52:06,2,1,1
2023-02-11 17:53:33,1,1,1
2023-02-11 17:54:02,2,1,1
2023-02-11 17:54:09,2,1,1
2023-02-11 17:54:13,2,1,1
2023-02-11 17:54:21,2,1,1
2023-02-11 17:54:30,2,1,1
2023-02-11 17:54:35,2,1,1
2023-02-11 17:54:45,2,1,1
2023-02-11 17:54:53,3,1,1
2023-02-11 17:55:01,3,1,1
2023-02-11 17:55:12,2,1,1
2023-02-11 17:55:53,3,1,1
2023-02-11 17:56:02,2,1,1
2023-02-11 17:56:19,1,1,1
2023-02-11 17:56:34,3,1,1
2023-02-11 17:56:52,5,2,2
2023-02-11 17:57:01,2,1,1
2023-02-11 17:57:34,3,1,1
2023-02-11 17:57:41,2,1,1
2023-02-11 17:57:47,2,1,1
2023-02-11 17:57:50,2,1,1
2023-02-11 17:57:52,2,1,1
2023-02-11 17:58:47,3,1,1
2023-02-11 17:58:48,3,1,1
2023-02-11 17:58:57,2,1,1
2023-02-11 18:00:01,2,1,1
2023-02-11 18:00:13,2,1,1
2023-02-11 18:01:09,3,1,1
2023-02-11 18:01:42,2,1,1
2023-02-11 18:02:50,3,1,1
2023-02-11 18:38:16,1,1,1
2023-02-11 18:38:22,3,1,1
2023-02-11 18:38:40,2,1,1
2023-02-11 18:39:01,2,1,1
2023-02-11 18:40:23,1,1,1
2023-02-11 18:40:30,3,1,1
2023-02-11 18:40:32,2,1,1
2023-02-11 18:40:35,2,1,1
2023-02-11 18:40:41,2,1,1
2023-02-11 18:40:48,2,1,1
2023-02-11 18:40:52,2,1,1
2023-02-11 18:53:55,2,1,1
2023-02-11 18:55:21,1,1,1
2023-02-11 18:55:39,2,1,1
2023-02-11 18:55:42,2,1,1
2023-02-11 18:55:46,2,1,1
2023-02-11 18:55:51,2,1,1
2023-02-11 18:55:57,2,1,1
2023-02-11 18:56:03,2,1,1
2023-02-11 18:56:13,2,1,1
2023-02-11 18:56:17,2,1,1
2023-02-11 18:56:19,3,1,1
2023-02-11 18:56:26,3,1,1
2023-02-11 18:56:35,2,1,1
2023-02-11 18:57:10,3,1,1
2023-02-11 18:57:19,1,1,1
2023-02-11 18:57:29,2,1,1
2023-02-11 18:57:39,2,1,1
2023-02-11 18:57:43,2,1,1
2023-02-11 18:57:49,2,1,1
2023-02-11 18:57:56,2,1,1
2023-02-11 18:58:02,2,1,1
2023-02-11 18:58:12,2,1,1
2023-02-11 18:58:16,3,1,1
2023-02-11 18:58:23,2,1,1
2023-02-11 18:58:26,2,1,1
2023-02-11 18:58:30,3,1,1
2023-02-11 18:58:36,3,1,1
2023-02-11 18:58:43,2,1,1
2023-02-11 18:59:13,3,1,1
2023-02-11 18:59:26,3,1,1
2023-02-11 18:59:41,2,1,1
2023-02-11 19:00:33,3,1,1
2023-02-11 19:00:42,2,1,1
2023-02-11 19:01:28,3,1,1
2023-02-11 19:01:36,2,1,1
2023-02-11 19:02:21,3,1,1
2023-02-11 19:02:31,2,1,1
2023-02-11 19:03:50,4,1,1
2023-02-11 19:05:30,2,1,1
2023-02-11 19:06:35,1,1,1
2023-02-11 19:07:00,2,1,1
2023-02-11 19:07:03,2,1,1
2023-02-11 19:07:09,2,1,1
2023-02-11 19:07:20,2,1,1
2023-02-11 19:07:27,2,1,1
2023-02-11 19:07:34,2,1,1
2023-02-11 19:14:43,2,1,1
2023-02-11 19:16:03,1,1,1
2023-02-11 19:16:31,2,1,1
2023-02-11 19:16:34,2,1,1
2023-02-11 19:16:39,2,1,1
2023-02-11 19:16:47,2,1,1
2023-02-11 19:16:53,2,1,1
2023-02-11 19:17:00,2,1,1
2023-02-11 19:17:05,2,1,1
2023-02-11 19:17:10,2,1,1
2023-02-11 19:17:15,3,1,1
2023-02-11 19:17:20,3,1,1
2023-02-11 19:17:31,2,1,1
2023-02-11 19:18:12,3,1,1
2023-02-11 19:18:20,1,1,1
2023-02-11 19:18:27,2,1,1
2023-02-11 19:18:35,2,1,1
2023-02-11 19:18:41,2,1,1
2023-02-11 19:18:45,2,1,1
2023-02-11 19:18:51,2,1,1
2023-02-11 19:18:56,2,1,1
2023-02-11 19:19:00,2,1,1
2023-02-11 19:19:11,2,1,1
2023-02-11 19:19:15,3,1,1
2023-02-11 19:19:18,3,1,1
2023-02-11 19:19:25,3,1,1
2023-02-11 19:19:29,2,1,1
2023-02-11 19:19:34,2,1,1
2023-02-11 19:20:17,3,1,1
2023-02-11 19:20:30,2,1,1
2023-02-11 19:20:40,2,1,1
2023-02-11 19:21:33,3,1,1
2023-02-11 19:30:40,2,1,1
2023-02-11 19:32:07,1,1,1
2023-02-11 19:32:30,2,1,1
2023-02-11 19:32:35,2,1,1
2023-02-11 19:32:38,2,1,1
2023-02-11 19:34:54,2,1,1
2023-02-11 19:36:09,1,1,1
2023-02-11 19:36:23,2,1,1
2023-02-11 19:36:26,2,1,1
2023-02-11 19:36:28,2,1,1
2023-02-11 19:36:37,2,1,1
2023-02-11 19:36:44,2,1,1
2023-02-11 19:36:57,2,1,1
2023-02-11 19:37:06,2,1,1
2023-02-11 19:48:21,2,1,1
2023-02-11 19:49:17,1,1,1
2023-02-11 19:49:31,2,1,1
2023-02-11 19:49:34,2,1,1
2023-02-11 19:49:40,2,1,1
2023-02-11 19:49:44,2,1,1
2023-02-11 19:49:55,2,1,1
2023-02-11 19:50:01,2,1,1
2023-02-11 19:50:08,2,1,1
2023-02-11 19:50:12,3,1,1
2023-02-11 19:50:27,3,1,1
2023-02-11 19:50:34,2,1,1
2023-02-11 19:51:12,3,1,1
2023-02-11 19:51:22,2,1,1
2023-02-11 19:52:15,3,1,1
2023-02-11 19:52:29,2,1,1
2023-02-11 19:53:33,3,1,1
2023-02-11 19:53:43,2,1,1
2023-02-11 19:54:17,3,1,1
2023-02-11 19:54:28,2,1,1
2023-02-11 19:55:47,4,1,1
2023-02-11 19:57:34,2,1,1
2023-02-11 19:58:57,1,1,1
2023-02-11 19:59:17,2,1,1
2023-02-11 19:59:22,2,1,1
2023-02-11 19:59:24,2,1,1
2023-02-11 19:59:32,2,1,1
2023-02-11 19:59:41,1,1,1
2023-02-11 20:06:47,2,1,1
2023-02-11 20:08:03,1,1,1
2023-02-11 20:08:21,2,1,1
2023-02-11 20:08:25,2,1,1
2023-02-11 20:08:31,2,1,1
2023-02-11 20:08:38,2,1,1
2023-02-11 20:08:43,2,1,1
2023-02-11 20:08:53,2,1,1
2023-02-11 20:09:05,2,1,1
2023-02-11 20:09:08,3,1,1
2023-02-11 20:09:15,3,1,1
2023-02-11 20:09:23,2,1,1
2023-02-11 20:10:07,3,1,1
2023-02-11 20:10:20,2,1,1
2023-02-11 20:11:02,3,1,1
2023-02-11 20:11:17,2,1,1
2023-02-11 20:12:14,3,1,1
2023-02-11 20:12:26,2,1,1
2023-02-11 20:13:20,3,1,1
2023-02-11 20:13:31,2,1,1
2023-02-11 20:14:45,4,1,1
2023-02-11 20:16:00,2,1,1
2023-02-11 20:17:21,1,1,1
2023-02-11 20:17:37,2,1,1
2023-02-11 20:17:42,2,1,1
2023-02-11 20:27:22,2,1,1
2023-02-11 20:28:12,1,1,1
2023-02-11 20:28:35,2,1,1
2023-02-11 20:54:32,2,1,1
2023-02-11 20:55:58,1,1,1
2023-02-11 20:56:15,2,1,1
2023-02-11 21:13:48,2,1,1
2023-02-11 21:15:28,1,1,1
2023-02-11 21:15:55,2,1,1
2023-02-11 21:16:00,2,1,1
2023-02-11 21:16:04,2,1,1
2023-02-11 21:16:15,2,1,1
2023-02-11 21:16:19,1,1,1
2023-02-11 21:16:33,3,1,1
2023-02-11 21:16:49,2,1,1
2023-02-11 21:17:41,3,1,1
2023-02-11 21:17:56,2,1,1
2023-02-11 21:18:55,2,1,1
2023-02-11 21:19:12,2,1,1
2023-02-11 21:20:10,3,1,1
2023-02-11 21:20:25,2,1,1
2023-02-11 21:21:19,5,1,1
2023-02-11 21:54:25,2,1,1
2023-02-11 21:55:22,1,1,1
2023-02-11 21:55:44,2,1,1
2023-02-11 21:55:49,2,1,1
2023-02-11 21:55:51,2,1,1
2023-02-11 21:55:58,2,1,1
2023-02-11 22:14:02,1,1,1
2023-02-11 22:14:16,3,1,1
2023-02-11 22:14:27,2,1,1
2023-02-11 22:15:21,3,1,1
2023-02-11 22:15:37,2,1,1
2023-02-11 22:17:13,2,1,1
2023-02-11 22:17:26,3,1,1
2023-02-11 22:17:37,2,1,1
2023-02-11 22:18:12,1,1,1
2023-02-11 22:18:32,3,1,1
2023-02-11 22:18:34,2,1,1
2023-02-11 22:18:37,2,1,1
2023-02-11 22:18:43,2,1,1
2023-02-11 22:18:52,2,1,1
2023-02-11 22:19:35,2,1,1
2023-02-11 22:19:43,3,1,1
2023-02-11 22:20:12,2,1,1
2023-02-11 22:20:57,1,1,1
2023-02-11 22:21:07,2,1,1
2023-02-11 22:21:14,2,1,1
2023-02-11 22:21:19,2,1,1
2023-02-11 22:21:27,2,1,1
2023-02-11 22:21:33,2,1,1
2023-02-11 22:21:39,2,1,1
2023-02-11 22:21:45,2,1,1
2023-02-11 22:21:50,3,1,1
2023-02-11 22:21:55,3,1,1
2023-02-11 22:22:03,2,1,1
2023-02-11 22:22:07,4,1,1
2023-02-11 22:22:47,3,1,1
2023-02-11 22:22:58,2,1,1
2023-02-11 22:23:53,3,1,1
2023-02-11 23:33:49,2,1,1
2023-02-11 23:35:09,1,1,1
2023-02-11 23:35:29,2,1,1
2023-02-11 23:35:31,1,1,1
2023-02-11 23:39:30,2,1,1
2023-02-11 23:40:45,1,1,1
2023-02-11 23:40:56,2,1,1
2023-02-11 23:41:03,2,1,1
2023-02-11 23:41:08,2,1,1
2023-02-11 23:41:14,2,1,1
2023-02-11 23:41:21,2,1,1
2023-02-11 23:41:31,2,1,1
2023-02-11 23:41:42,2,1,1
2023-02-11 23:41:49,3,1,1
2023-02-11 23:42:00,3,1,1
2023-02-11 23:42:07,2,1,1
2023-02-11 23:42:50,3,1,1
2023-02-11 23:43:03,2,1,1
2023-02-11 23:43:44,2,1,1
2023-02-11 23:43:57,3,1,1
2023-02-11 23:44:08,2,1,1
2023-02-11 23:45:01,3,1,1
2023-02-11 23:45:19,1,1,1
2023-02-11 23:45:40,2,1,1
2023-02-11 23:45:43,2,1,1
2023-02-11 23:45:46,2,1,1
2023-02-11 23:45:54,2,1,1
2023-02-11 23:46:02,2,1,1
2023-02-11 23:46:12,2,1,1
2023-02-11 23:46:16,2,1,1
2023-02-11 23:52:57,2,1,1
2023-02-11 23:54:26,1,1,1
2023-02-11 23:54:44,2,1,1
2023-02-11 23:54:50,2,1,1
2023-02-11 23:54:55,2,1,1
2023-02-11 23:55:02,2,1,1
2023-02-11 23:55:11,2,1,1
2023-02-11 23:55:16,2,1,1
2023-02-11 23:55:27,2,1,1
2023-02-11 23:55:31,3,1,1
2023-02-11 23:55:40,3,1,1
2023-02-11 23:55:49,2,1,1
2023-02-11 23:56:34,3,1,1
2023-02-11 23:56:48,2,1,1
2023-02-11 23:57:43,2,1,1
2023-02-11 23:57:55,2,1,1
2023-02-11 23:58:36,3,1,1
2023-02-11 23:58:42,2,1,1
2023-02-11 23:59:22,3,1,1
2023-02-12 00:02:52,2,1,1
2023-02-12 00:04:07,1,1,1
2023-02-12 00:04:35,2,1,1
2023-02-12 00:04:39,2,1,1
2023-02-12 00:04:44,2,1,1
2023-02-12 00:04:56,2,1,1
2023-02-12 00:05:04,2,1,1
2023-02-12 00:05:16,2,1,1
2023-02-12 00:05:19,2,1,1
2023-02-12 00:12:05,2,1,1
2023-02-12 00:13:42,1,1,1
2023-02-12 00:14:10,2,1,1
2023-02-12 00:14:14,2,1,1
2023-02-12 00:14:17,2,1,1
2023-02-12 00:38:20,1,1,1
2023-02-12 00:38:29,3,1,1
2023-02-12 00:38:43,2,1,1
2023-02-12 00:39:07,2,1,1
2023-02-12 00:40:11,2,1,1
2023-02-12 00:40:40,1,1,1
2023-02-12 00:41:08,2,1,1
2023-02-12 00:41:11,2,1,1
2023-02-12 00:41:17,2,1,1
2023-02-12 00:41:22,2,1,1
2023-02-12 00:41:30,2,1,1
2023-02-12 00:41:37,2,1,1
2023-02-12 00:41:49,2,1,1
2023-02-12 00:41:54,3,1,1
2023-02-12 00:42:01,3,1,1
2023-02-12 00:42:07,2,1,1
2023-02-12 00:42:43,3,1,1
2023-02-12 00:43:00,2,1,1
2023-02-12 00:43:53,3,1,1
2023-02-12 00:44:07,2,1,1
2023-02-12 00:45:08,3,1,1
2023-02-12 00:45:13,2,1,1
2023-02-12 00:45:55,3,1,1
2023-02-12 00:46:09,2,1,1
2023-02-12 00:47:40,4,1,1
2023-02-12 00:52:42,2,1,1
2023-02-12 00:54:04,1,1,1
2023-02-12 00:54:16,2,1,1
2023-02-12 00:54:25,1,1,1
2023-02-12 01:01:55,2,1,1
2023-02-12 01:02:53,1,1,1
2023-02-12 01:03:10,2,1,1
2023-02-12 01:03:16,2,1,1
2023-02-12 01:03:20,2,1,1
2023-02-12 01:03:28,2,1,1
2023-02-12 01:03:38,2,1,1
2023-02-12 01:03:45,2,1,1
2023-02-12 01:03:53,2,1,1
2023-02-12 01:04:00,3,1,1
2023-02-12 01:04:15,3,1,1
2023-02-12 01:04:26,2,1,1
2023-02-12 01:04:59,3,1,1
2023-02-12 01:21:11,2,1,1
2023-02-12 01:22:02,1,1,1
2023-02-12 01:22:27,2,1,1
2023-02-12 01:22:32,2,1,1
2023-02-12 01:22:35,2,1,1
2023-02-12 01:22:42,2,1,1
2023-02-12 01:22:53,2,1,1
2023-02-12 01:23:01,2,1,1
2023-02-12 01:23:13,2,1,1
2023-02-12 01:23:16,3,1,1
2023-02-12 01:23:24,3,1,1
2023-02-12 01:23:36,2,1,1
2023-02-12 01:24:21,3,1,1
2023-02-12 01:24:39,2,1,1
2023-02-12 01:25:26,3,1,1
2023-02-12 01:29:14,2,1,1
2023-02-12 01:30:37,1,1,1
2023-02-12 01:31:03,2,1,1
2023-02-12 01:31:09,2,1,1
2023-02-12 01:31:12,2,1,1
2023-02-12 01:31:19,2,1,1
2023-02-12 01:31:30,2,1,1
2023-02-12 01:31:38,2,1,1
2023-02-12 01:31:48,2,1,1
2023-02-12 01:31:51,3,1,1
2023-02-12 01:33:58,2,1,1
2023-02-12 01:35:00,1,1,1
2023-02-12 01:35:11,2,1,1
2023-02-12 01:35:15,2,1,1
2023-02-12 01:35:19,2,1,1
2023-02-12 01:35:27,2,1,1
2023-02-12 01:35:36,2,1,1
2023-02-12 01:35:44,2,1,1
2023-02-12 01:35:56,2,1,1
2023-02-12 01:36:03,3,1,1
2023-02-12 01:36:10,3,1,1
2023-02-12 01:36:23,2,1,1
2023-02-12 01:37:07,2,1,1
2023-02-12 01:37:24,2,1,1
2023-02-12 01:38:18,3,1,1
2023-02-12 01:47:33,2,1,1
2023-02-12 01:48:51,1,1,1
2023-02-12 01:49:12,2,1,1
2023-02-12 01:49:18,2,1,1
2023-02-12 01:49:24,2,1,1
2023-02-12 01:49:29,2,1,1
2023-02-12 01:49:34,2,1,1
2023-02-12 01:49:44,2,1,1
2023-02-12 01:49:54,2,1,1
2023-02-12 01:49:55,2,1,1
2023-02-12 01:50:01,3,1,1
2023-02-12 01:50:08,3,1,1
2023-02-12 01:50:20,2,1,1
2023-02-12 01:50:52,3,1,1
2023-02-12 01:51:05,1,1,1
2023-02-12 01:51:19,2,1,1
2023-02-12 01:51:26,2,1,1
2023-02-12 01:51:31,2,1,1
2023-02-12 01:51:39,2,1,1
2023-02-12 01:51:45,2,1,1
2023-02-12 01:51:50,2,1,1
2023-02-12 01:52:01,2,1,1
2023-02-12 01:52:05,3,1,1
2023-02-12 01:52:17,3,1,1
2023-02-12 01:52:26,2,1,1
2023-02-12 01:53:07,3,1,1
2023-02-12 01:53:16,2,1,1
2023-02-12 01:54:03,3,1,1
2023-02-12 01:54:11,2,1,1
2023-02-12 01:55:12,3,1,1
2023-02-12 01:55:18,2,1,1
2023-02-12 01:56:07,3,1,1
2023-02-12 01:56:18,2,1,1
2023-02-12 01:57:50,4,1,1
2023-02-12 02:09:11,2,1,1
2023-02-12 02:10:17,1,1,1
2023-02-12 02:10:46,2,1,1
2023-02-12 02:10:50,2,1,1
2023-02-12 02:10:54,2,1,1
2023-02-12 02:11:00,2,1,1
2023-02-12 02:11:06,2,1,1
2023-02-12 02:11:12,2,1,1
2023-02-12 02:11:21,2,1,1
2023-02-12 02:11:27,3,1,1
2023-02-12 02:11:32,3,1,1
2023-02-12 02:11:45,2,1,1
2023-02-12 02:12:20,3,1,1
2023-02-12 02:12:33,2,1,1
2023-02-12 02:13:23,3,1,1
2023-02-12 02:32:41,2,1,1
2023-02-12 02:33:36,1,1,1
2023-02-12 02:34:00,2,1,1
2023-02-12 02:34:04,2,1,1
2023-02-12 02:34:09,2,1,1
2023-02-12 02:34:19,2,1,1
2023-02-12 02:34:25,2,1,1
2023-02-12 02:34:36,2,1,1
2023-02-12 02:34:40,1,1,1
2023-02-12 02:40:44,2,1,1
2023-02-12 02:41:43,1,1,1
2023-02-12 02:42:03,2,1,1
2023-02-12 02:42:10,2,1,1
2023-02-12 02:42:13,2,1,1
2023-02-12 02:42:19,2,1,1
2023-02-12 02:42:30,2,1,1
2023-02-12 02:42:40,2,1,1
2023-02-12 02:42:50,2,1,1
2023-02-12 02:42:58,3,1,1
2023-02-12 02:43:04,3,1,1
2023-02-12 02:43:15,2,1,1
2023-02-12 02:43:56,3,1,1
2023-02-12 02:49:57,2,1,1
2023-02-12 02:51:09,1,1,1
2023-02-12 02:51:23,2,1,1
2023-02-12 02:51:30,2,1,1
2023-02-12 02:51:34,2,1,1
2023-02-12 02:51:42,2,1,1
2023-02-12 02:51:49,2,1,1
2023-02-12 02:51:53,2,1,1
2023-02-12 02:52:05,2,1,1
2023-02-12 02:52:08,3,1,1
2023-02-12 02:52:19,5,2,2
2023-02-12 02:52:28,2,1,1
2023-02-12 02:53:09,3,1,1
2023-02-12 02:53:17,2,1,1
2023-02-12 02:53:58,1,1,1
2023-02-12 02:54:04,3,1,1
2023-02-12 02:54:21,2,1,1
2023-02-12 02:54:24,2,1,1
2023-02-12 02:54:27,2,1,1
2023-02-12 02:54:32,2,1,1
2023-02-12 02:54:39,2,1,1
2023-02-12 02:54:41,2,1,1
2023-02-12 02:54:49,2,1,1
2023-02-12 02:54:53,2,1,1
2023-02-12 02:55:02,3,1,1
2023-02-12 02:55:03,2,1,1
2023-02-12 02:55:10,3,1,1
2023-02-12 02:55:14,2,1,1
2023-02-12 02:55:21,3,1,1
2023-02-12 02:55:31,2,1,1
2023-02-12 02:55:45,1,1,1
2023-02-12 02:55:57,5,2,2
2023-02-12 02:56:03,2,1,1
2023-02-12 02:56:08,2,1,1
2023-02-12 02:56:11,2,1,1
2023-02-12 02:56:12,2,1,1
2023-02-12 02:56:17,2,1,1
2023-02-12 02:56:25,2,1,1
2023-02-12 02:56:26,2,1,1
2023-02-12 02:56:35,2,1,1
2023-02-12 02:56:45,2,1,1
2023-02-12 02:56:51,3,1,1
2023-02-12 02:57:00,3,1,1
2023-02-12 02:57:07,2,1,1
2023-02-12 02:57:17,3,1,1
2023-02-12 02:57:30,2,1,1
2023-02-12 02:57:33,4,1,1
2023-02-12 02:57:45,2,1,1
2023-02-12 02:57:57,2,1,1
2023-02-12 02:58:16,3,1,1
2023-02-12 02:58:26,2,1,1
2023-02-12 02:58:52,3,1,1
2023-02-12 02:59:00,2,1,1
2023-02-12 02:59:24,3,1,1
2023-02-12 02:59:45,3,1,1
2023-02-12 02:59:54,2,1,1
2023-02-12 03:00:36,3,1,1
2023-02-12 03:08:16,2,1,1
2023-02-12 03:09:22,1,1,1
2023-02-12 03:09:32,2,1,1
2023-02-12 03:09:37,2,1,1
2023-02-12 03:09:39,2,1,1
2023-02-12 03:17:20,1,1,1
2023-02-12 03:17:38,3,1,1
2023-02-12 03:17:49,2,1,1
2023-02-12 03:18:55,3,1,1
2023-02-12 03:19:25,2,1,1
2023-02-12 03:20:18,3,1,1
2023-02-12 03:20:35,2,1,1
2023-02-12 03:21:50,3,1,1
2023-02-12 03:22:10,2,1,1
2023-02-12 03:23:20,3,1,1
2023-02-12 03:23:47,2,1,1
2023-02-12 03:24:13,2,1,1
2023-02-12 03:25:41,2,1,1
2023-02-12 03:25:42,1,1,1
2023-02-12 03:26:04,2,1,1
2023-02-12 03:26:08,2,1,1
2023-02-12 03:26:14,2,1,1
2023-02-12 03:26:23,2,1,1
2023-02-12 03:26:34,2,1,1
2023-02-12 03:26:42,2,1,1
2023-02-12 03:26:50,2,1,1
2023-02-12 03:26:55,3,1,1
2023-02-12 03:27:07,3,1,1
2023-02-12 03:27:19,2,1,1
2023-02-12 03:27:54,3,1,1
2023-02-12 03:28:08,2,1,1
2023-02-12 03:28:55,3,1,1
2023-02-12 03:29:08,2,1,1
2023-02-12 03:30:11,3,1,1
2023-02-12 03:30:16,2,1,1
2023-02-12 03:30:55,3,1,1
2023-02-12 03:31:04,2,1,1
2023-02-12 03:32:15,4,1,1
2023-02-12 03:33:26,2,1,1
2023-02-12 03:34:28,1,1,1
2023-02-12 03:34:41,2,1,1
2023-02-12 03:51:52,2,1,1
2023-02-12 03:53:28,1,1,1
2023-02-12 03:53:50,2,1,1
2023-02-12 03:53:55,2,1,1
2023-02-12 03:54:01,2,1,1
2023-02-12 04:38:47,2,1,1
2023-02-12 04:40:15,1,1,1
2023-02-12 04:40:36,2,1,1
2023-02-12 04:40:41,2,1,1
2023-02-12 04:40:46,2,1,1
2023-02-12 04:40:51,2,1,1
2023-02-12 04:40:58,2,1,1
2023-02-12 04:41:08,2,1,1
2023-02-12 04:41:14,2,1,1
2023-02-12 04:41:18,3,1,1
2023-02-12 04:58:03,2,1,1
2023-02-12 04:59:04,1,1,1
2023-02-12 04:59:26,2,1,1
2023-02-12 05:07:16,2,1,1
2023-02-12 05:08:14,1,1,1
2023-02-12 05:08:31,2,1,1
2023-02-12 05:08:35,2,1,1
2023-02-12 05:08:41,2,1,1
2023-02-12 05:08:48,2,1,1
2023-02-12 05:08:57,2,1,1
2023-02-12 05:09:04,2,1,1
2023-02-12 05:09:14,2,1,1
2023-02-12 05:09:18,3,1,1
2023-02-12 05:12:57,2,1,1
2023-02-12 05:13:55,1,1,1
2023-02-12 05:14:22,2,1,1
2023-02-12 05:14:28,2,1,1
2023-02-12 05:14:33,2,1,1
2023-02-12 05:14:40,2,1,1
2023-02-12 05:14:47,2,1,1
2023-02-12 05:14:56,2,1,1
2023-02-12 05:15:04,2,1,1
2023-02-12 05:15:09,3,1,1
2023-02-12 05:15:21,3,1,1
2023-02-12 05:15:27,2,1,1
2023-02-12 05:15:57,3,1,1
2023-02-12 05:28:45,1,1,1
2023-02-12 05:29:03,3,1,1
2023-02-12 05:29:14,2,1,1
2023-02-12 05:29:55,3,1,1
2023-02-12 05:30:15,2,1,1
2023-02-12 05:31:09,3,1,1
2023-02-12 05:31:26,2,1,1
2023-02-12 05:32:49,3,1,1
2023-02-12 05:33:03,2,1,1
2023-02-12 05:34:11,3,1,1
2023-02-12 05:34:37,2,1,1
2023-02-12 05:35:35,2,1,1
2023-02-12 05:54:16,2,1,1
2023-02-12 05:55:28,1,1,1
2023-02-12 05:55:55,2,1,1
2023-02-12 05:56:03,1,1,1
2023-02-12 06:17:04,2,1,1
2023-02-12 06:18:44,1,1,1
2023-02-12 06:19:11,2,1,1
2023-02-12 06:30:39,2,1,1
2023-02-12 06:32:04,1,1,1
2023-02-12 06:32:20,2,1,1
2023-02-12 06:32:25,2,1,1
2023-02-12 06:32:31,2,1,1
2023-02-12 06:49:05,2,1,1
2023-02-12 06:50:40,1,1,1
2023-02-12 06:51:06,2,1,1
2023-02-12 06:51:11,2,1,1
2023-02-12 06:51:13,2,1,1
2023-02-12 06:51:22,2,1,1
2023-02-12 06:51:27,2,1,1
2023-02-12 07:16:43,1,1,1
2023-02-12 07:17:00,3,1,1
2023-02-12 07:17:13,2,1,1
2023-02-12 07:18:12,3,1,1
2023-02-12 07:18:40,2,1,1
2023-02-12 07:19:49,3,1,1
2023-02-12 07:20:06,2,1,1
2023-02-12 07:20:56,3,1,1
2023-02-12 07:21:17,2,1,1
2023-02-12 07:22:11,3,1,1
2023-02-12 07:22:48,2,1,1
2023-02-12 07:23:28,2,1,1
2023-02-12 07:24:08,4,1,1
2023-02-12 07:25:01,1,1,1
2023-02-12 07:25:16,2,1,1
2023-02-12 07:25:23,2,1,1
2023-02-12 07:25:28,2,1,1
2023-02-12 07:25:37,2,1,1
2023-02-12 07:25:46,2,1,1
2023-02-12 07:25:51,2,1,1
2023-02-12 07:26:02,2,1,1
2023-02-12 07:26:05,3,1,1
2023-02-12 07:27:42,2,1,1
2023-02-12 07:29:00,1,1,1
2023-02-12 07:29:15,2,1,1
2023-02-12 07:29:18,2,1,1
2023-02-12 07:29:21,2,1,1
2023-02-12 07:29:29,2,1,1
2023-02-12 07:29:37,1,1,1
2023-02-12 07:47:53,2,1,1
2023-02-12 07:49:31,1,1,1
2023-02-12 07:49:58,2,1,1
2023-02-12 07:50:03,2,1,1
2023-02-12 07:50:07,2,1,1
2023-02-12 07:50:13,1,1,1
2023-02-12 07:52:07,2,1,1
2023-02-12 07:53:05,1,1,1
2023-02-12 07:53:30,2,1,1
2023-02-12 07:53:35,2,1,1
2023-02-12 07:53:39,2,1,1
2023-02-12 07:53:45,2,1,1
2023-02-12 07:53:53,2,1,1
2023-02-12 07:54:02,2,1,1
2023-02-12 07:54:14,2,1,1
2023-02-12 07:54:17,3,1,1
2023-02-12 07:54:23,3,1,1
2023-02-12 07:54:35,2,1,1
2023-02-12 07:55:06,3,1,1
2023-02-12 08:10:33,2,1,1
2023-02-12 08:11:45,1,1,1
2023-02-12 08:12:10,2,1,1
2023-02-12 08:12:16,2,1,1
2023-02-12 08:12:19,2,1,1
2023-02-12 08:12:25,2,1,1
2023-02-12 08:12:34,2,1,1
2023-02-12 08:12:38,2,1,1
2023-02-12 08:12:49,2,1,1
2023-02-12 08:12:53,3,1,1
2023-02-12 08:12:58,3,1,1
2023-02-12 08:13:09,2,1,1
2023-02-12 08:13:45,3,1,1
2023-02-12 08:14:00,2,1,1
2023-02-12 08:14:42,3,1,1
2023-02-12 08:24:08,2,1,1
2023-02-12 08:25:08,1,1,1
2023-02-12 08:25:31,2,1,1
2023-02-12 08:25:34,2,1,1
2023-02-12 08:25:36,2,1,1
2023-02-12 08:25:42,2,1,1
2023-02-12 08:25:49,2,1,1
2023-02-12 08:26:01,2,1,1
2023-02-12 08:33:21,2,1,1
2023-02-12 08:34:41,1,1,1
2023-02-12 08:34:53,2,1,1
2023-02-12 08:35:00,1,1,1
2023-02-12 09:06:12,2,1,1
2023-02-12 09:07:49,1,1,1
2023-02-12 09:08:00,2,1,1
2023-02-12 09:08:12,1,1,1
2023-02-12 09:26:08,1,1,1
2023-02-12 09:26:20,3,1,1
2023-02-12 09:26:34,2,1,1
2023-02-12 09:27:18,3,1,1
2023-02-12 09:27:36,2,1,1
2023-02-12 09:29:22,3,1,1
2023-02-12 09:29:41,2,1,1
2023-02-12 09:30:37,2,1,1
2023-02-12 09:30:52,2,1,1
2023-02-12 09:31:44,3,1,1
2023-02-12 09:32:20,2,1,1
2023-02-12 09:33:58,3,1,1
2023-02-12 09:52:30,2,1,1
2023-02-12 09:53:35,1,1,1
2023-02-12 09:53:49,2,1,1
2023-02-12 09:53:52,2,1,1
2023-02-12 09:53:57,2,1,1
2023-02-12 09:54:05,2,1,1
2023-02-12 09:54:11,2,1,1
2023-02-12 10:11:46,2,1,1
2023-02-12 10:13:25,1,1,1
2023-02-12 10:13:34,2,1,1
2023-02-12 10:13:38,2,1,1
2023-02-12 10:13:42,2,1,1
2023-02-12 10:13:46,1,1,1
2023-02-12 10:17:27,2,1,1
2023-02-12 10:18:51,1,1,1
2023-02-12 10:19:19,2,1,1
2023-02-12 10:19:22,2,1,1
2023-02-12 10:19:27,2,1,1
2023-02-12 10:19:36,2,1,1
2023-02-12 10:19:43,2,1,1
2023-02-12 10:19:47,2,1,1
2023-02-12 10:19:54,2,1,1
2023-02-12 10:20:02,3,1,1
2023-02-12 10:20:12,3,1,1
2023-02-12 10:20:22,2,1,1
2023-02-12 10:20:59,3,1,1
2023-02-12 10:21:07,2,1,1
2023-02-12 10:21:50,3,1,1
2023-02-12 10:22:05,2,1,1
2023-02-12 10:22:51,3,1,1
2023-02-12 10:23:08,2,1,1
2023-02-12 10:24:41,1,1,1
2023-02-12 10:24:46,3,1,1
2023-02-12 10:24:47,1,1,1
2023-02-12 10:24:59,2,1,1
2023-02-12 10:25:02,4,2,2
2023-02-12 10:25:08,2,1,1
2023-02-12 10:25:15,2,1,1
2023-02-12 10:25:21,2,1,1
2023-02-12 10:25:33,2,1,1
2023-02-12 10:25:37,2,1,1
2023-02-12 10:26:58,3,1,1
2023-02-12 10:36:43,2,1,1
2023-02-12 10:37:54,1,1,1
2023-02-12 10:38:24,2,1,1
2023-02-12 10:38:27,2,1,1
2023-02-12 10:38:31,2,1,1
2023-02-12 10:38:42,1,1,1
2023-02-12 10:58:21,2,1,1
2023-02-12 10:59:14,1,1,1
2023-02-12 10:59:27,2,1,1
2023-02-12 10:59:30,2,1,1
2023-02-12 10:59:35,2,1,1
2023-02-12 10:59:42,2,1,1
2023-02-12 10:59:52,2,1,1
2023-02-12 10:59:59,2,1,1
2023-02-12 11:00:07,2,1,1
2023-02-12 11:00:13,3,1,1
2023-02-12 11:00:23,3,1,1
2023-02-12 11:00:34,2,1,1
2023-02-12 11:01:16,3,1,1
2023-02-12 11:01:28,2,1,1
2023-02-12 11:02:16,3,1,1
2023-02-12 11:07:34,2,1,1
2023-02-12 11:08:30,1,1,1
2023-02-12 11:08:52,2,1,1
2023-02-12 11:40:25,2,1,1
2023-02-12 11:41:34,1,1,1
2023-02-12 11:41:58,2,1,1
2023-02-12 11:42:03,2,1,1
2023-02-12 11:49:38,2,1,1
2023-02-12 11:50:42,1,1,1
2023-02-12 11:50:55,2,1,1
2023-02-12 11:51:02,2,1,1
2023-02-12 11:51:05,2,1,1
2023-02-12 11:51:10,2,1,1
2023-02-12 11:51:16,2,1,1
2023-02-12 11:51:24,2,1,1
2023-02-12 11:51:32,2,1,1
2023-02-12 11:51:38,3,1,1
2023-02-12 11:51:49,3,1,1
2023-02-12 11:52:01,2,1,1
2023-02-12 11:52:42,3,1,1
2023-02-12 11:52:51,2,1,1
2023-02-12 11:53:41,3,1,1
2023-02-12 11:53:52,2,1,1
2023-02-12 11:54:24,1,1,1
2023-02-12 11:54:32,3,1,1
2023-02-12 11:54:41,3,1,1
2023-02-12 11:54:56,2,1,1
2023-02-12 11:56:18,3,1,1
2023-02-12 11:58:51,2,1,1
2023-02-12 12:00:18,1,1,1
2023-02-12 12:00:43,2,1,1
2023-02-12 12:00:47,2,1,1
2023-02-12 12:00:50,2,1,1
2023-02-12 12:01:01,2,1,1
2023-02-12 12:01:11,2,1,1
2023-02-12 12:01:18,2,1,1
2023-02-12 12:02:47,1,1,1
2023-02-12 12:03:05,3,1,1
2023-02-12 12:03:15,2,1,1
2023-02-12 12:04:20,3,1,1
2023-02-12 12:04:35,2,1,1
2023-02-12 12:05:41,3,1,1
2023-02-12 12:05:57,2,1,1
2023-02-12 12:07:00,2,1,1
2023-02-12 12:07:14,2,1,1
2023-02-12 12:07:55,3,1,1
2023-02-12 12:08:26,2,1,1
2023-02-12 12:09:50,3,1,1
2023-02-12 12:12:26,2,1,1
2023-02-12 12:13:27,1,1,1
2023-02-12 12:13:39,2,1,1
2023-02-12 12:13:44,2,1,1
2023-02-12 12:13:47,2,1,1
2023-02-12 12:13:57,2,1,1
2023-02-12 12:14:07,2,1,1
2023-02-12 12:14:16,2,1,1
2023-02-12 12:16:40,2,1,1
2023-02-12 12:18:15,1,1,1
2023-02-12 12:18:34,2,1,1
2023-02-12 12:18:37,2,1,1
2023-02-12 12:18:42,2,1,1
2023-02-12 12:18:51,2,1,1
2023-02-12 12:19:01,2,1,1
2023-02-12 12:22:21,2,1,1
2023-02-12 12:23:14,1,1,1
2023-02-12 12:23:41,2,1,1
2023-02-12 12:23:44,2,1,1
2023-02-12 12:23:47,2,1,1
2023-02-12 12:23:51,2,1,1
2023-02-12 12:24:00,2,1,1
2023-02-12 12:24:05,2,1,1
2023-02-12 12:24:15,2,1,1
2023-02-12 12:24:21,3,1,1
2023-02-12 12:24:30,3,1,1
2023-02-12 12:24:42,2,1,1
2023-02-12 12:25:26,3,1,1
2023-02-12 12:25:38,2,1,1
2023-02-12 12:26:25,3,1,1
2023-02-12 12:31:34,2,1,1
2023-02-12 12:32:54,1,1,1
2023-02-12 12:33:07,2,1,1
2023-02-12 12:33:10,2,1,1
2023-02-12 12:33:16,2,1,1
2023-02-12 12:33:21,2,1,1
2023-02-12 12:33:32,2,1,1
2023-02-12 12:33:41,2,1,1
2023-02-12 12:33:50,2,1,1
2023-02-12 12:33:54,3,1,1
2023-02-12 12:34:01,3,1,1
2023-02-12 12:34:09,2,1,1
2023-02-12 12:34:54,3,1,1
2023-02-12 12:35:05,2,1,1
2023-02-12 12:35:55,3,1,1
2023-02-12 12:50:50,2,1,1
2023-02-12 12:51:47,1,1,1
2023-02-12 12:52:12,2,1,1
2023-02-12 12:52:16,2,1,1
2023-02-12 12:52:18,2,1,1
2023-02-12 13:27:13,2,1,1
2023-02-12 13:28:41,1,1,1
2023-02-12 13:29:05,2,1,1
2023-02-12 13:29:10,2,1,1
2023-02-12 13:29:13,2,1,1
2023-02-12 13:29:21,2,1,1
2023-02-12 13:29:29,2,1,1
2023-02-12 13:29:37,2,1,1
2023-02-12 13:29:48,2,1,1
2023-02-12 13:29:52,3,1,1
2023-02-12 13:30:00,3,1,1
2023-02-12 13:30:07,2,1,1
2023-02-12 13:30:43,3,1,1
2023-02-12 13:30:53,2,1,1
2023-02-12 13:31:34,3,1,1
2023-02-12 13:31:51,2,1,1
2023-02-12 13:32:42,3,1,1
2023-02-12 13:32:50,2,1,1
2023-02-12 13:33:37,3,1,1
2023-02-12 13:33:46,2,1,1
2023-02-12 13:35:08,4,1,1
2023-02-12 13:40:48,2,1,1
2023-02-12 13:42:12,1,1,1
2023-02-12 13:42:42,2,1,1
2023-02-12 13:54:23,2,1,1
2023-02-12 13:55:42,1,1,1
2023-02-12 13:55:58,2,1,1
2023-02-12 13:56:06,1,1,1
2023-02-12 14:05:58,2,1,1
2023-02-12 14:07:37,1,1,1
2023-02-12 14:08:03,2,1,1
2023-02-12 14:08:08,2,1,1
2023-02-12 14:08:14,2,1,1
2023-02-12 14:08:26,2,1,1
2023-02-12 14:08:34,2,1,1
2023-02-12 14:08:47,2,1,1
2023-02-12 14:08:53,1,1,1
2023-02-12 14:11:39,2,1,1
2023-02-12 14:12:34,1,1,1
2023-02-12 14:12:54,2,1,1
2023-02-12 14:12:57,2,1,1
2023-02-12 14:13:01,2,1,1
2023-02-12 14:21:47,1,1,1
2023-02-12 14:21:54,3,1,1
2023-02-12 14:22:12,2,1,1
2023-02-12 14:23:55,3,1,1
2023-02-12 14:34:27,2,1,1
2023-02-12 14:35:41,1,1,1
2023-02-12 14:36:00,2,1,1
2023-02-12 14:36:05,2,1,1
2023-02-12 14:36:10,2,1,1
2023-02-12 14:36:17,2,1,1
2023-02-12 14:36:22,2,1,1
2023-02-12 14:36:27,2,1,1
2023-02-12 14:36:37,2,1,1
2023-02-12 14:36:44,3,1,1
2023-02-12 14:36:55,3,1,1
2023-02-12 14:37:05,2,1,1
2023-02-12 14:37:35,3,1,1
2023-02-12 14:37:44,2,1,1
2023-02-12 14:38:36,3,1,1
2023-02-12 14:38:45,2,1,1
2023-02-12 14:39:27,3,1,1
2023-02-12 14:39:39,2,1,1
2023-02-12 14:40:25,3,1,1
2023-02-12 14:40:39,2,1,1
2023-02-12 14:41:40,4,1,1
2023-02-12 15:13:19,1,1,1
2023-02-12 15:13:34,3,1,1
2023-02-12 15:13:52,2,1,1
2023-02-12 15:14:51,3,1,1
2023-02-12 15:15:18,2,1,1
2023-02-12 15:16:23,2,1,1
2023-02-12 15:16:51,3,1,1
2023-02-12 15:17:02,2,1,1
2023-02-12 15:17:43,1,1,1
2023-02-12 15:18:13,2,1,1
2023-02-12 15:18:14,3,1,1
2023-02-12 15:18:16,2,1,1
2023-02-12 15:18:19,1,1,1
2023-02-12 15:18:39,2,1,1
2023-02-12 15:19:36,3,1,1
2023-02-12 15:20:13,2,1,1
2023-02-12 15:21:15,2,1,1
2023-02-12 15:29:58,2,1,1
2023-02-12 15:30:54,1,1,1
2023-02-12 15:31:10,2,1,1
2023-02-12 15:31:13,2,1,1
2023-02-12 15:31:18,2,1,1
2023-02-12 15:31:22,2,1,1
2023-02-12 15:31:27,2,1,1
2023-02-12 15:31:31,2,1,1
2023-02-12 15:31:42,2,1,1
2023-02-12 15:31:45,3,1,1
2023-02-12 15:31:59,3,1,1
2023-02-12 15:32:09,2,1,1
2023-02-12 15:32:40,3,1,1
2023-02-12 15:32:52,2,1,1
2023-02-12 15:33:45,3,1,1
2023-02-12 15:33:57,2,1,1
2023-02-12 15:34:54,3,1,1
2023-02-12 15:35:03,2,1,1
2023-02-12 15:35:55,2,1,1
2023-02-12 15:57:00,2,1,1
2023-02-12 15:58:30,1,1,1
2023-02-12 15:58:44,2,1,1
2023-02-12 15:58:50,2,1,1
2023-02-12 15:58:55,2,1,1
2023-02-12 15:59:04,2,1,1
2023-02-12 15:59:15,2,1,1
2023-02-12 15:59:21,2,1,1
2023-02-12 15:59:31,2,1,1
2023-02-12 15:59:34,3,1,1
2023-02-12 15:59:40,3,1,1
2023-02-12 15:59:52,2,1,1
2023-02-12 16:00:29,3,1,1
2023-02-12 16:00:47,2,1,1
2023-02-12 16:01:38,3,1,1
2023-02-12 16:01:49,2,1,1
2023-02-12 16:02:51,3,1,1
2023-02-12 16:03:02,2,1,1
2023-02-12 16:03:55,3,1,1
2023-02-12 16:04:06,2,1,1
2023-02-12 16:05:35,4,1,1
2023-02-12 16:06:13,2,1,1
2023-02-12 16:15:26,2,1,1
2023-02-12 16:16:29,1,1,1
2023-02-12 16:16:50,2,1,1
2023-02-12 16:16:53,2,1,1
2023-02-12 16:16:55,2,1,1
2023-02-12 16:17:05,2,1,1
2023-02-12 16:17:13,2,1,1
2023-02-12 16:17:22,1,1,1
2023-02-12 16:24:39,2,1,1
2023-02-12 16:25:57,1,1,1
2023-02-12 16:26:22,2,1,1
2023-02-12 16:26:27,2,1,1
2023-02-12 16:26:32,2,1,1
2023-02-12 16:26:37,2,1,1
2023-02-12 16:26:45,2,1,1
2023-02-12 16:26:49,2,1,1
2023-02-12 16:26:56,2,1,1
2023-02-12 16:27:00,3,1,1
2023-02-12 16:28:53,2,1,1
2023-02-12 16:30:06,1,1,1
2023-02-12 16:30:23,2,1,1
2023-02-12 16:44:50,2,1,1
2023-02-12 16:46:02,1,1,1
2023-02-12 16:46:19,2,1,1
2023-02-12 16:46:23,2,1,1
2023-02-12 17:07:38,2,1,1
2023-02-12 17:08:49,1,1,1
2023-02-12 17:09:10,2,1,1
2023-02-12 17:09:16,2,1,1
2023-02-12 17:09:20,2,1,1
2023-02-12 17:09:27,2,1,1
2023-02-12 17:09:35,2,1,1
2023-02-12 17:09:43,2,1,1
2023-02-12 17:09:52,2,1,1
2023-02-12 17:09:58,3,1,1
2023-02-12 17:10:06,3,1,1
2023-02-12 17:10:16,2,1,1
2023-02-12 17:10:56,3,1,1
2023-02-12 17:11:09,2,1,1
2023-02-12 17:12:03,3,1,1
2023-02-12 17:12:13,2,1,1
2023-02-12 17:13:12,3,1,1
2023-02-12 17:13:22,2,1,1
2023-02-12 17:14:08,3,1,1
2023-02-12 17:14:19,2,1,1
2023-02-12 17:15:44,4,1,1
2023-02-12 17:16:51,2,1,1
2023-02-12 17:17:54,1,1,1
2023-02-12 17:18:17,2,1,1
2023-02-12 17:18:20,2,1,1
2023-02-12 17:32:40,2,1,1
2023-02-12 17:34:18,1,1,1
2023-02-12 17:34:41,2,1,1
2023-02-12 17:34:44,2,1,1
2023-02-12 17:34:47,2,1,1
2023-02-12 17:34:54,2,1,1
2023-02-12 17:35:00,2,1,1
2023-02-12 17:35:05,2,1,1
2023-02-12 17:35:13,2,1,1
2023-02-12 17:35:20,3,1,1
2023-02-12 17:35:28,3,1,1
2023-02-12 17:35:41,2,1,1
2023-02-12 17:36:13,3,1,1
2023-02-12 17:50:29,2,1,1
2023-02-12 17:51:31,1,1,1
2023-02-12 17:51:55,2,1,1
2023-02-12 17:51:59,2,1,1
2023-02-12 17:52:03,2,1,1
2023-02-12 17:52:14,2,1,1
2023-02-12 17:52:18,2,1,1
2023-02-12 17:52:26,2,1,1
2023-02-12 17:52:34,2,1,1
2023-02-12 17:56:10,2,1,1
2023-02-12 17:57:30,1,1,1
2023-02-12 17:57:51,2,1,1
2023-02-12 17:57:56,2,1,1
2023-02-12 17:58:02,2,1,1
2023-02-12 17:58:08,2,1,1
2023-02-12 17:58:15,2,1,1
2023-02-12 17:58:24,2,1,1
2023-02-12 17:58:31,2,1,1
2023-02-12 17:58:35,3,1,1
2023-02-12 17:58:45,3,1,1
2023-02-12 17:58:52,2,1,1
2023-02-12 17:59:28,3,1,1
2023-02-12 17:59:43,2,1,1
2023-02-12 18:00:36,3,1,1
2023-02-12 18:00:47,2,1,1
2023-02-12 18:01:51,5,2,2
2023-02-12 18:03:30,1,1,1
2023-02-12 18:03:47,2,1,1
2023-02-12 18:03:52,2,1,1
2023-02-12 18:03:58,2,1,1
2023-02-12 18:04:02,2,1,1
2023-02-12 18:04:08,2,1,1
2023-02-12 18:04:14,2,1,1
2023-02-12 18:04:23,2,1,1
2023-02-12 18:04:30,3,1,1
2023-02-12 18:04:44,3,1,1
2023-02-12 18:04:50,2,1,1
2023-02-12 18:05:22,3,1,1
2023-02-12 18:05:34,2,1,1
2023-02-12 18:06:19,3,1,1
2023-02-12 18:06:32,2,1,1
2023-02-12 18:07:19,2,1,1
2023-02-12 18:07:29,2,1,1
2023-02-12 18:08:06,3,1,1
2023-02-12 18:15:26,2,1,1
2023-02-12 18:16:44,1,1,1
2023-02-12 18:16:56,2,1,1
2023-02-12 18:16:59,2,1,1
2023-02-12 18:17:03,2,1,1
2023-02-12 18:19:40,2,1,1
2023-02-12 18:20:56,1,1,1
2023-02-12 18:21:12,2,1,1
2023-02-12 18:21:15,2,1,1
2023-02-12 18:21:20,2,1,1
2023-02-12 18:33:07,2,1,1
2023-02-12 18:34:27,1,1,1
2023-02-12 18:34:49,2,1,1
2023-02-12 18:46:34,2,1,1
2023-02-12 18:48:14,1,1,1
2023-02-12 18:48:42,2,1,1
2023-02-12 18:48:45,2,1,1
2023-02-12 18:48:49,2,1,1
2023-02-12 18:48:54,2,1,1
2023-02-12 18:49:04,2,1,1
2023-02-12 18:49:14,2,1,1
2023-02-12 18:49:26,2,1,1
2023-02-12 18:49:29,3,1,1
2023-02-12 18:49:40,3,1,1
2023-02-12 18:49:52,2,1,1
2023-02-12 18:50:37,3,1,1
2023-02-12 18:50:46,1,1,1
2023-02-12 18:50:54,2,1,1
2023-02-12 18:51:00,3,1,1
2023-02-12 18:51:12,2,1,1
2023-02-12 18:51:38,3,1,1
2023-02-12 18:51:50,2,1,1
2023-02-12 18:52:10,2,1,1
2023-02-12 18:52:27,2,1,1
2023-02-12 18:52:29,3,1,1
2023-02-12 18:52:40,2,1,1
2023-02-12 18:53:16,3,1,1
2023-02-12 18:53:24,2,1,1
2023-02-12 18:53:38,3,1,1
2023-02-12 18:53:57,2,1,1
2023-02-12 18:54:41,4,1,1
2023-02-12 18:54:59,2,1,1
2023-02-12 18:55:21,2,1,1
2023-02-12 18:55:47,2,1,1
2023-02-12 18:56:26,3,1,1
2023-02-12 18:56:55,3,1,1
2023-02-12 18:57:18,1,1,1
2023-02-12 18:57:28,2,1,1
2023-02-12 18:57:32,2,1,1
2023-02-12 18:57:36,2,1,1
2023-02-12 18:57:41,2,1,1
2023-02-12 18:57:49,2,1,1
2023-02-12 18:57:59,2,1,1
2023-02-12 18:58:08,2,1,1
2023-02-12 18:58:09,2,1,1
2023-02-12 18:58:14,3,1,1
2023-02-12 18:58:22,3,1,1
2023-02-12 18:58:29,2,1,1
2023-02-12 18:59:03,3,1,1
2023-02-12 18:59:15,2,1,1
2023-02-12 18:59:47,1,1,1
2023-02-12 18:59:57,2,1,1
2023-02-12 19:00:04,3,1,1
2023-02-12 19:00:09,1,1,1
2023-02-12 19:00:21,2,1,1
2023-02-12 19:01:00,3,1,1
2023-02-12 19:01:09,2,1,1
2023-02-12 19:02:06,3,1,1
2023-02-12 19:02:16,2,1,1
2023-02-12 19:03:51,4,1,1
2023-02-12 19:43:45,2,1,1
2023-02-12 19:43:58,1,1,1
2023-02-12 19:44:13,3,1,1
2023-02-12 19:44:22,2,1,1
2023-02-12 19:45:19,1,1,1
2023-02-12 19:45:27,3,1,1
2023-02-12 19:45:44,4,2,2
2023-02-12 19:45:51,2,1,1
2023-02-12 19:45:56,2,1,1
2023-02-12 19:46:05,2,1,1
2023-02-12 19:46:12,2,1,1
2023-02-12 19:46:18,2,1,1
2023-02-12 19:46:25,2,1,1
2023-02-12 19:46:29,3,1,1
2023-02-12 19:46:36,3,1,1
2023-02-12 19:46:45,2,1,1
2023-02-12 19:46:58,3,1,1
2023-02-12 19:47:13,2,1,1
2023-02-12 19:47:30,3,1,1
2023-02-12 19:47:48,2,1,1
2023-02-12 19:48:35,3,1,1
2023-02-12 19:48:37,3,1,1
2023-02-12 19:48:52,2,1,1
2023-02-12 19:48:56,2,1,1
2023-02-12 19:49:40,3,1,1
2023-02-12 19:49:51,2,1,1
2023-02-12 19:49:58,3,1,1
2023-02-12 19:50:25,2,1,1
2023-02-12 19:50:42,3,1,1
2023-02-12 19:50:50,2,1,1
2023-02-12 19:52:01,2,1,1
2023-02-12 19:52:10,4,1,1
2023-02-12 19:52:58,2,1,1
2023-02-12 19:54:18,1,1,1
2023-02-12 19:54:47,2,1,1
2023-02-12 19:56:29,1,1,1
2023-02-12 19:56:43,3,1,1
2023-02-12 19:56:58,2,1,1
2023-02-12 19:57:46,3,1,1
2023-02-12 19:58:06,2,1,1
2023-02-12 19:59:24,3,1,1
2023-02-12 19:59:42,2,1,1
2023-02-12 20:00:58,3,1,1
2023-02-12 20:01:12,2,1,1
2023-02-12 20:02:16,3,1,1
2023-02-12 20:02:41,2,1,1
2023-02-12 20:04:01,2,1,1
2023-02-12 20:39:53,2,1,1
2023-02-12 20:41:09,1,1,1
2023-02-12 20:41:29,2,1,1
2023-02-12 20:41:33,2,1,1
2023-02-12 20:41:36,2,1,1
2023-02-12 20:41:44,2,1,1
2023-02-12 20:41:49,1,1,1
2023-02-12 20:59:09,2,1,1
2023-02-12 21:00:36,1,1,1
2023-02-12 21:00:56,2,1,1
2023-02-12 21:01:00,2,1,1
2023-02-12 21:01:08,1,1,1
2023-02-12 21:26:19,2,1,1
2023-02-12 21:27:58,1,1,1
2023-02-12 21:28:26,2,1,1
2023-02-12 21:28:30,2,1,1
2023-02-12 21:28:36,2,1,1
2023-02-12 21:28:45,2,1,1
2023-02-12 21:28:55,2,1,1
2023-02-12 21:29:01,2,1,1
2023-02-12 21:29:08,2,1,1
2023-02-12 21:29:11,3,1,1
2023-02-12 21:29:19,3,1,1
2023-02-12 21:29:32,2,1,1
2023-02-12 21:30:13,3,1,1
2023-02-12 21:30:26,2,1,1
2023-02-12 21:31:15,3,1,1
2023-02-12 21:31:24,2,1,1
2023-02-12 21:32:18,3,1,1
2023-02-12 21:48:22,2,1,1
2023-02-12 21:49:45,1,1,1
2023-02-12 21:50:06,2,1,1
2023-02-12 21:50:09,2,1,1
2023-02-12 21:50:14,2,1,1
2023-02-12 21:54:03,2,1,1
2023-02-12 21:54:59,1,1,1
2023-02-12 21:55:10,2,1,1
2023-02-12 21:55:17,2,1,1
2023-02-12 21:55:20,2,1,1
2023-02-12 21:55:28,2,1,1
2023-02-12 21:55:38,2,1,1
2023-02-12 21:55:44,2,1,1
2023-02-12 21:55:54,2,1,1
2023-02-12 21:56:02,3,1,1
2023-02-12 21:56:14,3,1,1
2023-02-12 21:56:25,2,1,1
2023-02-12 21:56:57,3,1,1
2023-02-12 21:57:15,2,1,1
2023-02-12 21:58:10,3,1,1
2023-02-12 21:58:23,2,1,1
2023-02-12 21:59:28,3,1,1
2023-02-12 22:04:03,1,1,1
2023-02-12 22:04:15,3,1,1
2023-02-12 22:04:34,2,1,1
2023-02-12 22:06:18,3,1,1
2023-02-12 22:07:38,2,1,1
2023-02-12 22:08:49,1,1,1
2023-02-12 22:09:01,2,1,1
2023-02-12 22:09:07,2,1,1
2023-02-12 22:09:10,2,1,1
2023-02-12 22:09:14,2,1,1
2023-02-12 22:09:22,2,1,1
2023-02-12 22:09:32,2,1,1
2023-02-12 22:09:38,2,1,1
2023-02-12 22:09:46,3,1,1
2023-02-12 22:09:56,3,1,1
2023-02-12 22:10:08,2,1,1
2023-02-12 22:10:39,3,1,1
2023-02-12 22:10:51,2,1,1
2023-02-12 22:11:39,2,1,1
2023-02-12 22:30:18,2,1,1
2023-02-12 22:31:10,1,1,1
2023-02-12 22:31:30,2,1,1
2023-02-12 22:52:58,2,1,1
2023-02-12 22:54:31,1,1,1
2023-02-12 22:54:49,2,1,1
2023-02-12 22:54:55,1,1,1
2023-02-12 22:58:39,2,1,1
2023-02-12 23:00:02,1,1,1
2023-02-12 23:00:24,2,1,1
2023-02-12 23:00:28,2,1,1
2023-02-12 23:00:34,2,1,1
2023-02-12 23:10:01,2,1,1
2023-02-12 23:10:55,1,1,1
2023-02-12 23:11:04,2,1,1
2023-02-12 23:11:09,2,1,1
2023-02-12 23:11:11,2,1,1
2023-02-12 23:34:58,2,1,1
2023-02-12 23:35:50,1,1,1
2023-02-12 23:36:02,2,1,1
2023-02-12 23:40:39,2,1,1
2023-02-12 23:42:01,1,1,1
2023-02-12 23:42:14,2,1,1
2023-02-12 23:42:19,2,1,1
2023-02-12 23:42:25,2,1,1
2023-02-12 23:42:30,2,1,1
2023-02-12 23:42:36,2,1,1
2023-02-12 23:42:41,2,1,1
2023-02-12 23:42:51,2,1,1
2023-02-12 23:42:56,3,1,1
2023-02-12 23:43:11,3,1,1
2023-02-12 23:43:24,2,1,1
2023-02-12 23:44:06,3,1,1
2023-02-12 23:44:20,2,1,1
2023-02-12 23:45:08,3,1,1
2023-02-12 23:45:21,2,1,1
2023-02-12 23:46:16,3,1,1
2023-02-12 23:46:22,2,1,1
2023-02-12 23:47:14,3,1,1
2023-02-12 23:47:23,2,1,1
2023-02-12 23:48:26,2,1,1
2023-02-12 23:55:33,2,1,1
2023-02-12 23:57:03,1,1,1
2023-02-12 23:57:24,2,1,1
2023-02-13 00:26:49,1,1,1
2023-02-13 00:27:07,2,1,1
2023-02-13 00:28:28,4,1,1
2023-02-13 00:35:59,1,1,1
2023-02-13 00:36:11,3,1,1
2023-02-13 00:36:26,2,1,1
2023-02-13 00:37:38,2,1,1
2023-02-13 00:37:56,2,1,1
2023-02-13 00:39:14,3,1,1
2023-02-13 00:39:33,2,1,1
2023-02-13 00:40:24,2,1,1
2023-02-13 00:40:49,2,1,1
2023-02-13 00:42:00,3,1,1
2023-02-13 00:42:21,2,1,1
2023-02-13 00:42:34,3,1,1
2023-02-13 00:44:00,1,1,1
2023-02-13 00:44:30,2,1,1
2023-02-13 00:44:34,2,1,1
2023-02-13 00:44:37,2,1,1
2023-02-13 00:44:39,1,1,1
2023-02-13 00:44:43,2,1,1
2023-02-13 00:45:35,1,1,1
2023-02-13 00:46:00,2,1,1
2023-02-13 00:46:07,2,1,1
2023-02-13 00:46:13,2,1,1
2023-02-13 00:46:21,2,1,1
2023-02-13 00:46:26,2,1,1
2023-02-13 00:46:36,2,1,1
2023-02-13 00:46:46,2,1,1
2023-02-13 00:46:52,3,1,1
2023-02-13 00:47:03,3,1,1
2023-02-13 00:47:05,2,1,1
2023-02-13 00:47:15,2,1,1
2023-02-13 00:47:46,3,1,1
2023-02-13 00:47:57,2,1,1
2023-02-13 00:48:30,1,1,1
2023-02-13 00:48:40,3,1,1
2023-02-13 00:48:54,2,1,1
2023-02-13 00:48:55,2,1,1
2023-02-13 00:49:00,2,1,1
2023-02-13 00:49:04,2,1,1
2023-02-13 00:49:15,2,1,1
2023-02-13 00:49:19,2,1,1
2023-02-13 00:49:41,3,1,1
2023-02-13 00:49:50,2,1,1
2023-02-13 00:50:34,3,1,1
2023-02-13 00:50:48,2,1,1
2023-02-13 00:52:23,4,1,1
2023-02-13 00:56:18,2,1,1
2023-02-13 00:57:24,1,1,1
2023-02-13 00:57:44,2,1,1
2023-02-13 00:57:48,2,1,1
2023-02-13 00:57:51,2,1,1
2023-02-13 00:57:59,2,1,1
2023-02-13 00:58:03,2,1,1
2023-02-13 01:05:31,2,1,1
2023-02-13 01:06:30,1,1,1
2023-02-13 01:06:41,2,1,1
2023-02-13 01:06:44,2,1,1
2023-02-13 01:06:47,2,1,1
2023-02-13 01:06:53,2,1,1
2023-02-13 01:07:04,1,1,1
2023-02-13 01:09:45,2,1,1
2023-02-13 01:11:08,1,1,1
2023-02-13 01:11:27,2,1,1
2023-02-13 01:11:30,2,1,1
2023-02-13 01:12:07,2,1,1
2023-02-13 01:13:32,1,1,1
2023-02-13 01:13:59,2,1,1
2023-02-13 01:14:04,2,1,1
2023-02-13 01:31:24,1,1,1
2023-02-13 01:31:43,3,1,1
2023-02-13 01:31:58,2,1,1
2023-02-13 01:32:39,3,1,1
2023-02-13 01:33:01,2,1,1
2023-02-13 01:34:39,3,1,1
2023-02-13 01:34:54,2,1,1
2023-02-13 01:36:13,2,1,1
2023-02-13 01:36:36,2,1,1
2023-02-13 01:37:38,3,1,1
2023-02-13 01:38:04,2,1,1
2023-02-13 01:39:59,3,1,1
2023-02-13 02:03:16,2,1,1
2023-02-13 02:04:44,1,1,1
2023-02-13 02:04:59,2,1,1
2023-02-13 02:05:04,2,1,1
2023-02-13 02:05:08,2,1,1
2023-02-13 02:05:20,2,1,1
2023-02-13 02:12:29,2,1,1
2023-02-13 02:14:00,1,1,1
2023-02-13 02:14:21,2,1,1
2023-02-13 02:14:25,2,1,1
2023-02-13 02:14:31,2,1,1
2023-02-13 02:14:43,2,1,1
2023-02-13 02:14:47,1,1,1
2023-02-13 02:30:28,1,1,1
2023-02-13 02:30:41,3,1,1
2023-02-13 02:30:55,4,2,2
2023-02-13 02:31:51,1,1,1
2023-02-13 02:31:53,3,1,1
2023-02-13 02:32:10,2,1,1
2023-02-13 02:32:17,2,1,1
2023-02-13 02:32:20,2,1,1
2023-02-13 02:32:22,2,1,1
2023-02-13 02:33:54,2,1,1
2023-02-13 02:34:10,2,1,1
2023-02-13 02:35:19,3,1,1
2023-02-13 02:35:32,2,1,1
2023-02-13 02:36:42,3,1,1
2023-02-13 02:37:15,2,1,1
2023-02-13 02:38:46,3,1,1
2023-02-13 02:40:08,2,1,1
2023-02-13 02:41:28,1,1,1
2023-02-13 02:41:55,2,1,1
2023-02-13 02:44:22,2,1,1
2023-02-13 02:45:19,1,1,1
2023-02-13 02:45:28,2,1,1
2023-02-13 02:45:31,2,1,1
2023-02-13 02:45:37,2,1,1
2023-02-13 02:45:46,2,1,1
2023-02-13 02:45:50,2,1,1
2023-02-13 02:57:57,2,1,1
2023-02-13 02:59:06,1,1,1
2023-02-13 02:59:36,2,1,1
2023-02-13 03:19:10,1,1,1
2023-02-13 03:19:25,3,1,1
2023-02-13 03:19:36,2,1,1
2023-02-13 03:20:43,2,1,1
2023-02-13 03:21:10,2,1,1
2023-02-13 03:22:52,3,1,1
2023-02-13 03:23:01,2,1,1
2023-02-13 03:24:24,3,1,1
2023-02-13 03:24:48,2,1,1
2023-02-13 03:25:51,3,1,1
2023-02-13 03:26:22,2,1,1
2023-02-13 03:27:41,3,1,1
2023-02-13 03:49:14,2,1,1
2023-02-13 03:50:11,1,1,1
2023-02-13 03:50:29,2,1,1
2023-02-13 03:50:34,2,1,1
2023-02-13 03:50:37,2,1,1
2023-02-13 03:50:41,2,1,1
2023-02-13 03:50:50,2,1,1
2023-02-13 03:50:58,2,1,1
2023-02-13 03:51:10,2,1,1
2023-02-13 03:51:13,3,1,1
2023-02-13 04:02:49,2,1,1
2023-02-13 04:04:24,1,1,1
2023-02-13 04:04:36,2,1,1
2023-02-13 04:04:40,2,1,1
2023-02-13 04:26:56,2,1,1
2023-02-13 04:28:29,1,1,1
2023-02-13 04:28:40,2,1,1
2023-02-13 04:28:46,2,1,1
2023-02-13 04:28:50,2,1,1
2023-02-13 04:28:54,2,1,1
2023-02-13 04:29:03,2,1,1
2023-02-13 04:29:09,2,1,1
2023-02-13 04:29:18,2,1,1
2023-02-13 04:29:20,2,1,1
2023-02-13 04:29:26,3,1,1
2023-02-13 04:29:32,3,1,1
2023-02-13 04:29:43,2,1,1
2023-02-13 04:30:17,3,1,1
2023-02-13 04:30:52,1,1,1
2023-02-13 04:31:05,2,1,1
2023-02-13 04:31:08,2,1,1
2023-02-13 04:31:14,2,1,1
2023-02-13 04:31:21,2,1,1
2023-02-13 04:31:27,2,1,1
2023-02-13 04:31:39,2,1,1
2023-02-13 04:31:51,1,1,1
2023-02-13 04:33:32,2,1,1
2023-02-13 04:34:40,1,1,1
2023-02-13 04:35:06,2,1,1
2023-02-13 04:35:17,1,1,1
2023-02-13 04:42:45,2,1,1
2023-02-13 04:43:50,1,1,1
2023-02-13 04:44:11,2,1,1
2023-02-13 04:44:14,2,1,1
2023-02-13 04:44:18,2,1,1
2023-02-13 04:44:27,2,1,1
2023-02-13 04:44:33,2,1,1
2023-02-13 04:44:41,2,1,1
2023-02-13 04:44:47,2,1,1
2023-02-13 04:44:54,3,1,1
2023-02-13 04:45:01,3,1,1
2023-02-13 04:45:12,2,1,1
2023-02-13 04:45:44,3,1,1
2023-02-13 04:45:54,2,1,1
2023-02-13 04:46:47,3,1,1
2023-02-13 04:47:03,2,1,1
2023-02-13 04:48:08,3,1,1
2023-02-13 04:48:20,2,1,1
2023-02-13 04:49:12,3,1,1
2023-02-13 04:49:20,2,1,1
2023-02-13 04:50:44,4,1,1
2023-02-13 04:56:12,2,1,1
2023-02-13 04:57:49,1,1,1
2023-02-13 04:58:18,2,1,1
2023-02-13 05:14:01,2,1,1
2023-02-13 05:14:54,1,1,1
2023-02-13 05:15:20,2,1,1
2023-02-13 05:15:24,2,1,1
2023-02-13 05:23:14,2,1,1
2023-02-13 05:24:41,1,1,1
2023-02-13 05:25:08,2,1,1
2023-02-13 05:25:13,2,1,1
2023-02-13 05:25:19,2,1,1
2023-02-13 05:25:29,2,1,1
2023-02-13 05:41:03,2,1,1
2023-02-13 05:42:22,1,1,1
2023-02-13 05:42:38,2,1,1
2023-02-13 05:42:42,2,1,1
2023-02-13 05:42:46,2,1,1
2023-02-13 05:42:52,2,1,1
2023-02-13 05:42:57,2,1,1
2023-02-13 05:43:09,2,1,1
2023-02-13 05:43:17,1,1,1
2023-02-13 05:43:25,2,1,1
2023-02-13 05:44:55,1,1,1
2023-02-13 05:45:16,2,1,1
2023-02-13 06:06:13,2,1,1
2023-02-13 06:07:17,1,1,1
2023-02-13 06:07:47,2,1,1
2023-02-13 06:07:52,2,1,1
2023-02-13 06:07:58,2,1,1
2023-02-13 06:08:03,2,1,1
2023-02-13 06:08:08,2,1,1
2023-02-13 06:08:16,2,1,1
2023-02-13 06:08:27,2,1,1
2023-02-13 06:08:32,3,1,1
2023-02-13 06:08:40,3,1,1
2023-02-13 06:08:47,2,1,1
2023-02-13 06:09:21,3,1,1
2023-02-13 06:09:36,2,1,1
2023-02-13 06:10:23,3,1,1
2023-02-13 06:10:31,2,1,1
2023-02-13 06:11:30,2,1,1
2023-02-13 06:11:54,2,1,1
2023-02-13 06:13:33,1,1,1
2023-02-13 06:13:56,2,1,1
2023-02-13 06:13:59,2,1,1
2023-02-13 06:14:04,2,1,1
2023-02-13 06:25:29,2,1,1
2023-02-13 06:26:40,1,1,1
2023-02-13 06:26:56,2,1,1
2023-02-13 06:46:04,1,1,1
2023-02-13 06:46:14,3,1,1
2023-02-13 06:46:37,2,1,1
2023-02-13 06:48:37,3,1,1
2023-02-13 06:53:58,2,1,1
2023-02-13 06:55:04,1,1,1
2023-02-13 06:55:26,2,1,1
2023-02-13 06:55:30,2,1,1
2023-02-13 06:55:32,2,1,1
2023-02-13 07:03:11,2,1,1
2023-02-13 07:04:42,1,1,1
2023-02-13 07:05:08,2,1,1
2023-02-13 07:05:13,2,1,1
2023-02-13 07:05:18,2,1,1
2023-02-13 07:27:18,2,1,1
2023-02-13 07:28:09,1,1,1
2023-02-13 07:28:35,2,1,1
2023-02-13 07:28:42,2,1,1
2023-02-13 07:28:48,2,1,1
2023-02-13 07:28:53,2,1,1
2023-02-13 07:29:01,2,1,1
2023-02-13 07:29:05,2,1,1
2023-02-13 07:29:16,2,1,1
2023-02-13 07:29:24,3,1,1
2023-02-13 07:29:39,3,1,1
2023-02-13 07:29:51,2,1,1
2023-02-13 07:30:22,3,1,1
2023-02-13 07:30:33,2,1,1
2023-02-13 07:31:19,3,1,1
2023-02-13 08:01:41,2,1,1
2023-02-13 08:02:41,1,1,1
2023-02-13 08:03:02,2,1,1
2023-02-13 08:03:05,2,1,1
2023-02-13 08:03:10,2,1,1
2023-02-13 08:03:21,2,1,1
2023-02-13 08:03:31,2,1,1
2023-02-13 08:03:40,2,1,1
2023-02-13 08:03:48,2,1,1
2023-02-13 08:03:59,1,1,1
2023-02-13 08:43:45,2,1,1
2023-02-13 08:44:59,1,1,1
2023-02-13 08:45:17,2,1,1
2023-02-13 08:57:20,2,1,1
2023-02-13 08:58:47,1,1,1
2023-02-13 08:59:03,2,1,1
2023-02-13 08:59:07,2,1,1
2023-02-13 08:59:09,2,1,1
2023-02-13 08:59:16,2,1,1
2023-02-13 08:59:22,2,1,1
2023-02-13 08:59:31,1,1,1
2023-02-13 09:17:55,2,1,1
2023-02-13 09:19:16,1,1,1
2023-02-13 09:19:37,2,1,1
2023-02-13 09:19:41,2,1,1
2023-02-13 09:19:47,2,1,1
2023-02-13 09:19:55,2,1,1
2023-02-13 09:20:03,2,1,1
2023-02-13 09:20:10,2,1,1
2023-02-13 09:20:17,2,1,1
2023-02-13 09:20:25,3,1,1
2023-02-13 09:20:34,3,1,1
2023-02-13 09:20:41,2,1,1
2023-02-13 09:21:21,3,1,1
2023-02-13 09:21:36,2,1,1
2023-02-13 09:22:28,3,1,1
2023-02-13 09:22:44,2,1,1
2023-02-13 09:23:39,3,1,1
2023-02-13 09:23:51,2,1,1
2023-02-13 09:24:46,2,1,1
2023-02-13 09:34:58,2,1,1
2023-02-13 09:36:24,1,1,1
2023-02-13 09:36:37,2,1,1
2023-02-13 09:36:48,1,1,1
2023-02-13 09:39:12,2,1,1
2023-02-13 09:40:27,1,1,1
2023-02-13 09:40:56,2,1,1
2023-02-13 09:41:00,2,1,1
2023-02-13 09:41:02,2,1,1
2023-02-13 09:41:12,2,1,1
2023-02-13 09:41:19,2,1,1
2023-02-13 09:41:28,2,1,1
2023-02-13 09:41:34,2,1,1
2023-02-13 09:58:28,2,1,1
2023-02-13 09:59:40,1,1,1
2023-02-13 10:00:03,2,1,1
2023-02-13 10:00:06,2,1,1
2023-02-13 10:00:09,2,1,1
2023-02-13 10:00:19,2,1,1
2023-02-13 10:00:29,2,1,1
2023-02-13 10:00:41,2,1,1
2023-02-13 10:00:50,2,1,1
2023-02-13 10:21:16,2,1,1
2023-02-13 10:22:39,1,1,1
2023-02-13 10:22:52,2,1,1
2023-02-13 10:22:58,2,1,1
2023-02-13 10:23:04,2,1,1
2023-02-13 10:23:10,2,1,1
2023-02-13 10:23:18,2,1,1
2023-02-13 10:23:25,2,1,1
2023-02-13 10:23:33,2,1,1
2023-02-13 10:23:36,3,1,1
2023-02-13 10:23:41,3,1,1
2023-02-13 10:23:53,2,1,1
2023-02-13 10:24:30,3,1,1
2023-02-13 10:24:43,2,1,1
2023-02-13 10:25:29,3,1,1
2023-02-13 10:25:44,2,1,1
2023-02-13 10:26:37,3,1,1
2023-02-13 10:26:48,2,1,1
2023-02-13 10:27:41,3,1,1
2023-02-13 10:27:52,2,1,1
2023-02-13 10:29:12,4,1,1
2023-02-13 11:31:04,2,1,1
2023-02-13 11:32:31,1,1,1
2023-02-13 11:32:51,2,1,1
2023-02-13 11:32:54,2,1,1
2023-02-13 11:33:02,1,1,1
2023-02-13 11:49:30,2,1,1
2023-02-13 11:51:01,1,1,1
2023-02-13 11:51:26,2,1,1
2023-02-13 12:03:05,2,1,1
2023-02-13 12:04:04,1,1,1
2023-02-13 12:04:31,2,1,1
2023-02-13 12:04:34,2,1,1
2023-02-13 12:04:40,2,1,1
2023-02-13 12:04:47,2,1,1
2023-02-13 12:04:58,2,1,1
2023-02-13 12:05:04,2,1,1
2023-02-13 12:05:15,2,1,1
2023-02-13 12:05:21,3,1,1
2023-02-13 12:05:31,3,1,1
2023-02-13 12:05:38,2,1,1
2023-02-13 12:06:12,3,1,1
2023-02-13 12:06:21,2,1,1
2023-02-13 12:07:06,3,1,1
2023-02-13 12:07:16,2,1,1
2023-02-13 12:08:18,3,1,1
2023-02-13 12:16:40,2,1,1
2023-02-13 12:18:14,1,1,1
2023-02-13 12:18:27,2,1,1
2023-02-13 12:18:33,2,1,1
2023-02-13 12:18:37,2,1,1
2023-02-13 12:18:46,2,1,1
2023-02-13 12:18:52,2,1,1
2023-02-13 12:18:58,2,1,1
2023-02-13 12:19:10,2,1,1
2023-02-13 12:19:16,3,1,1
2023-02-13 12:19:27,3,1,1
2023-02-13 12:19:34,2,1,1
2023-02-13 12:20:12,2,1,1
2023-02-13 12:20:30,2,1,1
2023-02-13 12:21:17,3,1,1
2023-02-13 12:22:21,2,1,1
2023-02-13 12:23:50,1,1,1
2023-02-13 12:24:01,2,1,1
2023-02-13 12:24:07,2,1,1
2023-02-13 12:24:12,2,1,1
2023-02-13 12:24:16,2,1,1
2023-02-13 12:24:21,2,1,1
2023-02-13 12:24:30,2,1,1
2023-02-13 12:24:36,2,1,1
2023-02-13 12:24:43,2,1,1
2023-02-13 12:24:44,3,1,1
2023-02-13 12:24:52,3,1,1
2023-02-13 12:25:03,2,1,1
2023-02-13 12:25:33,1,1,1
2023-02-13 12:25:43,3,1,1
2023-02-13 12:25:54,2,1,1
2023-02-13 12:25:59,2,1,1
2023-02-13 12:26:06,2,1,1
2023-02-13 12:26:11,2,1,1
2023-02-13 12:26:17,2,1,1
2023-02-13 12:26:27,2,1,1
2023-02-13 12:26:36,2,1,1
2023-02-13 12:26:40,3,1,1
2023-02-13 12:26:45,2,1,1
2023-02-13 12:26:51,3,1,1
2023-02-13 12:26:55,2,1,1
2023-02-13 12:27:01,3,1,1
2023-02-13 12:27:09,2,1,1
2023-02-13 12:27:44,3,1,1
2023-02-13 12:27:46,3,1,1
2023-02-13 12:27:54,2,1,1
2023-02-13 12:27:57,2,1,1
2023-02-13 12:28:46,2,1,1
2023-02-13 12:28:56,3,1,1
2023-02-13 12:28:57,2,1,1
2023-02-13 12:29:04,2,1,1
2023-02-13 12:29:51,3,1,1
2023-02-13 12:30:00,2,1,1
2023-02-13 12:30:08,4,1,1
2023-02-13 12:30:44,3,1,1
2023-02-13 12:33:56,2,1,1
2023-02-13 12:34:53,1,1,1
2023-02-13 12:35:18,2,1,1
2023-02-13 12:35:21,2,1,1
2023-02-13 12:35:24,2,1,1
2023-02-13 12:35:34,1,1,1
2023-02-13 12:47:31,2,1,1
2023-02-13 12:49:03,1,1,1
2023-02-13 12:49:15,2,1,1
2023-02-13 12:49:20,2,1,1
2023-02-13 12:49:23,2,1,1
2023-02-13 12:49:31,2,1,1
2023-02-13 12:49:37,2,1,1
2023-02-13 12:49:43,2,1,1
2023-02-13 12:49:53,2,1,1
2023-02-13 12:49:59,3,1,1
2023-02-13 12:50:04,3,1,1
2023-02-13 12:50:12,2,1,1
2023-02-13 12:50:51,3,1,1
2023-02-13 12:51:00,2,1,1
2023-02-13 12:51:48,3,1,1
2023-02-13 12:52:03,2,1,1
2023-02-13 12:52:51,3,1,1
2023-02-13 12:53:00,2,1,1
2023-02-13 12:53:58,3,1,1
2023-02-13 12:54:07,2,1,1
2023-02-13 12:55:36,4,1,1
2023-02-13 13:04:17,1,1,1
2023-02-13 13:04:31,3,1,1
2023-02-13 13:04:41,2,1,1
2023-02-13 13:05:28,3,1,1
2023-02-13 13:05:49,2,1,1
2023-02-13 13:07:11,3,1,1
2023-02-13 13:07:28,2,1,1
2023-02-13 13:08:25,3,1,1
2023-02-13 13:08:39,2,1,1
2023-02-13 13:09:53,2,1,1
2023-02-13 13:10:20,2,1,1
2023-02-13 13:11:40,3,1,1
2023-02-13 13:15:10,2,1,1
2023-02-13 13:16:43,1,1,1
2023-02-13 13:17:02,2,1,1
2023-02-13 13:17:06,2,1,1
2023-02-13 13:17:11,2,1,1
2023-02-13 13:17:20,2,1,1
2023-02-13 13:17:30,2,1,1
2023-02-13 13:17:40,2,1,1
2023-02-13 13:35:21,2,1,1
2023-02-13 13:36:45,1,1,1
2023-02-13 13:37:00,2,1,1
2023-02-13 13:37:04,2,1,1
2023-02-13 13:48:56,2,1,1
2023-02-13 13:50:04,1,1,1
2023-02-13 13:50:30,2,1,1
2023-02-13 13:50:33,2,1,1
2023-02-13 13:50:37,2,1,1
2023-02-13 13:50:47,2,1,1
2023-02-13 13:50:51,2,1,1
2023-02-13 13:58:09,2,1,1
2023-02-13 13:59:04,1,1,1
2023-02-13 13:59:25,2,1,1
2023-02-13 13:59:28,2,1,1
2023-02-13 13:59:32,2,1,1
2023-02-13 13:59:39,2,1,1
2023-02-13 13:59:44,2,1,1
2023-02-13 13:59:50,2,1,1
2023-02-13 14:00:00,2,1,1
2023-02-13 14:00:06,3,1,1
2023-02-13 14:00:11,3,1,1
2023-02-13 14:00:20,2,1,1
2023-02-13 14:00:58,3,1,1
2023-02-13 14:01:06,2,1,1
2023-02-13 14:01:52,3,1,1
2023-02-13 14:02:05,2,1,1
2023-02-13 14:02:50,2,1,1
2023-02-13 14:03:01,2,1,1
2023-02-13 14:03:34,1,1,1
2023-02-13 14:03:53,6,2,2
2023-02-13 14:04:04,2,1,1
2023-02-13 14:05:05,3,1,1
2023-02-13 14:05:25,2,1,1
2023-02-13 14:06:29,3,1,1
2023-02-13 14:06:42,2,1,1
2023-02-13 14:07:35,3,1,1
2023-02-13 14:07:57,2,1,1
2023-02-13 14:08:50,4,1,1
2023-02-13 14:11:44,2,1,1
2023-02-13 14:12:51,1,1,1
2023-02-13 14:13:10,2,1,1
2023-02-13 14:13:13,2,1,1
2023-02-13 14:13:17,2,1,1
2023-02-13 14:13:25,2,1,1
2023-02-13 14:13:30,2,1,1
2023-02-13 14:13:35,2,1,1
2023-02-13 14:13:47,2,1,1
2023-02-13 14:13:51,3,1,1
2023-02-13 14:13:56,3,1,1
2023-02-13 14:14:06,2,1,1
2023-02-13 14:14:42,3,1,1
2023-02-13 14:14:59,2,1,1
2023-02-13 14:15:47,3,1,1
2023-02-13 14:15:57,2,1,1
2023-02-13 14:16:57,3,1,1
2023-02-13 14:17:09,2,1,1
2023-02-13 14:18:05,3,1,1
2023-02-13 14:18:13,2,1,1
2023-02-13 14:19:16,4,1,1
2023-02-13 14:20:57,2,1,1
2023-02-13 14:21:47,1,1,1
2023-02-13 14:22:12,2,1,1
2023-02-13 14:22:16,2,1,1
2023-02-13 14:22:22,2,1,1
2023-02-13 14:22:28,2,1,1
2023-02-13 14:22:33,1,1,1
2023-02-13 14:30:10,2,1,1
2023-02-13 14:31:24,1,1,1
2023-02-13 14:31:46,2,1,1
2023-02-13 14:31:53,2,1,1
2023-02-13 14:31:59,2,1,1
2023-02-13 14:32:06,2,1,1
2023-02-13 14:32:13,2,1,1
2023-02-13 14:32:21,2,1,1
2023-02-13 14:32:28,2,1,1
2023-02-13 14:32:31,3,1,1
2023-02-13 15:06:33,2,1,1
2023-02-13 15:07:47,1,1,1
2023-02-13 15:08:03,2,1,1
2023-02-13 15:08:07,2,1,1
2023-02-13 15:08:13,2,1,1
2023-02-13 15:08:22,2,1,1
2023-02-13 15:08:31,2,1,1
2023-02-13 15:08:38,2,1,1
2023-02-13 15:08:44,2,1,1
2023-02-13 15:08:49,3,1,1
2023-02-13 15:09:02,3,1,1
2023-02-13 15:09:13,2,1,1
2023-02-13 15:09:58,2,1,1
2023-02-13 15:10:07,2,1,1
2023-02-13 15:10:48,2,1,1
2023-02-13 15:15:46,2,1,1
2023-02-13 15:16:24,1,1,1
2023-02-13 15:16:36,3,1,1
2023-02-13 15:16:50,2,1,1
2023-02-13 15:17:23,1,1,1
2023-02-13 15:17:47,5,2,2
2023-02-13 15:17:52,2,1,1
2023-02-13 15:17:57,2,1,1
2023-02-13 15:18:05,2,1,1
2023-02-13 15:18:10,2,1,1
2023-02-13 15:19:50,3,1,1
2023-02-13 15:20:01,2,1,1
2023-02-13 15:21:26,3,1,1
2023-02-13 15:21:27,2,1,1
2023-02-13 15:21:40,2,1,1
2023-02-13 15:22:24,1,1,1
2023-02-13 15:22:26,3,1,1
2023-02-13 15:22:37,2,1,1
2023-02-13 15:22:42,2,1,1
2023-02-13 15:22:47,2,1,1
2023-02-13 15:22:54,2,1,1
2023-02-13 15:22:58,2,1,1
2023-02-13 15:24:43,4,1,1
2023-02-13 15:44:24,2,1,1
2023-02-13 15:45:55,1,1,1
2023-02-13 15:46:11,2,1,1
2023-02-13 15:46:14,2,1,1
2023-02-13 15:46:19,2,1,1
2023-02-13 15:53:37,2,1,1
2023-02-13 15:54:42,1,1,1
2023-02-13 15:54:52,2,1,1
2023-02-13 15:54:57,2,1,1
2023-02-13 15:55:00,2,1,1
2023-02-13 16:02:50,2,1,1
2023-02-13 16:03:57,1,1,1
2023-02-13 16:04:10,2,1,1
2023-02-13 16:04:14,2,1,1
2023-02-13 16:04:16,2,1,1
2023-02-13 16:08:31,2,1,1
2023-02-13 16:10:11,1,1,1
2023-02-13 16:10:24,2,1,1
2023-02-13 16:10:27,2,1,1
2023-02-13 16:10:30,2,1,1
2023-02-13 16:22:06,2,1,1
2023-02-13 16:23:36,1,1,1
2023-02-13 16:23:55,2,1,1
2023-02-13 16:26:20,2,1,1
2023-02-13 16:27:36,1,1,1
2023-02-13 16:27:46,2,1,1
2023-02-13 16:27:50,2,1,1
2023-02-13 16:27:54,2,1,1
2023-02-13 16:28:03,2,1,1
2023-02-13 16:28:11,2,1,1
2023-02-13 16:28:22,2,1,1
2023-02-13 16:28:33,1,1,1
2023-02-13 16:37:47,1,1,1
2023-02-13 16:38:06,3,1,1
2023-02-13 16:38:16,2,1,1
2023-02-13 16:39:23,2,1,1
2023-02-13 16:39:44,2,1,1
2023-02-13 16:40:48,3,1,1
2023-02-13 16:41:07,2,1,1
2023-02-13 16:42:00,3,1,1
2023-02-13 16:42:15,2,1,1
2023-02-13 16:42:57,3,1,1
2023-02-13 16:43:29,2,1,1
2023-02-13 16:44:09,2,1,1
2023-02-13 16:45:01,3,1,1
2023-02-13 16:45:28,1,1,1
2023-02-13 16:45:43,2,1,1
2023-02-13 17:11:48,2,1,1
2023-02-13 17:13:04,1,1,1
2023-02-13 17:13:29,2,1,1
2023-02-13 17:13:34,2,1,1
2023-02-13 17:13:38,2,1,1
2023-02-13 17:13:45,2,1,1
2023-02-13 17:13:55,2,1,1
2023-02-13 17:14:02,2,1,1
2023-02-13 17:14:13,2,1,1
2023-02-13 17:14:18,3,1,1
2023-02-13 17:14:30,3,1,1
2023-02-13 17:14:37,2,1,1
2023-02-13 17:15:17,3,1,1
2023-02-13 17:21:01,2,1,1
2023-02-13 17:22:27,1,1,1
2023-02-13 17:22:51,2,1,1
2023-02-13 17:22:58,2,1,1
2023-02-13 17:23:04,2,1,1
2023-02-13 17:23:12,2,1,1
2023-02-13 17:23:23,2,1,1
2023-02-13 17:23:28,2,1,1
2023-02-13 17:23:37,2,1,1
2023-02-13 17:23:43,3,1,1
2023-02-13 17:23:51,3,1,1
2023-02-13 17:23:59,2,1,1
2023-02-13 17:24:31,2,1,1
2023-02-13 17:24:40,2,1,1
2023-02-13 17:25:25,3,1,1
2023-02-13 17:25:41,2,1,1
2023-02-13 17:26:43,3,1,1
2023-02-13 17:36:58,2,1,1
2023-02-13 17:38:21,1,1,1
2023-02-13 17:38:34,2,1,1
2023-02-13 17:38:38,2,1,1
2023-02-13 17:38:44,2,1,1
2023-02-13 17:38:52,2,1,1
2023-02-13 17:38:59,2,1,1
2023-02-13 17:39:08,2,1,1
2023-02-13 17:39:18,2,1,1
2023-02-13 17:39:23,3,1,1
2023-02-13 17:39:37,3,1,1
2023-02-13 17:39:49,2,1,1
2023-02-13 17:40:22,3,1,1
2023-02-13 17:46:11,2,1,1
2023-02-13 17:47:34,1,1,1
2023-02-13 17:47:54,2,1,1
2023-02-13 17:47:58,2,1,1
2023-02-13 17:48:02,2,1,1
2023-02-13 17:48:10,2,1,1
2023-02-13 17:48:18,2,1,1
2023-02-13 17:48:29,1,1,1
2023-02-13 17:55:24,2,1,1
2023-02-13 17:56:41,1,1,1
2023-02-13 17:57:11,2,1,1
2023-02-13 17:57:17,2,1,1
2023-02-13 17:57:23,2,1,1
2023-02-13 17:57:31,2,1,1
2023-02-13 17:57:42,2,1,1
2023-02-13 17:57:49,2,1,1
2023-02-13 17:57:59,2,1,1
2023-02-13 17:58:02,3,1,1
2023-02-13 17:58:13,3,1,1
2023-02-13 17:58:26,2,1,1
2023-02-13 17:58:56,3,1,1
2023-02-13 17:59:09,2,1,1
2023-02-13 18:00:04,3,1,1
2023-02-13 18:22:56,2,1,1
2023-02-13 18:24:31,1,1,1
2023-02-13 18:25:00,2,1,1
2023-02-13 18:25:05,1,1,1
2023-02-13 18:31:27,1,1,1
2023-02-13 18:31:41,3,1,1
2023-02-13 18:31:55,2,1,1
2023-02-13 18:32:09,2,1,1
2023-02-13 18:32:43,3,1,1
2023-02-13 18:33:00,2,1,1
2023-02-13 18:33:17,1,1,1
2023-02-13 18:33:30,2,1,1
2023-02-13 18:33:37,2,1,1
2023-02-13 18:33:43,2,1,1
2023-02-13 18:33:48,2,1,1
2023-02-13 18:33:52,3,1,1
2023-02-13 18:33:56,2,1,1
2023-02-13 18:34:06,2,1,1
2023-02-13 18:34:12,2,1,1
2023-02-13 18:34:13,2,1,1
2023-02-13 18:34:18,3,1,1
2023-02-13 18:34:25,3,1,1
2023-02-13 18:34:32,2,1,1
2023-02-13 18:35:08,3,1,1
2023-02-13 18:35:19,2,1,1
2023-02-13 18:35:20,3,1,1
2023-02-13 18:35:36,2,1,1
2023-02-13 18:36:01,3,1,1
2023-02-13 18:36:17,2,1,1
2023-02-13 18:36:23,2,1,1
2023-02-13 18:36:48,3,1,1
2023-02-13 18:37:22,3,1,1
2023-02-13 18:37:24,2,1,1
2023-02-13 18:37:34,2,1,1
2023-02-13 18:38:23,3,1,1
2023-02-13 18:38:32,2,1,1
2023-02-13 18:39:11,4,1,1
2023-02-13 18:39:50,2,1,1
2023-02-13 18:51:02,2,1,1
2023-02-13 18:51:35,1,1,1
2023-02-13 18:51:48,3,1,1
2023-02-13 18:51:57,2,1,1
2023-02-13 18:52:06,1,1,1
2023-02-13 18:52:28,2,1,1
2023-02-13 18:52:33,2,1,1
2023-02-13 18:52:38,2,1,1
2023-02-13 18:52:42,2,1,1
2023-02-13 18:52:48,2,1,1
2023-02-13 18:52:58,2,1,1
2023-02-13 18:53:07,3,1,1
2023-02-13 18:53:08,2,1,1
2023-02-13 18:53:15,3,1,1
2023-02-13 18:53:24,3,1,1
2023-02-13 18:53:30,2,1,1
2023-02-13 18:53:32,2,1,1
2023-02-13 18:54:13,3,1,1
2023-02-13 18:54:25,2,1,1
2023-02-13 18:55:10,3,1,1
2023-02-13 18:55:21,3,1,1
2023-02-13 18:55:27,2,1,1
2023-02-13 18:55:36,2,1,1
2023-02-13 18:56:06,3,1,1
2023-02-13 18:56:16,2,1,1
2023-02-13 18:56:49,3,1,1
2023-02-13 18:57:09,2,1,1
2023-02-13 18:57:12,2,1,1
2023-02-13 18:58:19,3,1,1
2023-02-13 18:58:48,2,1,1
2023-02-13 18:59:54,4,1,1
2023-02-13 19:00:15,2,1,1
2023-02-13 19:01:22,1,1,1
2023-02-13 19:01:49,2,1,1
2023-02-13 19:01:53,2,1,1
2023-02-13 19:02:37,2,1,1
2023-02-13 19:04:03,1,1,1
2023-02-13 19:04:16,2,1,1
2023-02-13 19:04:20,2,1,1
2023-02-13 19:04:23,2,1,1
2023-02-13 19:04:30,2,1,1
2023-02-13 19:18:29,1,1,1
2023-02-13 19:18:41,3,1,1
2023-02-13 19:18:51,2,1,1
2023-02-13 19:19:49,2,1,1
2023-02-13 19:20:11,2,1,1
2023-02-13 19:21:43,3,1,1
2023-02-13 19:21:53,2,1,1
2023-02-13 19:22:57,3,1,1
2023-02-13 19:23:05,1,1,1
2023-02-13 19:23:22,4,2,2
2023-02-13 19:24:32,3,1,1
2023-02-13 19:24:49,4,1,1
2023-02-13 19:25:09,2,1,1
2023-02-13 19:26:46,2,1,1
2023-02-13 19:40:19,2,1,1
2023-02-13 20:08:48,2,1,1
2023-02-13 20:09:50,1,1,1
2023-02-13 20:10:05,2,1,1
2023-02-13 20:10:10,2,1,1
2023-02-13 20:10:16,2,1,1
2023-02-13 20:10:26,2,1,1
2023-02-13 20:10:32,2,1,1
2023-02-13 20:10:43,2,1,1
2023-02-13 20:32:55,2,1,1
2023-02-13 20:34:24,1,1,1
2023-02-13 20:34:36,2,1,1
2023-02-13 20:34:40,2,1,1
2023-02-13 20:34:42,2,1,1
2023-02-13 20:34:49,2,1,1
2023-02-13 20:34:53,2,1,1
2023-02-13 20:35:03,2,1,1
2023-02-13 20:46:30,2,1,1
2023-02-13 20:47:44,1,1,1
2023-02-13 20:48:13,2,1,1
2023-02-13 20:48:19,2,1,1
2023-02-13 20:48:22,2,1,1
2023-02-13 20:48:26,2,1,1
2023-02-13 20:48:37,2,1,1
2023-02-13 20:48:44,2,1,1
2023-02-13 20:48:55,2,1,1
2023-02-13 20:49:02,3,1,1
2023-02-13 20:52:11,2,1,1
2023-02-13 20:53:28,1,1,1
2023-02-13 20:53:48,2,1,1
2023-02-13 20:53:52,2,1,1
2023-02-13 20:53:57,2,1,1
2023-02-13 20:54:06,2,1,1
2023-02-13 20:54:13,2,1,1
2023-02-13 20:57:52,2,1,1
2023-02-13 20:59:26,1,1,1
2023-02-13 20:59:49,2,1,1
2023-02-13 20:59:52,2,1,1
2023-02-13 20:59:55,2,1,1
2023-02-13 21:00:04,2,1,1
2023-02-13 21:00:12,2,1,1
2023-02-13 21:00:18,2,1,1
2023-02-13 21:00:29,2,1,1
2023-02-13 21:00:35,3,1,1
2023-02-13 21:00:45,3,1,1
2023-02-13 21:00:53,2,1,1
2023-02-13 21:01:24,3,1,1
2023-02-13 21:09:14,2,1,1
2023-02-13 21:10:13,1,1,1
2023-02-13 21:10:28,2,1,1
2023-02-13 21:10:31,2,1,1
2023-02-13 21:10:36,2,1,1
2023-02-13 21:10:42,2,1,1
2023-02-13 21:10:47,2,1,1
2023-02-13 21:10:56,2,1,1
2023-02-13 21:11:03,2,1,1
2023-02-13 21:11:06,3,1,1
2023-02-13 21:24:08,2,1,1
2023-02-13 21:25:02,1,1,1
2023-02-13 21:25:11,2,1,1
2023-02-13 21:25:17,2,1,1
2023-02-13 21:25:21,2,1,1
2023-02-13 21:25:29,2,1,1
2023-02-13 21:25:36,2,1,1
2023-02-13 21:25:40,2,1,1
2023-02-13 21:25:49,2,1,1
2023-02-13 21:25:56,3,1,1
2023-02-13 21:26:07,3,1,1
2023-02-13 21:26:19,2,1,1
2023-02-13 21:27:02,3,1,1
2023-02-13 21:27:17,2,1,1
2023-02-13 21:28:00,2,1,1
2023-02-13 21:28:08,2,1,1
2023-02-13 21:29:13,3,1,1
2023-02-13 21:29:24,2,1,1
2023-02-13 21:29:49,2,1,1
2023-02-13 21:30:18,3,1,1
2023-02-13 21:31:10,1,1,1
2023-02-13 21:31:30,2,1,1
2023-02-13 21:31:37,2,1,1
2023-02-13 21:31:43,2,1,1
2023-02-13 21:31:52,2,1,1
2023-02-13 21:32:01,2,1,1
2023-02-13 21:32:10,2,1,1
2023-02-13 21:32:18,2,1,1
2023-02-13 21:32:25,3,1,1
2023-02-13 21:32:39,3,1,1
2023-02-13 21:32:47,2,1,1
2023-02-13 21:33:20,3,1,1
2023-02-13 21:33:31,2,1,1
2023-02-13 21:34:03,2,1,1
2023-02-13 21:34:15,3,1,1
2023-02-13 21:35:11,1,1,1
2023-02-13 21:35:35,2,1,1
2023-02-13 21:35:39,2,1,1
2023-02-13 21:35:44,2,1,1
2023-02-13 21:35:55,2,1,1
2023-02-13 21:36:00,2,1,1
2023-02-13 21:36:12,2,1,1
2023-02-13 21:36:17,2,1,1
2023-02-13 21:39:44,2,1,1
2023-02-13 21:40:54,1,1,1
2023-02-13 21:41:08,2,1,1
2023-02-13 21:41:12,2,1,1
2023-02-13 21:41:16,2,1,1
2023-02-13 21:41:26,2,1,1
2023-02-13 21:41:33,2,1,1
2023-02-13 21:41:45,2,1,1
2023-02-13 21:48:57,2,1,1
2023-02-13 21:50:29,1,1,1
2023-02-13 21:50:52,2,1,1
2023-02-13 21:50:57,2,1,1
2023-02-13 21:50:59,2,1,1
2023-02-13 21:51:07,2,1,1
2023-02-13 21:58:10,2,1,1
2023-02-13 21:59:22,1,1,1
2023-02-13 21:59:46,2,1,1
2023-02-13 21:59:51,2,1,1
2023-02-13 21:59:57,2,1,1
2023-02-13 22:00:06,2,1,1
2023-02-13 22:00:15,2,1,1
2023-02-13 22:00:25,2,1,1
2023-02-13 22:00:35,2,1,1
2023-02-13 22:00:43,3,1,1
2023-02-13 22:00:53,3,1,1
2023-02-13 22:01:00,2,1,1
2023-02-13 22:01:32,3,1,1
2023-02-13 22:01:47,2,1,1
2023-02-13 22:02:32,3,1,1
2023-02-13 22:11:45,2,1,1
2023-02-13 22:13:21,1,1,1
2023-02-13 22:13:31,2,1,1
2023-02-13 22:13:36,2,1,1
2023-02-13 22:13:41,2,1,1
2023-02-13 22:13:47,2,1,1
2023-02-13 22:13:56,1,1,1
2023-02-13 22:17:26,2,1,1
2023-02-13 22:18:24,1,1,1
2023-02-13 22:18:43,2,1,1
2023-02-13 22:18:47,2,1,1
2023-02-13 22:18:53,2,1,1
2023-02-13 22:19:00,2,1,1
2023-02-13 22:19:10,2,1,1
2023-02-13 22:19:18,2,1,1
2023-02-13 22:19:27,2,1,1
2023-02-13 22:19:34,3,1,1
2023-02-13 22:19:41,3,1,1
2023-02-13 22:19:52,2,1,1
2023-02-13 22:20:22,3,1,1
2023-02-13 22:20:38,2,1,1
2023-02-13 22:21:19,3,1,1
2023-02-13 22:21:29,2,1,1
2023-02-13 22:22:12,3,1,1
2023-02-13 22:22:17,2,1,1
2023-02-13 22:23:06,3,1,1
2023-02-13 22:23:18,2,1,1
2023-02-13 22:24:47,2,1,1
2023-02-13 22:26:39,2,1,1
2023-02-13 22:27:10,1,1,1
2023-02-13 22:35:52,2,1,1
2023-02-13 22:37:15,1,1,1
2023-02-13 22:37:25,2,1,1
2023-02-13 22:37:29,2,1,1
2023-02-13 22:37:32,2,1,1
2023-02-13 22:37:40,2,1,1
2023-02-13 22:37:50,2,1,1
2023-02-13 22:38:03,2,1,1
2023-02-13 22:38:07,1,1,1
2023-02-13 22:50:46,2,1,1
2023-02-13 22:52:03,1,1,1
2023-02-13 22:52:24,2,1,1
2023-02-13 22:52:27,2,1,1
2023-02-13 22:52:31,2,1,1
2023-02-13 22:52:40,2,1,1
2023-02-13 22:52:50,2,1,1
2023-02-13 22:52:57,2,1,1
2023-02-13 22:53:09,2,1,1
2023-02-13 22:53:13,3,1,1
2023-02-13 22:53:24,3,1,1
2023-02-13 22:53:36,2,1,1
2023-02-13 22:54:14,3,1,1
2023-02-13 22:54:29,2,1,1
2023-02-13 22:55:10,3,1,1
2023-02-13 22:55:23,2,1,1
2023-02-13 22:56:06,3,1,1
2023-02-13 22:56:15,2,1,1
2023-02-13 22:56:27,2,1,1
2023-02-13 22:57:11,3,1,1
2023-02-13 22:57:19,2,1,1
2023-02-13 22:57:32,1,1,1
2023-02-13 22:57:56,2,1,1
2023-02-13 22:58:00,1,1,1
2023-02-13 22:58:54,4,1,1
2023-02-13 23:15:56,1,1,1
2023-02-13 23:16:13,2,1,1
2023-02-13 23:17:32,4,1,1
2023-02-13 23:19:57,2,1,1
2023-02-13 23:20:50,1,1,1
2023-02-13 23:21:14,2,1,1
2023-02-13 23:21:17,2,1,1
2023-02-13 23:21:20,2,1,1
2023-02-13 23:21:23,1,1,1
2023-02-13 23:52:40,2,1,1
2023-02-13 23:54:18,1,1,1
2023-02-13 23:54:46,2,1,1
2023-02-13 23:54:49,2,1,1
2023-02-13 23:55:02,2,1,1
2023-02-13 23:55:53,1,1,1
2023-02-13 23:56:18,2,1,1
2023-02-13 23:56:23,2,1,1
2023-02-13 23:56:26,2,1,1
2023-02-13 23:56:35,2,1,1
2023-02-14 00:08:37,2,1,1
2023-02-14 00:10:01,1,1,1
2023-02-14 00:10:31,2,1,1
2023-02-14 00:10:36,2,1,1
2023-02-14 00:10:42,2,1,1
2023-02-14 00:10:50,2,1,1
2023-02-14 00:10:56,2,1,1
2023-02-14 00:11:00,2,1,1
2023-02-14 00:11:09,2,1,1
2023-02-14 00:11:16,3,1,1
2023-02-14 00:14:18,2,1,1
2023-02-14 00:15:30,1,1,1
2023-02-14 00:15:52,2,1,1
2023-02-14 00:15:57,2,1,1
2023-02-14 00:16:01,2,1,1
2023-02-14 00:16:08,2,1,1
2023-02-14 00:23:31,2,1,1
2023-02-14 00:24:39,1,1,1
2023-02-14 00:24:52,2,1,1
2023-02-14 00:24:55,2,1,1
2023-02-14 00:25:01,2,1,1
2023-02-14 00:25:07,2,1,1
2023-02-14 00:25:12,2,1,1
2023-02-14 00:25:19,2,1,1
2023-02-14 00:25:26,2,1,1
2023-02-14 00:25:32,3,1,1
2023-02-14 00:25:47,3,1,1
2023-02-14 00:25:59,2,1,1
2023-02-14 00:26:29,3,1,1
2023-02-14 00:26:39,2,1,1
2023-02-14 00:27:32,3,1,1
2023-02-14 00:39:14,1,1,1
2023-02-14 00:39:27,3,1,1
2023-02-14 00:39:42,2,1,1
2023-02-14 00:40:43,3,1,1
2023-02-14 00:41:07,2,1,1
2023-02-14 00:41:20,2,1,1
2023-02-14 00:42:37,3,1,1
2023-02-14 00:42:41,1,1,1
2023-02-14 00:42:53,2,1,1
2023-02-14 00:42:57,2,1,1
2023-02-14 00:43:03,2,1,1
2023-02-14 00:43:07,2,1,1
2023-02-14 00:43:14,2,1,1
2023-02-14 00:43:19,2,1,1
2023-02-14 00:43:27,2,1,1
2023-02-14 00:43:38,2,1,1
2023-02-14 00:43:41,3,1,1
2023-02-14 00:43:47,3,1,1
2023-02-14 00:43:48,3,1,1
2023-02-14 00:43:57,2,1,1
2023-02-14 00:44:07,2,1,1
2023-02-14 00:44:40,3,1,1
2023-02-14 00:44:54,2,1,1
2023-02-14 00:45:09,3,1,1
2023-02-14 00:45:39,3,1,1
2023-02-14 00:45:45,2,1,1
2023-02-14 00:45:47,2,1,1
2023-02-14 00:46:34,3,1,1
2023-02-14 00:47:18,4,1,1
2023-02-14 00:54:55,2,1,1
2023-02-14 00:55:51,1,1,1
2023-02-14 00:56:05,2,1,1
2023-02-14 00:56:10,2,1,1
2023-02-14 00:56:15,2,1,1
2023-02-14 00:56:22,2,1,1
2023-02-14 00:56:27,2,1,1
2023-02-14 00:56:36,2,1,1
2023-02-14 00:56:45,2,1,1
2023-02-14 00:56:53,3,1,1
2023-02-14 00:57:05,3,1,1
2023-02-14 00:57:13,2,1,1
2023-02-14 00:57:48,3,1,1
2023-02-14 01:00:36,2,1,1
2023-02-14 01:01:26,1,1,1
2023-02-14 01:01:50,2,1,1
2023-02-14 01:01:54,2,1,1
2023-02-14 01:01:58,2,1,1
2023-02-14 01:02:03,2,1,1
2023-02-14 01:02:09,2,1,1
2023-02-14 01:02:14,2,1,1
2023-02-14 01:02:20,2,1,1
2023-02-14 01:02:27,3,1,1
2023-02-14 01:02:42,3,1,1
2023-02-14 01:02:49,2,1,1
2023-02-14 01:03:27,2,1,1
2023-02-14 01:03:35,2,1,1
2023-02-14 01:04:29,3,1,1
2023-02-14 01:14:11,2,1,1
2023-02-14 01:15:10,1,1,1
2023-02-14 01:15:28,2,1,1
2023-02-14 01:15:32,2,1,1
2023-02-14 01:15:35,2,1,1
2023-02-14 01:15:42,2,1,1
2023-02-14 01:15:48,2,1,1
2023-02-14 01:15:52,2,1,1
2023-02-14 01:16:00,2,1,1
2023-02-14 01:16:07,3,1,1
2023-02-14 01:16:21,3,1,1
2023-02-14 01:16:34,2,1,1
2023-02-14 01:17:05,3,1,1
2023-02-14 01:17:14,2,1,1
2023-02-14 01:17:57,3,1,1
2023-02-14 01:18:08,2,1,1
2023-02-14 01:18:25,2,1,1
2023-02-14 01:18:59,3,1,1
2023-02-14 01:19:11,2,1,1
2023-02-14 01:19:53,4,2,2
2023-02-14 01:20:07,2,1,1
2023-02-14 01:20:12,2,1,1
2023-02-14 01:20:16,2,1,1
2023-02-14 01:20:20,2,1,1
2023-02-14 01:20:30,2,1,1
2023-02-14 01:20:40,2,1,1
2023-02-14 01:20:48,2,1,1
2023-02-14 01:21:32,4,1,1
2023-02-14 01:22:39,2,1,1
2023-02-14 01:24:08,1,1,1
2023-02-14 01:24:35,2,1,1
2023-02-14 01:28:20,2,1,1
2023-02-14 01:29:13,1,1,1
2023-02-14 01:29:36,2,1,1
2023-02-14 01:29:40,2,1,1
2023-02-14 01:29:44,2,1,1
2023-02-14 01:29:53,1,1,1
2023-02-14 01:52:27,2,1,1
2023-02-14 01:53:35,1,1,1
2023-02-14 01:53:53,2,1,1
2023-02-14 01:53:57,2,1,1
2023-02-14 01:53:59,2,1,1
2023-02-14 02:25:18,2,1,1
2023-02-14 02:26:09,1,1,1
2023-02-14 02:26:26,2,1,1
2023-02-14 02:26:29,2,1,1
2023-02-14 02:26:35,2,1,1
2023-02-14 02:35:13,2,1,1
2023-02-14 02:36:52,1,1,1
2023-02-14 02:37:18,2,1,1
2023-02-14 02:58:43,2,1,1
2023-02-14 02:59:34,1,1,1
2023-02-14 02:59:58,2,1,1
2023-02-14 03:00:01,2,1,1
2023-02-14 03:00:05,2,1,1
2023-02-14 03:00:09,2,1,1
2023-02-14 03:00:20,2,1,1
2023-02-14 03:00:28,2,1,1
2023-02-14 03:00:35,2,1,1
2023-02-14 03:00:43,3,1,1
2023-02-14 03:00:50,3,1,1
2023-02-14 03:00:59,2,1,1
2023-02-14 03:01:30,3,1,1
2023-02-14 03:01:42,2,1,1
2023-02-14 03:02:25,3,1,1
2023-02-14 03:02:35,2,1,1
2023-02-14 03:02:57,2,1,1
2023-02-14 03:03:21,3,1,1
2023-02-14 03:04:26,1,1,1
2023-02-14 03:04:36,2,1,1
2023-02-14 03:04:40,2,1,1
2023-02-14 03:04:44,2,1,1
2023-02-14 03:04:56,2,1,1
2023-02-14 03:05:03,1,1,1
2023-02-14 03:07:11,2,1,1
2023-02-14 03:08:24,1,1,1
2023-02-14 03:08:51,2,1,1
2023-02-14 03:08:55,2,1,1
2023-02-14 03:09:00,2,1,1
2023-02-14 03:09:07,2,1,1
2023-02-14 03:09:11,2,1,1
2023-02-14 03:09:18,2,1,1
2023-02-14 03:09:27,2,1,1
2023-02-14 03:22:05,2,1,1
2023-02-14 03:23:23,1,1,1
2023-02-14 03:23:37,2,1,1
2023-02-14 03:31:18,2,1,1
2023-02-14 03:32:55,1,1,1
2023-02-14 03:33:06,2,1,1
2023-02-14 03:33:40,2,1,1
2023-02-14 03:34:51,1,1,1
2023-02-14 03:35:09,2,1,1
2023-02-14 03:54:15,2,1,1
2023-02-14 03:55:12,1,1,1
2023-02-14 03:55:39,2,1,1
2023-02-14 04:03:28,2,1,1
2023-02-14 04:04:55,1,1,1
2023-02-14 04:05:18,3,2,2
2023-02-14 04:05:24,2,1,1
2023-02-14 04:05:30,2,1,1
2023-02-14 04:05:31,3,1,1
2023-02-14 04:05:37,2,1,1
2023-02-14 04:05:45,2,1,1
2023-02-14 04:05:46,2,1,1
2023-02-14 04:05:52,2,1,1
2023-02-14 04:06:00,2,1,1
2023-02-14 04:06:07,3,1,1
2023-02-14 04:06:15,3,1,1
2023-02-14 04:06:26,2,1,1
2023-02-14 04:06:47,3,1,1
2023-02-14 04:07:06,2,1,1
2023-02-14 04:07:17,2,1,1
2023-02-14 04:07:23,2,1,1
2023-02-14 04:08:14,3,1,1
2023-02-14 04:08:26,2,1,1
2023-02-14 04:08:32,2,1,1
2023-02-14 04:08:50,2,1,1
2023-02-14 04:09:14,3,1,1
2023-02-14 04:09:23,2,1,1
2023-02-14 04:10:10,3,1,1
2023-02-14 04:10:11,3,1,1
2023-02-14 04:10:26,2,1,1
2023-02-14 04:11:25,3,1,1
2023-02-14 04:12:02,2,1,1
2023-02-14 04:13:50,3,1,1
2023-02-14 04:30:38,2,1,1
2023-02-14 04:31:29,1,1,1
2023-02-14 04:31:59,2,1,1
2023-02-14 04:32:03,2,1,1
2023-02-14 04:32:08,2,1,1
2023-02-14 04:32:17,2,1,1
2023-02-14 04:33:00,2,1,1
2023-02-14 04:34:38,1,1,1
2023-02-14 04:35:08,2,1,1
2023-02-14 04:35:14,2,1,1
2023-02-14 04:35:17,2,1,1
2023-02-14 04:35:25,2,1,1
2023-02-14 04:35:35,2,1,1
2023-02-14 04:35:43,2,1,1
2023-02-14 04:35:52,2,1,1
2023-02-14 04:35:55,3,1,1
2023-02-14 04:36:00,3,1,1
2023-02-14 04:36:06,2,1,1
2023-02-14 04:36:50,3,1,1
2023-02-14 04:36:58,2,1,1
2023-02-14 04:37:14,2,1,1
2023-02-14 04:37:40,3,1,1
2023-02-14 04:37:48,2,1,1
2023-02-14 04:38:29,2,1,1
2023-02-14 04:38:34,2,1,1
2023-02-14 04:38:42,1,1,1
2023-02-14 04:38:58,2,1,1
2023-02-14 04:39:01,2,1,1
2023-02-14 04:39:04,2,1,1
2023-02-14 04:39:10,2,1,1
2023-02-14 04:39:15,2,1,1
2023-02-14 04:39:23,2,1,1
2023-02-14 04:39:27,3,1,1
2023-02-14 04:39:33,2,1,1
2023-02-14 04:39:41,3,1,1
2023-02-14 04:39:49,3,1,1
2023-02-14 04:40:01,2,1,1
2023-02-14 04:40:42,3,1,1
2023-02-14 04:40:51,2,1,1
2023-02-14 04:41:39,3,1,1
2023-02-14 04:41:52,2,1,1
2023-02-14 04:42:35,3,1,1
2023-02-14 04:42:43,2,1,1
2023-02-14 04:43:18,2,1,1
2023-02-14 05:00:44,2,1,1
2023-02-14 05:02:24,1,1,1
2023-02-14 05:02:41,2,1,1
2023-02-14 05:02:47,2,1,1
2023-02-14 05:02:53,2,1,1
2023-02-14 05:02:59,2,1,1
2023-02-14 05:03:09,2,1,1
2023-02-14 05:03:18,2,1,1
2023-02-14 05:03:28,2,1,1
2023-02-14 05:03:33,3,1,1
2023-02-14 05:03:48,3,1,1
2023-02-14 05:03:59,2,1,1
2023-02-14 05:04:41,3,1,1
2023-02-14 05:04:51,2,1,1
2023-02-14 05:05:38,3,1,1
2023-02-14 05:05:53,2,1,1
2023-02-14 05:06:52,3,1,1
2023-02-14 05:19:52,2,1,1
2023-02-14 05:20:59,1,1,1
2023-02-14 05:21:21,2,1,1
2023-02-14 05:21:25,2,1,1
2023-02-14 05:21:29,2,1,1
2023-02-14 05:21:38,1,1,1
2023-02-14 05:25:33,2,1,1
2023-02-14 05:26:36,1,1,1
2023-02-14 05:27:04,2,1,1
2023-02-14 05:27:10,2,1,1
2023-02-14 05:27:15,2,1,1
2023-02-14 05:27:23,2,1,1
2023-02-14 05:27:29,2,1,1
2023-02-14 05:27:33,2,1,1
2023-02-14 05:27:41,2,1,1
2023-02-14 05:27:45,3,1,1
2023-02-14 05:27:59,3,1,1
2023-02-14 05:28:08,2,1,1
2023-02-14 05:28:40,3,1,1
2023-02-14 05:28:49,2,1,1
2023-02-14 05:29:44,2,1,1
2023-02-14 05:29:55,2,1,1
2023-02-14 05:30:48,2,1,1
2023-02-14 05:34:46,2,1,1
2023-02-14 05:35:56,1,1,1
2023-02-14 05:36:08,2,1,1
2023-02-14 05:36:11,2,1,1
2023-02-14 05:36:13,2,1,1
2023-02-14 05:36:25,2,1,1
2023-02-14 05:41:22,2,1,1
2023-02-14 05:42:30,1,1,1
2023-02-14 05:42:40,2,1,1
2023-02-14 05:42:44,2,1,1
2023-02-14 05:42:50,2,1,1
2023-02-14 05:42:56,2,1,1
2023-02-14 05:43:01,2,1,1
2023-02-14 05:43:09,2,1,1
2023-02-14 05:43:21,2,1,1
2023-02-14 05:43:27,3,1,1
2023-02-14 05:43:33,3,1,1
2023-02-14 05:43:39,2,1,1
2023-02-14 05:44:14,3,1,1
2023-02-14 05:44:27,2,1,1
2023-02-14 05:45:15,3,1,1
2023-02-14 05:45:29,2,1,1
2023-02-14 05:46:29,3,1,1
2023-02-14 05:46:35,2,1,1
2023-02-14 05:47:29,2,1,1
2023-02-14 05:54:57,2,1,1
2023-02-14 05:56:29,1,1,1
2023-02-14 05:56:56,2,1,1
2023-02-14 05:57:00,2,1,1
2023-02-14 06:14:13,2,1,1
2023-02-14 06:15:44,1,1,1
2023-02-14 06:16:05,2,1,1
2023-02-14 06:16:08,2,1,1
2023-02-14 06:16:12,2,1,1
2023-02-14 06:16:18,2,1,1
2023-02-14 06:16:26,2,1,1
2023-02-14 06:16:38,2,1,1
2023-02-14 06:16:45,2,1,1
2023-02-14 06:27:48,2,1,1
2023-02-14 06:29:21,1,1,1
2023-02-14 06:29:37,2,1,1
2023-02-14 06:29:44,2,1,1
2023-02-14 06:29:49,2,1,1
2023-02-14 06:29:56,2,1,1
2023-02-14 06:30:06,2,1,1
2023-02-14 06:30:15,2,1,1
2023-02-14 06:30:25,2,1,1
2023-02-14 06:30:30,3,1,1
2023-02-14 06:57:04,2,1,1
2023-02-14 06:57:58,1,1,1
2023-02-14 06:58:07,2,1,1
2023-02-14 06:58:11,2,1,1
2023-02-14 07:06:17,2,1,1
2023-02-14 07:07:46,1,1,1
2023-02-14 07:08:05,2,1,1
2023-02-14 07:08:09,2,1,1
2023-02-14 07:08:11,2,1,1
2023-02-14 07:42:40,2,1,1
2023-02-14 07:44:01,1,1,1
2023-02-14 07:44:21,2,1,1
2023-02-14 07:44:24,2,1,1
2023-02-14 07:44:29,2,1,1
2023-02-14 07:44:34,2,1,1
2023-02-14 07:44:43,2,1,1
2023-02-14 07:44:52,2,1,1
2023-02-14 07:45:04,2,1,1
2023-02-14 07:45:11,3,1,1
2023-02-14 07:45:26,3,1,1
2023-02-14 07:45:35,2,1,1
2023-02-14 07:46:19,3,1,1
2023-02-14 07:46:37,2,1,1
2023-02-14 07:47:31,2,1,1
2023-02-14 07:47:39,2,1,1
2023-02-14 07:48:19,3,1,1
2023-02-14 07:48:21,2,1,1
2023-02-14 07:48:29,2,1,1
2023-02-14 07:49:17,3,1,1
2023-02-14 07:49:21,1,1,1
2023-02-14 07:49:43,2,1,1
2023-02-14 07:54:02,2,1,1
2023-02-14 07:55:34,1,1,1
2023-02-14 07:55:59,2,1,1
2023-02-14 07:56:02,2,1,1
2023-02-14 07:56:08,2,1,1
2023-02-14 07:56:20,2,1,1
2023-02-14 07:56:29,2,1,1
2023-02-14 07:56:36,2,1,1
2023-02-14 07:56:45,2,1,1
2023-02-14 08:04:27,2,1,1
2023-02-14 08:05:45,1,1,1
2023-02-14 08:06:05,2,1,1
2023-02-14 08:06:09,2,1,1
2023-02-14 08:06:11,2,1,1
2023-02-14 08:06:17,2,1,1
2023-02-14 08:06:22,2,1,1
2023-02-14 08:06:49,2,1,1
2023-02-14 08:08:24,1,1,1
2023-02-14 08:08:47,2,1,1
2023-02-14 08:08:50,2,1,1
2023-02-14 08:08:53,2,1,1
2023-02-14 08:09:04,2,1,1
2023-02-14 08:09:12,2,1,1
2023-02-14 08:09:19,1,1,1
2023-02-14 08:25:15,2,1,1
2023-02-14 08:26:36,1,1,1
2023-02-14 08:26:52,2,1,1
2023-02-14 08:27:03,1,1,1
2023-02-14 08:52:25,2,1,1
2023-02-14 08:53:37,1,1,1
2023-02-14 08:54:07,2,1,1
2023-02-14 08:54:11,2,1,1
2023-02-14 08:54:13,2,1,1
2023-02-14 09:01:38,2,1,1
2023-02-14 09:02:57,1,1,1
2023-02-14 09:03:27,2,1,1
2023-02-14 09:03:32,2,1,1
2023-02-14 09:03:37,2,1,1
2023-02-14 09:03:44,2,1,1
2023-02-14 09:03:52,2,1,1
2023-02-14 09:03:59,2,1,1
2023-02-14 09:04:09,2,1,1
2023-02-14 09:04:17,3,1,1
2023-02-14 10:03:05,1,1,1
2023-02-14 10:03:17,3,1,1
2023-02-14 10:03:33,2,1,1
2023-02-14 10:04:45,3,1,1
2023-02-14 10:05:07,2,1,1
2023-02-14 10:06:22,3,1,1
2023-02-14 10:06:35,2,1,1
2023-02-14 10:07:57,3,1,1
2023-02-14 10:08:18,2,1,1
2023-02-14 10:09:01,3,1,1
2023-02-14 10:09:27,2,1,1
2023-02-14 10:11:16,4,1,1
2023-02-14 10:19:08,2,1,1
2023-02-14 10:20:25,1,1,1
2023-02-14 10:20:36,2,1,1
2023-02-14 10:20:39,2,1,1
2023-02-14 10:20:42,2,1,1
2023-02-14 10:20:49,2,1,1
2023-02-14 10:20:57,2,1,1
2023-02-14 10:21:10,2,1,1
2023-02-14 10:21:13,2,1,1
2023-02-14 10:41:56,2,1,1
2023-02-14 10:43:22,1,1,1
2023-02-14 10:43:47,2,1,1
2023-02-14 10:43:52,2,1,1
2023-02-14 10:43:56,2,1,1
2023-02-14 10:44:03,2,1,1
2023-02-14 10:44:11,2,1,1
2023-02-14 10:44:19,2,1,1
2023-02-14 10:44:27,2,1,1
2023-02-14 11:03:59,2,1,1
2023-02-14 11:05:16,1,1,1
2023-02-14 11:05:30,2,1,1
2023-02-14 11:05:34,2,1,1
2023-02-14 11:05:36,2,1,1
2023-02-14 11:09:40,2,1,1
2023-02-14 11:23:15,2,1,1
2023-02-14 11:24:41,1,1,1
2023-02-14 11:25:06,2,1,1
2023-02-14 11:25:11,2,1,1
2023-02-14 11:36:50,2,1,1
2023-02-14 11:38:30,1,1,1
2023-02-14 11:38:57,2,1,1
2023-02-14 11:39:04,2,1,1
2023-02-14 11:39:08,2,1,1
2023-02-14 11:39:17,2,1,1
2023-02-14 11:39:27,2,1,1
2023-02-14 11:39:37,2,1,1
2023-02-14 11:39:48,2,1,1
2023-02-14 11:39:55,3,1,1
2023-02-14 11:40:10,3,1,1
2023-02-14 11:40:16,2,1,1
2023-02-14 11:40:55,3,1,1
2023-02-14 11:59:38,2,1,1
2023-02-14 12:00:49,1,1,1
2023-02-14 12:01:13,2,1,1
2023-02-14 12:01:17,2,1,1
2023-02-14 12:01:20,2,1,1
2023-02-14 12:01:28,2,1,1
2023-02-14 12:01:35,2,1,1
2023-02-14 12:01:44,2,1,1
2023-02-14 12:01:49,2,1,1
2023-02-14 12:11:29,1,1,1
2023-02-14 12:11:47,3,1,1
2023-02-14 12:11:56,2,1,1
2023-02-14 12:12:59,3,1,1
2023-02-14 12:13:29,2,1,1
2023-02-14 12:14:41,3,1,1
2023-02-14 12:14:52,2,1,1
2023-02-14 12:16:16,3,1,1
2023-02-14 12:16:40,2,1,1
2023-02-14 12:17:46,3,1,1
2023-02-14 12:18:15,2,1,1
2023-02-14 12:19:28,2,1,1
2023-02-14 12:19:38,4,1,1
2023-02-14 12:20:13,1,1,1
2023-02-14 12:20:31,3,1,1
2023-02-14 12:20:39,1,1,1
2023-02-14 12:20:41,2,1,1
2023-02-14 12:21:08,2,1,1
2023-02-14 12:21:13,2,1,1
2023-02-14 12:21:18,2,1,1
2023-02-14 12:21:26,2,1,1
2023-02-14 12:21:30,2,1,1
2023-02-14 12:21:40,2,1,1
2023-02-14 12:21:56,3,1,1
2023-02-14 12:22:13,2,1,1
2023-02-14 12:24:03,3,1,1
2023-02-14 12:24:15,2,1,1
2023-02-14 12:25:17,3,1,1
2023-02-14 12:25:38,2,1,1
2023-02-14 12:26:22,3,1,1
2023-02-14 12:26:57,2,1,1
2023-02-14 12:27:54,2,1,1
2023-02-14 12:49:16,2,1,1
2023-02-14 12:50:29,1,1,1
2023-02-14 12:50:52,2,1,1
2023-02-14 12:50:56,2,1,1
2023-02-14 12:51:02,2,1,1
2023-02-14 12:51:11,2,1,1
2023-02-14 12:51:22,2,1,1
2023-02-14 12:51:32,2,1,1
2023-02-14 12:51:38,4,2,2
2023-02-14 12:51:45,3,1,1
2023-02-14 12:51:58,3,1,1
2023-02-14 12:52:05,2,1,1
2023-02-14 12:52:37,3,1,1
2023-02-14 12:52:41,1,1,1
2023-02-14 12:53:09,2,1,1
2023-02-14 13:14:26,2,1,1
2023-02-14 13:15:36,1,1,1
2023-02-14 13:15:58,2,1,1
2023-02-14 13:16:03,2,1,1
2023-02-14 13:16:06,2,1,1
2023-02-14 13:16:10,1,1,1
2023-02-14 13:28:01,2,1,1
2023-02-14 13:29:34,1,1,1
2023-02-14 13:30:00,2,1,1
2023-02-14 13:30:05,2,1,1
2023-02-14 13:30:07,2,1,1
2023-02-14 13:30:18,2,1,1
2023-02-14 13:32:19,1,1,1
2023-02-14 13:32:31,3,1,1
2023-02-14 13:32:42,2,1,1
2023-02-14 13:33:56,2,1,1
2023-02-14 13:34:24,2,1,1
2023-02-14 13:36:01,3,1,1
2023-02-14 13:36:14,2,1,1
2023-02-14 13:37:34,3,1,1
2023-02-14 13:37:48,2,1,1
2023-02-14 13:38:41,2,1,1
2023-02-14 13:39:39,3,1,1
2023-02-14 13:43:37,2,1,1
2023-02-14 13:45:04,1,1,1
2023-02-14 13:45:14,2,1,1
2023-02-14 13:45:18,2,1,1
2023-02-14 13:45:22,2,1,1
2023-02-14 13:45:26,2,1,1
2023-02-14 13:45:34,2,1,1
2023-02-14 13:45:38,2,1,1
2023-02-14 13:45:48,2,1,1
2023-02-14 13:45:53,3,1,1
2023-02-14 13:46:06,3,1,1
2023-02-14 13:46:12,2,1,1
2023-02-14 13:46:46,3,1,1
2023-02-14 13:46:58,2,1,1
2023-02-14 13:47:40,3,1,1
2023-02-14 13:47:57,2,1,1
2023-02-14 13:48:54,3,1,1
2023-02-14 13:49:18,2,1,1
2023-02-14 13:50:49,1,1,1
2023-02-14 13:51:19,2,1,1
2023-02-14 13:51:25,2,1,1
2023-02-14 13:51:31,2,1,1
2023-02-14 13:51:40,2,1,1
2023-02-14 13:51:47,2,1,1
2023-02-14 13:51:52,2,1,1
2023-02-14 13:51:59,2,1,1
2023-02-14 13:52:04,3,1,1
2023-02-14 13:52:12,3,1,1
2023-02-14 13:52:23,2,1,1
2023-02-14 13:52:57,2,1,1
2023-02-14 13:53:10,2,1,1
2023-02-14 13:54:01,3,1,1
2023-02-14 13:58:31,2,1,1
2023-02-14 14:00:01,1,1,1
2023-02-14 14:00:31,2,1,1
2023-02-14 14:00:36,2,1,1
2023-02-14 14:00:42,2,1,1
2023-02-14 14:00:54,2,1,1
2023-02-14 14:27:00,2,1,1
2023-02-14 14:28:11,1,1,1
2023-02-14 14:28:29,2,1,1
2023-02-14 14:28:34,2,1,1
2023-02-14 14:28:36,2,1,1
2023-02-14 14:28:44,2,1,1
2023-02-14 14:28:50,2,1,1
2023-02-14 14:28:57,2,1,1
2023-02-14 14:29:05,1,1,1
2023-02-14 14:58:59,1,1,1
2023-02-14 14:59:01,2,1,1
2023-02-14 14:59:12,3,1,1
2023-02-14 14:59:30,2,1,1
2023-02-14 15:00:36,2,1,1
2023-02-14 15:00:37,1,1,1
2023-02-14 15:00:56,2,1,1
2023-02-14 15:01:01,2,1,1
2023-02-14 15:01:03,2,1,1
2023-02-14 15:01:05,1,1,1
2023-02-14 15:12:36,2,1,1
2023-02-14 15:13:34,1,1,1
2023-02-14 15:13:50,2,1,1
2023-02-14 15:13:53,2,1,1
2023-02-14 15:13:56,2,1,1
2023-02-14 15:14:02,2,1,1
2023-02-14 15:14:13,2,1,1
2023-02-14 15:14:19,2,1,1
2023-02-14 15:14:31,2,1,1
2023-02-14 15:14:39,3,1,1
2023-02-14 15:14:53,3,1,1
2023-02-14 15:15:05,2,1,1
2023-02-14 15:15:46,3,1,1
2023-02-14 15:15:58,2,1,1
2023-02-14 15:16:45,2,1,1
2023-02-14 15:31:52,2,1,1
2023-02-14 15:33:12,1,1,1
2023-02-14 15:33:42,2,1,1
2023-02-14 15:33:46,2,1,1
2023-02-14 15:33:52,2,1,1
2023-02-14 15:33:54,1,1,1
2023-02-14 15:41:05,2,1,1
2023-02-14 15:42:22,1,1,1
2023-02-14 15:42:32,2,1,1
2023-02-14 15:42:37,2,1,1
2023-02-14 15:46:46,2,1,1
2023-02-14 15:47:42,1,1,1
2023-02-14 15:48:06,2,1,1
2023-02-14 15:48:09,2,1,1
2023-02-14 15:48:15,2,1,1
2023-02-14 15:48:22,1,1,1
2023-02-14 16:01:40,2,1,1
2023-02-14 16:03:16,1,1,1
2023-02-14 16:03:41,2,1,1
2023-02-14 16:03:47,2,1,1
2023-02-14 16:03:50,2,1,1
2023-02-14 16:03:56,2,1,1
2023-02-14 16:04:05,2,1,1
2023-02-14 16:04:11,2,1,1
2023-02-14 16:04:20,2,1,1
2023-02-14 16:04:25,3,1,1
2023-02-14 16:04:35,3,1,1
2023-02-14 16:04:42,2,1,1
2023-02-14 16:05:12,3,1,1
2023-02-14 16:05:22,2,1,1
2023-02-14 16:05:54,2,1,1
2023-02-14 16:06:07,3,1,1
2023-02-14 16:06:21,2,1,1
2023-02-14 16:07:07,1,1,1
2023-02-14 16:07:24,3,1,1
2023-02-14 16:07:29,2,1,1
2023-02-14 16:07:37,2,1,1
2023-02-14 16:07:42,2,1,1
2023-02-14 16:07:48,2,1,1
2023-02-14 16:07:54,2,1,1
2023-02-14 16:08:05,2,1,1
2023-02-14 16:08:14,2,1,1
2023-02-14 16:08:20,2,1,1
2023-02-14 16:08:24,3,1,1
2023-02-14 16:08:26,3,1,1
2023-02-14 16:08:33,2,1,1
2023-02-14 16:08:36,3,1,1
2023-02-14 16:08:44,2,1,1
2023-02-14 16:09:14,3,1,1
2023-02-14 16:09:30,2,1,1
2023-02-14 16:09:57,2,1,1
2023-02-14 16:10:12,3,1,1
2023-02-14 16:10:22,2,1,1
2023-02-14 16:11:27,2,1,1
2023-02-14 16:11:34,2,1,1
2023-02-14 16:12:22,3,1,1
2023-02-14 16:19:29,2,1,1
2023-02-14 16:20:23,1,1,1
2023-02-14 16:20:40,2,1,1
2023-02-14 16:20:47,2,1,1
2023-02-14 16:20:50,2,1,1
2023-02-14 16:20:57,2,1,1
2023-02-14 16:21:03,2,1,1
2023-02-14 16:21:07,2,1,1
2023-02-14 16:21:18,2,1,1
2023-02-14 16:21:25,3,1,1
2023-02-14 16:28:42,2,1,1
2023-02-14 16:29:36,1,1,1
2023-02-14 16:29:56,2,1,1
2023-02-14 16:30:00,2,1,1
2023-02-14 16:30:06,2,1,1
2023-02-14 16:30:12,2,1,1
2023-02-14 16:30:20,2,1,1
2023-02-14 16:30:22,1,1,1
2023-02-14 16:42:09,2,1,1
2023-02-14 16:43:38,1,1,1
2023-02-14 16:43:57,2,1,1
2023-02-14 16:56:08,1,1,1
2023-02-14 16:56:23,2,1,1
2023-02-14 16:57:24,2,1,1
2023-02-14 17:04:11,2,1,1
2023-02-14 17:06:16,2,1,1
2023-02-14 17:07:34,1,1,1
2023-02-14 17:08:03,2,1,1
2023-02-14 17:08:07,1,1,1
2023-02-14 17:10:30,2,1,1
2023-02-14 17:12:10,1,1,1
2023-02-14 17:12:21,2,1,1
2023-02-14 17:12:26,2,1,1
2023-02-14 17:12:29,2,1,1
2023-02-14 17:12:39,2,1,1
2023-02-14 18:09:50,2,1,1
2023-02-14 18:11:22,1,1,1
2023-02-14 18:11:34,2,1,1
2023-02-14 18:11:37,2,1,1
2023-02-14 18:11:43,2,1,1
2023-02-14 18:11:55,2,1,1
2023-02-14 18:12:05,2,1,1
2023-02-14 18:12:13,2,1,1
2023-02-14 18:22:49,1,1,1
2023-02-14 18:22:57,3,1,1
2023-02-14 18:23:16,2,1,1
2023-02-14 18:25:09,3,1,1
2023-02-14 18:27:39,2,1,1
2023-02-14 18:28:41,1,1,1
2023-02-14 18:28:58,2,1,1
2023-02-14 18:29:03,2,1,1
2023-02-14 18:29:07,2,1,1
2023-02-14 18:35:42,2,1,1
2023-02-14 18:36:53,1,1,1
2023-02-14 18:37:10,2,1,1
2023-02-14 18:37:14,2,1,1
2023-02-14 18:37:17,2,1,1
2023-02-14 18:37:28,2,1,1
2023-02-14 18:37:36,2,1,1
2023-02-14 18:37:38,1,1,1
2023-02-14 18:43:41,1,1,1
2023-02-14 18:43:55,3,1,1
2023-02-14 18:44:06,2,1,1
2023-02-14 18:44:55,2,1,1
2023-02-14 18:45:58,3,1,1
2023-02-14 18:46:26,1,1,1
2023-02-14 18:46:41,2,1,1
2023-02-14 18:46:46,1,1,1
2023-02-14 18:50:36,2,1,1
2023-02-14 18:52:00,1,1,1
2023-02-14 18:52:30,2,1,1
2023-02-14 18:52:35,2,1,1
2023-02-14 19:04:11,2,1,1
2023-02-14 19:05:48,1,1,1
2023-02-14 19:06:15,2,1,1
2023-02-14 19:06:21,2,1,1
2023-02-14 19:06:24,2,1,1
2023-02-14 19:06:30,2,1,1
2023-02-14 19:06:36,2,1,1
2023-02-14 19:06:46,2,1,1
2023-02-14 19:06:53,2,1,1
2023-02-14 19:06:59,3,1,1
2023-02-14 19:07:10,3,1,1
2023-02-14 19:07:20,2,1,1
2023-02-14 19:07:54,3,1,1
2023-02-14 19:08:11,2,1,1
2023-02-14 19:08:51,3,1,1
2023-02-14 19:09:00,2,1,1
2023-02-14 19:10:03,3,1,1
2023-02-14 19:17:46,2,1,1
2023-02-14 19:18:49,1,1,1
2023-02-14 19:19:12,2,1,1
2023-02-14 19:19:17,2,1,1
2023-02-14 19:19:19,2,1,1
2023-02-14 19:19:30,2,1,1
2023-02-14 19:19:37,2,1,1
2023-02-14 19:44:48,2,1,1
2023-02-14 19:45:59,1,1,1
2023-02-14 19:46:21,2,1,1
2023-02-14 19:46:24,2,1,1
2023-02-14 19:46:28,2,1,1
2023-02-14 19:46:39,2,1,1
2023-02-14 19:46:44,2,1,1
2023-02-14 19:46:52,2,1,1
2023-02-14 19:46:58,1,1,1
2023-02-14 19:51:24,2,1,1
2023-02-14 19:53:03,1,1,1
2023-02-14 19:53:22,2,1,1
2023-02-14 19:59:27,2,1,1
2023-02-14 20:00:53,1,1,1
2023-02-14 20:01:21,2,1,1
2023-02-14 20:01:25,2,1,1
2023-02-14 20:01:28,2,1,1
2023-02-14 20:25:56,2,1,1
2023-02-14 20:27:07,1,1,1
2023-02-14 20:27:18,2,1,1
2023-02-14 20:27:21,2,1,1
2023-02-14 20:27:23,2,1,1
2023-02-14 20:27:35,2,1,1
2023-02-14 20:27:45,2,1,1
2023-02-14 20:27:47,1,1,1
2023-02-14 20:31:37,2,1,1
2023-02-14 20:33:03,1,1,1
2023-02-14 20:33:24,2,1,1
2023-02-14 20:33:27,2,1,1
2023-02-14 20:33:31,2,1,1
2023-02-14 20:33:40,2,1,1
2023-02-14 20:33:51,2,1,1
2023-02-14 20:34:01,2,1,1
2023-02-14 20:34:13,2,1,1
2023-02-14 20:34:16,3,1,1
2023-02-14 20:34:26,3,1,1
2023-02-14 20:34:33,2,1,1
2023-02-14 20:35:11,3,1,1
2023-02-14 20:35:27,2,1,1
2023-02-14 20:36:11,3,1,1
2023-02-14 20:36:27,2,1,1
2023-02-14 20:37:15,3,1,1
2023-02-14 20:37:22,2,1,1
2023-02-14 20:38:00,3,1,1
2023-02-14 20:38:13,2,1,1
2023-02-14 20:39:18,4,1,1
2023-02-14 20:50:53,2,1,1
2023-02-14 20:52:00,1,1,1
2023-02-14 20:52:22,2,1,1
2023-02-14 20:52:26,2,1,1
2023-02-14 20:52:29,2,1,1
2023-02-14 21:17:55,2,1,1
2023-02-14 21:19:24,1,1,1
2023-02-14 21:19:42,2,1,1
2023-02-14 21:19:47,2,1,1
2023-02-14 21:19:52,2,1,1
2023-02-14 21:19:56,2,1,1
2023-02-14 21:20:07,2,1,1
2023-02-14 21:20:12,2,1,1
2023-02-14 21:20:23,2,1,1
2023-02-14 21:20:29,3,1,1
2023-02-14 21:27:08,2,1,1
2023-02-14 21:28:33,1,1,1
2023-02-14 21:28:46,2,1,1
2023-02-14 21:28:50,2,1,1
2023-02-14 21:29:02,1,1,1
2023-02-14 21:31:22,2,1,1
2023-02-14 21:32:48,1,1,1
2023-02-14 21:33:12,2,1,1
2023-02-14 21:33:16,2,1,1
2023-02-14 21:33:21,1,1,1
2023-02-14 21:58:32,2,1,1
2023-02-14 21:59:58,1,1,1
2023-02-14 22:00:15,2,1,1
2023-02-14 22:00:20,2,1,1
2023-02-14 22:00:23,2,1,1
2023-02-14 22:00:33,2,1,1
2023-02-14 22:00:39,2,1,1
2023-02-14 22:20:10,2,1,1
2023-02-14 22:21:34,1,1,1
2023-02-14 22:21:51,2,1,1
2023-02-14 22:21:55,2,1,1
2023-02-14 22:21:59,2,1,1
2023-02-14 22:22:32,2,1,1
2023-02-14 22:23:24,1,1,1
2023-02-14 22:23:33,2,1,1
2023-02-14 22:23:36,2,1,1
2023-02-14 22:23:41,2,1,1
2023-02-14 22:23:48,2,1,1
2023-02-14 22:23:56,2,1,1
2023-02-14 22:24:08,2,1,1
2023-02-14 22:36:07,2,1,1
2023-02-14 22:37:28,1,1,1
2023-02-14 22:37:39,2,1,1
2023-02-14 22:37:42,2,1,1
2023-02-14 22:37:46,2,1,1
2023-02-14 22:37:50,2,1,1
2023-02-14 22:37:55,2,1,1
2023-02-14 22:38:01,2,1,1
2023-02-14 22:38:13,2,1,1
2023-02-14 22:38:20,3,1,1
2023-02-14 22:42:15,1,1,1
2023-02-14 22:42:27,3,1,1
2023-02-14 22:42:43,2,1,1
2023-02-14 22:43:29,3,1,1
2023-02-14 22:43:54,2,1,1
2023-02-14 22:45:26,2,1,1
2023-02-14 22:45:43,2,1,1
2023-02-14 22:46:37,3,1,1
2023-02-14 22:46:58,2,1,1
2023-02-14 22:47:57,3,1,1
2023-02-14 22:48:31,2,1,1
2023-02-14 22:49:36,3,1,1
2023-02-14 23:02:24,2,1,1
2023-02-14 23:03:44,1,1,1
2023-02-14 23:04:14,2,1,1
2023-02-14 23:04:19,2,1,1
2023-02-14 23:04:23,2,1,1
2023-02-14 23:04:28,2,1,1
2023-02-14 23:04:39,2,1,1
2023-02-14 23:04:49,2,1,1
2023-02-14 23:04:55,2,1,1
2023-02-14 23:05:00,3,1,1
2023-02-14 23:05:08,3,1,1
2023-02-14 23:05:18,2,1,1
2023-02-14 23:05:54,3,1,1
2023-02-14 23:06:11,2,1,1
2023-02-14 23:06:57,3,1,1
2023-02-14 23:07:12,2,1,1
2023-02-14 23:07:56,3,1,1
2023-02-14 23:15:59,2,1,1
2023-02-14 23:17:20,1,1,1
2023-02-14 23:17:44,2,1,1
2023-02-14 23:52:51,2,1,1
2023-02-14 23:53:49,1,1,1
2023-02-14 23:54:19,2,1,1
2023-02-14 23:54:22,2,1,1
2023-02-14 23:54:27,2,1,1
2023-02-14 23:54:34,2,1,1
2023-02-14 23:54:45,2,1,1
2023-02-14 23:54:49,2,1,1
2023-02-14 23:54:55,2,1,1
2023-02-14 23:55:01,3,1,1
2023-02-14 23:55:14,3,1,1
2023-02-14 23:55:24,2,1,1
2023-02-14 23:56:08,3,1,1
2023-02-14 23:56:20,2,1,1
2023-02-14 23:57:14,2,1,1
2023-02-14 23:57:29,2,1,1
2023-02-14 23:58:26,3,1,1
2023-02-14 23:58:31,2,1,1
2023-02-14 23:59:08,3,1,1
2023-02-15 00:00:22,1,1,1
2023-02-15 00:00:35,3,1,1
2023-02-15 00:00:46,2,1,1
2023-02-15 00:01:53,3,1,1
2023-02-15 00:18:01,2,1,1
2023-02-15 00:19:33,1,1,1
2023-02-15 00:19:51,2,1,1
2023-02-15 00:19:54,2,1,1
2023-02-15 00:19:59,2,1,1
2023-02-15 00:20:04,2,1,1
2023-02-15 00:20:09,2,1,1
2023-02-15 00:20:19,2,1,1
2023-02-15 00:20:28,2,1,1
2023-02-15 00:20:36,3,1,1
2023-02-15 00:20:43,3,1,1
2023-02-15 00:20:53,2,1,1
2023-02-15 00:21:30,3,1,1
2023-02-15 00:35:08,1,1,1
2023-02-15 00:35:24,3,1,1
2023-02-15 00:35:33,2,1,1
2023-02-15 00:36:47,3,1,1
2023-02-15 00:37:02,2,1,1
2023-02-15 00:37:54,3,1,1
2023-02-15 00:38:13,2,1,1
2023-02-15 00:39:13,3,1,1
2023-02-15 00:39:30,2,1,1
2023-02-15 00:40:36,3,1,1
2023-02-15 00:41:12,2,1,1
2023-02-15 00:42:39,4,1,1
2023-02-15 00:46:30,2,1,1
2023-02-15 00:47:38,1,1,1
2023-02-15 00:48:08,2,1,1
2023-02-15 00:48:12,2,1,1
2023-02-15 00:48:15,2,1,1
2023-02-15 00:48:21,2,1,1
2023-02-15 00:48:26,2,1,1
2023-02-15 00:48:38,2,1,1
2023-02-15 00:48:45,1,1,1
2023-02-15 00:48:52,2,1,1
2023-02-15 00:50:21,1,1,1
2023-02-15 00:50:31,2,1,1
2023-02-15 00:50:35,2,1,1
2023-02-15 00:50:46,1,1,1
2023-02-15 01:02:27,2,1,1
2023-02-15 01:03:59,1,1,1
2023-02-15 01:04:13,2,1,1
2023-02-15 01:04:20,2,1,1
2023-02-15 01:04:23,2,1,1
2023-02-15 01:04:28,2,1,1
2023-02-15 01:04:37,2,1,1
2023-02-15 01:04:46,2,1,1
2023-02-15 01:04:58,2,1,1
2023-02-15 01:05:03,3,1,1
2023-02-15 01:05:15,3,1,1
2023-02-15 01:05:26,2,1,1
2023-02-15 01:06:11,3,1,1
2023-02-15 01:06:30,2,1,1
2023-02-15 01:07:22,3,1,1
2023-02-15 01:07:34,2,1,1
2023-02-15 01:08:16,3,1,1
2023-02-15 01:08:28,2,1,1
2023-02-15 01:09:02,3,1,1
2023-02-15 01:09:16,2,1,1
2023-02-15 01:10:51,4,1,1
2023-02-15 01:37:40,2,1,1
2023-02-15 01:38:38,1,1,1
2023-02-15 01:38:53,2,1,1
2023-02-15 01:38:57,2,1,1
2023-02-15 01:39:02,2,1,1
2023-02-15 01:39:09,2,1,1
2023-02-15 02:00:28,2,1,1
2023-02-15 02:01:43,1,1,1
2023-02-15 02:02:00,2,1,1
2023-02-15 02:06:09,2,1,1
2023-02-15 02:07:28,1,1,1
2023-02-15 02:07:51,2,1,1
2023-02-15 02:07:55,2,1,1
2023-02-15 02:07:57,2,1,1
2023-02-15 02:08:08,2,1,1
2023-02-15 02:08:17,2,1,1
2023-02-15 02:08:29,2,1,1
2023-02-15 02:08:37,2,1,1
2023-02-15 02:25:25,2,1,1
2023-02-15 02:26:40,1,1,1
2023-02-15 02:27:03,2,1,1
2023-02-15 02:27:07,2,1,1
2023-02-15 02:34:38,2,1,1
2023-02-15 02:35:50,1,1,1
2023-02-15 02:36:04,2,1,1
2023-02-15 02:36:11,2,1,1
2023-02-15 02:36:17,2,1,1
2023-02-15 02:36:22,2,1,1
2023-02-15 02:36:31,2,1,1
2023-02-15 02:36:35,2,1,1
2023-02-15 02:36:44,2,1,1
2023-02-15 02:36:51,3,1,1
2023-02-15 02:37:02,3,1,1
2023-02-15 02:37:08,2,1,1
2023-02-15 02:37:38,3,1,1
2023-02-15 02:37:47,2,1,1
2023-02-15 02:38:38,3,1,1
2023-02-15 03:09:01,2,1,1
2023-02-15 03:09:52,1,1,1
2023-02-15 03:10:12,2,1,1
2023-02-15 03:10:22,1,1,1
2023-02-15 03:13:15,2,1,1
2023-02-15 03:14:24,1,1,1
2023-02-15 03:14:47,2,1,1
2023-02-15 03:14:50,2,1,1
2023-02-15 03:14:52,2,1,1
2023-02-15 03:22:28,2,1,1
2023-02-15 03:24:05,1,1,1
2023-02-15 03:24:16,2,1,1
2023-02-15 03:24:23,2,1,1
2023-02-15 03:24:28,2,1,1
2023-02-15 03:24:35,2,1,1
2023-02-15 03:24:40,2,1,1
2023-02-15 03:24:47,2,1,1
2023-02-15 03:24:53,2,1,1
2023-02-15 03:24:58,3,1,1
2023-02-15 03:25:09,3,1,1
2023-02-15 03:25:17,2,1,1
2023-02-15 03:25:49,2,1,1
2023-02-15 03:26:06,2,1,1
2023-02-15 03:26:57,3,1,1
2023-02-15 03:27:11,2,1,1
2023-02-15 03:28:12,2,1,1
2023-02-15 03:28:24,2,1,1
2023-02-15 03:29:22,2,1,1
2023-02-15 03:32:10,1,1,1
2023-02-15 03:49:38,2,1,1
2023-02-15 03:50:28,1,1,1
2023-02-15 03:50:39,2,1,1
2023-02-15 03:50:42,2,1,1
2023-02-15 03:57:41,2,1,1
2023-02-15 03:59:15,1,1,1
2023-02-15 03:59:26,2,1,1
2023-02-15 03:59:30,2,1,1
2023-02-15 03:59:33,2,1,1
2023-02-15 03:59:37,2,1,1
2023-02-15 03:59:46,2,1,1
2023-02-15 03:59:56,2,1,1
2023-02-15 04:00:07,2,1,1
2023-02-15 04:00:10,3,1,1
2023-02-15 04:00:21,3,1,1
2023-02-15 04:00:33,2,1,1
2023-02-15 04:01:06,3,1,1
2023-02-15 04:01:24,2,1,1
2023-02-15 04:02:19,3,1,1
2023-02-15 04:02:32,2,1,1
2023-02-15 04:03:22,2,1,1
2023-02-15 04:03:23,3,1,1
2023-02-15 04:03:34,2,1,1
2023-02-15 04:04:16,3,1,1
2023-02-15 04:04:24,2,1,1
2023-02-15 04:04:48,1,1,1
2023-02-15 04:05:00,2,1,1
2023-02-15 04:05:05,2,1,1
2023-02-15 04:05:07,2,1,1
2023-02-15 04:05:17,2,1,1
2023-02-15 04:05:22,2,1,1
2023-02-15 04:05:33,2,1,1
2023-02-15 04:05:42,4,1,1
2023-02-15 04:09:03,2,1,1
2023-02-15 04:10:22,1,1,1
2023-02-15 04:10:47,2,1,1
2023-02-15 04:10:51,2,1,1
2023-02-15 04:18:16,2,1,1
2023-02-15 04:19:10,1,1,1
2023-02-15 04:19:23,2,1,1
2023-02-15 04:19:28,2,1,1
2023-02-15 04:31:51,2,1,1
2023-02-15 04:33:11,1,1,1
2023-02-15 04:33:35,2,1,1
2023-02-15 04:33:39,2,1,1
2023-02-15 04:33:43,2,1,1
2023-02-15 04:33:51,2,1,1
2023-02-15 04:46:45,2,1,1
2023-02-15 05:04:34,2,1,1
2023-02-15 05:06:07,1,1,1
2023-02-15 05:06:16,2,1,1
2023-02-15 05:06:19,2,1,1
2023-02-15 05:06:21,2,1,1
2023-02-15 05:06:32,2,1,1
2023-02-15 05:06:38,2,1,1
2023-02-15 05:06:47,2,1,1
2023-02-15 05:13:47,2,1,1
2023-02-15 05:15:09,1,1,1
2023-02-15 05:15:31,2,1,1
2023-02-15 05:15:34,2,1,1
2023-02-15 05:15:40,2,1,1
2023-02-15 05:15:48,2,1,1
2023-02-15 05:15:58,2,1,1
2023-02-15 05:16:07,2,1,1
2023-02-15 05:16:15,2,1,1
2023-02-15 05:16:24,1,1,1
2023-02-15 05:27:14,2,1,1
2023-02-15 05:28:52,1,1,1
2023-02-15 05:29:04,2,1,1
2023-02-15 05:29:09,2,1,1
2023-02-15 05:29:15,2,1,1
2023-02-15 05:29:24,2,1,1
2023-02-15 05:29:28,2,1,1
2023-02-15 05:36:27,2,1,1
2023-02-15 05:46:22,2,1,1
2023-02-15 05:47:19,1,1,1
2023-02-15 05:47:30,2,1,1
2023-02-15 05:47:33,2,1,1
2023-02-15 05:47:38,2,1,1
2023-02-15 05:47:44,2,1,1
2023-02-15 05:47:53,2,1,1
2023-02-15 06:04:11,2,1,1
2023-02-15 06:05:25,1,1,1
2023-02-15 06:05:51,2,1,1
2023-02-15 06:05:57,2,1,1
2023-02-15 06:06:00,2,1,1
2023-02-15 06:06:08,2,1,1
2023-02-15 06:06:16,2,1,1
2023-02-15 06:06:20,2,1,1
2023-02-15 06:06:29,2,1,1
2023-02-15 06:06:32,3,1,1
2023-02-15 06:06:42,3,1,1
2023-02-15 06:06:48,2,1,1
2023-02-15 06:07:23,3,1,1
2023-02-15 06:13:24,2,1,1
2023-02-15 06:14:23,1,1,1
2023-02-15 06:14:37,2,1,1
2023-02-15 06:14:40,2,1,1
2023-02-15 06:14:43,2,1,1
2023-02-15 06:14:52,2,1,1
2023-02-15 06:15:02,2,1,1
2023-02-15 06:15:12,2,1,1
2023-02-15 06:15:22,2,1,1
2023-02-15 06:15:25,3,1,1
2023-02-15 06:15:33,3,1,1
2023-02-15 06:15:45,2,1,1
2023-02-15 06:16:15,3,1,1
2023-02-15 06:16:23,2,1,1
2023-02-15 06:17:08,3,1,1
2023-02-15 06:17:20,2,1,1
2023-02-15 06:18:15,3,1,1
2023-02-15 06:26:59,2,1,1
2023-02-15 06:28:36,1,1,1
2023-02-15 06:29:02,2,1,1
2023-02-15 06:29:07,2,1,1
2023-02-15 06:29:12,2,1,1
2023-02-15 06:29:23,1,1,1
2023-02-15 06:35:27,2,1,1
2023-02-15 06:36:56,1,1,1
2023-02-15 06:37:12,2,1,1
2023-02-15 06:37:17,2,1,1
2023-02-15 06:37:20,2,1,1
2023-02-15 06:37:31,2,1,1
2023-02-15 06:37:36,1,1,1
2023-02-15 06:39:41,2,1,1
2023-02-15 06:40:34,1,1,1
2023-02-15 06:40:52,2,1,1
2023-02-15 06:40:57,2,1,1
2023-02-15 06:41:03,2,1,1
2023-02-15 06:41:10,2,1,1
2023-02-15 06:41:19,2,1,1
2023-02-15 06:54:35,2,1,1
2023-02-15 06:55:50,1,1,1
2023-02-15 06:56:14,2,1,1
2023-02-15 06:56:20,2,1,1
2023-02-15 06:56:23,2,1,1
2023-02-15 06:56:28,2,1,1
2023-02-15 06:56:38,2,1,1
2023-02-15 06:56:42,2,1,1
2023-02-15 06:56:49,2,1,1
2023-02-15 06:56:55,3,1,1
2023-02-15 06:58:49,2,1,1
2023-02-15 07:00:05,1,1,1
2023-02-15 07:00:27,2,1,1
2023-02-15 07:00:31,2,1,1
2023-02-15 07:00:37,2,1,1
2023-02-15 07:00:42,2,1,1
2023-02-15 07:00:53,2,1,1
2023-02-15 07:00:58,2,1,1
2023-02-15 07:01:07,2,1,1
2023-02-15 07:01:12,3,1,1
2023-02-15 07:01:20,3,1,1
2023-02-15 07:01:31,2,1,1
2023-02-15 07:02:13,3,1,1
2023-02-15 07:02:24,2,1,1
2023-02-15 07:03:13,3,1,1
2023-02-15 07:03:29,2,1,1
2023-02-15 07:04:29,3,1,1
2023-02-15 07:04:39,2,1,1
2023-02-15 07:05:15,3,1,1
2023-02-15 07:05:26,2,1,1
2023-02-15 07:06:29,4,1,1
2023-02-15 07:08:02,2,1,1
2023-02-15 07:09:06,1,1,1
2023-02-15 07:09:33,2,1,1
2023-02-15 07:09:39,2,1,1
2023-02-15 07:09:44,2,1,1
2023-02-15 07:09:50,2,1,1
2023-02-15 07:09:56,2,1,1
2023-02-15 07:10:03,2,1,1
2023-02-15 07:10:11,2,1,1
2023-02-15 07:10:19,3,1,1
2023-02-15 07:21:37,2,1,1
2023-02-15 07:22:37,1,1,1
2023-02-15 07:22:46,2,1,1
2023-02-15 07:22:52,2,1,1
2023-02-15 07:22:58,2,1,1
2023-02-15 07:23:06,2,1,1
2023-02-15 07:23:11,2,1,1
2023-02-15 07:23:21,2,1,1
2023-02-15 07:23:31,2,1,1
2023-02-15 07:23:34,3,1,1
2023-02-15 07:23:47,3,1,1
2023-02-15 07:24:00,2,1,1
2023-02-15 07:24:35,3,1,1
2023-02-15 07:24:45,2,1,1
2023-02-15 07:25:27,3,1,1
2023-02-15 07:25:37,2,1,1
2023-02-15 07:25:51,2,1,1
2023-02-15 07:26:38,3,1,1
2023-02-15 07:26:44,2,1,1
2023-02-15 07:27:00,1,1,1
2023-02-15 07:27:29,2,1,1
2023-02-15 07:27:32,3,1,1
2023-02-15 07:27:42,2,1,1
2023-02-15 07:29:12,4,1,1
2023-02-15 07:31:32,2,1,1
2023-02-15 07:32:39,1,1,1
2023-02-15 07:33:06,2,1,1
2023-02-15 07:33:11,2,1,1
2023-02-15 07:33:15,2,1,1
2023-02-15 07:33:25,2,1,1
2023-02-15 07:33:34,2,1,1
2023-02-15 07:33:43,2,1,1
2023-02-15 07:33:51,1,1,1
2023-02-15 07:58:42,2,1,1
2023-02-15 07:59:40,1,1,1
2023-02-15 08:00:04,2,1,1
2023-02-15 08:00:08,2,1,1
2023-02-15 08:30:06,2,1,1
2023-02-15 08:31:25,1,1,1
2023-02-15 08:31:44,2,1,1
2023-02-15 08:31:47,2,1,1
2023-02-15 08:31:49,2,1,1
2023-02-15 08:32:01,2,1,1
2023-02-15 08:32:10,2,1,1
2023-02-15 08:32:22,2,1,1
2023-02-15 08:43:41,2,1,1
2023-02-15 08:44:38,1,1,1
2023-02-15 08:44:57,2,1,1
2023-02-15 08:45:00,2,1,1
2023-02-15 08:45:04,2,1,1
2023-02-15 08:45:10,2,1,1
2023-02-15 08:45:20,1,1,1
2023-02-15 08:49:22,2,1,1
2023-02-15 08:50:39,1,1,1
2023-02-15 08:51:04,2,1,1
2023-02-15 08:51:10,1,1,1
2023-02-15 08:51:44,2,1,1
2023-02-15 08:53:03,1,1,1
2023-02-15 08:53:27,2,1,1
2023-02-15 08:53:34,2,1,1
2023-02-15 08:53:39,2,1,1
2023-02-15 08:53:43,2,1,1
2023-02-15 08:53:50,2,1,1
2023-02-15 08:53:58,2,1,1
2023-02-15 08:54:10,2,1,1
2023-02-15 08:54:17,3,1,1
2023-02-15 08:54:26,3,1,1
2023-02-15 08:54:36,2,1,1
2023-02-15 08:55:08,2,1,1
2023-02-15 09:00:57,2,1,1
2023-02-15 09:01:59,1,1,1
2023-02-15 09:02:28,2,1,1
2023-02-15 09:02:33,2,1,1
2023-02-15 09:02:37,2,1,1
2023-02-15 09:02:43,2,1,1
2023-02-15 09:02:51,2,1,1
2023-02-15 09:02:58,2,1,1
2023-02-15 09:03:04,2,1,1
2023-02-15 09:03:08,3,1,1
2023-02-15 09:03:23,3,1,1
2023-02-15 09:03:36,2,1,1
2023-02-15 09:04:06,3,1,1
2023-02-15 09:10:10,2,1,1
2023-02-15 09:11:02,1,1,1
2023-02-15 09:11:12,2,1,1
2023-02-15 09:11:17,2,1,1
2023-02-15 09:11:21,2,1,1
2023-02-15 09:23:45,2,1,1
2023-02-15 09:24:46,1,1,1
2023-02-15 09:25:13,2,1,1
2023-02-15 09:25:18,2,1,1
2023-02-15 09:25:24,2,1,1
2023-02-15 09:25:32,2,1,1
2023-02-15 09:25:38,2,1,1
2023-02-15 09:36:24,1,1,1
2023-02-15 09:36:30,3,1,1
2023-02-15 09:36:50,2,1,1
2023-02-15 09:37:51,3,1,1
2023-02-15 09:41:56,2,1,1
2023-02-15 09:42:46,1,1,1
2023-02-15 09:43:15,2,1,1
2023-02-15 09:43:18,2,1,1
2023-02-15 09:43:25,1,1,1
2023-02-15 09:46:10,2,1,1
2023-02-15 09:47:00,1,1,1
2023-02-15 09:47:27,2,1,1
2023-02-15 09:47:32,2,1,1
2023-02-15 09:47:36,2,1,1
2023-02-15 09:47:44,2,1,1
2023-02-15 09:47:54,2,1,1
2023-02-15 09:48:03,2,1,1
2023-02-15 09:48:10,2,1,1
2023-02-15 09:59:45,2,1,1
2023-02-15 10:01:03,1,1,1
2023-02-15 10:01:28,2,1,1
2023-02-15 10:01:31,2,1,1
2023-02-15 10:01:35,2,1,1
2023-02-15 10:05:26,2,1,1
2023-02-15 10:06:24,1,1,1
2023-02-15 10:06:49,2,1,1
2023-02-15 10:06:52,2,1,1
2023-02-15 10:39:36,2,1,1
2023-02-15 10:40:33,1,1,1
2023-02-15 10:40:42,2,1,1
2023-02-15 10:40:47,2,1,1
2023-02-15 10:40:52,2,1,1
2023-02-15 10:41:01,2,1,1
2023-02-15 10:41:06,2,1,1
2023-02-15 10:41:12,2,1,1
2023-02-15 10:41:22,2,1,1
2023-02-15 10:41:29,3,1,1
2023-02-15 10:48:49,2,1,1
2023-02-15 10:49:26,1,1,1
2023-02-15 11:17:18,2,1,1
2023-02-15 11:18:18,1,1,1
2023-02-15 11:18:28,2,1,1
2023-02-15 11:18:32,2,1,1
2023-02-15 11:18:37,2,1,1
2023-02-15 11:18:42,2,1,1
2023-02-15 11:18:47,2,1,1
2023-02-15 11:18:57,2,1,1
2023-02-15 11:19:06,2,1,1
2023-02-15 11:19:10,3,1,1
2023-02-15 11:19:21,3,1,1
2023-02-15 11:19:33,2,1,1
2023-02-15 11:20:11,3,1,1
2023-02-15 11:20:30,2,1,1
2023-02-15 11:21:20,3,1,1
2023-02-15 11:21:30,2,1,1
2023-02-15 11:22:28,3,1,1
2023-02-15 11:22:36,2,1,1
2023-02-15 11:23:28,3,1,1
2023-02-15 11:23:38,2,1,1
2023-02-15 11:24:48,4,1,1
2023-02-15 11:30:53,2,1,1
2023-02-15 11:32:16,1,1,1
2023-02-15 11:32:25,2,1,1
2023-02-15 11:32:31,2,1,1
2023-02-15 11:32:35,2,1,1
2023-02-15 11:32:40,2,1,1
2023-02-15 11:32:48,2,1,1
2023-02-15 11:32:55,2,1,1
2023-02-15 11:33:06,2,1,1
2023-02-15 11:33:10,3,1,1
2023-02-15 11:33:16,3,1,1
2023-02-15 11:33:22,2,1,1
2023-02-15 11:33:57,2,1,1
2023-02-15 11:34:05,1,1,1
2023-02-15 11:34:11,5,2,2
2023-02-15 11:34:34,2,1,1
2023-02-15 11:35:06,3,1,1
2023-02-15 11:35:16,2,1,1
2023-02-15 11:36:01,2,1,1
2023-02-15 11:36:06,3,1,1
2023-02-15 11:36:12,2,1,1
2023-02-15 11:37:03,3,1,1
2023-02-15 11:49:19,2,1,1
2023-02-15 11:50:45,1,1,1
2023-02-15 11:51:03,2,1,1
2023-02-15 11:51:07,2,1,1
2023-02-15 12:02:54,2,1,1
2023-02-15 12:04:03,1,1,1
2023-02-15 12:04:15,2,1,1
2023-02-15 12:04:21,2,1,1
2023-02-15 12:04:25,2,1,1
2023-02-15 12:04:34,2,1,1
2023-02-15 12:04:39,2,1,1
2023-02-15 12:04:44,2,1,1
2023-02-15 12:04:54,2,1,1
2023-02-15 12:04:57,3,1,1
2023-02-15 12:05:10,3,1,1
2023-02-15 12:05:18,2,1,1
2023-02-15 12:06:02,3,1,1
2023-02-15 12:06:15,2,1,1
2023-02-15 12:07:10,3,1,1
2023-02-15 12:12:07,2,1,1
2023-02-15 12:13:01,1,1,1
2023-02-15 12:13:23,2,1,1
2023-02-15 12:13:26,2,1,1
2023-02-15 12:13:31,2,1,1
2023-02-15 12:13:40,2,1,1
2023-02-15 12:13:51,2,1,1
2023-02-15 12:14:01,2,1,1
2023-02-15 12:14:10,2,1,1
2023-02-15 12:14:15,3,1,1
2023-02-15 12:14:21,3,1,1
2023-02-15 12:14:31,2,1,1
2023-02-15 12:15:03,3,1,1
2023-02-15 12:15:20,2,1,1
2023-02-15 12:16:11,3,1,1
2023-02-15 12:16:26,2,1,1
2023-02-15 12:17:14,2,1,1
2023-02-15 12:17:19,2,1,1
2023-02-15 12:18:08,2,1,1
2023-02-15 12:22:09,2,1,1
2023-02-15 12:25:42,2,1,1
2023-02-15 12:26:57,1,1,1
2023-02-15 12:27:10,2,1,1
2023-02-15 12:27:14,2,1,1
2023-02-15 12:27:20,2,1,1
2023-02-15 12:27:25,2,1,1
2023-02-15 12:27:34,2,1,1
2023-02-15 12:27:38,2,1,1
2023-02-15 12:27:46,2,1,1
2023-02-15 12:27:52,3,1,1
2023-02-15 12:28:02,3,1,1
2023-02-15 12:28:08,2,1,1
2023-02-15 12:28:40,3,1,1
2023-02-15 12:41:39,2,1,1
2023-02-15 12:42:35,1,1,1
2023-02-15 12:42:56,2,1,1
2023-02-15 12:42:59,2,1,1
2023-02-15 12:43:03,2,1,1
2023-02-15 12:55:14,2,1,1
2023-02-15 12:56:33,1,1,1
2023-02-15 12:56:48,2,1,1
2023-02-15 12:56:53,2,1,1
2023-02-15 12:56:58,2,1,1
2023-02-15 12:57:04,2,1,1
2023-02-15 12:57:10,2,1,1
2023-02-15 12:57:16,2,1,1
2023-02-15 12:57:25,2,1,1
2023-02-15 12:57:32,3,1,1
2023-02-15 12:57:36,2,1,1
2023-02-15 12:57:38,3,1,1
2023-02-15 12:57:45,2,1,1
2023-02-15 12:58:28,3,1,1
2023-02-15 12:58:42,1,1,1
2023-02-15 12:58:43,2,1,1
2023-02-15 12:59:09,2,1,1
2023-02-15 12:59:14,2,1,1
2023-02-15 12:59:18,2,1,1
2023-02-15 12:59:35,3,1,1
2023-02-15 12:59:48,2,1,1
2023-02-15 13:00:30,3,1,1
2023-02-15 13:17:47,2,1,1
2023-02-15 13:19:06,1,1,1
2023-02-15 13:19:15,2,1,1
2023-02-15 13:19:18,2,1,1
2023-02-15 13:19:23,2,1,1
2023-02-15 13:19:26,1,1,1
2023-02-15 14:11:59,2,1,1
2023-02-15 14:13:23,1,1,1
2023-02-15 14:13:53,2,1,1
2023-02-15 14:13:58,2,1,1
2023-02-15 14:14:02,2,1,1
2023-02-15 14:14:11,2,1,1
2023-02-15 14:14:20,2,1,1
2023-02-15 14:14:25,2,1,1
2023-02-15 14:14:36,2,1,1
2023-02-15 14:14:41,3,1,1
2023-02-15 14:14:55,3,1,1
2023-02-15 14:15:03,2,1,1
2023-02-15 14:15:34,3,1,1
2023-02-15 14:15:52,2,1,1
2023-02-15 14:16:33,3,1,1
2023-02-15 14:16:49,2,1,1
2023-02-15 14:17:38,3,1,1
2023-02-15 14:30:25,2,1,1
2023-02-15 14:31:20,1,1,1
2023-02-15 14:31:48,2,1,1
2023-02-15 14:31:51,2,1,1
2023-02-15 14:32:00,1,1,1
2023-02-15 14:42:00,2,1,1
2023-02-15 14:43:17,1,1,1
2023-02-15 14:43:34,2,1,1
2023-02-15 14:43:37,2,1,1
2023-02-15 14:43:39,2,1,1
2023-02-15 14:43:47,2,1,1
2023-02-15 14:43:57,1,1,1
2023-02-15 14:46:14,2,1,1
2023-02-15 14:47:17,1,1,1
2023-02-15 14:47:35,2,1,1
2023-02-15 14:47:38,2,1,1
2023-02-15 14:47:45,1,1,1
2023-02-15 15:41:25,2,1,1
2023-02-15 15:43:03,1,1,1
2023-02-15 15:43:32,2,1,1
2023-02-15 15:43:35,2,1,1
2023-02-15 15:43:41,2,1,1
2023-02-15 15:43:48,2,1,1
2023-02-15 15:43:57,2,1,1
2023-02-15 15:44:01,2,1,1
2023-02-15 15:44:13,2,1,1
2023-02-15 15:44:18,3,1,1
2023-02-15 15:44:27,3,1,1
2023-02-15 15:44:38,2,1,1
2023-02-15 15:45:12,3,1,1
2023-02-15 16:09:04,2,1,1
2023-02-15 16:10:04,1,1,1
2023-02-15 16:10:33,2,1,1
2023-02-15 16:10:37,2,1,1
2023-02-15 16:10:42,2,1,1
2023-02-15 16:10:51,2,1,1
2023-02-15 16:13:18,2,1,1
2023-02-15 16:14:19,1,1,1
2023-02-15 16:14:45,2,1,1
2023-02-15 16:14:49,2,1,1
2023-02-15 16:26:53,2,1,1
2023-02-15 16:28:21,1,1,1
2023-02-15 16:28:30,2,1,1
2023-02-15 16:28:35,2,1,1
2023-02-15 16:28:38,2,1,1
2023-02-15 16:40:28,2,1,1
2023-02-15 16:41:22,1,1,1
2023-02-15 16:41:45,2,1,1
2023-02-15 17:13:19,2,1,1
2023-02-15 17:14:14,1,1,1
2023-02-15 17:14:24,2,1,1
2023-02-15 17:14:28,2,1,1
2023-02-15 17:26:46,2,1,1
2023-02-15 17:28:11,1,1,1
2023-02-15 17:28:41,2,1,1
2023-02-15 17:28:46,2,1,1
2023-02-15 17:28:52,2,1,1
2023-02-15 17:28:59,2,1,1
2023-02-15 17:29:04,2,1,1
2023-02-15 17:29:14,2,1,1
2023-02-15 17:29:23,2,1,1
2023-02-15 17:29:31,3,1,1
2023-02-15 17:29:46,3,1,1
2023-02-15 17:29:59,2,1,1
2023-02-15 17:30:33,3,1,1
2023-02-15 17:31:00,2,1,1
2023-02-15 17:31:56,1,1,1
2023-02-15 17:32:19,2,1,1
2023-02-15 17:32:23,2,1,1
2023-02-15 17:32:29,2,1,1
2023-02-15 17:32:34,2,1,1
2023-02-15 17:32:42,2,1,1
2023-02-15 17:32:51,2,1,1
2023-02-15 17:33:01,2,1,1
2023-02-15 17:33:04,3,1,1
2023-02-15 17:33:10,3,1,1
2023-02-15 17:33:22,2,1,1
2023-02-15 17:33:23,2,1,1
2023-02-15 17:34:00,3,1,1
2023-02-15 17:34:11,2,1,1
2023-02-15 17:34:19,1,1,1
2023-02-15 17:34:28,2,1,1
2023-02-15 17:34:31,2,1,1
2023-02-15 17:34:35,2,1,1
2023-02-15 17:34:47,2,1,1
2023-02-15 17:34:52,3,1,1
2023-02-15 17:34:55,2,1,1
2023-02-15 17:35:01,2,1,1
2023-02-15 17:35:07,2,1,1
2023-02-15 17:35:11,2,1,1
2023-02-15 17:35:47,3,1,1
2023-02-15 17:35:52,2,1,1
2023-02-15 17:36:35,3,1,1
2023-02-15 17:36:43,2,1,1
2023-02-15 17:38:00,2,1,1
2023-02-15 18:37:46,1,1,1
2023-02-15 18:38:07,2,1,1
2023-02-15 18:39:24,4,1,1
2023-02-15 19:51:10,1,1,1
2023-02-15 19:51:29,3,1,1
2023-02-15 19:51:41,2,1,1
2023-02-15 19:52:39,3,1,1
2023-02-15 19:52:59,2,1,1
2023-02-15 19:54:29,3,1,1
2023-02-15 19:54:42,2,1,1
2023-02-15 19:56:05,3,1,1
2023-02-15 19:56:27,2,1,1
2023-02-15 19:57:13,3,1,1
2023-02-15 19:57:46,2,1,1
2023-02-15 19:59:23,4,1,1
2023-02-16 00:03:22,1,1,1
2023-02-16 00:03:28,3,1,1
2023-02-16 00:03:48,2,1,1
2023-02-16 00:04:56,3,1,1
2023-02-16 00:30:34,1,1,1
2023-02-16 00:30:47,3,1,1
2023-02-16 00:30:56,2,1,1
2023-02-16 00:32:07,3,1,1
2023-02-16 00:32:26,2,1,1
2023-02-16 00:33:40,2,1,1
2023-02-16 00:33:50,2,1,1
2023-02-16 00:35:02,3,1,1
2023-02-16 00:35:27,2,1,1
2023-02-16 00:36:34,3,1,1
2023-02-16 00:37:04,2,1,1
2023-02-16 00:38:54,2,1,1
2023-02-16 03:25:20,1,1,1
2023-02-16 03:25:37,3,1,1
2023-02-16 03:25:50,2,1,1
2023-02-16 03:26:31,2,1,1
2023-02-16 03:27:01,2,1,1
2023-02-16 03:28:07,3,1,1
2023-02-16 03:28:20,2,1,1
2023-02-16 03:29:32,3,1,1
2023-02-16 03:29:56,2,1,1
2023-02-16 03:31:11,5,1,1
2023-02-16 06:17:34,1,1,1
2023-02-16 06:17:52,3,1,1
2023-02-16 06:18:09,2,1,1
2023-02-16 06:19:07,3,1,1
2023-02-16 06:19:25,2,1,1
2023-02-16 06:20:38,3,1,1
2023-02-16 06:20:54,2,1,1
2023-02-16 06:21:56,2,1,1
2023-02-16 06:22:11,2,1,1
2023-02-16 06:23:03,3,1,1
2023-02-16 06:23:31,2,1,1
2023-02-16 06:25:25,3,1,1
2023-02-16 06:44:40,1,1,1
2023-02-16 06:44:57,3,1,1
2023-02-16 06:45:12,2,1,1
2023-02-16 06:46:16,3,1,1
2023-02-16 06:46:38,2,1,1
2023-02-16 06:48:11,3,1,1
2023-02-16 06:48:21,2,1,1
2023-02-16 06:49:29,3,1,1
2023-02-16 06:49:41,2,1,1
2023-02-16 06:50:46,2,1,1
2023-02-16 06:51:23,2,1,1
2023-02-16 06:52:48,3,1,1
2023-02-16 10:42:06,1,1,1
2023-02-16 10:42:24,3,1,1
2023-02-16 10:42:38,2,1,1
2023-02-16 10:43:53,3,1,1
2023-02-16 10:44:17,2,1,1
2023-02-16 10:45:34,3,1,1
2023-02-16 10:45:43,2,1,1
2023-02-16 10:46:33,3,1,1
2023-02-16 10:46:53,2,1,1
2023-02-16 10:47:50,3,1,1
2023-02-16 10:48:21,2,1,1
2023-02-16 10:50:16,4,1,1
2023-02-16 19:30:02,1,1,1
2023-02-16 19:30:10,3,1,1
2023-02-16 19:30:34,2,1,1
2023-02-16 19:31:45,3,1,1
2023-02-17 10:15:26,1,1,1
2023-02-17 10:15:41,3,1,1
2023-02-17 10:15:57,2,1,1
2023-02-17 10:16:56,3,1,1
