"user_id","session_id","session_number","platform_type","time_start_session","time_finish_session","length_session","amount_get_level","amount_get_gold"
"1000001",a1000001ES1,1,android,2023-02-01 08:01:42,2023-02-01 08:02:05,23,0,0
"1000004",a1000004RU1,1,android,2023-02-01 08:30:42,2023-02-01 08:30:42,0,0,0
"1000006",i1000006CA1,1,iOS,2023-02-01 08:48:30,2023-02-01 08:50:14,104,2,650
"1000007",a1000007GE1,1,android,2023-02-01 08:51:00,2023-02-01 08:51:12,12,0,0
"1000008",i1000008RU1,1,iOS,2023-02-01 09:04:44,2023-02-01 09:11:19,395,6,1050
"1000008",i1000008RU2,2,iOS,2023-02-02 08:38:05,2023-02-02 08:45:35,450,4,2000
"1000009",a1000009LT1,1,android,2023-02-01 09:10:25,2023-02-01 09:10:36,11,0,0
"1000011",a1000011CA1,1,android,2023-02-01 09:22:37,2023-02-01 09:22:57,20,0,0
"1000012",a1000012IT1,1,android,2023-02-01 09:24:17,2023-02-01 09:24:41,24,0,0
"1000014",a1000014KZ1,1,android,2023-02-01 09:37:50,2023-02-01 09:39:39,109,2,650
"1000016",i1000016GE1,1,iOS,2023-02-01 10:00:31,2023-02-01 10:01:17,46,0,0
"1000019",a1000019CA1,1,android,2023-02-01 10:20:18,2023-02-01 10:20:51,33,0,0
"1000021",i1000021RU1,1,iOS,2023-02-01 10:42:42,2023-02-01 10:43:03,21,0,0
"1000022",a1000022US1,1,android,2023-02-01 10:48:49,2023-02-01 10:54:46,357,6,1050
"1000022",a1000022US2,2,android,2023-02-02 10:23:33,2023-02-02 10:31:09,456,5,2000
"1000022",a1000022US3,3,android,2023-02-03 10:11:28,2023-02-03 10:14:00,152,1,1000
"1000023",i1000023PL1,1,iOS,2023-02-01 11:02:01,2023-02-01 11:05:01,180,2,750
"1000027",a1000027KZ1,1,android,2023-02-01 11:27:30,2023-02-01 11:28:19,49,1,50
"1000028",a1000028ES1,1,android,2023-02-01 11:33:35,2023-02-01 11:39:50,375,6,1050
"1000028",a1000028ES2,2,android,2023-02-02 11:26:52,2023-02-02 11:31:44,292,3,1700
"1000030",a1000030KZ1,1,android,2023-02-01 11:41:58,2023-02-01 11:43:36,98,2,650
"1000031",a1000031PL1,1,android,2023-02-01 11:46:04,2023-02-01 11:46:42,38,0,0
"1000032",i1000032GE1,1,iOS,2023-02-01 11:50:53,2023-02-01 11:51:37,44,0,0
"1000033",a1000033RU1,1,android,2023-02-01 12:03:42,2023-02-01 12:05:33,111,2,650
"1000035",a1000035PL1,1,android,2023-02-01 12:30:51,2023-02-01 12:30:59,8,0,0
"1000036",i1000036KZ1,1,iOS,2023-02-01 12:40:57,2023-02-01 12:40:57,0,0,0
"1000037",a1000037RU1,1,android,2023-02-01 12:53:35,2023-02-01 12:53:42,7,0,0
"1000038",i1000038KZ1,1,iOS,2023-02-01 12:59:47,2023-02-01 13:02:23,156,3,750
"1000042",i1000042IT1,1,iOS,2023-02-01 13:35:08,2023-02-01 13:39:57,289,4,950
"1000043",a1000043ES1,1,android,2023-02-01 13:44:55,2023-02-01 13:45:01,6,0,0
"1000044",a1000044KZ1,1,android,2023-02-01 13:54:03,2023-02-01 13:54:47,44,1,50
"1000045",i1000045ES1,1,iOS,2023-02-01 14:07:47,2023-02-01 14:07:53,6,0,0
"1000046",i1000046RU1,1,iOS,2023-02-01 14:16:42,2023-02-01 14:17:15,33,0,0
"1000048",i1000048RU1,1,iOS,2023-02-01 14:31:19,2023-02-01 14:31:42,23,0,0
"1000053",a1000053IT1,1,android,2023-02-01 15:06:54,2023-02-01 15:06:54,0,0,0
"1000054",a1000054ES1,1,android,2023-02-01 15:16:38,2023-02-01 15:16:38,0,0,0
"1000055",a1000055KZ1,1,android,2023-02-01 15:20:18,2023-02-01 15:20:18,0,0,0
"1000056",a1000056CA1,1,android,2023-02-01 15:25:58,2023-02-01 15:26:28,30,0,0
"1000061",a1000061RU1,1,android,2023-02-01 16:06:14,2023-02-01 16:12:23,369,6,1050
"1000061",a1000061RU2,2,android,2023-02-02 15:26:22,2023-02-02 15:33:37,435,4,2000
"1000062",a1000062RU1,1,android,2023-02-01 16:19:44,2023-02-01 16:21:16,92,2,650
"1000063",i1000063PL1,1,iOS,2023-02-01 16:23:40,2023-02-01 16:25:21,101,2,650
"1000064",a1000064RU1,1,android,2023-02-01 16:29:49,2023-02-01 16:31:19,90,2,650
"1000065",i1000065RU1,1,iOS,2023-02-01 16:31:44,2023-02-01 16:31:51,7,0,0
"1000068",a1000068RU1,1,android,2023-02-01 16:53:02,2023-02-01 16:53:02,0,0,0
"1000070",a1000070NL1,1,android,2023-02-01 17:02:19,2023-02-01 17:07:07,288,4,950
"1000071",a1000071CA1,1,android,2023-02-01 17:08:10,2023-02-01 17:08:34,24,0,0
"1000073",i1000073US1,1,iOS,2023-02-01 17:26:47,2023-02-01 17:26:47,0,0,0
"1000074",a1000074IT1,1,android,2023-02-01 17:40:32,2023-02-01 17:40:40,8,0,0
"1000075",a1000075KZ1,1,android,2023-02-01 17:46:35,2023-02-01 17:48:07,92,2,650
"1000076",i1000076RU1,1,iOS,2023-02-01 17:59:21,2023-02-01 18:05:05,344,6,1050
"1000076",i1000076RU2,2,iOS,2023-02-02 17:26:21,2023-02-02 17:34:06,465,5,2000
"1000076",i1000076RU3,3,iOS,2023-02-03 17:11:30,2023-02-03 17:13:12,102,1,1000
"1000078",i1000078NL1,1,iOS,2023-02-01 18:26:48,2023-02-01 18:27:18,30,0,0
"1000079",a1000079PL1,1,android,2023-02-01 18:40:13,2023-02-01 18:46:31,378,6,1050
"1000079",a1000079PL2,2,android,2023-02-02 18:36:21,2023-02-02 18:43:35,434,2,3200
"1000080",a1000080RU1,1,android,2023-02-01 18:54:13,2023-02-01 18:55:02,49,1,50
"1000081",i1000081GE1,1,iOS,2023-02-01 19:03:01,2023-02-01 19:03:10,9,0,0
"1000082",a1000082RU1,1,android,2023-02-01 19:17:00,2023-02-01 19:17:05,5,0,0
"1000083",i1000083KZ1,1,iOS,2023-02-01 19:19:25,2023-02-01 19:23:24,239,2,850
"1000084",a1000084KZ1,1,android,2023-02-01 19:33:02,2023-02-01 19:33:10,8,0,0
"1000085",a1000085RU1,1,android,2023-02-01 19:46:40,2023-02-01 19:53:11,391,5,1050
"1000085",a1000085RU2,2,android,2023-02-01 20:28:32,2023-02-01 20:30:05,93,1,100
"1000086",a1000086RU1,1,android,2023-02-01 19:56:10,2023-02-01 20:01:20,310,4,950
"1000087",a1000087PL1,1,android,2023-02-01 20:00:19,2023-02-01 20:00:22,3,0,0
"1000088",a1000088PL1,1,android,1970-01-01 03:00:00,2023-02-01 20:00:38,1675270838,0,0
"1000094",a1000094RU1,1,android,2023-02-01 20:51:03,2023-02-01 20:53:52,169,3,750
"1000097",a1000097PL1,1,android,2023-02-01 21:15:57,2023-02-01 21:16:02,5,0,0
"1000098",a1000098PL1,1,android,2023-02-01 21:17:44,2023-02-01 21:18:11,27,0,0
"1000099",i1000099DE1,1,iOS,2023-02-01 21:27:00,2023-02-01 21:27:09,9,0,0
"1000102",a1000102BY1,1,android,2023-02-01 21:46:56,2023-02-01 21:46:56,0,0,0
"1000105",a1000105KZ1,1,android,2023-02-01 22:13:22,2023-02-01 22:13:51,29,0,0
"1000108",i1000108KZ1,1,iOS,2023-02-01 22:38:28,2023-02-01 22:44:43,375,6,1050
"1000108",i1000108KZ2,2,iOS,2023-02-02 22:12:38,2023-02-02 22:20:41,483,5,2000
"1000108",i1000108KZ3,3,iOS,2023-02-03 21:35:58,2023-02-03 21:37:28,90,0,1000
"1000109",a1000109RU1,1,android,2023-02-01 22:43:00,2023-02-01 22:43:29,29,0,0
"1000110",a1000110RU1,1,android,2023-02-01 22:56:23,2023-02-01 22:56:28,5,0,0
"1000112",a1000112RU1,1,android,2023-02-01 23:15:26,2023-02-01 23:21:35,369,6,1050
"1000112",a1000112RU2,2,android,2023-02-02 23:06:07,2023-02-02 23:14:40,513,4,2000
"1000113",i1000113RU1,1,iOS,2023-02-01 23:25:20,2023-02-01 23:26:00,40,0,0
"1000115",a1000115PL1,1,android,2023-02-01 23:48:00,2023-02-01 23:50:36,156,3,750
"1000117",a1000117DE1,1,android,2023-02-02 00:02:48,2023-02-02 00:02:48,0,0,0
"1000118",i1000118PL1,1,iOS,2023-02-02 00:16:22,2023-02-02 00:16:32,10,0,0
"1000120",a1000120GE1,1,android,2023-02-02 00:29:54,2023-02-02 00:30:14,20,0,0
"1000129",a1000129CA1,1,android,2023-02-02 01:39:27,2023-02-02 01:45:31,364,6,1050
"1000129",a1000129CA2,2,android,2023-02-03 01:08:42,2023-02-03 01:16:05,443,4,2000
"1000130",a1000130RU1,1,android,2023-02-02 01:43:01,2023-02-02 01:45:53,172,2,750
"1000134",a1000134RU1,1,android,2023-02-02 02:20:24,2023-02-02 02:23:52,208,4,850
"1000135",i1000135US1,1,iOS,2023-02-02 02:34:15,2023-02-02 02:34:54,39,0,0
"1000136",a1000136US1,1,android,2023-02-02 02:38:32,2023-02-02 02:38:52,20,0,0
"1000138",i1000138RU1,1,iOS,2023-02-02 02:49:34,2023-02-02 02:54:03,269,4,950
"1000139",a1000139IT1,1,android,2023-02-02 02:52:03,2023-02-02 02:52:03,0,0,0
"1000144",a1000144ES1,1,android,2023-02-02 03:27:17,2023-02-02 03:28:51,94,2,650
"1000146",i1000146BY1,1,iOS,2023-02-02 03:50:29,2023-02-02 03:50:55,26,0,0
"1000149",a1000149US1,1,android,2023-02-02 04:26:49,2023-02-02 04:26:49,0,0,0
"1000154",i1000154IT1,1,iOS,2023-02-02 05:10:36,2023-02-02 05:11:06,30,0,0
"1000156",a1000156PL1,1,android,2023-02-02 05:20:15,2023-02-02 05:20:29,14,0,0
"1000157",i1000157KZ1,1,iOS,2023-02-02 05:33:59,2023-02-02 05:34:29,30,0,0
"1000158",a1000158DE1,1,android,2023-02-02 05:38:13,2023-02-02 05:44:43,390,6,1050
"1000158",a1000158DE2,2,android,2023-02-03 05:21:57,2023-02-03 05:30:43,526,5,2000
"1000158",a1000158DE3,3,android,2023-02-04 05:02:12,2023-02-04 05:03:37,85,0,1000
"1000160",i1000160DE1,1,iOS,2023-02-02 05:52:53,2023-02-02 05:55:32,159,3,750
"1000161",a1000161US1,1,android,2023-02-02 06:02:08,2023-02-02 06:04:57,169,3,750
"1000166",a1000166DE1,1,android,2023-02-02 06:39:42,2023-02-02 06:39:47,5,0,0
"1000167",i1000167US1,1,iOS,2023-02-02 06:41:42,2023-02-02 06:42:40,58,1,50
"1000172",a1000172DE1,1,android,2023-02-02 07:26:06,2023-02-02 07:26:13,7,0,0
"1000173",i1000173US1,1,iOS,2023-02-02 07:34:46,2023-02-02 07:35:01,15,0,0
"1000175",a1000175US1,1,android,2023-02-02 07:48:23,2023-02-02 07:48:37,14,0,0
"1000177",a1000177DE1,1,android,2023-02-02 08:07:49,2023-02-02 08:08:29,40,0,0
"1000178",a1000178RU1,1,android,2023-02-02 08:11:29,2023-02-02 08:15:42,253,4,950
"1000179",a1000179ES1,1,android,2023-02-02 08:17:37,2023-02-02 08:21:14,217,3,850
"1000180",a1000180ES1,1,android,2023-02-02 08:22:11,2023-02-02 08:22:16,5,0,0
"1000181",a1000181LV1,1,android,2023-02-02 08:31:30,2023-02-02 08:36:14,284,4,950
"1000183",a1000183US1,1,android,2023-02-02 08:50:26,2023-02-02 08:50:31,5,0,0
"1000187",a1000187ES1,1,android,2023-02-02 09:31:51,2023-02-02 09:32:14,23,0,0
"1000188",i1000188RU1,1,iOS,2023-02-02 09:37:27,2023-02-02 09:41:59,272,4,950
"1000189",a1000189GE1,1,android,2023-02-02 09:45:58,2023-02-02 09:45:58,0,0,0
"1000190",a1000190KZ1,1,android,2023-02-02 09:55:42,2023-02-02 10:00:08,266,4,950
"1000191",i1000191US1,1,iOS,2023-02-02 10:00:12,2023-02-02 10:00:12,0,0,0
"1000193",i1000193BY1,1,iOS,2023-02-02 10:06:27,2023-02-02 10:06:27,0,0,0
"1000198",a1000198ES1,1,android,2023-02-02 10:57:31,2023-02-02 10:57:31,0,0,0
"1000199",a1000199RU1,1,android,2023-02-02 11:06:59,2023-02-02 11:06:59,0,0,0
"1000201",a1000201BY1,1,android,2023-02-02 11:26:27,2023-02-02 11:30:53,266,4,950
"1000203",i1000203US1,1,iOS,2023-02-02 11:45:34,2023-02-02 11:49:05,211,4,850
"1000204",a1000204US1,1,android,2023-02-02 11:51:38,2023-02-02 11:53:12,94,2,650
"1000205",a1000205RU1,1,android,2023-02-02 12:05:13,2023-02-02 12:05:23,10,0,0
"1000206",i1000206KZ1,1,iOS,2023-02-02 12:13:55,2023-02-02 12:14:25,30,0,0
"1000208",i1000208RU1,1,iOS,2023-02-02 12:25:25,2023-02-02 12:33:32,487,3,950
"1000210",a1000210RU1,1,android,2023-02-02 12:52:24,2023-02-02 12:52:35,11,0,0
"1000212",a1000212US1,1,android,2023-02-02 13:06:21,2023-02-02 13:06:41,20,0,0
"1000213",a1000213RU1,1,android,2023-02-02 13:12:11,2023-02-02 13:12:23,12,0,0
"1000215",a1000215GE1,1,android,2023-02-02 13:34:53,2023-02-02 13:37:44,171,3,750
"1000216",a1000216US1,1,android,2023-02-02 13:43:40,2023-02-02 13:43:46,6,0,0
"1000218",i1000218RU1,1,iOS,2023-02-02 13:51:41,2023-02-02 13:57:18,337,5,1050
"1000218",i1000218RU2,2,iOS,2023-02-02 14:40:03,2023-02-02 14:41:36,93,1,100
"1000221",a1000221ES1,1,android,2023-02-02 14:15:20,2023-02-02 14:15:41,21,0,0
"1000222",a1000222RU1,1,android,2023-02-02 14:24:55,2023-02-02 14:25:14,19,0,0
"1000223",i1000223BY1,1,iOS,2023-02-02 14:38:34,2023-02-02 14:39:26,52,1,50
"1000224",a1000224RU1,1,android,2023-02-02 14:42:32,2023-02-02 14:42:32,0,0,0
"1000225",i1000225PL1,1,iOS,1970-01-01 03:00:00,2023-02-02 14:46:38,1675338398,0,0
"1000228",i1000228US1,1,iOS,2023-02-02 15:11:09,2023-02-02 15:11:25,16,0,0
"1000229",a1000229CA1,1,android,2023-02-02 15:16:32,2023-02-02 15:17:01,29,0,0
"1000230",a1000230GE1,1,android,2023-02-02 15:30:25,2023-02-02 15:35:09,284,4,950
"1000233",a1000233GE1,1,android,2023-02-02 16:06:58,2023-02-02 16:10:30,212,4,850
"1000236",a1000236RU1,1,android,2023-02-02 16:28:54,2023-02-02 16:29:24,30,0,0
"1000237",a1000237US1,1,android,2023-02-02 16:34:27,2023-02-02 16:35:11,44,1,50
"1000240",i1000240US1,1,iOS,2023-02-02 16:53:15,2023-02-02 16:53:50,35,0,0
"1000243",a1000243RU1,1,android,2023-02-02 17:09:15,2023-02-02 17:09:33,18,0,0
"1000244",a1000244DE1,1,android,2023-02-02 17:22:36,2023-02-02 17:29:07,391,5,1050
"1000244",a1000244DE2,2,android,2023-02-02 18:26:47,2023-02-02 18:28:11,84,1,100
"1000245",i1000245KZ1,1,iOS,2023-02-02 17:31:48,2023-02-02 17:34:29,161,3,750
"1000246",a1000246RU1,1,android,2023-02-02 17:37:22,2023-02-02 17:38:02,40,0,0
"1000254",a1000254US1,1,android,2023-02-02 18:45:29,2023-02-02 18:45:29,0,0,0
"1000255",i1000255PL1,1,iOS,2023-02-02 18:54:47,2023-02-02 18:59:11,264,4,950
"1000256",i1000256KZ1,1,iOS,2023-02-02 18:58:48,2023-02-02 18:59:30,42,1,50
"1000257",a1000257PL1,1,android,2023-02-02 19:12:10,2023-02-02 19:12:15,5,0,0
"1000260",a1000260DE1,1,android,2023-02-02 19:27:44,2023-02-02 19:32:35,291,4,950
"1000261",a1000261PL1,1,android,2023-02-02 19:33:26,2023-02-02 19:37:13,227,4,850
"1000262",a1000262US1,1,android,2023-02-02 19:42:30,2023-02-02 19:48:48,378,6,1050
"1000262",a1000262US2,2,android,2023-02-03 19:34:34,2023-02-03 19:41:48,434,5,2000
"1000262",a1000262US3,3,android,2023-02-04 19:19:49,2023-02-04 19:21:21,92,1,1000
"1000263",a1000263US1,1,android,2023-02-02 19:47:11,2023-02-02 19:53:48,397,6,1050
"1000263",a1000263US2,2,android,2023-02-03 19:45:43,2023-02-03 19:52:55,432,5,2000
"1000263",a1000263US3,3,android,2023-02-04 19:08:21,2023-02-04 19:09:51,90,1,1000
"1000267",a1000267DE1,1,android,2023-02-02 20:10:40,2023-02-02 20:10:40,0,0,0
"1000268",a1000268DE1,1,android,2023-02-02 20:20:05,2023-02-02 20:20:54,49,0,0
"1000269",a1000269US1,1,android,2023-02-02 20:33:08,2023-02-02 20:33:25,17,0,0
"1000272",a1000272US1,1,android,2023-02-02 21:02:16,2023-02-02 21:02:50,34,0,0
"1000273",a1000273KZ1,1,android,1970-01-01 03:00:00,2023-02-02 21:06:09,1675361169,0,0
"1000274",a1000274US1,1,android,2023-02-02 21:12:44,2023-02-02 21:13:03,19,0,0
"1000277",i1000277CA1,1,iOS,2023-02-02 21:37:30,2023-02-02 21:37:35,5,0,0
"1000285",a1000285BY1,1,android,2023-02-02 22:41:42,2023-02-02 22:42:19,37,0,0
"1000286",a1000286ES1,1,android,2023-02-02 22:54:45,2023-02-02 22:54:45,0,0,0
"1000287",i1000287US1,1,iOS,2023-02-02 22:59:39,2023-02-02 23:00:12,33,0,0
"1000288",a1000288PL1,1,android,2023-02-02 23:08:38,2023-02-02 23:09:18,40,1,50
"1000290",i1000290RU1,1,iOS,2023-02-02 23:17:00,2023-02-02 23:20:54,234,3,850
"1000292",a1000292GE1,1,android,2023-02-02 23:34:54,2023-02-02 23:37:33,159,3,750
"1000293",a1000293DE1,1,android,2023-02-02 23:48:30,2023-02-02 23:49:11,41,0,0
"1000295",i1000295DE1,1,iOS,2023-02-03 00:06:39,2023-02-03 00:07:23,44,0,0
"1000296",i1000296BY1,1,iOS,2023-02-03 00:12:01,2023-02-03 00:12:14,13,0,0
"1000297",a1000297RU1,1,android,2023-02-03 00:21:18,2023-02-03 00:21:32,14,0,0
"1000299",a1000299IT1,1,android,2023-02-03 00:28:52,2023-02-03 00:32:42,230,4,850
"1000301",i1000301RU1,1,iOS,2023-02-03 00:37:24,2023-02-03 00:37:36,12,0,0
"1000303",a1000303US1,1,android,2023-02-03 00:48:53,2023-02-03 00:54:46,353,6,1050
"1000303",a1000303US2,2,android,2023-02-04 00:36:15,2023-02-04 00:43:54,459,4,2000
"1000306",i1000306DE1,1,iOS,2023-02-03 01:29:10,2023-02-03 01:29:29,19,0,0
"1000309",a1000309RU1,1,android,2023-02-03 01:48:44,2023-02-03 01:49:08,24,0,0
"1000310",a1000310GE1,1,android,2023-02-03 01:57:35,2023-02-03 01:57:35,0,0,0
"1000311",a1000311US1,1,android,2023-02-03 02:00:10,2023-02-03 02:03:48,218,4,850
"1000312",a1000312GE1,1,android,2023-02-03 02:09:02,2023-02-03 02:09:24,22,0,0
"1000314",a1000314DE1,1,android,2023-02-03 02:27:13,2023-02-03 02:27:35,22,0,0
"1000315",a1000315NL1,1,android,2023-02-03 02:37:14,2023-02-03 02:37:45,31,0,0
"1000317",i1000317RU1,1,iOS,2023-02-03 02:46:47,2023-02-03 02:51:30,283,4,950
"1000318",i1000318CA1,1,iOS,2023-02-03 02:52:32,2023-02-03 02:52:32,0,0,0
"1000320",a1000320RU1,1,android,2023-02-03 03:06:59,2023-02-03 03:07:04,5,0,0
"1000321",a1000321RU1,1,android,2023-02-03 03:16:05,2023-02-03 03:17:44,99,2,650
"1000322",a1000322RU1,1,android,2023-02-03 03:20:52,2023-02-03 03:20:55,3,0,0
"1000324",a1000324BY1,1,android,2023-02-03 03:28:55,2023-02-03 03:28:55,0,0,0
"1000327",a1000327IT1,1,android,2023-02-03 03:43:04,2023-02-03 03:49:22,378,6,1050
"1000327",a1000327IT2,2,android,2023-02-04 03:32:04,2023-02-04 03:39:44,460,4,2000
"1000330",i1000330IT1,1,iOS,2023-02-03 04:19:21,2023-02-03 04:19:29,8,0,0
"1000331",a1000331RU1,1,android,2023-02-03 04:25:00,2023-02-03 04:25:05,5,0,0
"1000335",a1000335US1,1,android,2023-02-03 04:56:07,2023-02-03 04:56:07,0,0,0
"1000336",a1000336RU1,1,android,2023-02-03 05:09:30,2023-02-03 05:14:04,274,4,950
"1000338",i1000338ES1,1,iOS,2023-02-03 05:24:46,2023-02-03 05:24:53,7,0,0
"1000339",a1000339RU1,1,android,2023-02-03 05:37:48,2023-02-03 05:39:19,91,2,650
"1000340",i1000340US1,1,iOS,2023-02-03 05:41:58,2023-02-03 05:42:17,19,0,0
"1000341",i1000341BY1,1,iOS,2023-02-03 05:47:18,2023-02-03 05:47:36,18,0,0
"1000342",i1000342KZ1,1,iOS,2023-02-03 05:53:39,2023-02-03 05:53:47,8,0,0
"1000345",a1000345PL1,1,android,2023-02-03 06:14:11,2023-02-03 06:14:14,3,0,0
"1000346",i1000346US1,1,iOS,2023-02-03 06:27:47,2023-02-03 06:28:13,26,0,0
"1000347",i1000347RU1,1,iOS,2023-02-03 06:41:12,2023-02-03 06:41:46,34,0,0
"1000348",i1000348RU1,1,iOS,2023-02-03 06:50:21,2023-02-03 06:54:11,230,3,850
"1000349",a1000349PL1,1,android,1970-01-01 03:00:00,2023-02-03 06:51:13,1675396273,0,0
"1000350",a1000350BY1,1,android,2023-02-03 07:06:05,2023-02-03 07:06:12,7,0,0
"1000351",i1000351IT1,1,iOS,2023-02-03 07:19:54,2023-02-03 07:20:15,21,0,0
"1000352",a1000352GE1,1,android,2023-02-03 07:28:58,2023-02-03 07:29:22,24,0,0
"1000354",i1000354US1,1,iOS,2023-02-03 07:40:52,2023-02-03 07:43:27,155,2,750
"1000357",i1000357RU1,1,iOS,2023-02-03 07:56:23,2023-02-03 07:57:06,43,0,0
"1000358",i1000358US1,1,iOS,2023-02-03 08:10:07,2023-02-03 08:16:23,376,6,1050
"1000358",i1000358US2,2,iOS,2023-02-04 08:02:23,2023-02-04 08:09:12,409,2,3200
"1000360",i1000360PL1,1,iOS,2023-02-03 08:23:18,2023-02-03 08:27:43,265,4,950
"1000361",a1000361IT1,1,android,2023-02-03 08:26:11,2023-02-03 08:26:11,0,0,0
"1000362",i1000362ES1,1,iOS,2023-02-03 08:29:49,2023-02-03 08:29:52,3,0,0
"1000366",a1000366RU1,1,android,2023-02-03 08:58:06,2023-02-03 08:58:06,0,0,0
"1000367",a1000367LV1,1,android,2023-02-03 09:12:04,2023-02-03 09:12:47,43,1,50
"1000370",a1000370US1,1,android,2023-02-03 09:27:31,2023-02-03 09:27:33,2,0,0
"1000371",a1000371GE1,1,android,2023-02-03 09:36:51,2023-02-03 09:36:59,8,0,0
"1000372",a1000372IT1,1,android,1970-01-01 03:00:00,2023-02-03 09:38:04,1675406284,0,0
"1000374",a1000374KZ1,1,android,2023-02-03 09:48:09,2023-02-03 09:48:12,3,0,0
"1000375",a1000375IT1,1,android,2023-02-03 09:51:59,2023-02-03 09:58:15,376,5,1050
"1000375",a1000375IT2,2,android,2023-02-03 10:40:56,2023-02-03 10:42:35,99,1,100
"1000377",a1000377RU1,1,android,2023-02-03 10:14:31,2023-02-03 10:20:38,367,6,1050
"1000377",a1000377RU2,2,android,2023-02-04 09:29:14,2023-02-04 09:36:25,431,4,2000
"1000378",a1000378RU1,1,android,2023-02-03 10:18:38,2023-02-03 10:19:10,32,0,0
"1000383",a1000383GE1,1,android,2023-02-03 11:06:07,2023-02-03 11:06:37,30,0,0
"1000386",i1000386IT1,1,iOS,2023-02-03 11:34:22,2023-02-03 11:35:03,41,1,50
"1000387",a1000387RU1,1,android,1970-01-01 03:00:00,2023-02-03 11:42:06,1675413726,0,0
"1000388",a1000388RU1,1,android,2023-02-03 11:57:17,2023-02-03 11:57:32,15,0,0
"1000389",i1000389RU1,1,iOS,2023-02-03 12:03:26,2023-02-03 12:07:57,271,4,950
"1000390",a1000390RU1,1,android,2023-02-03 12:16:24,2023-02-03 12:22:17,353,6,1050
"1000390",a1000390RU2,2,android,2023-02-04 11:25:58,2023-02-04 11:33:35,457,5,2000
"1000390",a1000390RU3,3,android,2023-02-05 11:01:36,2023-02-05 11:03:44,128,1,1000
"1000393",a1000393US1,1,android,2023-02-03 12:49:25,2023-02-03 12:49:25,0,0,0
"1000395",a1000395KZ1,1,android,2023-02-03 13:06:43,2023-02-03 13:06:52,9,0,0
"1000396",a1000396US1,1,android,2023-02-03 13:09:38,2023-02-03 13:09:42,4,0,0
"1000397",i1000397US1,1,iOS,2023-02-03 13:19:03,2023-02-03 13:19:16,13,0,0
"1000399",a1000399RU1,1,android,2023-02-03 13:41:37,2023-02-03 13:47:48,371,5,1050
"1000399",a1000399RU2,2,android,2023-02-03 14:34:59,2023-02-03 14:40:51,352,0,100
"1000400",a1000400DE1,1,android,2023-02-03 13:50:25,2023-02-03 13:51:09,44,0,0
"1000402",a1000402PL1,1,android,2023-02-03 14:02:13,2023-02-03 14:08:20,367,6,1050
"1000402",a1000402PL2,2,android,2023-02-04 14:01:19,2023-02-04 14:07:55,396,5,2000
"1000402",a1000402PL3,3,android,2023-02-05 13:34:49,2023-02-05 13:36:31,102,1,1000
"1000405",a1000405PL1,1,android,2023-02-03 14:39:06,2023-02-03 14:39:44,38,0,0
"1000406",a1000406KZ1,1,android,2023-02-03 14:52:47,2023-02-03 14:52:56,9,0,0
"1000407",i1000407KZ1,1,iOS,2023-02-03 15:01:30,2023-02-03 15:01:39,9,0,0
"1000408",a1000408RU1,1,android,2023-02-03 15:10:52,2023-02-03 15:14:22,210,3,850
"1000409",i1000409RU1,1,iOS,2023-02-03 15:20:06,2023-02-03 15:20:31,25,0,0
"1000410",i1000410RU1,1,iOS,2023-02-03 15:29:31,2023-02-03 15:36:06,395,5,1050
"1000410",i1000410RU2,2,iOS,2023-02-03 16:00:00,2023-02-03 16:01:21,81,1,100
"1000411",a1000411ES1,1,android,2023-02-03 15:42:21,2023-02-03 15:46:20,239,4,850
"1000414",a1000414PL1,1,android,2023-02-03 16:03:58,2023-02-03 16:10:05,367,6,1050
"1000414",a1000414PL2,2,android,2023-02-04 15:33:02,2023-02-04 15:39:43,401,5,2000
"1000414",a1000414PL3,3,android,2023-02-05 15:23:18,2023-02-05 15:25:19,121,1,1000
"1000415",i1000415LV1,1,iOS,2023-02-03 16:05:44,2023-02-03 16:07:16,92,2,650
"1000421",i1000421RU1,1,iOS,2023-02-03 17:02:52,2023-02-03 17:03:19,27,0,0
"1000426",i1000426BY1,1,iOS,2023-02-03 17:43:20,2023-02-03 17:49:04,344,6,1050
"1000426",i1000426BY2,2,iOS,2023-02-04 16:56:42,2023-02-04 17:03:59,437,4,2000
"1000428",i1000428IT1,1,iOS,2023-02-03 18:01:03,2023-02-03 18:07:07,364,6,1050
"1000428",i1000428IT2,2,iOS,2023-02-04 17:57:05,2023-02-04 18:04:03,418,4,2000
"1000432",a1000432IT1,1,android,2023-02-03 18:35:40,2023-02-03 18:37:22,102,2,650
"1000433",a1000433NL1,1,android,2023-02-03 18:41:19,2023-02-03 18:46:02,283,4,950
"1000435",a1000435RU1,1,android,2023-02-03 19:03:51,2023-02-03 19:04:05,14,0,0
"1000436",i1000436RU1,1,iOS,2023-02-03 19:13:02,2023-02-03 19:17:26,264,4,950
"1000437",i1000437RU1,1,iOS,2023-02-03 19:16:49,2023-02-03 19:22:44,355,6,1050
"1000437",i1000437RU2,2,iOS,2023-02-04 19:00:42,2023-02-04 19:08:00,438,4,2000
"1000440",i1000440DE1,1,iOS,2023-02-03 19:45:13,2023-02-03 19:46:40,87,2,650
"1000441",a1000441KZ1,1,android,2023-02-03 19:54:25,2023-02-03 19:54:29,4,0,0
"1000442",a1000442DE1,1,android,2023-02-03 20:03:09,2023-02-03 20:03:30,21,0,0
"1000444",i1000444RU1,1,iOS,2023-02-03 20:13:08,2023-02-03 20:19:19,371,6,1050
"1000444",i1000444RU2,2,iOS,2023-02-04 19:27:14,2023-02-04 19:32:33,319,2,3200
"1000447",i1000447GE1,1,iOS,2023-02-03 20:42:09,2023-02-03 20:42:09,0,0,0
"1000449",i1000449KZ1,1,iOS,2023-02-03 21:00:00,2023-02-03 21:06:07,367,6,1050
"1000449",i1000449KZ2,2,iOS,2023-02-04 20:14:19,2023-02-04 20:20:19,360,3,1700
"1000450",a1000450KZ1,1,android,2023-02-03 21:03:59,2023-02-03 21:04:20,21,0,0
"1000451",a1000451ES1,1,android,2023-02-03 21:06:52,2023-02-03 21:12:22,330,5,1050
"1000451",a1000451ES2,2,android,2023-02-03 21:54:13,2023-02-03 21:56:03,110,1,100
"1000452",i1000452KZ1,1,iOS,2023-02-03 21:20:47,2023-02-03 21:20:51,4,0,0
"1000455",a1000455GE1,1,android,2023-02-03 21:56:56,2023-02-03 21:57:42,46,1,50
"1000457",i1000457US1,1,iOS,2023-02-03 22:05:00,2023-02-03 22:05:00,0,0,0
"1000458",a1000458NL1,1,android,2023-02-03 22:18:34,2023-02-03 22:18:57,23,0,0
"1000460",a1000460KZ1,1,android,2023-02-03 22:33:57,2023-02-03 22:40:08,371,6,1050
"1000460",a1000460KZ2,2,android,2023-02-04 21:48:24,2023-02-04 21:57:24,540,5,2000
"1000460",a1000460KZ3,3,android,2023-02-05 21:19:40,2023-02-05 21:21:55,135,1,1000
"1000462",i1000462US1,1,iOS,2023-02-03 22:50:11,2023-02-03 22:55:11,300,4,950
"1000464",a1000464RU1,1,android,2023-02-03 23:05:04,2023-02-03 23:11:11,367,6,1050
"1000464",a1000464RU2,2,android,2023-02-04 22:45:33,2023-02-04 22:53:36,483,3,2000
"1000465",a1000465KZ1,1,android,1970-01-01 03:00:00,2023-02-03 23:12:53,1675455173,0,0
"1000468",a1000468RU1,1,android,2023-02-03 23:34:39,2023-02-03 23:38:09,210,3,850
"1000469",i1000469RU1,1,iOS,2023-02-03 23:48:19,2023-02-03 23:54:25,366,6,1050
"1000469",i1000469RU2,2,iOS,2023-02-04 23:35:51,2023-02-04 23:43:29,458,4,2000
"1000473",a1000473IT1,1,android,2023-02-04 00:13:40,2023-02-04 00:14:13,33,0,0
"1000476",a1000476DE1,1,android,2023-02-04 00:43:20,2023-02-04 00:43:40,20,0,0
"1000478",i1000478BY1,1,iOS,2023-02-04 01:10:03,2023-02-04 01:10:23,20,0,0
"1000479",i1000479RU1,1,iOS,2023-02-04 01:14:12,2023-02-04 01:19:53,341,6,1050
"1000479",i1000479RU2,2,iOS,2023-02-05 00:48:34,2023-02-05 00:56:45,491,4,2000
"1000480",i1000480US1,1,iOS,2023-02-04 01:28:12,2023-02-04 01:34:22,370,6,1050
"1000480",i1000480US2,2,iOS,2023-02-05 01:24:26,2023-02-05 01:32:32,486,3,2000
"1000483",a1000483CA1,1,android,2023-02-04 01:51:46,2023-02-04 01:56:24,278,4,950
"1000486",a1000486RU1,1,android,2023-02-04 02:15:43,2023-02-04 02:15:43,0,0,0
"1000487",a1000487US1,1,android,2023-02-04 02:29:36,2023-02-04 02:30:07,31,0,0
"1000488",a1000488RU1,1,android,2023-02-04 02:38:35,2023-02-04 02:38:55,20,0,0
"1000489",i1000489DE1,1,iOS,2023-02-04 02:48:06,2023-02-04 02:48:22,16,0,0
"1000490",a1000490US1,1,android,2023-02-04 03:01:24,2023-02-04 03:01:30,6,0,0
"1000491",a1000491RU1,1,android,2023-02-04 03:07:33,2023-02-04 03:09:09,96,2,650
"1000498",a1000498LV1,1,android,2023-02-04 04:12:36,2023-02-04 04:17:39,303,4,950
"1000499",i1000499KZ1,1,iOS,2023-02-04 04:15:05,2023-02-04 04:16:52,107,2,650
"1000501",a1000501RU1,1,android,2023-02-04 04:37:40,2023-02-04 04:37:58,18,0,0
"1000504",a1000504RU1,1,android,2023-02-04 04:58:38,2023-02-04 04:58:48,10,0,0
"1000506",i1000506US1,1,iOS,2023-02-04 05:09:36,2023-02-04 05:09:40,4,0,0
"1000507",i1000507RU1,1,iOS,2023-02-04 05:16:03,2023-02-04 05:16:16,13,0,0
"1000509",a1000509RU1,1,android,2023-02-04 05:31:14,2023-02-04 05:31:30,16,0,0
"1000515",i1000515PL1,1,iOS,2023-02-04 06:06:22,2023-02-04 06:09:32,190,3,850
"1000517",a1000517DE1,1,android,2023-02-04 06:29:13,2023-02-04 06:29:51,38,0,0
"1000520",i1000520KZ1,1,iOS,2023-02-04 07:00:38,2023-02-04 07:00:54,16,0,0
"1000521",a1000521RU1,1,android,2023-02-04 07:14:22,2023-02-04 07:25:41,679,3,950
"1000523",a1000523RU1,1,android,1970-01-01 03:00:00,2023-02-04 07:26:54,1675484814,0,0
"1000527",i1000527US1,1,iOS,2023-02-04 07:55:26,2023-02-04 07:55:45,19,0,0
"1000528",i1000528US1,1,iOS,2023-02-04 08:04:37,2023-02-04 08:08:14,217,4,850
"1000537",i1000537RU1,1,iOS,2023-02-04 09:09:09,2023-02-04 09:09:09,0,0,0
"1000538",a1000538RU1,1,android,2023-02-04 09:23:17,2023-02-04 09:23:57,40,0,0
"1000540",i1000540RU1,1,iOS,2023-02-04 09:40:54,2023-02-04 09:41:20,26,0,0
"1000542",a1000542RU1,1,android,2023-02-04 09:59:49,2023-02-04 10:00:33,44,1,50
"1000546",a1000546BY1,1,android,2023-02-04 10:46:50,2023-02-04 10:47:00,10,0,0
"1000548",a1000548RU1,1,android,2023-02-04 11:04:43,2023-02-04 11:08:09,206,4,850
"1000549",a1000549US1,1,android,2023-02-04 11:10:23,2023-02-04 11:10:23,0,0,0
"1000551",i1000551US1,1,iOS,2023-02-04 11:21:47,2023-02-04 11:22:27,40,0,0
"1000554",a1000554RU1,1,android,2023-02-04 11:41:16,2023-02-04 11:41:37,21,0,0
"1000555",i1000555PL1,1,iOS,2023-02-04 11:50:43,2023-02-04 11:50:43,0,0,0
"1000556",a1000556RU1,1,android,2023-02-04 11:56:33,2023-02-04 11:57:12,39,0,0
"1000557",a1000557KZ1,1,android,2023-02-04 12:09:47,2023-02-04 12:14:39,292,4,950
"1000558",a1000558RU1,1,android,2023-02-04 12:15:28,2023-02-04 12:20:02,274,4,950
"1000561",i1000561RU1,1,iOS,2023-02-04 12:41:00,2023-02-04 12:41:10,10,0,0
"1000562",a1000562DE1,1,android,2023-02-04 12:45:13,2023-02-04 12:45:58,45,1,50
"1000563",i1000563US1,1,iOS,2023-02-04 12:58:12,2023-02-04 12:58:45,33,0,0
"1000564",a1000564BY1,1,android,2023-02-04 13:11:30,2023-02-04 13:12:15,45,0,0
"1000574",i1000574US1,1,iOS,2023-02-04 14:31:06,2023-02-04 14:31:06,0,0,0
"1000575",a1000575BY1,1,android,2023-02-04 14:44:23,2023-02-04 14:48:16,233,4,850
"1000576",a1000576LT1,1,android,2023-02-04 14:50:14,2023-02-04 14:50:18,4,0,0
"1000577",a1000577BY1,1,android,2023-02-04 15:03:50,2023-02-04 15:09:56,366,6,1050
"1000577",a1000577BY2,2,android,2023-02-05 14:41:08,2023-02-05 14:49:32,504,5,2000
"1000577",a1000577BY3,3,android,2023-02-06 14:11:57,2023-02-06 14:13:24,87,1,1000
"1000578",i1000578RU1,1,iOS,2023-02-04 15:09:42,2023-02-04 15:09:45,3,0,0
"1000579",a1000579ES1,1,android,2023-02-04 15:11:55,2023-02-04 15:12:08,13,0,0
"1000581",a1000581RU1,1,android,2023-02-04 15:19:51,2023-02-04 15:20:09,18,0,0
"1000582",a1000582RU1,1,android,2023-02-04 15:28:51,2023-02-04 15:28:59,8,0,0
"1000584",a1000584US1,1,android,2023-02-04 15:47:15,2023-02-04 15:47:34,19,0,0
"1000585",i1000585DE1,1,iOS,2023-02-04 16:01:08,2023-02-04 16:05:47,279,4,950
"1000587",i1000587RU1,1,iOS,2023-02-04 16:15:34,2023-02-04 16:15:49,15,0,0
"1000589",i1000589IT1,1,iOS,2023-02-04 16:38:46,2023-02-04 16:39:02,16,0,0
"1000594",a1000594RU1,1,android,2023-02-04 17:24:28,2023-02-04 17:25:06,38,0,0
"1000595",a1000595US1,1,android,2023-02-04 17:30:17,2023-02-04 17:36:36,379,6,1050
"1000595",a1000595US2,2,android,2023-02-05 17:11:07,2023-02-05 17:19:54,527,4,2000
"1000596",a1000596NL1,1,android,2023-02-04 17:44:01,2023-02-04 17:44:26,25,0,0
"1000598",a1000598PL1,1,android,2023-02-04 17:53:12,2023-02-04 17:53:12,0,0,0
"1000600",a1000600US1,1,android,2023-02-04 18:12:34,2023-02-04 18:12:42,8,0,0
"1000601",a1000601CA1,1,android,2023-02-04 18:16:52,2023-02-04 18:19:34,162,2,750
"1000602",i1000602PL1,1,iOS,2023-02-04 18:25:56,2023-02-04 18:25:59,3,0,0
"1000603",a1000603US1,1,android,2023-02-04 18:30:08,2023-02-04 18:30:49,41,0,0
"1000604",a1000604RU1,1,android,2023-02-04 18:44:22,2023-02-04 18:44:44,22,0,0
"1000608",a1000608US1,1,android,2023-02-04 19:10:24,2023-02-04 19:10:44,20,0,0
"1000609",a1000609US1,1,android,1970-01-01 03:00:00,2023-02-04 19:22:33,1675527753,0,0
"1000610",a1000610RU1,1,android,1970-01-01 03:00:00,2023-02-04 19:24:55,1675527895,0,0
"1000611",i1000611RU1,1,iOS,2023-02-04 19:32:00,2023-02-04 19:32:43,43,0,0
"1000612",i1000612LV1,1,iOS,2023-02-04 19:45:36,2023-02-04 19:45:36,0,0,0
"1000616",i1000616IT1,1,iOS,2023-02-04 20:15:15,2023-02-04 20:15:21,6,0,0
"1000617",i1000617KZ1,1,iOS,2023-02-04 20:28:40,2023-02-04 20:29:00,20,0,0
"1000619",i1000619RU1,1,iOS,2023-02-04 20:44:48,2023-02-04 20:45:27,39,0,0
"1000620",a1000620KZ1,1,android,2023-02-04 20:53:31,2023-02-04 20:53:58,27,0,0
"1000622",a1000622RU1,1,android,2023-02-04 21:01:59,2023-02-04 21:03:42,103,1,650
"1000623",i1000623DE1,1,iOS,2023-02-04 21:15:09,2023-02-04 21:16:49,100,1,650
"1000624",i1000624KZ1,1,iOS,2023-02-04 21:29:20,2023-02-04 21:29:37,17,0,0
"1000625",a1000625BY1,1,android,2023-02-04 21:42:54,2023-02-04 21:42:54,0,0,0
"1000626",i1000626BY1,1,iOS,2023-02-04 21:51:20,2023-02-04 21:55:45,265,4,950
"1000627",a1000627ES1,1,android,2023-02-04 21:53:54,2023-02-04 21:56:26,152,2,750
"1000629",a1000629US1,1,android,2023-02-04 22:11:41,2023-02-04 22:17:33,352,6,1050
"1000629",a1000629US2,2,android,2023-02-05 21:47:17,2023-02-05 21:53:36,379,3,1700
"1000632",a1000632GE1,1,android,2023-02-04 22:35:43,2023-02-04 22:35:52,9,0,0
"1000633",a1000633KZ1,1,android,2023-02-04 22:44:24,2023-02-04 22:44:28,4,0,0
"1000635",i1000635KZ1,1,iOS,2023-02-04 23:02:18,2023-02-04 23:06:51,273,4,950
"1000636",a1000636US1,1,android,2023-02-04 23:11:24,2023-02-04 23:11:37,13,0,0
"1000637",a1000637RU1,1,android,2023-02-04 23:14:28,2023-02-04 23:15:12,44,1,50
"1000638",i1000638RU1,1,iOS,2023-02-04 23:18:14,2023-02-04 23:18:59,45,1,50
"1000643",a1000643US1,1,android,2023-02-04 23:48:18,2023-02-04 23:48:33,15,0,0
"1000644",i1000644RU1,1,iOS,2023-02-04 23:57:18,2023-02-05 00:01:38,260,4,950
"1000648",i1000648US1,1,iOS,2023-02-05 00:28:22,2023-02-05 00:29:06,44,1,50
"1000649",i1000649GE1,1,iOS,2023-02-05 00:34:20,2023-02-05 00:34:20,0,0,0
"1000650",a1000650ES1,1,android,2023-02-05 00:47:11,2023-02-05 00:47:27,16,0,0
"1000651",i1000651CA1,1,iOS,2023-02-05 00:57:00,2023-02-05 00:57:37,37,0,0
"1000652",a1000652KZ1,1,android,2023-02-05 01:10:21,2023-02-05 01:12:08,107,1,650
"1000654",a1000654US1,1,android,2023-02-05 01:30:18,2023-02-05 01:30:36,18,0,0
"1000655",a1000655ES1,1,android,2023-02-05 01:38:41,2023-02-05 01:39:16,35,0,0
"1000657",i1000657PL1,1,iOS,2023-02-05 01:52:24,2023-02-05 01:52:32,8,0,0
"1000659",a1000659RU1,1,android,2023-02-05 02:15:00,2023-02-05 02:15:21,21,0,0
"1000660",a1000660GE1,1,android,2023-02-05 02:21:03,2023-02-05 02:26:59,356,5,1050
"1000660",a1000660GE2,2,android,2023-02-05 02:54:44,2023-02-05 03:08:13,809,0,100
"1000662",a1000662DE1,1,android,2023-02-05 02:30:56,2023-02-05 02:34:43,227,3,850
"1000663",i1000663DE1,1,iOS,2023-02-05 02:36:33,2023-02-05 02:36:35,2,0,0
"1000664",a1000664US1,1,android,1970-01-01 03:00:00,2023-02-05 02:40:36,1675554036,0,0
"1000665",i1000665DE1,1,iOS,2023-02-05 02:47:57,2023-02-05 02:47:57,0,0,0
"1000666",a1000666GE1,1,android,2023-02-05 02:56:48,2023-02-05 02:56:57,9,0,0
"1000670",i1000670IT1,1,iOS,2023-02-05 03:32:38,2023-02-05 03:32:43,5,0,0
"1000671",a1000671RU1,1,android,2023-02-05 03:37:33,2023-02-05 03:43:09,336,6,1050
"1000671",a1000671RU2,2,android,2023-02-06 03:11:54,2023-02-06 03:19:55,481,4,2000
"1000672",a1000672IT1,1,android,2023-02-05 03:40:38,2023-02-05 03:42:24,106,2,650
"1000674",a1000674US1,1,android,2023-02-05 03:54:09,2023-02-05 03:58:00,231,4,850
"1000675",i1000675BY1,1,iOS,2023-02-05 03:57:42,2023-02-05 03:59:18,96,2,650
"1000677",a1000677RU1,1,android,2023-02-05 04:25:26,2023-02-05 04:35:05,579,3,950
"1000678",i1000678BY1,1,iOS,2023-02-05 04:38:58,2023-02-05 04:39:37,39,0,0
"1000680",a1000680RU1,1,android,2023-02-05 05:02:10,2023-02-05 05:05:52,222,4,850
"1000683",a1000683RU1,1,android,2023-02-05 05:34:08,2023-02-05 05:34:12,4,0,0
"1000684",a1000684RU1,1,android,2023-02-05 05:37:39,2023-02-05 05:38:14,35,0,0
"1000686",a1000686RU1,1,android,2023-02-05 05:52:39,2023-02-05 05:53:17,38,0,0
"1000687",i1000687RU1,1,iOS,2023-02-05 06:02:12,2023-02-05 06:07:55,343,6,1050
"1000687",i1000687RU2,2,iOS,2023-02-06 05:44:22,2023-02-06 05:52:01,459,4,2000
"1000688",i1000688RU1,1,iOS,2023-02-05 06:11:14,2023-02-05 06:11:19,5,0,0
"1000689",i1000689CA1,1,iOS,2023-02-05 06:24:30,2023-02-05 06:27:31,181,2,750
"1000690",a1000690PL1,1,android,2023-02-05 06:28:42,2023-02-05 06:34:19,337,6,1050
"1000690",a1000690PL2,2,android,2023-02-06 06:19:34,2023-02-06 06:27:01,447,5,2000
"1000690",a1000690PL3,3,android,2023-02-07 06:02:07,2023-02-07 06:04:09,122,1,1000
"1000692",i1000692KZ1,1,iOS,2023-02-05 06:38:53,2023-02-05 06:39:24,31,0,0
"1000693",a1000693ES1,1,android,2023-02-05 06:52:40,2023-02-05 06:53:31,51,1,50
"1000694",a1000694RU1,1,android,2023-02-05 06:57:53,2023-02-05 07:10:07,734,3,950
"1000699",a1000699KZ1,1,android,2023-02-05 07:35:15,2023-02-05 07:41:40,385,6,1050
"1000699",a1000699KZ2,2,android,2023-02-06 07:26:57,2023-02-06 07:34:26,449,5,2000
"1000699",a1000699KZ3,3,android,2023-02-07 07:00:47,2023-02-07 07:02:11,84,1,1000
"1000700",i1000700US1,1,iOS,2023-02-05 07:49:38,2023-02-05 07:50:20,42,1,50
"1000702",i1000702DE1,1,iOS,2023-02-05 08:08:17,2023-02-05 08:09:47,90,2,650
"1000703",a1000703BY1,1,android,2023-02-05 08:17:56,2023-02-05 08:18:25,29,0,0
"1000704",a1000704RU1,1,android,2023-02-05 08:27:03,2023-02-05 08:30:59,236,2,850
"1000706",i1000706LV1,1,iOS,2023-02-05 08:54:01,2023-02-05 08:54:41,40,0,0
"1000710",i1000710IT1,1,iOS,2023-02-05 09:36:19,2023-02-05 09:45:47,568,3,950
"1000711",a1000711KZ1,1,android,2023-02-05 09:45:34,2023-02-05 09:48:00,146,3,750
"1000712",i1000712KZ1,1,iOS,2023-02-05 09:50:34,2023-02-05 09:56:50,376,6,1050
"1000712",i1000712KZ2,2,iOS,2023-02-06 09:43:27,2023-02-06 09:50:51,444,4,2000
"1000713",i1000713US1,1,iOS,2023-02-05 09:55:11,2023-02-05 09:55:15,4,0,0
"1000714",i1000714RU1,1,iOS,2023-02-05 10:04:49,2023-02-05 10:05:35,46,1,50
"1000716",i1000716DE1,1,iOS,2023-02-05 10:16:05,2023-02-05 10:23:59,474,3,950
"1000717",a1000717LT1,1,android,2023-02-05 10:29:38,2023-02-05 10:30:14,36,0,0
"1000718",i1000718DE1,1,iOS,2023-02-05 10:38:42,2023-02-05 10:40:16,94,2,650
"1000719",i1000719KZ1,1,iOS,2023-02-05 10:52:30,2023-02-05 10:52:39,9,0,0
"1000723",a1000723LT1,1,android,1970-01-01 03:00:00,2023-02-05 11:28:28,1675585708,0,0
"1000724",a1000724RU1,1,android,2023-02-05 11:39:14,2023-02-05 11:39:55,41,0,0
"1000727",i1000727RU1,1,iOS,2023-02-05 12:15:13,2023-02-05 12:20:52,339,6,1050
"1000727",i1000727RU2,2,iOS,2023-02-06 11:41:32,2023-02-06 11:48:58,446,4,2000
"1000729",a1000729RU1,1,android,2023-02-05 12:24:14,2023-02-05 12:24:34,20,0,0
"1000732",a1000732BY1,1,android,2023-02-05 12:46:48,2023-02-05 12:47:25,37,0,0
"1000734",i1000734IT1,1,iOS,2023-02-05 13:01:35,2023-02-05 13:01:39,4,0,0
"1000738",a1000738US1,1,android,2023-02-05 13:24:23,2023-02-05 13:25:09,46,1,50
"1000740",a1000740IT1,1,android,2023-02-05 13:44:16,2023-02-05 13:46:31,135,3,750
"1000741",a1000741US1,1,android,2023-02-05 13:48:26,2023-02-05 13:48:31,5,0,0
"1000742",a1000742RU1,1,android,2023-02-05 13:52:49,2023-02-05 13:52:53,4,0,0
"1000743",a1000743US1,1,android,2023-02-05 14:01:35,2023-02-05 14:02:24,49,1,50
"1000744",i1000744IT1,1,iOS,2023-02-05 14:15:09,2023-02-05 14:15:54,45,0,0
"1000745",i1000745IT1,1,iOS,2023-02-05 14:20:50,2023-02-05 14:27:32,402,5,1050
"1000745",i1000745IT2,2,iOS,2023-02-05 15:12:38,2023-02-05 15:14:11,93,1,100
"1000746",i1000746US1,1,iOS,2023-02-05 14:26:36,2023-02-05 14:27:15,39,1,50
"1000747",i1000747US1,1,iOS,2023-02-05 14:35:27,2023-02-05 14:35:55,28,0,0
"1000748",a1000748KZ1,1,android,2023-02-05 14:48:58,2023-02-05 14:49:21,23,0,0
"1000749",i1000749RU1,1,iOS,2023-02-05 14:51:53,2023-02-05 14:52:25,32,0,0
"1000750",a1000750PL1,1,android,2023-02-05 14:54:10,2023-02-05 14:54:14,4,0,0
"1000751",a1000751KZ1,1,android,2023-02-05 15:07:28,2023-02-05 15:09:50,142,3,750
"1000752",i1000752US1,1,iOS,2023-02-05 15:12:02,2023-02-05 15:12:09,7,0,0
"1000754",a1000754RU1,1,android,2023-02-05 15:31:29,2023-02-05 15:31:50,21,0,0
"1000755",a1000755RU1,1,android,2023-02-05 15:45:19,2023-02-05 15:45:23,4,0,0
"1000757",a1000757KZ1,1,android,2023-02-05 16:02:23,2023-02-05 16:02:58,35,0,0
"1000758",a1000758ES1,1,android,2023-02-05 16:07:05,2023-02-05 16:07:10,5,0,0
"1000761",a1000761RU1,1,android,2023-02-05 16:30:30,2023-02-05 16:32:19,109,2,650
"1000762",i1000762US1,1,iOS,1970-01-01 03:00:00,2023-02-05 16:43:18,1675604598,0,0
"1000764",a1000764US1,1,android,2023-02-05 16:56:06,2023-02-05 17:00:49,283,4,950
"1000765",i1000765CA1,1,iOS,2023-02-05 17:09:20,2023-02-05 17:15:26,366,5,1050
"1000765",i1000765CA2,2,iOS,2023-02-05 18:03:31,2023-02-05 18:14:18,647,0,100
"1000766",a1000766LV1,1,android,2023-02-05 17:22:43,2023-02-05 17:28:50,367,5,1050
"1000766",a1000766LV2,2,android,2023-02-05 18:22:13,2023-02-05 18:23:32,79,1,100
"1000770",i1000770PL1,1,iOS,2023-02-05 17:54:28,2023-02-05 17:54:33,5,0,0
"1000772",i1000772US1,1,iOS,2023-02-05 18:17:02,2023-02-05 18:19:39,157,3,750
"1000773",i1000773DE1,1,iOS,2023-02-05 18:22:27,2023-02-05 18:26:04,217,4,850
"1000775",i1000775IT1,1,iOS,2023-02-05 18:41:36,2023-02-05 18:42:20,44,0,0
"1000776",a1000776RU1,1,android,2023-02-05 18:55:07,2023-02-05 18:55:11,4,0,0
"1000777",i1000777RU1,1,iOS,2023-02-05 18:59:49,2023-02-05 19:01:34,105,2,650
"1000778",a1000778DE1,1,android,2023-02-05 19:05:25,2023-02-05 19:11:28,363,6,1050
"1000778",a1000778DE2,2,android,2023-02-06 19:03:11,2023-02-06 19:11:07,476,5,2000
"1000778",a1000778DE3,3,android,2023-02-07 18:38:44,2023-02-07 18:40:44,120,1,1000
"1000782",a1000782ES1,1,android,2023-02-05 19:36:34,2023-02-05 19:36:49,15,0,0
"1000783",a1000783RU1,1,android,1970-01-01 03:00:00,2023-02-05 19:40:17,1675615217,0,0
"1000787",a1000787US1,1,android,2023-02-05 20:17:51,2023-02-05 20:17:56,5,0,0
"1000788",i1000788RU1,1,iOS,1970-01-01 03:00:00,2023-02-05 20:22:13,1675617733,0,0
"1000790",i1000790KZ1,1,iOS,2023-02-05 20:46:28,2023-02-05 20:47:03,35,0,0
"1000793",a1000793ES1,1,android,2023-02-05 21:07:19,2023-02-05 21:08:02,43,0,0
"1000799",a1000799BY1,1,android,2023-02-05 21:59:55,2023-02-05 22:00:03,8,0,0
"1000800",a1000800US1,1,android,2023-02-05 22:05:34,2023-02-05 22:11:40,366,6,1050
"1000800",a1000800US2,2,android,2023-02-06 22:01:30,2023-02-06 22:09:06,456,4,2000
"1000801",a1000801NL1,1,android,1970-01-01 03:00:00,2023-02-05 22:08:07,1675624087,0,0
"1000803",a1000803KZ1,1,android,2023-02-05 22:22:46,2023-02-05 22:22:48,2,0,0
"1000810",a1000810PL1,1,android,2023-02-05 23:16:18,2023-02-05 23:16:51,33,0,0
"1000812",a1000812PL1,1,android,2023-02-05 23:34:39,2023-02-05 23:34:48,9,0,0
"1000813",a1000813DE1,1,android,2023-02-05 23:48:18,2023-02-05 23:49:03,45,1,50
"1000814",a1000814US1,1,android,2023-02-05 23:50:45,2023-02-05 23:51:15,30,0,0
"1000816",a1000816RU1,1,android,2023-02-06 00:09:32,2023-02-06 00:11:20,108,2,650
"1000817",a1000817RU1,1,android,2023-02-06 00:15:06,2023-02-06 00:15:17,11,0,0
"1000819",a1000819GE1,1,android,2023-02-06 00:32:42,2023-02-06 00:33:37,55,1,50
"1000823",i1000823PL1,1,iOS,2023-02-06 01:14:16,2023-02-06 01:14:53,37,0,0
"1000825",a1000825ES1,1,android,2023-02-06 01:31:32,2023-02-06 01:38:21,409,5,1050
"1000825",a1000825ES2,2,android,2023-02-06 02:06:39,2023-02-06 02:07:59,80,1,100
"1000826",a1000826NL1,1,android,2023-02-06 01:37:52,2023-02-06 01:38:39,47,0,0
"1000828",a1000828RU1,1,android,2023-02-06 01:59:48,2023-02-06 02:00:03,15,0,0
"1000829",i1000829US1,1,iOS,2023-02-06 02:05:32,2023-02-06 02:05:47,15,0,0
"1000834",a1000834CA1,1,android,2023-02-06 02:48:53,2023-02-06 02:48:58,5,0,0
"1000835",a1000835CA1,1,android,2023-02-06 03:03:09,2023-02-06 03:03:46,37,0,0
"1000837",a1000837US1,1,android,2023-02-06 03:22:41,2023-02-06 03:24:30,109,2,650
"1000838",a1000838US1,1,android,2023-02-06 03:31:26,2023-02-06 03:31:41,15,0,0
"1000841",a1000841KZ1,1,android,2023-02-06 03:52:32,2023-02-06 03:52:32,0,0,0
"1000842",i1000842RU1,1,iOS,2023-02-06 04:01:44,2023-02-06 04:06:39,295,4,950
"1000846",a1000846RU1,1,android,2023-02-06 04:39:21,2023-02-06 04:39:28,7,0,0
"1000848",a1000848RU1,1,android,2023-02-06 05:07:09,2023-02-06 05:07:24,15,0,0
"1000849",i1000849GE1,1,iOS,2023-02-06 05:15:41,2023-02-06 05:22:12,391,6,1050
"1000849",i1000849GE2,2,iOS,2023-02-07 04:34:01,2023-02-07 04:41:47,466,4,2000
"1000850",a1000850RU1,1,android,2023-02-06 05:29:29,2023-02-06 05:29:43,14,0,0
"1000852",i1000852US1,1,iOS,2023-02-06 05:52:56,2023-02-06 05:57:08,252,4,950
"1000853",a1000853RU1,1,android,2023-02-06 06:01:34,2023-02-06 06:04:15,161,3,750
"1000857",a1000857RU1,1,android,2023-02-06 06:35:16,2023-02-06 06:36:00,44,0,0
"1000858",a1000858PL1,1,android,2023-02-06 06:45:14,2023-02-06 06:51:33,379,6,1050
"1000858",a1000858PL2,2,android,2023-02-07 06:10:42,2023-02-07 06:17:49,427,4,2000
"1000859",a1000859ES1,1,android,2023-02-06 06:48:45,2023-02-06 06:49:04,19,0,0
"1000860",i1000860US1,1,iOS,2023-02-06 06:58:08,2023-02-06 06:58:50,42,0,0
"1000861",a1000861RU1,1,android,2023-02-06 07:02:31,2023-02-06 07:02:45,14,0,0
"1000862",i1000862KZ1,1,iOS,2023-02-06 07:15:36,2023-02-06 07:15:43,7,0,0
"1000863",a1000863IT1,1,android,2023-02-06 07:20:40,2023-02-06 07:20:58,18,0,0
"1000865",a1000865RU1,1,android,2023-02-06 07:28:21,2023-02-06 07:28:24,3,0,0
"1000866",i1000866BY1,1,iOS,2023-02-06 07:30:31,2023-02-06 07:30:34,3,0,0
"1000873",a1000873RU1,1,android,2023-02-06 08:25:22,2023-02-06 08:26:10,48,0,0
"1000874",a1000874PL1,1,android,2023-02-06 08:34:38,2023-02-06 08:43:12,514,2,950
"1000878",a1000878RU1,1,android,2023-02-06 09:12:29,2023-02-06 09:19:14,405,6,1050
"1000878",a1000878RU2,2,android,2023-02-07 09:10:50,2023-02-07 09:18:16,446,4,2000
"1000879",i1000879US1,1,iOS,2023-02-06 09:18:25,2023-02-06 09:18:36,11,0,0
"1000880",a1000880PL1,1,android,2023-02-06 09:31:44,2023-02-06 09:31:49,5,0,0
"1000881",i1000881US1,1,iOS,2023-02-06 09:40:49,2023-02-06 09:40:52,3,0,0
"1000882",a1000882DE1,1,android,2023-02-06 09:55:01,2023-02-06 09:55:24,23,0,0
"1000883",a1000883BY1,1,android,2023-02-06 10:03:40,2023-02-06 10:04:30,50,1,50
"1000884",i1000884RU1,1,iOS,2023-02-06 10:17:39,2023-02-06 10:17:48,9,0,0
"1000885",i1000885IT1,1,iOS,2023-02-06 10:27:06,2023-02-06 10:27:06,0,0,0
"1000889",a1000889IT1,1,android,2023-02-06 10:47:43,2023-02-06 10:50:20,157,3,750
"1000890",i1000890RU1,1,iOS,2023-02-06 11:01:30,2023-02-06 11:01:34,4,0,0
"1000894",a1000894GE1,1,android,2023-02-06 11:41:56,2023-02-06 11:42:00,4,0,0
"1000895",a1000895RU1,1,android,2023-02-06 11:47:56,2023-02-06 11:48:00,4,0,0
"1000897",a1000897NL1,1,android,2023-02-06 12:04:08,2023-02-06 12:04:30,22,0,0
"1000901",a1000901NL1,1,android,2023-02-06 12:36:43,2023-02-06 12:36:57,14,0,0
"1000902",a1000902PL1,1,android,2023-02-06 12:46:05,2023-02-06 12:46:10,5,0,0
"1000904",a1000904BY1,1,android,2023-02-06 12:55:22,2023-02-06 12:55:25,3,0,0
"1000905",i1000905RU1,1,iOS,2023-02-06 13:08:58,2023-02-06 13:10:42,104,2,650
"1000907",a1000907KZ1,1,android,2023-02-06 13:26:56,2023-02-06 13:27:04,8,0,0
"1000908",i1000908RU1,1,iOS,2023-02-06 13:31:34,2023-02-06 13:31:49,15,0,0
"1000914",i1000914NL1,1,iOS,2023-02-06 14:19:34,2023-02-06 14:19:34,0,0,0
"1000915",i1000915PL1,1,iOS,2023-02-06 14:28:09,2023-02-06 14:28:16,7,0,0
"1000916",a1000916RU1,1,android,2023-02-06 14:41:54,2023-02-06 14:42:22,28,0,0
"1000918",a1000918BY1,1,android,2023-02-06 14:57:50,2023-02-06 14:58:38,48,0,0
"1000919",a1000919IT1,1,android,2023-02-06 15:07:06,2023-02-06 15:07:23,17,0,0
"1000922",a1000922ES1,1,android,2023-02-06 15:24:15,2023-02-06 15:25:59,104,2,650
"1000923",a1000923KZ1,1,android,2023-02-06 15:33:44,2023-02-06 15:34:27,43,0,0
"1000924",a1000924US1,1,android,2023-02-06 15:37:25,2023-02-06 15:40:12,167,3,750
"1000925",a1000925US1,1,android,2023-02-06 15:47:20,2023-02-06 15:47:20,0,0,0
"1000927",a1000927KZ1,1,android,2023-02-06 16:04:47,2023-02-06 16:05:12,25,0,0
"1000931",a1000931DE1,1,android,2023-02-06 16:34:47,2023-02-06 16:36:26,99,2,650
"1000932",a1000932RU1,1,android,2023-02-06 16:43:53,2023-02-06 16:43:59,6,0,0
"1000933",a1000933GE1,1,android,2023-02-06 16:46:33,2023-02-06 16:46:48,15,0,0
"1000934",a1000934US1,1,android,2023-02-06 16:50:04,2023-02-06 16:50:14,10,0,0
"1000935",a1000935GE1,1,android,2023-02-06 17:03:55,2023-02-06 17:03:55,0,0,0
"1000936",i1000936RU1,1,iOS,2023-02-06 17:10:06,2023-02-06 17:13:01,175,3,750
"1000937",i1000937RU1,1,iOS,2023-02-06 17:15:14,2023-02-06 17:15:19,5,0,0
"1000938",a1000938ES1,1,android,2023-02-06 17:20:45,2023-02-06 17:21:02,17,0,0
"1000939",a1000939NL1,1,android,2023-02-06 17:24:48,2023-02-06 17:25:17,29,0,0
"1000942",a1000942RU1,1,android,2023-02-06 17:53:21,2023-02-06 17:53:21,0,0,0
"1000943",a1000943KZ1,1,android,2023-02-06 17:56:55,2023-02-06 18:03:00,365,6,1050
"1000943",a1000943KZ2,2,android,2023-02-07 17:35:03,2023-02-07 17:43:26,503,4,2000
"1000945",a1000945BY1,1,android,2023-02-06 18:08:57,2023-02-06 18:08:57,0,0,0
"1000946",i1000946US1,1,iOS,2023-02-06 18:13:08,2023-02-06 18:13:49,41,1,50
"1000949",a1000949GE1,1,android,2023-02-06 18:34:53,2023-02-06 18:34:56,3,0,0
"1000950",i1000950KZ1,1,iOS,2023-02-06 18:47:55,2023-02-06 18:54:22,387,6,1050
"1000950",i1000950KZ2,2,iOS,2023-02-07 18:36:10,2023-02-07 18:43:31,441,3,2000
"1000953",i1000953DE1,1,iOS,2023-02-06 19:16:12,2023-02-06 19:17:55,103,2,650
"1000954",a1000954ES1,1,android,2023-02-06 19:30:25,2023-02-06 19:30:28,3,0,0
"1000956",a1000956DE1,1,android,2023-02-06 19:45:08,2023-02-06 19:45:51,43,1,50
"1000957",a1000957KZ1,1,android,2023-02-06 19:58:46,2023-02-06 19:59:18,32,0,0
"1000959",a1000959US1,1,android,2023-02-06 20:21:57,2023-02-06 20:22:23,26,0,0
"1000961",a1000961PL1,1,android,2023-02-06 20:36:09,2023-02-06 20:38:56,167,2,750
"1000963",i1000963DE1,1,iOS,2023-02-06 20:59:31,2023-02-06 21:00:12,41,1,50
"1000966",a1000966RU1,1,android,2023-02-06 21:30:28,2023-02-06 21:30:45,17,0,0
"1000967",i1000967RU1,1,iOS,2023-02-06 21:40:03,2023-02-06 21:40:03,0,0,0
"1000968",i1000968PL1,1,iOS,2023-02-06 21:44:07,2023-02-06 21:50:16,369,6,1050
"1000968",i1000968PL2,2,iOS,2023-02-07 21:30:52,2023-02-07 21:39:05,493,5,2000
"1000968",i1000968PL3,3,iOS,2023-02-08 21:18:58,2023-02-08 21:20:47,109,1,1000
"1000970",i1000970KZ1,1,iOS,2023-02-06 21:59:12,2023-02-06 22:00:02,50,1,50
"1000971",i1000971DE1,1,iOS,1970-01-01 03:00:00,2023-02-06 22:01:37,1675710097,0,0
"1000972",i1000972KZ1,1,iOS,2023-02-06 22:12:14,2023-02-06 22:12:25,11,0,0
"1000973",a1000973RU1,1,android,2023-02-06 22:25:45,2023-02-06 22:25:52,7,0,0
"1000974",i1000974KZ1,1,iOS,2023-02-06 22:35:15,2023-02-06 22:35:54,39,1,50
"1000975",a1000975US1,1,android,2023-02-06 22:44:29,2023-02-06 22:45:12,43,0,0
"1000977",a1000977RU1,1,android,2023-02-06 23:07:24,2023-02-06 23:09:01,97,2,650
"1000980",i1000980IT1,1,iOS,2023-02-06 23:17:44,2023-02-06 23:18:01,17,0,0
"1000983",i1000983RU1,1,iOS,2023-02-06 23:42:53,2023-02-06 23:42:58,5,0,0
"1000984",i1000984US1,1,iOS,2023-02-06 23:51:53,2023-02-06 23:52:36,43,0,0
"1000987",i1000987DE1,1,iOS,2023-02-07 00:12:01,2023-02-07 00:12:46,45,0,0
"1000988",a1000988RU1,1,android,2023-02-07 00:21:39,2023-02-07 00:27:59,380,6,1050
"1000988",a1000988RU2,2,android,2023-02-08 00:04:27,2023-02-08 00:12:16,469,4,2000
"1000989",i1000989RU1,1,iOS,2023-02-07 00:27:32,2023-02-07 00:28:17,45,0,0
"1000990",a1000990NL1,1,android,2023-02-07 00:36:26,2023-02-07 00:36:40,14,0,0
"1000991",a1000991NL1,1,android,2023-02-07 00:50:09,2023-02-07 00:52:03,114,2,650
"1000995",a1000995RU1,1,android,2023-02-07 01:07:51,2023-02-07 01:08:12,21,0,0
"1000996",a1000996DE1,1,android,2023-02-07 01:17:25,2023-02-07 01:17:34,9,0,0
"1001001",a1001001GE1,1,android,2023-02-07 01:47:16,2023-02-07 01:47:16,0,0,0
"1001002",i1001002RU1,1,iOS,1970-01-01 03:00:00,2023-02-07 01:49:39,1675723779,0,0
"1001003",a1001003DE1,1,android,2023-02-07 01:56:33,2023-02-07 01:56:54,21,0,0
"1001005",a1001005BY1,1,android,2023-02-07 02:16:03,2023-02-07 02:16:09,6,0,0
"1001009",a1001009RU1,1,android,2023-02-07 02:53:43,2023-02-07 02:54:05,22,0,0
"1001011",a1001011KZ1,1,android,2023-02-07 03:01:56,2023-02-07 03:04:50,174,2,750
"1001015",i1001015RU1,1,iOS,2023-02-07 03:38:14,2023-02-07 03:44:59,405,6,1050
"1001015",i1001015RU2,2,iOS,2023-02-08 03:20:23,2023-02-08 03:26:15,352,3,1700
"1001017",a1001017PL1,1,android,2023-02-07 03:57:01,2023-02-07 03:57:27,26,0,0
"1001020",i1001020US1,1,iOS,2023-02-07 04:19:42,2023-02-07 04:24:19,277,4,950
"1001021",i1001021RU1,1,iOS,2023-02-07 04:25:05,2023-02-07 04:25:43,38,0,0
"1001022",a1001022RU1,1,android,2023-02-07 04:38:28,2023-02-07 04:39:02,34,0,0
"1001024",i1001024CA1,1,iOS,2023-02-07 04:56:54,2023-02-07 04:57:21,27,0,0
"1001025",a1001025RU1,1,android,2023-02-07 05:03:05,2023-02-07 05:03:05,0,0,0
"1001026",i1001026DE1,1,iOS,2023-02-07 05:12:18,2023-02-07 05:14:11,113,2,650
"1001027",a1001027DE1,1,android,2023-02-07 05:25:13,2023-02-07 05:28:06,173,3,750
"1001032",a1001032BY1,1,android,2023-02-07 06:18:05,2023-02-07 06:18:24,19,0,0
"1001033",a1001033US1,1,android,2023-02-07 06:23:10,2023-02-07 06:23:31,21,0,0
"1001034",a1001034US1,1,android,2023-02-07 06:33:04,2023-02-07 06:40:17,433,6,1050
"1001034",a1001034US2,2,android,2023-02-08 06:13:05,2023-02-08 06:20:55,470,5,2000
"1001034",a1001034US3,3,android,2023-02-09 05:44:23,2023-02-09 05:45:51,88,1,1000
"1001037",a1001037RU1,1,android,2023-02-07 06:42:52,2023-02-07 06:43:38,46,0,0
"1001038",a1001038RU1,1,android,2023-02-07 06:56:34,2023-02-07 06:56:34,0,0,0
"1001039",a1001039DE1,1,android,2023-02-07 07:06:08,2023-02-07 07:06:11,3,0,0
"1001040",a1001040RU1,1,android,2023-02-07 07:19:34,2023-02-07 07:19:37,3,0,0
"1001044",a1001044DE1,1,android,2023-02-07 07:53:22,2023-02-07 07:53:31,9,0,0
"1001045",a1001045RU1,1,android,2023-02-07 08:07:02,2023-02-07 08:07:21,19,0,0
"1001047",i1001047RU1,1,iOS,2023-02-07 08:22:13,2023-02-07 08:22:40,27,0,0
"1001054",a1001054GE1,1,android,1970-01-01 03:00:00,2023-02-07 09:34:02,1675751642,0,0
"1001055",a1001055KZ1,1,android,2023-02-07 09:37:51,2023-02-07 09:40:45,174,2,750
"1001057",a1001057ES1,1,android,2023-02-07 09:44:40,2023-02-07 09:45:05,25,0,0
"1001058",a1001058BY1,1,android,2023-02-07 09:57:43,2023-02-07 09:58:30,47,0,0
"1001067",a1001067KZ1,1,android,2023-02-07 11:04:54,2023-02-07 11:05:10,16,0,0
"1001071",a1001071US1,1,android,2023-02-07 11:30:19,2023-02-07 11:34:05,226,3,850
"1001072",i1001072RU1,1,iOS,2023-02-07 11:32:23,2023-02-07 11:33:07,44,1,50
"1001073",a1001073RU1,1,android,2023-02-07 11:46:27,2023-02-07 11:51:27,300,4,950
"1001074",a1001074KZ1,1,android,2023-02-07 11:50:23,2023-02-07 11:50:23,0,0,0
"1001077",i1001077PL1,1,iOS,2023-02-07 12:10:52,2023-02-07 12:11:07,15,0,0
"1001080",a1001080US1,1,android,2023-02-07 12:47:18,2023-02-07 12:51:48,270,4,950
"1001081",a1001081PL1,1,android,2023-02-07 13:01:03,2023-02-07 13:01:03,0,0,0
"1001082",i1001082CA1,1,iOS,2023-02-07 13:03:29,2023-02-07 13:03:54,25,0,0
"1001084",i1001084US1,1,iOS,2023-02-07 13:17:46,2023-02-07 13:17:54,8,0,0
"1001085",i1001085IT1,1,iOS,2023-02-07 13:27:37,2023-02-07 13:27:53,16,0,0
"1001087",a1001087RU1,1,android,2023-02-07 13:54:14,2023-02-07 13:54:56,42,0,0
"1001089",a1001089GE1,1,android,2023-02-07 14:12:40,2023-02-07 14:13:17,37,0,0
"1001092",i1001092DE1,1,iOS,2023-02-07 14:31:59,2023-02-07 14:32:27,28,0,0
"1001093",a1001093US1,1,android,2023-02-07 14:34:26,2023-02-07 14:36:20,114,2,650
"1001099",i1001099IT1,1,iOS,2023-02-07 15:16:58,2023-02-07 15:21:54,296,4,950
"1001100",i1001100RU1,1,iOS,2023-02-07 15:30:00,2023-02-07 15:36:07,367,6,1050
"1001100",i1001100RU2,2,iOS,2023-02-08 14:55:50,2023-02-08 15:03:15,445,5,2000
"1001100",i1001100RU3,3,iOS,2023-02-09 14:42:40,2023-02-09 14:44:25,105,1,1000
"1001101",i1001101RU1,1,iOS,2023-02-07 15:43:52,2023-02-07 15:43:52,0,0,0
"1001102",a1001102DE1,1,android,2023-02-07 15:53:27,2023-02-07 15:53:47,20,0,0
"1001104",a1001104IT1,1,android,2023-02-07 16:12:10,2023-02-07 16:12:26,16,0,0
"1001105",i1001105RU1,1,iOS,2023-02-07 16:26:15,2023-02-07 16:32:12,357,6,1050
"1001105",i1001105RU2,2,iOS,2023-02-08 16:13:59,2023-02-08 16:21:41,462,5,2000
"1001105",i1001105RU3,3,iOS,2023-02-09 15:35:13,2023-02-09 15:37:18,125,1,1000
"1001106",a1001106RU1,1,android,2023-02-07 16:30:11,2023-02-07 16:30:21,10,0,0
"1001107",a1001107BY1,1,android,2023-02-07 16:35:49,2023-02-07 16:39:32,223,3,850
"1001108",a1001108RU1,1,android,2023-02-07 16:44:54,2023-02-07 16:44:54,0,0,0
"1001109",a1001109KZ1,1,android,2023-02-07 16:53:54,2023-02-07 16:54:30,36,0,0
"1001111",a1001111BY1,1,android,2023-02-07 17:01:21,2023-02-07 17:01:24,3,0,0
"1001113",a1001113DE1,1,android,2023-02-07 17:23:43,2023-02-07 17:23:43,0,0,0
"1001115",i1001115BY1,1,iOS,2023-02-07 17:32:02,2023-02-07 17:32:49,47,0,0
"1001116",a1001116BY1,1,android,2023-02-07 17:35:58,2023-02-07 17:42:13,375,6,1050
"1001116",a1001116BY2,2,android,2023-02-08 17:19:25,2023-02-08 17:25:32,367,2,3200
"1001117",a1001117US1,1,android,2023-02-07 17:49:36,2023-02-07 17:49:39,3,0,0
"1001118",a1001118US1,1,android,2023-02-07 17:58:57,2023-02-07 17:59:52,55,0,0
"1001119",a1001119BY1,1,android,2023-02-07 18:04:27,2023-02-07 18:07:57,210,4,850
"1001121",i1001121RU1,1,iOS,2023-02-07 18:22:44,2023-02-07 18:22:44,0,0,0
"1001122",i1001122RU1,1,iOS,2023-02-07 18:26:48,2023-02-07 18:27:02,14,0,0
"1001123",a1001123KZ1,1,android,2023-02-07 18:29:46,2023-02-07 18:29:59,13,0,0
"1001124",i1001124GE1,1,iOS,2023-02-07 18:42:35,2023-02-07 18:45:30,175,3,750
"1001125",i1001125BY1,1,iOS,2023-02-07 18:49:05,2023-02-07 18:49:16,11,0,0
"1001127",a1001127BY1,1,android,2023-02-07 19:06:55,2023-02-07 19:11:29,274,4,950
"1001131",a1001131GE1,1,android,2023-02-07 19:42:02,2023-02-07 19:42:30,28,0,0
"1001132",i1001132US1,1,iOS,2023-02-07 19:46:25,2023-02-07 19:47:02,37,0,0
"1001133",a1001133BY1,1,android,2023-02-07 19:56:13,2023-02-07 20:02:32,379,6,1050
"1001133",a1001133BY2,2,android,2023-02-08 19:33:39,2023-02-08 19:40:59,440,4,2000
"1001134",a1001134RU1,1,android,2023-02-07 20:01:46,2023-02-07 20:02:07,21,0,0
"1001135",a1001135RU1,1,android,2023-02-07 20:15:34,2023-02-07 20:17:09,95,2,650
"1001136",i1001136US1,1,iOS,2023-02-07 20:24:40,2023-02-07 20:25:18,38,0,0
"1001138",a1001138RU1,1,android,2023-02-07 20:47:33,2023-02-07 20:53:11,338,6,1050
"1001138",a1001138RU2,2,android,2023-02-08 20:42:47,2023-02-08 20:50:25,458,5,2000
"1001138",a1001138RU3,3,android,2023-02-09 20:16:45,2023-02-09 20:18:19,94,1,1000
"1001139",i1001139GE1,1,iOS,2023-02-07 20:56:12,2023-02-07 20:56:22,10,0,0
"1001141",a1001141RU1,1,android,2023-02-07 21:07:28,2023-02-07 21:08:13,45,0,0
"1001142",a1001142RU1,1,android,2023-02-07 21:12:04,2023-02-07 21:12:21,17,0,0
"1001144",a1001144DE1,1,android,2023-02-07 21:25:53,2023-02-07 21:26:25,32,0,0
"1001145",i1001145ES1,1,iOS,2023-02-07 21:28:02,2023-02-07 21:28:10,8,0,0
"1001146",i1001146BY1,1,iOS,2023-02-07 21:41:07,2023-02-07 21:41:59,52,0,0
"1001147",i1001147KZ1,1,iOS,2023-02-07 21:43:22,2023-02-07 21:44:06,44,1,50
"1001149",a1001149ES1,1,android,2023-02-07 21:53:24,2023-02-07 21:57:52,268,4,950
"1001151",i1001151RU1,1,iOS,2023-02-07 22:08:33,2023-02-07 22:14:39,366,5,1050
"1001151",i1001151RU2,2,iOS,2023-02-07 23:09:12,2023-02-07 23:10:47,95,1,100
"1001152",i1001152US1,1,iOS,2023-02-07 22:18:00,2023-02-07 22:18:51,51,0,0
"1001153",a1001153US1,1,android,2023-02-07 22:23:17,2023-02-07 22:28:43,326,4,950
"1001154",a1001154RU1,1,android,2023-02-07 22:29:12,2023-02-07 22:29:38,26,0,0
"1001156",a1001156RU1,1,android,2023-02-07 22:48:14,2023-02-07 22:50:50,156,3,750
"1001158",a1001158RU1,1,android,2023-02-07 23:11:38,2023-02-07 23:11:38,0,0,0
"1001159",i1001159GE1,1,iOS,2023-02-07 23:20:18,2023-02-07 23:26:42,384,6,1050
"1001159",i1001159GE2,2,iOS,2023-02-08 23:20:01,2023-02-08 23:27:26,445,4,2000
"1001160",a1001160GE1,1,android,2023-02-07 23:30:13,2023-02-07 23:34:55,282,4,950
"1001161",a1001161RU1,1,android,2023-02-07 23:35:11,2023-02-07 23:41:39,388,6,1050
"1001161",a1001161RU2,2,android,2023-02-08 22:48:40,2023-02-08 22:57:00,500,4,2000
"1001162",i1001162DE1,1,iOS,2023-02-07 23:39:15,2023-02-07 23:39:18,3,0,0
"1001167",a1001167DE1,1,android,2023-02-08 00:17:56,2023-02-08 00:18:32,36,0,0
"1001171",i1001171DE1,1,iOS,2023-02-08 00:45:42,2023-02-08 00:45:50,8,0,0
"1001172",i1001172DE1,1,iOS,2023-02-08 00:51:29,2023-02-08 00:51:32,3,0,0
"1001177",i1001177RU1,1,iOS,2023-02-08 01:38:58,2023-02-08 01:39:14,16,0,0
"1001178",a1001178RU1,1,android,2023-02-08 01:43:21,2023-02-08 01:43:30,9,0,0
"1001179",a1001179RU1,1,android,2023-02-08 01:52:25,2023-02-08 01:52:42,17,0,0
"1001183",i1001183DE1,1,iOS,2023-02-08 02:23:52,2023-02-08 02:24:40,48,1,50
"1001186",a1001186RU1,1,android,2023-02-08 02:40:46,2023-02-08 02:45:37,291,4,950
"1001187",a1001187RU1,1,android,2023-02-08 02:50:17,2023-02-08 02:50:22,5,0,0
"1001188",a1001188ES1,1,android,2023-02-08 02:58:53,2023-02-08 03:02:41,228,4,850
"1001189",a1001189US1,1,android,2023-02-08 03:12:42,2023-02-08 03:12:53,11,0,0
"1001190",a1001190BY1,1,android,2023-02-08 03:18:38,2023-02-08 03:24:49,371,6,1050
"1001190",a1001190BY2,2,android,2023-02-09 02:58:57,2023-02-09 03:08:04,547,4,2000
"1001191",a1001191RU1,1,android,2023-02-08 03:27:41,2023-02-08 03:33:39,358,6,1050
"1001191",a1001191RU2,2,android,2023-02-09 03:07:15,2023-02-09 03:13:16,361,2,3200
"1001193",a1001193RU1,1,android,2023-02-08 03:39:26,2023-02-08 03:39:31,5,0,0
"1001194",a1001194NL1,1,android,2023-02-08 03:43:39,2023-02-08 03:43:49,10,0,0
"1001195",a1001195KZ1,1,android,2023-02-08 03:52:23,2023-02-08 03:52:23,0,0,0
"1001197",a1001197ES1,1,android,2023-02-08 04:10:16,2023-02-08 04:14:16,240,4,850
"1001199",i1001199IT1,1,iOS,2023-02-08 04:37:42,2023-02-08 04:43:38,356,5,1050
"1001199",i1001199IT2,2,iOS,2023-02-08 05:27:02,2023-02-08 05:28:51,109,1,100
"1001200",i1001200RU1,1,iOS,2023-02-08 04:43:48,2023-02-08 04:43:58,10,0,0
"1001201",a1001201KZ1,1,android,2023-02-08 04:49:01,2023-02-08 04:49:05,4,0,0
"1001203",a1001203RU1,1,android,2023-02-08 05:16:28,2023-02-08 05:17:10,42,1,50
"1001205",a1001205US1,1,android,2023-02-08 05:27:37,2023-02-08 05:29:23,106,2,650
"1001207",i1001207US1,1,iOS,2023-02-08 05:47:21,2023-02-08 05:47:41,20,0,0
"1001209",a1001209LT1,1,android,2023-02-08 06:06:35,2023-02-08 06:12:53,378,6,1050
"1001209",a1001209LT2,2,android,2023-02-09 06:04:30,2023-02-09 06:10:03,333,3,1700
"1001211",a1001211DE1,1,android,2023-02-08 06:21:19,2023-02-08 06:21:39,20,0,0
"1001213",i1001213CA1,1,iOS,2023-02-08 06:40:20,2023-02-08 06:46:21,361,6,1050
"1001213",i1001213CA2,2,iOS,2023-02-09 05:49:44,2023-02-09 05:57:46,482,4,2000
"1001215",a1001215DE1,1,android,2023-02-08 07:00:06,2023-02-08 07:01:43,97,2,650
"1001220",i1001220KZ1,1,iOS,2023-02-08 07:59:43,2023-02-08 08:00:27,44,0,0
"1001221",i1001221CA1,1,iOS,2023-02-08 08:09:24,2023-02-08 08:09:42,18,0,0
"1001223",a1001223DE1,1,android,2023-02-08 08:32:22,2023-02-08 08:35:23,181,3,750
"1001224",i1001224US1,1,iOS,2023-02-08 08:34:13,2023-02-08 08:34:53,40,0,0
"1001225",a1001225KZ1,1,android,2023-02-08 08:39:58,2023-02-08 08:40:25,27,0,0
"1001226",a1001226PL1,1,android,2023-02-08 08:45:28,2023-02-08 08:46:04,36,0,0
"1001230",a1001230RU1,1,android,2023-02-08 09:10:27,2023-02-08 09:10:27,0,0,0
"1001232",i1001232DE1,1,iOS,2023-02-08 09:33:03,2023-02-08 09:33:07,4,0,0
"1001233",i1001233DE1,1,iOS,2023-02-08 09:42:19,2023-02-08 09:45:11,172,3,750
"1001234",a1001234DE1,1,android,2023-02-08 09:55:58,2023-02-08 09:55:58,0,0,0
"1001235",i1001235CA1,1,iOS,2023-02-08 10:09:32,2023-02-08 10:09:35,3,0,0
"1001236",a1001236NL1,1,android,2023-02-08 10:14:01,2023-02-08 10:20:06,365,6,1050
"1001236",a1001236NL2,2,android,2023-02-09 09:48:34,2023-02-09 09:56:50,496,4,2000
"1001239",i1001239RU1,1,iOS,2023-02-08 10:34:37,2023-02-08 10:34:48,11,0,0
"1001243",a1001243PL1,1,android,1970-01-01 03:00:00,2023-02-08 11:14:09,1675844049,0,0
"1001244",a1001244LV1,1,android,2023-02-08 11:21:02,2023-02-08 11:21:25,23,0,0
"1001245",a1001245PL1,1,android,2023-02-08 11:25:24,2023-02-08 11:30:22,298,4,950
"1001247",i1001247BY1,1,iOS,2023-02-08 11:44:34,2023-02-08 11:54:28,594,3,950
"1001248",i1001248CA1,1,iOS,2023-02-08 11:57:14,2023-02-08 12:01:49,275,4,950
"1001250",i1001250ES1,1,iOS,2023-02-08 12:12:12,2023-02-08 12:18:08,356,6,1050
"1001250",i1001250ES2,2,iOS,2023-02-09 11:51:38,2023-02-09 11:58:51,433,4,2000
"1001251",i1001251US1,1,iOS,2023-02-08 12:18:07,2023-02-08 12:23:51,344,6,1050
"1001251",i1001251US2,2,iOS,2023-02-09 12:08:22,2023-02-09 12:15:56,454,5,2000
"1001251",i1001251US3,3,iOS,2023-02-10 11:32:09,2023-02-10 11:34:16,127,1,1000
"1001253",a1001253ES1,1,android,2023-02-08 12:32:48,2023-02-08 12:38:30,342,6,1050
"1001253",a1001253ES2,2,android,2023-02-09 12:20:10,2023-02-09 12:28:32,502,5,2000
"1001253",a1001253ES3,3,android,2023-02-10 12:04:13,2023-02-10 12:05:57,104,0,1000
"1001254",i1001254PL1,1,iOS,2023-02-08 12:47:03,2023-02-08 12:47:03,0,0,0
"1001257",i1001257US1,1,iOS,2023-02-08 13:02:29,2023-02-08 13:05:07,158,3,750
"1001258",a1001258CA1,1,android,2023-02-08 13:16:27,2023-02-08 13:16:27,0,0,0
"1001259",a1001259ES1,1,android,2023-02-08 13:25:44,2023-02-08 13:27:39,115,2,650
"1001261",a1001261GE1,1,android,2023-02-08 13:38:51,2023-02-08 13:44:47,356,6,1050
"1001261",a1001261GE2,2,android,2023-02-09 12:50:36,2023-02-09 12:58:16,460,5,2000
"1001261",a1001261GE3,3,android,2023-02-10 12:42:01,2023-02-10 12:43:55,114,0,1000
"1001262",a1001262US1,1,android,2023-02-08 13:48:16,2023-02-08 13:48:20,4,0,0
"1001263",a1001263US1,1,android,2023-02-08 13:52:11,2023-02-08 13:52:15,4,0,0
"1001264",a1001264US1,1,android,2023-02-08 14:05:55,2023-02-08 14:06:35,40,1,50
"1001266",a1001266GE1,1,android,2023-02-08 14:17:39,2023-02-08 14:17:39,0,0,0
"1001269",a1001269KZ1,1,android,2023-02-08 14:45:57,2023-02-08 14:46:30,33,1,50
"1001270",a1001270IT1,1,android,2023-02-08 14:59:34,2023-02-08 14:59:34,0,0,0
"1001272",i1001272PL1,1,iOS,2023-02-08 15:19:00,2023-02-08 15:20:44,104,2,650
"1001273",i1001273PL1,1,iOS,2023-02-08 15:32:44,2023-02-08 15:33:25,41,1,50
"1001274",a1001274KZ1,1,android,2023-02-08 15:37:03,2023-02-08 15:37:08,5,0,0
"1001275",a1001275KZ1,1,android,2023-02-08 15:50:40,2023-02-08 15:50:44,4,0,0
"1001276",i1001276DE1,1,iOS,2023-02-08 16:03:28,2023-02-08 16:03:33,5,0,0
"1001277",i1001277US1,1,iOS,2023-02-08 16:08:04,2023-02-08 16:08:13,9,0,0
"1001281",i1001281GE1,1,iOS,2023-02-08 16:57:43,2023-02-08 16:57:50,7,0,0
"1001284",i1001284IT1,1,iOS,2023-02-08 17:30:01,2023-02-08 17:34:55,294,4,950
"1001285",i1001285BY1,1,iOS,2023-02-08 17:38:57,2023-02-08 17:39:06,9,0,0
"1001287",i1001287RU1,1,iOS,2023-02-08 17:57:40,2023-02-08 17:58:11,31,0,0
"1001289",a1001289RU1,1,android,2023-02-08 18:08:50,2023-02-08 18:09:41,51,0,0
"1001290",i1001290RU1,1,iOS,2023-02-08 18:18:11,2023-02-08 18:18:57,46,1,50
"1001291",a1001291RU1,1,android,2023-02-08 18:20:33,2023-02-08 18:20:54,21,0,0
"1001292",i1001292US1,1,iOS,2023-02-08 18:22:41,2023-02-08 18:26:39,238,4,850
"1001293",i1001293BY1,1,iOS,1970-01-01 03:00:00,2023-02-08 18:24:30,1675869870,0,0
"1001294",i1001294BY1,1,iOS,2023-02-08 18:31:20,2023-02-08 18:35:20,240,4,850
"1001298",i1001298PL1,1,iOS,1970-01-01 03:00:00,2023-02-08 18:51:44,1675871504,0,0
"1001299",a1001299US1,1,android,2023-02-08 19:02:15,2023-02-08 19:02:55,40,0,0
"1001300",a1001300PL1,1,android,2023-02-08 19:15:35,2023-02-08 19:17:18,103,2,650
"1001301",a1001301KZ1,1,android,2023-02-08 19:18:12,2023-02-08 19:18:39,27,0,0
"1001302",i1001302GE1,1,iOS,2023-02-08 19:31:40,2023-02-08 19:38:20,400,6,1050
"1001302",i1001302GE2,2,iOS,2023-02-09 18:43:11,2023-02-09 18:50:07,416,5,2000
"1001302",i1001302GE3,3,iOS,2023-02-10 18:25:20,2023-02-10 18:26:38,78,0,1000
"1001303",i1001303RU1,1,iOS,2023-02-08 19:35:43,2023-02-08 19:37:22,99,2,650
"1001304",a1001304DE1,1,android,2023-02-08 19:41:08,2023-02-08 19:41:08,0,0,0
"1001305",a1001305IT1,1,android,2023-02-08 19:46:58,2023-02-08 19:53:15,377,6,1050
"1001305",a1001305IT2,2,android,2023-02-09 19:08:04,2023-02-09 19:16:10,486,4,2000
"1001306",a1001306IT1,1,android,2023-02-08 19:56:08,2023-02-08 19:56:15,7,0,0
"1001308",i1001308PL1,1,iOS,2023-02-08 20:19:06,2023-02-08 20:19:06,0,0,0
"1001309",a1001309RU1,1,android,2023-02-08 20:32:33,2023-02-08 20:32:50,17,0,0
"1001311",i1001311KZ1,1,iOS,2023-02-08 20:47:49,2023-02-08 20:53:26,337,6,1050
"1001311",i1001311KZ2,2,iOS,2023-02-09 20:38:35,2023-02-09 20:46:34,479,4,2000
"1001313",a1001313BY1,1,android,2023-02-08 20:57:33,2023-02-08 20:58:02,29,0,0
"1001314",a1001314BY1,1,android,2023-02-08 21:10:33,2023-02-08 21:11:12,39,1,50
"1001315",a1001315KZ1,1,android,2023-02-08 21:20:28,2023-02-08 21:20:37,9,0,0
"1001316",i1001316LT1,1,iOS,2023-02-08 21:29:54,2023-02-08 21:29:54,0,0,0
"1001317",a1001317PL1,1,android,2023-02-08 21:43:05,2023-02-08 21:43:54,49,1,50
"1001322",i1001322KZ1,1,iOS,2023-02-08 22:27:47,2023-02-08 22:34:29,402,5,1050
"1001322",i1001322KZ2,2,iOS,2023-02-08 23:25:14,2023-02-08 23:26:29,75,1,100
"1001323",a1001323RU1,1,android,1970-01-01 03:00:00,2023-02-08 22:35:38,1675884938,0,0
"1001326",a1001326IT1,1,android,2023-02-08 23:13:25,2023-02-08 23:13:25,0,0,0
"1001328",a1001328NL1,1,android,2023-02-08 23:40:57,2023-02-08 23:44:44,227,3,850
"1001330",a1001330IT1,1,android,2023-02-08 23:58:16,2023-02-08 23:58:57,41,0,0
"1001331",i1001331ES1,1,iOS,2023-02-09 00:00:21,2023-02-09 00:00:21,0,0,0
"1001333",a1001333KZ1,1,android,2023-02-09 00:23:27,2023-02-09 00:26:58,211,2,850
"1001335",a1001335IT1,1,android,2023-02-09 00:37:21,2023-02-09 00:40:14,173,3,750
"1001339",a1001339BY1,1,android,1970-01-01 03:00:00,2023-02-09 01:17:35,1675894655,0,0
"1001342",a1001342IT1,1,android,1970-01-01 03:00:00,2023-02-09 01:58:20,1675897100,0,0
"1001343",a1001343LV1,1,android,2023-02-09 02:05:51,2023-02-09 02:06:15,24,0,0
"1001344",i1001344PL1,1,iOS,2023-02-09 02:18:50,2023-02-09 02:19:14,24,0,0
"1001345",i1001345PL1,1,iOS,2023-02-09 02:28:51,2023-02-09 02:33:24,273,4,950
"1001346",a1001346RU1,1,android,2023-02-09 02:30:21,2023-02-09 02:31:07,46,1,50
"1001347",a1001347NL1,1,android,2023-02-09 02:36:15,2023-02-09 02:42:37,382,6,1050
"1001347",a1001347NL2,2,android,2023-02-10 02:20:09,2023-02-10 02:28:47,518,4,2000
"1001350",a1001350RU1,1,android,2023-02-09 03:01:13,2023-02-09 03:01:31,18,0,0
"1001351",a1001351RU1,1,android,2023-02-09 03:03:36,2023-02-09 03:03:36,0,0,0
"1001352",a1001352RU1,1,android,2023-02-09 03:13:16,2023-02-09 03:13:34,18,0,0
"1001354",i1001354US1,1,iOS,2023-02-09 03:27:58,2023-02-09 03:30:54,176,2,750
"1001355",a1001355US1,1,android,2023-02-09 03:36:46,2023-02-09 03:37:01,15,0,0
"1001357",i1001357RU1,1,iOS,2023-02-09 03:53:22,2023-02-09 03:53:59,37,0,0
"1001358",a1001358RU1,1,android,2023-02-09 04:02:33,2023-02-09 04:05:04,151,3,750
"1001360",a1001360BY1,1,android,2023-02-09 04:17:13,2023-02-09 04:20:02,169,3,750
"1001361",i1001361RU1,1,iOS,2023-02-09 04:31:09,2023-02-09 04:37:31,382,6,1050
"1001361",i1001361RU2,2,iOS,2023-02-10 04:18:15,2023-02-10 04:26:30,495,3,2000
"1001362",i1001362RU1,1,iOS,2023-02-09 04:39:54,2023-02-09 04:42:27,153,3,750
"1001364",i1001364PL1,1,iOS,2023-02-09 04:58:28,2023-02-09 04:58:37,9,0,0
"1001367",a1001367RU1,1,android,2023-02-09 05:30:27,2023-02-09 05:30:27,0,0,0
"1001368",i1001368IT1,1,iOS,2023-02-09 05:40:13,2023-02-09 05:40:40,27,0,0
"1001371",a1001371IT1,1,android,2023-02-09 06:01:20,2023-02-09 06:01:59,39,0,0
"1001372",a1001372RU1,1,android,2023-02-09 06:15:15,2023-02-09 06:15:15,0,0,0
"1001373",a1001373KZ1,1,android,2023-02-09 06:20:56,2023-02-09 06:23:26,150,3,750
"1001374",i1001374US1,1,iOS,2023-02-09 06:26:19,2023-02-09 06:26:19,0,0,0
"1001375",i1001375ES1,1,iOS,2023-02-09 06:36:09,2023-02-09 06:36:14,5,0,0
"1001376",i1001376CA1,1,iOS,2023-02-09 06:40:30,2023-02-09 06:40:40,10,0,0
"1001378",a1001378RU1,1,android,2023-02-09 06:58:04,2023-02-09 06:58:04,0,0,0
"1001379",i1001379ES1,1,iOS,2023-02-09 07:11:17,2023-02-09 07:11:17,0,0,0
"1001381",a1001381PL1,1,android,2023-02-09 07:30:03,2023-02-09 07:30:13,10,0,0
"1001382",i1001382RU1,1,iOS,2023-02-09 07:38:46,2023-02-09 07:39:36,50,1,50
"1001385",a1001385US1,1,android,2023-02-09 07:54:47,2023-02-09 07:54:53,6,0,0
"1001386",a1001386LV1,1,android,2023-02-09 08:00:32,2023-02-09 08:06:29,357,6,1050
"1001386",a1001386LV2,2,android,2023-02-10 07:41:31,2023-02-10 07:49:32,481,5,2000
"1001386",a1001386LV3,3,android,2023-02-11 07:27:29,2023-02-11 07:29:47,138,1,1000
"1001389",a1001389US1,1,android,2023-02-09 08:18:07,2023-02-09 08:18:39,32,0,0
"1001391",a1001391GE1,1,android,2023-02-09 08:28:17,2023-02-09 08:28:17,0,0,0
"1001394",a1001394NL1,1,android,2023-02-09 08:54:26,2023-02-09 08:55:17,51,1,50
"1001396",a1001396IT1,1,android,2023-02-09 09:06:14,2023-02-09 09:08:02,108,2,650
"1001397",a1001397RU1,1,android,2023-02-09 09:20:09,2023-02-09 09:20:20,11,0,0
"1001398",i1001398KZ1,1,iOS,2023-02-09 09:28:58,2023-02-09 09:28:58,0,0,0
"1001399",a1001399IT1,1,android,2023-02-09 09:42:35,2023-02-09 09:42:52,17,0,0
"1001400",i1001400GE1,1,iOS,2023-02-09 09:44:52,2023-02-09 09:47:24,152,3,750
"1001401",a1001401RU1,1,android,2023-02-09 09:47:44,2023-02-09 09:48:22,38,0,0
"1001404",a1001404KZ1,1,android,1970-01-01 03:00:00,2023-02-09 10:07:24,1675926444,0,0
"1001407",i1001407PL1,1,iOS,2023-02-09 10:40:50,2023-02-09 10:41:03,13,0,0
"1001409",i1001409RU1,1,iOS,2023-02-09 11:00:23,2023-02-09 11:00:55,32,0,0
"1001412",a1001412KZ1,1,android,2023-02-09 11:15:58,2023-02-09 11:16:21,23,0,0
"1001415",i1001415RU1,1,iOS,2023-02-09 11:41:25,2023-02-09 11:41:40,15,0,0
"1001417",i1001417DE1,1,iOS,2023-02-09 11:57:31,2023-02-09 11:57:48,17,0,0
"1001421",i1001421ES1,1,iOS,2023-02-09 12:34:34,2023-02-09 12:35:16,42,0,0
"1001424",a1001424DE1,1,android,2023-02-09 12:55:15,2023-02-09 12:55:57,42,0,0
"1001425",i1001425RU1,1,iOS,2023-02-09 12:57:21,2023-02-09 12:57:27,6,0,0
"1001426",a1001426GE1,1,android,2023-02-09 13:00:29,2023-02-09 13:01:07,38,0,0
"1001427",a1001427US1,1,android,2023-02-09 13:02:32,2023-02-09 13:04:24,112,2,650
"1001430",i1001430NL1,1,iOS,1970-01-01 03:00:00,2023-02-09 13:34:04,1675938844,0,0
"1001433",a1001433ES1,1,android,2023-02-09 14:07:45,2023-02-09 14:08:11,26,0,0
"1001434",a1001434US1,1,android,2023-02-09 14:13:53,2023-02-09 14:23:06,553,3,950
"1001435",i1001435US1,1,iOS,2023-02-09 14:23:01,2023-02-09 14:23:41,40,0,0
"1001436",a1001436RU1,1,android,2023-02-09 14:32:09,2023-02-09 14:39:04,415,5,1050
"1001436",a1001436RU2,2,android,2023-02-09 15:11:39,2023-02-09 15:13:08,89,1,100
"1001439",a1001439IT1,1,android,2023-02-09 15:01:03,2023-02-09 15:01:31,28,0,0
"1001441",i1001441RU1,1,iOS,2023-02-09 15:16:03,2023-02-09 15:16:40,37,0,0
"1001442",i1001442KZ1,1,iOS,2023-02-09 15:29:22,2023-02-09 15:29:41,19,0,0
"1001444",a1001444LT1,1,android,2023-02-09 15:48:02,2023-02-09 15:48:05,3,0,0
"1001445",a1001445US1,1,android,2023-02-09 15:50:20,2023-02-09 15:56:28,368,5,1050
"1001445",a1001445US2,2,android,2023-02-09 16:33:47,2023-02-09 16:35:14,87,1,100
"1001447",i1001447DE1,1,iOS,2023-02-09 16:01:51,2023-02-09 16:01:51,0,0,0
"1001448",i1001448PL1,1,iOS,2023-02-09 16:11:22,2023-02-09 16:13:01,99,1,650
"1001449",i1001449RU1,1,iOS,2023-02-09 16:19:54,2023-02-09 16:19:58,4,0,0
"1001453",a1001453US1,1,android,2023-02-09 16:48:18,2023-02-09 16:48:51,33,0,0
"1001454",a1001454US1,1,android,2023-02-09 17:02:19,2023-02-09 17:02:34,15,0,0
"1001455",a1001455US1,1,android,2023-02-09 17:15:28,2023-02-09 17:15:36,8,0,0
"1001457",a1001457PL1,1,android,2023-02-09 17:38:39,2023-02-09 17:38:56,17,0,0
"1001458",a1001458RU1,1,android,2023-02-09 17:44:03,2023-02-09 17:44:51,48,1,50
"1001459",a1001459KZ1,1,android,1970-01-01 03:00:00,2023-02-09 17:47:11,1675954031,0,0
"1001460",a1001460LT1,1,android,2023-02-09 17:57:37,2023-02-09 18:03:59,382,6,1050
"1001460",a1001460LT2,2,android,2023-02-10 17:13:51,2023-02-10 17:22:10,499,4,2000
"1001461",a1001461BY1,1,android,2023-02-09 18:03:04,2023-02-09 18:04:49,105,2,650
"1001462",i1001462NL1,1,iOS,2023-02-09 18:05:59,2023-02-09 18:07:47,108,2,650
"1001463",a1001463RU1,1,android,2023-02-09 18:19:16,2023-02-09 18:19:16,0,0,0
"1001464",a1001464RU1,1,android,2023-02-09 18:28:59,2023-02-09 18:34:12,313,4,950
"1001466",a1001466RU1,1,android,2023-02-09 18:36:30,2023-02-09 18:36:52,22,0,0
"1001467",a1001467NL1,1,android,2023-02-09 18:45:57,2023-02-09 18:52:12,375,5,1050
"1001467",a1001467NL2,2,android,2023-02-09 19:25:13,2023-02-09 19:26:47,94,1,100
"1001469",a1001469RU1,1,android,2023-02-09 19:08:16,2023-02-09 19:14:19,363,6,1050
"1001469",a1001469RU2,2,android,2023-02-10 19:00:20,2023-02-10 19:08:14,474,5,2000
"1001469",a1001469RU3,3,android,2023-02-11 18:38:16,2023-02-11 18:40:30,134,1,1000
"1001471",a1001471NL1,1,android,2023-02-09 19:26:51,2023-02-09 19:31:03,252,4,850
"1001472",a1001472PL1,1,android,2023-02-09 19:32:07,2023-02-09 19:32:07,0,0,0
"1001475",i1001475GE1,1,iOS,2023-02-09 19:49:37,2023-02-09 19:49:59,22,0,0
"1001476",a1001476RU1,1,android,2023-02-09 20:03:24,2023-02-09 20:03:27,3,0,0
"1001478",i1001478GE1,1,iOS,2023-02-09 20:30:18,2023-02-09 20:30:25,7,0,0
"1001482",i1001482DE1,1,iOS,2023-02-09 21:02:59,2023-02-09 21:03:03,4,0,0
"1001483",a1001483US1,1,android,2023-02-09 21:12:02,2023-02-09 21:12:43,41,1,50
"1001485",a1001485BY1,1,android,2023-02-09 21:30:53,2023-02-09 21:31:39,46,0,0
"1001486",i1001486RU1,1,iOS,1970-01-01 03:00:00,2023-02-09 21:38:42,1675967922,0,0
"1001487",a1001487DE1,1,android,2023-02-09 21:45:50,2023-02-09 21:46:01,11,0,0
"1001488",i1001488KZ1,1,iOS,2023-02-09 21:59:39,2023-02-09 22:00:00,21,0,0
"1001489",i1001489IT1,1,iOS,2023-02-09 22:03:44,2023-02-09 22:04:07,23,0,0
"1001490",a1001490GE1,1,android,2023-02-09 22:09:20,2023-02-09 22:09:23,3,0,0
"1001491",a1001491RU1,1,android,2023-02-09 22:13:47,2023-02-09 22:14:02,15,0,0
"1001496",i1001496BY1,1,iOS,2023-02-09 23:01:12,2023-02-09 23:04:30,198,4,850
"1001498",a1001498CA1,1,android,2023-02-09 23:24:15,2023-02-09 23:24:15,0,0,0
"1001501",a1001501KZ1,1,android,2023-02-10 00:00:21,2023-02-10 00:00:21,0,0,0
"1001502",a1001502RU1,1,android,2023-02-10 00:09:47,2023-02-10 00:13:39,232,3,850
"1001503",a1001503LT1,1,android,2023-02-10 00:19:22,2023-02-10 00:20:04,42,0,0
"1001505",i1001505US1,1,iOS,2023-02-10 00:33:27,2023-02-10 00:35:00,93,2,650
"1001506",i1001506RU1,1,iOS,2023-02-10 00:47:18,2023-02-10 00:57:45,627,2,950
"1001509",i1001509NL1,1,iOS,2023-02-10 01:16:28,2023-02-10 01:16:32,4,0,0
"1001510",a1001510GE1,1,android,2023-02-10 01:29:50,2023-02-10 01:35:42,352,6,1050
"1001510",a1001510GE2,2,android,2023-02-11 00:57:10,2023-02-11 01:04:54,464,5,2000
"1001510",a1001510GE3,3,android,2023-02-12 00:38:20,2023-02-12 00:40:11,111,0,1000
"1001511",a1001511RU1,1,android,2023-02-10 01:38:37,2023-02-10 01:38:37,0,0,0
"1001513",i1001513US1,1,iOS,2023-02-10 02:01:46,2023-02-10 02:02:30,44,1,50
"1001514",i1001514ES1,1,iOS,2023-02-10 02:07:12,2023-02-10 02:09:52,160,3,750
"1001515",a1001515US1,1,android,2023-02-10 02:11:07,2023-02-10 02:11:24,17,0,0
"1001516",i1001516KZ1,1,iOS,2023-02-10 02:20:50,2023-02-10 02:21:24,34,0,0
"1001518",i1001518KZ1,1,iOS,2023-02-10 02:39:47,2023-02-10 02:46:16,389,6,1050
"1001518",i1001518KZ2,2,iOS,2023-02-11 02:32:44,2023-02-11 02:40:15,451,4,2000
"1001519",a1001519DE1,1,android,2023-02-10 02:49:11,2023-02-10 02:49:55,44,0,0
"1001520",a1001520ES1,1,android,2023-02-10 02:58:28,2023-02-10 02:58:28,0,0,0
"1001521",a1001521PL1,1,android,2023-02-10 03:02:58,2023-02-10 03:02:58,0,0,0
"1001522",a1001522GE1,1,android,2023-02-10 03:16:19,2023-02-10 03:16:29,10,0,0
"1001523",a1001523RU1,1,android,2023-02-10 03:21:57,2023-02-10 03:22:08,11,0,0
"1001524",a1001524KZ1,1,android,2023-02-10 03:25:51,2023-02-10 03:27:28,97,2,650
"1001525",i1001525RU1,1,iOS,2023-02-10 03:40:00,2023-02-10 03:40:11,11,0,0
"1001526",a1001526ES1,1,android,2023-02-10 03:49:08,2023-02-10 03:49:16,8,0,0
"1001528",a1001528BY1,1,android,2023-02-10 04:08:27,2023-02-10 04:08:39,12,0,0
"1001535",a1001535KZ1,1,android,2023-02-10 04:55:27,2023-02-10 04:56:18,51,0,0
"1001536",a1001536US1,1,android,2023-02-10 05:09:31,2023-02-10 05:09:45,14,0,0
"1001537",i1001537PL1,1,iOS,2023-02-10 05:22:37,2023-02-10 05:23:05,28,0,0
"1001539",a1001539DE1,1,android,2023-02-10 05:37:57,2023-02-10 05:38:18,21,0,0
"1001540",i1001540RU1,1,iOS,2023-02-10 05:46:46,2023-02-10 05:47:32,46,1,50
"1001541",a1001541DE1,1,android,2023-02-10 06:01:15,2023-02-10 06:02:01,46,0,0
"1001544",a1001544ES1,1,android,2023-02-10 06:21:08,2023-02-10 06:21:29,21,0,0
"1001545",i1001545RU1,1,iOS,2023-02-10 06:30:49,2023-02-10 06:33:32,163,3,750
"1001546",a1001546US1,1,android,2023-02-10 06:39:26,2023-02-10 06:44:04,278,4,950
"1001548",a1001548CA1,1,android,2023-02-10 06:57:58,2023-02-10 07:01:45,227,3,850
"1001549",i1001549US1,1,iOS,2023-02-10 07:04:07,2023-02-10 07:10:09,362,5,1050
"1001549",i1001549US2,2,iOS,2023-02-10 07:40:18,2023-02-10 07:41:56,98,1,100
"1001555",a1001555RU1,1,android,2023-02-10 07:51:12,2023-02-10 07:51:45,33,0,0
"1001558",a1001558US1,1,android,2023-02-10 08:11:17,2023-02-10 08:17:39,382,6,1050
"1001558",a1001558US2,2,android,2023-02-11 07:33:56,2023-02-11 07:40:07,371,2,3200
"1001559",a1001559LV1,1,android,2023-02-10 08:25:46,2023-02-10 08:27:25,99,2,650
"1001560",i1001560ES1,1,iOS,2023-02-10 08:31:09,2023-02-10 08:31:09,0,0,0
"1001563",a1001563KZ1,1,android,2023-02-10 08:48:32,2023-02-10 08:50:58,146,2,750
"1001565",a1001565RU1,1,android,2023-02-10 09:00:33,2023-02-10 09:04:09,216,4,850
"1001566",i1001566ES1,1,iOS,2023-02-10 09:06:14,2023-02-10 09:07:04,50,0,0
"1001567",a1001567US1,1,android,2023-02-10 09:08:33,2023-02-10 09:08:54,21,0,0
"1001568",i1001568RU1,1,iOS,2023-02-10 09:10:31,2023-02-10 09:10:58,27,0,0
"1001569",a1001569BY1,1,android,2023-02-10 09:23:55,2023-02-10 09:23:55,0,0,0
"1001572",a1001572RU1,1,android,2023-02-10 09:38:07,2023-02-10 09:38:16,9,0,0
"1001574",a1001574CA1,1,android,2023-02-10 10:04:49,2023-02-10 10:05:10,21,0,0
"1001577",a1001577US1,1,android,1970-01-01 03:00:00,2023-02-10 10:22:45,1676013765,0,0
"1001578",a1001578LT1,1,android,2023-02-10 10:33:34,2023-02-10 10:34:01,27,0,0
"1001579",a1001579RU1,1,android,2023-02-10 10:42:35,2023-02-10 10:42:46,11,0,0
"1001581",a1001581US1,1,android,2023-02-10 11:00:17,2023-02-10 11:00:27,10,0,0
"1001582",a1001582US1,1,android,2023-02-10 11:09:38,2023-02-10 11:16:11,393,6,1050
"1001582",a1001582US2,2,android,2023-02-11 11:02:13,2023-02-11 11:09:22,429,5,2000
"1001582",a1001582US3,3,android,2023-02-12 10:24:41,2023-02-12 10:26:58,137,1,1000
"1001583",i1001583RU1,1,iOS,2023-02-10 11:15:35,2023-02-10 11:15:53,18,0,0
"1001585",a1001585RU1,1,android,2023-02-10 11:30:23,2023-02-10 11:30:57,34,0,0
"1001586",a1001586BY1,1,android,2023-02-10 11:39:34,2023-02-10 11:40:05,31,0,0
"1001587",a1001587US1,1,android,1970-01-01 03:00:00,2023-02-10 11:40:23,1676018423,0,0
"1001589",i1001589RU1,1,iOS,2023-02-10 11:56:38,2023-02-10 12:01:17,279,4,950
"1001590",i1001590GE1,1,iOS,2023-02-10 12:02:49,2023-02-10 12:03:03,14,0,0
"1001591",a1001591KZ1,1,android,2023-02-10 12:16:20,2023-02-10 12:16:41,21,0,0
"1001592",i1001592KZ1,1,iOS,2023-02-10 12:20:45,2023-02-10 12:21:35,50,0,0
"1001594",i1001594US1,1,iOS,1970-01-01 03:00:00,2023-02-10 12:33:41,1676021621,0,0
"1001596",a1001596DE1,1,android,2023-02-10 12:54:49,2023-02-10 13:01:11,382,6,1050
"1001596",a1001596DE2,2,android,2023-02-11 12:14:32,2023-02-11 12:21:46,434,5,2000
"1001596",a1001596DE3,3,android,2023-02-12 11:54:24,2023-02-12 11:56:18,114,1,1000
"1001600",a1001600US1,1,android,2023-02-10 13:25:31,2023-02-10 13:25:34,3,0,0
"1001607",a1001607RU1,1,android,2023-02-10 14:14:32,2023-02-10 14:14:39,7,0,0
"1001608",i1001608GE1,1,iOS,2023-02-10 14:28:13,2023-02-10 14:28:49,36,0,0
"1001609",i1001609PL1,1,iOS,2023-02-10 14:41:21,2023-02-10 14:41:26,5,0,0
"1001610",i1001610US1,1,iOS,2023-02-10 14:51:09,2023-02-10 14:51:09,0,0,0
"1001611",i1001611ES1,1,iOS,2023-02-10 14:55:14,2023-02-10 15:01:14,360,6,1050
"1001611",i1001611ES2,2,iOS,2023-02-11 14:49:15,2023-02-11 14:56:53,458,5,2000
"1001611",i1001611ES3,3,iOS,2023-02-12 14:21:47,2023-02-12 14:23:55,128,1,1000
"1001613",i1001613ES1,1,iOS,2023-02-10 15:08:40,2023-02-10 15:14:51,371,6,1050
"1001613",i1001613ES2,2,iOS,2023-02-11 14:32:42,2023-02-11 14:39:57,435,4,2000
"1001615",i1001615GE1,1,iOS,2023-02-10 15:22:28,2023-02-10 15:22:52,24,0,0
"1001617",a1001617RU1,1,android,2023-02-10 15:33:27,2023-02-10 15:34:07,40,0,0
"1001619",a1001619US1,1,android,2023-02-10 15:46:47,2023-02-10 15:46:58,11,0,0
"1001621",i1001621DE1,1,iOS,2023-02-10 15:57:58,2023-02-10 15:59:37,99,1,650
"1001622",a1001622LV1,1,android,2023-02-10 16:12:15,2023-02-10 16:12:36,21,0,0
"1001623",a1001623KZ1,1,android,2023-02-10 16:17:39,2023-02-10 16:19:13,94,2,650
"1001624",i1001624RU1,1,iOS,2023-02-10 16:19:52,2023-02-10 16:22:33,161,2,750
"1001627",i1001627RU1,1,iOS,2023-02-10 16:40:59,2023-02-10 16:41:04,5,0,0
"1001628",a1001628RU1,1,android,2023-02-10 16:46:19,2023-02-10 16:49:58,219,4,850
"1001629",i1001629LT1,1,iOS,2023-02-10 16:52:08,2023-02-10 16:52:11,3,0,0
"1001633",i1001633RU1,1,iOS,2023-02-10 17:28:03,2023-02-10 17:28:10,7,0,0
"1001635",i1001635US1,1,iOS,2023-02-10 17:51:39,2023-02-10 17:52:20,41,0,0
"1001636",i1001636IT1,1,iOS,1970-01-01 03:00:00,2023-02-10 17:58:56,1676041136,0,0
"1001639",a1001639KZ1,1,android,2023-02-10 18:23:24,2023-02-10 18:23:24,0,0,0
"1001640",a1001640GE1,1,android,2023-02-10 18:32:14,2023-02-10 18:38:17,363,6,1050
"1001640",a1001640GE2,2,android,2023-02-11 17:56:19,2023-02-11 18:02:50,391,4,2000
"1001642",a1001642ES1,1,android,2023-02-10 18:41:48,2023-02-10 18:41:48,0,0,0
"1001645",i1001645RU1,1,iOS,2023-02-10 19:14:32,2023-02-10 19:14:49,17,0,0
"1001647",i1001647RU1,1,iOS,2023-02-10 19:33:05,2023-02-10 19:33:47,42,0,0
"1001649",a1001649CA1,1,android,2023-02-10 19:42:26,2023-02-10 19:42:57,31,0,0
"1001651",i1001651RU1,1,iOS,2023-02-10 19:57:18,2023-02-10 19:57:22,4,0,0
"1001652",a1001652RU1,1,android,2023-02-10 20:07:07,2023-02-10 20:07:30,23,0,0
"1001653",i1001653KZ1,1,iOS,2023-02-10 20:15:46,2023-02-10 20:16:38,52,1,50
"1001656",a1001656GE1,1,android,2023-02-10 20:38:49,2023-02-10 20:42:44,235,4,850
"1001661",i1001661US1,1,iOS,2023-02-10 21:15:32,2023-02-10 21:26:08,636,3,950
"1001664",i1001664RU1,1,iOS,2023-02-10 21:47:55,2023-02-10 21:48:09,14,0,0
"1001665",a1001665PL1,1,android,2023-02-10 21:51:42,2023-02-10 21:58:08,386,6,1050
"1001665",a1001665PL2,2,android,2023-02-11 21:16:19,2023-02-11 21:21:19,300,3,1700
"1001667",i1001667US1,1,iOS,2023-02-10 22:06:37,2023-02-10 22:06:37,0,0,0
"1001668",a1001668BY1,1,android,2023-02-10 22:12:10,2023-02-10 22:12:14,4,0,0
"1001669",a1001669PL1,1,android,2023-02-10 22:17:59,2023-02-10 22:18:16,17,0,0
"1001670",a1001670GE1,1,android,2023-02-10 22:26:49,2023-02-10 22:27:21,32,0,0
"1001672",a1001672RU1,1,android,2023-02-10 22:37:11,2023-02-10 22:39:54,163,2,750
"1001673",i1001673RU1,1,iOS,2023-02-10 22:46:23,2023-02-10 22:52:49,386,6,1050
"1001673",i1001673RU2,2,iOS,2023-02-11 22:14:02,2023-02-11 22:22:07,485,5,2000
"1001673",i1001673RU3,3,iOS,2023-02-12 22:04:03,2023-02-12 22:06:18,135,1,1000
"1001674",a1001674RU1,1,android,2023-02-10 22:55:20,2023-02-10 23:01:56,396,5,1050
"1001674",a1001674RU2,2,android,2023-02-10 23:41:01,2023-02-10 23:42:17,76,1,100
"1001675",a1001675US1,1,android,2023-02-10 22:59:43,2023-02-10 23:03:31,228,3,850
"1001677",a1001677RU1,1,android,2023-02-10 23:11:22,2023-02-10 23:12:13,51,0,0
"1001679",a1001679KZ1,1,android,2023-02-10 23:30:17,2023-02-10 23:36:38,381,5,1050
"1001679",a1001679KZ2,2,android,2023-02-11 00:21:52,2023-02-11 00:23:08,76,1,100
"1001683",a1001683RU1,1,android,2023-02-11 00:05:03,2023-02-11 00:05:42,39,0,0
"1001684",a1001684ES1,1,android,2023-02-11 00:10:51,2023-02-11 00:11:02,11,0,0
"1001686",i1001686DE1,1,iOS,2023-02-11 00:19:54,2023-02-11 00:20:39,45,0,0
"1001688",i1001688DE1,1,iOS,2023-02-11 00:35:28,2023-02-11 00:35:49,21,0,0
"1001690",a1001690IT1,1,android,2023-02-11 00:53:36,2023-02-11 00:53:42,6,0,0
"1001692",i1001692RU1,1,iOS,2023-02-11 01:12:13,2023-02-11 01:12:36,23,0,0
"1001693",a1001693ES1,1,android,2023-02-11 01:17:36,2023-02-11 01:17:46,10,0,0
"1001695",a1001695DE1,1,android,2023-02-11 01:35:23,2023-02-11 01:35:43,20,0,0
"1001696",i1001696GE1,1,iOS,2023-02-11 01:39:43,2023-02-11 01:39:47,4,0,0
"1001697",i1001697ES1,1,iOS,2023-02-11 01:43:53,2023-02-11 01:48:34,281,4,950
"1001699",a1001699PL1,1,android,2023-02-11 01:54:04,2023-02-11 01:54:45,41,1,50
"1001701",i1001701IT1,1,iOS,2023-02-11 02:13:34,2023-02-11 02:14:21,47,1,50
"1001702",a1001702BY1,1,android,2023-02-11 02:22:36,2023-02-11 02:22:46,10,0,0
"1001705",i1001705RU1,1,iOS,2023-02-11 02:51:44,2023-02-11 02:58:03,379,5,1050
"1001705",i1001705RU2,2,iOS,2023-02-11 03:19:36,2023-02-11 03:21:23,107,1,100
"1001707",a1001707DE1,1,android,2023-02-11 03:14:24,2023-02-11 03:14:33,9,0,0
"1001710",a1001710NL1,1,android,2023-02-11 03:39:53,2023-02-11 03:46:03,370,6,1050
"1001710",a1001710NL2,2,android,2023-02-12 03:17:20,2023-02-12 03:25:41,501,4,2000
"1001711",a1001711RU1,1,android,2023-02-11 03:45:25,2023-02-11 03:46:06,41,0,0
"1001712",i1001712IT1,1,iOS,2023-02-11 03:59:26,2023-02-11 04:10:40,674,3,950
"1001714",a1001714LV1,1,android,2023-02-11 04:12:32,2023-02-11 04:12:49,17,0,0
"1001719",a1001719RU1,1,android,2023-02-11 04:38:08,2023-02-11 04:38:13,5,0,0
"1001721",a1001721RU1,1,android,2023-02-11 05:00:52,2023-02-11 05:00:56,4,0,0
"1001722",a1001722KZ1,1,android,2023-02-11 05:10:38,2023-02-11 05:11:00,22,0,0
"1001724",a1001724IT1,1,android,2023-02-11 05:20:24,2023-02-11 05:20:24,0,0,0
"1001725",a1001725RU1,1,android,2023-02-11 05:25:29,2023-02-11 05:26:13,44,0,0
"1001726",i1001726PL1,1,iOS,2023-02-11 05:31:45,2023-02-11 05:37:56,371,6,1050
"1001726",i1001726PL2,2,iOS,2023-02-12 05:28:45,2023-02-12 05:35:35,410,4,2000
"1001727",a1001727US1,1,android,2023-02-11 05:40:37,2023-02-11 05:41:05,28,0,0
"1001728",a1001728NL1,1,android,2023-02-11 05:54:46,2023-02-11 05:56:43,117,2,650
"1001736",a1001736KZ1,1,android,2023-02-11 06:50:52,2023-02-11 06:51:31,39,0,0
"1001739",a1001739PL1,1,android,2023-02-11 07:17:52,2023-02-11 07:22:04,252,4,950
"1001743",i1001743ES1,1,iOS,2023-02-11 07:31:17,2023-02-11 07:31:56,39,0,0
"1001745",a1001745IT1,1,android,2023-02-11 07:50:30,2023-02-11 07:50:33,3,0,0
"1001746",i1001746KZ1,1,iOS,2023-02-11 07:59:49,2023-02-11 08:06:02,373,6,1050
"1001746",i1001746KZ2,2,iOS,2023-02-12 07:16:43,2023-02-12 07:24:08,445,5,2000
"1001746",i1001746KZ3,3,iOS,2023-02-13 06:46:04,2023-02-13 06:48:37,153,1,1000
"1001748",a1001748KZ1,1,android,2023-02-11 08:18:52,2023-02-11 08:19:38,46,0,0
"1001749",a1001749CA1,1,android,2023-02-11 08:23:23,2023-02-11 08:24:04,41,0,0
"1001751",i1001751US1,1,iOS,2023-02-11 08:45:34,2023-02-11 08:45:40,6,0,0
"1001756",a1001756US1,1,android,2023-02-11 09:34:35,2023-02-11 09:34:35,0,0,0
"1001757",i1001757CA1,1,iOS,2023-02-11 09:38:42,2023-02-11 09:45:13,391,6,1050
"1001757",i1001757CA2,2,iOS,2023-02-12 09:26:08,2023-02-12 09:33:58,470,4,2000
"1001758",a1001758US1,1,android,2023-02-11 09:44:27,2023-02-11 09:44:27,0,0,0
"1001759",i1001759PL1,1,iOS,2023-02-11 09:54:22,2023-02-11 09:54:39,17,0,0
"1001760",a1001760DE1,1,android,1970-01-01 03:00:00,2023-02-11 10:06:17,1676099177,0,0
"1001762",a1001762PL1,1,android,2023-02-11 10:26:34,2023-02-11 10:26:34,0,0,0
"1001763",a1001763RU1,1,android,2023-02-11 10:32:41,2023-02-11 10:33:34,53,0,0
"1001764",a1001764PL1,1,android,2023-02-11 10:46:09,2023-02-11 10:46:18,9,0,0
"1001765",i1001765CA1,1,iOS,2023-02-11 10:59:41,2023-02-11 10:59:41,0,0,0
"1001766",i1001766RU1,1,iOS,2023-02-11 11:05:25,2023-02-11 11:05:29,4,0,0
"1001768",i1001768CA1,1,iOS,2023-02-11 11:32:33,2023-02-11 11:32:47,14,0,0
"1001769",a1001769RU1,1,android,2023-02-11 11:41:29,2023-02-11 11:46:29,300,4,950
"1001770",i1001770US1,1,iOS,2023-02-11 11:50:38,2023-02-11 11:50:42,4,0,0
"1001773",a1001773DE1,1,android,2023-02-11 12:20:40,2023-02-11 12:20:47,7,0,0
"1001774",a1001774GE1,1,android,2023-02-11 12:33:34,2023-02-11 12:38:03,269,4,950
"1001775",i1001775PL1,1,iOS,2023-02-11 12:47:17,2023-02-11 12:53:16,359,6,1050
"1001775",i1001775PL2,2,iOS,2023-02-12 12:02:47,2023-02-12 12:09:50,423,4,2000
"1001776",a1001776US1,1,android,2023-02-11 13:01:29,2023-02-11 13:01:33,4,0,0
"1001778",i1001778CA1,1,iOS,2023-02-11 13:28:05,2023-02-11 13:29:37,92,2,650
"1001780",i1001780RU1,1,iOS,2023-02-11 13:43:37,2023-02-11 13:43:37,0,0,0
"1001781",a1001781RU1,1,android,2023-02-11 13:52:32,2023-02-11 13:52:59,27,0,0
"1001782",i1001782KZ1,1,iOS,2023-02-11 13:54:24,2023-02-11 13:54:24,0,0,0
"1001783",a1001783DE1,1,android,2023-02-11 13:57:26,2023-02-11 13:57:36,10,0,0
"1001786",i1001786IT1,1,iOS,2023-02-11 14:16:32,2023-02-11 14:16:52,20,0,0
"1001787",a1001787CA1,1,android,2023-02-11 14:25:46,2023-02-11 14:26:30,44,0,0
"1001789",i1001789US1,1,iOS,2023-02-11 14:43:48,2023-02-11 14:44:16,28,0,0
"1001790",i1001790RU1,1,iOS,2023-02-11 14:53:22,2023-02-11 14:53:22,0,0,0
"1001793",a1001793PL1,1,android,2023-02-11 15:14:51,2023-02-11 15:20:48,357,6,1050
"1001793",a1001793PL2,2,android,2023-02-12 15:13:19,2023-02-12 15:21:15,476,4,2000
"1001794",a1001794US1,1,android,2023-02-11 15:28:13,2023-02-11 15:28:41,28,0,0
"1001795",i1001795RU1,1,iOS,2023-02-11 15:32:48,2023-02-11 15:33:03,15,0,0
"1001797",a1001797BY1,1,android,2023-02-11 15:55:08,2023-02-11 15:56:56,108,2,650
"1001799",a1001799RU1,1,android,2023-02-11 16:14:01,2023-02-11 16:16:39,158,3,750
"1001803",a1001803KZ1,1,android,2023-02-11 16:52:29,2023-02-11 16:52:33,4,0,0
"1001804",a1001804ES1,1,android,2023-02-11 16:56:58,2023-02-11 17:05:41,523,3,950
"1001806",a1001806IT1,1,android,2023-02-11 17:16:01,2023-02-11 17:16:22,21,0,0
"1001809",i1001809US1,1,iOS,2023-02-11 17:44:27,2023-02-11 17:44:43,16,0,0
"1001810",a1001810US1,1,android,2023-02-11 17:54:02,2023-02-11 17:58:47,285,4,950
"1001811",a1001811DE1,1,android,1970-01-01 03:00:00,2023-02-11 17:57:47,1676127467,0,0
"1001815",i1001815DE1,1,iOS,2023-02-11 18:40:32,2023-02-11 18:40:52,20,0,0
"1001817",a1001817RU1,1,android,2023-02-11 18:55:39,2023-02-11 18:59:13,214,4,850
"1001818",a1001818US1,1,android,2023-02-11 18:57:39,2023-02-11 19:03:50,371,6,1050
"1001818",a1001818US2,2,android,2023-02-12 18:50:46,2023-02-12 18:56:55,369,2,3200
"1001819",a1001819DE1,1,android,2023-02-11 19:07:00,2023-02-11 19:07:34,34,0,0
"1001820",i1001820GE1,1,iOS,2023-02-11 19:16:31,2023-02-11 19:21:33,302,4,950
"1001821",a1001821DE1,1,android,2023-02-11 19:18:35,2023-02-11 19:20:17,102,2,650
"1001822",a1001822RU1,1,android,2023-02-11 19:32:30,2023-02-11 19:32:38,8,0,0
"1001823",i1001823KZ1,1,iOS,2023-02-11 19:36:23,2023-02-11 19:37:06,43,0,0
"1001825",a1001825PL1,1,android,2023-02-11 19:49:31,2023-02-11 19:55:47,376,6,1050
"1001825",a1001825PL2,2,android,2023-02-12 19:43:58,2023-02-12 19:52:01,483,4,2000
"1001826",i1001826US1,1,iOS,2023-02-11 19:59:17,2023-02-11 19:59:41,24,0,0
"1001827",a1001827RU1,1,android,2023-02-11 20:08:21,2023-02-11 20:14:45,384,6,1050
"1001827",a1001827RU2,2,android,2023-02-12 19:56:29,2023-02-12 20:04:01,452,4,2000
"1001828",a1001828RU1,1,android,2023-02-11 20:17:37,2023-02-11 20:17:42,5,0,0
"1001830",i1001830RU1,1,iOS,2023-02-11 20:28:35,2023-02-11 20:28:35,0,0,0
"1001832",a1001832RU1,1,android,2023-02-11 20:56:15,2023-02-11 20:56:15,0,0,0
"1001834",a1001834RU1,1,android,2023-02-11 21:15:55,2023-02-11 21:16:15,20,0,0
"1001838",a1001838CA1,1,android,2023-02-11 21:55:44,2023-02-11 21:55:58,14,0,0
"1001840",i1001840RU1,1,iOS,2023-02-11 22:18:34,2023-02-11 22:18:43,9,0,0
"1001841",a1001841CA1,1,android,2023-02-11 22:21:07,2023-02-11 22:23:53,166,3,750
"1001850",i1001850IT1,1,iOS,2023-02-11 23:35:29,2023-02-11 23:35:31,2,0,0
"1001851",a1001851US1,1,android,2023-02-11 23:40:56,2023-02-11 23:45:01,245,4,850
"1001852",a1001852US1,1,android,2023-02-11 23:45:40,2023-02-11 23:46:16,36,0,0
"1001853",i1001853US1,1,iOS,2023-02-11 23:54:44,2023-02-11 23:59:22,278,4,950
"1001855",i1001855NL1,1,iOS,2023-02-12 00:04:35,2023-02-12 00:05:19,44,0,0
"1001856",i1001856RU1,1,iOS,2023-02-12 00:14:10,2023-02-12 00:14:17,7,0,0
"1001859",i1001859RU1,1,iOS,2023-02-12 00:41:08,2023-02-12 00:47:40,392,6,1050
"1001859",i1001859RU2,2,iOS,2023-02-13 00:35:59,2023-02-13 00:42:34,395,2,3200
"1001860",i1001860RU1,1,iOS,2023-02-12 00:54:16,2023-02-12 00:54:25,9,0,0
"1001861",a1001861RU1,1,android,2023-02-12 01:03:10,2023-02-12 01:04:59,109,2,650
"1001863",a1001863BY1,1,android,2023-02-12 01:22:27,2023-02-12 01:25:26,179,3,750
"1001865",i1001865PL1,1,iOS,2023-02-12 01:31:03,2023-02-12 01:31:51,48,1,50
"1001867",i1001867RU1,1,iOS,2023-02-12 01:35:11,2023-02-12 01:38:18,187,2,750
"1001868",a1001868GE1,1,android,2023-02-12 01:49:12,2023-02-12 01:50:52,100,2,650
"1001869",a1001869ES1,1,android,2023-02-12 01:51:19,2023-02-12 01:57:50,391,6,1050
"1001869",a1001869ES2,2,android,2023-02-13 01:31:24,2023-02-13 01:39:59,515,4,2000
"1001871",i1001871US1,1,iOS,2023-02-12 02:10:46,2023-02-12 02:13:23,157,3,750
"1001874",i1001874KZ1,1,iOS,2023-02-12 02:34:00,2023-02-12 02:34:40,40,0,0
"1001876",i1001876DE1,1,iOS,2023-02-12 02:42:03,2023-02-12 02:43:56,113,2,650
"1001877",a1001877ES1,1,android,2023-02-12 02:51:23,2023-02-12 02:57:33,370,6,1050
"1001877",a1001877ES2,2,android,2023-02-13 02:30:28,2023-02-13 02:38:46,498,4,2000
"1001878",a1001878DE1,1,android,2023-02-12 02:54:24,2023-02-12 02:59:24,300,4,950
"1001879",a1001879PL1,1,android,2023-02-12 02:55:57,2023-02-12 03:00:36,279,4,950
"1001880",a1001880RU1,1,android,2023-02-12 03:09:32,2023-02-12 03:09:39,7,0,0
"1001882",a1001882GE1,1,android,2023-02-12 03:26:04,2023-02-12 03:32:15,371,6,1050
"1001882",a1001882GE2,2,android,2023-02-13 03:19:10,2023-02-13 03:27:41,511,4,2000
"1001883",i1001883RU1,1,iOS,2023-02-12 03:34:41,2023-02-12 03:34:41,0,0,0
"1001885",i1001885US1,1,iOS,2023-02-12 03:53:50,2023-02-12 03:54:01,11,0,0
"1001890",i1001890RU1,1,iOS,2023-02-12 04:40:36,2023-02-12 04:41:18,42,1,50
"1001892",i1001892ES1,1,iOS,2023-02-12 04:59:26,2023-02-12 04:59:26,0,0,0
"1001893",i1001893RU1,1,iOS,2023-02-12 05:08:31,2023-02-12 05:09:18,47,1,50
"1001894",i1001894KZ1,1,iOS,2023-02-12 05:14:22,2023-02-12 05:15:57,95,2,650
"1001899",i1001899PL1,1,iOS,2023-02-12 05:55:55,2023-02-12 05:56:03,8,0,0
"1001901",a1001901IT1,1,android,2023-02-12 06:19:11,2023-02-12 06:19:11,0,0,0
"1001902",i1001902PL1,1,iOS,2023-02-12 06:32:20,2023-02-12 06:32:31,11,0,0
"1001904",a1001904CA1,1,android,2023-02-12 06:51:06,2023-02-12 06:51:27,21,0,0
"1001908",i1001908KZ1,1,iOS,2023-02-12 07:25:16,2023-02-12 07:26:05,49,1,50
"1001909",a1001909CA1,1,android,2023-02-12 07:29:15,2023-02-12 07:29:37,22,0,0
"1001912",a1001912RU1,1,android,2023-02-12 07:49:58,2023-02-12 07:50:13,15,0,0
"1001913",a1001913US1,1,android,2023-02-12 07:53:30,2023-02-12 07:55:06,96,2,650
"1001915",i1001915DE1,1,iOS,2023-02-12 08:12:10,2023-02-12 08:14:42,152,3,750
"1001916",a1001916RU1,1,android,2023-02-12 08:25:31,2023-02-12 08:26:01,30,0,0
"1001917",a1001917GE1,1,android,2023-02-12 08:34:53,2023-02-12 08:35:00,7,0,0
"1001920",i1001920RU1,1,iOS,2023-02-12 09:08:00,2023-02-12 09:08:12,12,0,0
"1001925",i1001925US1,1,iOS,2023-02-12 09:53:49,2023-02-12 09:54:11,22,0,0
"1001927",i1001927RU1,1,iOS,2023-02-12 10:13:34,2023-02-12 10:13:46,12,0,0
"1001928",a1001928RU1,1,android,2023-02-12 10:19:19,2023-02-12 10:22:51,212,4,850
"1001929",a1001929BY1,1,android,2023-02-12 10:24:59,2023-02-12 10:25:37,38,0,0
"1001930",i1001930KZ1,1,iOS,2023-02-12 10:38:24,2023-02-12 10:38:42,18,0,0
"1001933",a1001933KZ1,1,android,2023-02-12 10:59:27,2023-02-12 11:02:16,169,3,750
"1001934",a1001934RU1,1,android,2023-02-12 11:08:52,2023-02-12 11:08:52,0,0,0
"1001937",a1001937PL1,1,android,2023-02-12 11:41:58,2023-02-12 11:42:03,5,0,0
"1001938",i1001938CA1,1,iOS,2023-02-12 11:50:55,2023-02-12 11:54:41,226,4,850
"1001939",a1001939RU1,1,android,2023-02-12 12:00:43,2023-02-12 12:01:18,35,0,0
"1001940",i1001940KZ1,1,iOS,2023-02-12 12:13:39,2023-02-12 12:14:16,37,0,0
"1001941",a1001941US1,1,android,2023-02-12 12:18:34,2023-02-12 12:19:01,27,0,0
"1001942",a1001942BY1,1,android,2023-02-12 12:23:41,2023-02-12 12:26:25,164,3,750
"1001943",a1001943NL1,1,android,2023-02-12 12:33:07,2023-02-12 12:35:55,168,3,750
"1001945",a1001945PL1,1,android,2023-02-12 12:52:12,2023-02-12 12:52:18,6,0,0
"1001948",i1001948US1,1,iOS,2023-02-12 13:29:05,2023-02-12 13:35:08,363,6,1050
"1001948",i1001948US2,2,iOS,2023-02-13 13:04:17,2023-02-13 13:11:40,443,4,2000
"1001949",a1001949BY1,1,android,2023-02-12 13:42:42,2023-02-12 13:42:42,0,0,0
"1001950",a1001950US1,1,android,2023-02-12 13:55:58,2023-02-12 13:56:06,8,0,0
"1001952",a1001952RU1,1,android,2023-02-12 14:08:03,2023-02-12 14:08:53,50,0,0
"1001953",a1001953RU1,1,android,2023-02-12 14:12:54,2023-02-12 14:13:01,7,0,0
"1001955",a1001955DE1,1,android,2023-02-12 14:36:00,2023-02-12 14:41:40,340,6,1050
"1001955",a1001955DE2,2,android,2023-02-13 14:03:34,2023-02-13 14:08:50,316,3,1700
"1001960",i1001960RU1,1,iOS,2023-02-12 15:18:13,2023-02-12 15:18:19,6,0,0
"1001961",i1001961DE1,1,iOS,2023-02-12 15:31:10,2023-02-12 15:35:55,285,4,950
"1001964",i1001964US1,1,iOS,2023-02-12 15:58:44,2023-02-12 16:05:35,411,6,1050
"1001964",i1001964US2,2,iOS,2023-02-13 15:16:24,2023-02-13 15:24:43,499,5,2000
"1001964",i1001964US3,3,iOS,2023-02-14 14:58:59,2023-02-14 15:00:36,97,0,1000
"1001965",i1001965IT1,1,iOS,1970-01-01 03:00:00,2023-02-12 16:06:13,1676207173,0,0
"1001966",a1001966RU1,1,android,2023-02-12 16:16:50,2023-02-12 16:17:22,32,0,0
"1001967",i1001967ES1,1,iOS,2023-02-12 16:26:22,2023-02-12 16:27:00,38,1,50
"1001968",a1001968CA1,1,android,2023-02-12 16:30:23,2023-02-12 16:30:23,0,0,0
"1001970",a1001970US1,1,android,2023-02-12 16:46:19,2023-02-12 16:46:23,4,0,0
"1001972",i1001972RU1,1,iOS,2023-02-12 17:09:10,2023-02-12 17:15:44,394,6,1050
"1001972",i1001972RU2,2,iOS,2023-02-13 16:37:47,2023-02-13 16:45:01,434,4,2000
"1001973",i1001973CA1,1,iOS,2023-02-12 17:18:17,2023-02-12 17:18:20,3,0,0
"1001976",i1001976RU1,1,iOS,2023-02-12 17:34:41,2023-02-12 17:36:13,92,2,650
"1001978",a1001978KZ1,1,android,2023-02-12 17:51:55,2023-02-12 17:52:34,39,0,0
"1001979",a1001979PL1,1,android,2023-02-12 17:57:51,2023-02-12 18:01:51,240,4,850
"1001980",a1001980PL1,1,android,2023-02-12 18:03:47,2023-02-12 18:08:06,259,4,950
"1001981",a1001981NL1,1,android,2023-02-12 18:16:56,2023-02-12 18:17:03,7,0,0
"1001982",i1001982RU1,1,iOS,2023-02-12 18:21:12,2023-02-12 18:21:20,8,0,0
"1001984",i1001984PL1,1,iOS,2023-02-12 18:34:49,2023-02-12 18:34:49,0,0,0
"1001986",i1001986DE1,1,iOS,2023-02-12 18:48:42,2023-02-12 18:54:41,359,6,1050
"1001986",i1001986DE2,2,iOS,2023-02-13 18:31:27,2023-02-13 18:39:11,464,5,2000
"1001986",i1001986DE3,3,iOS,2023-02-14 18:22:49,2023-02-14 18:25:09,140,1,1000
"1001987",i1001987US1,1,iOS,2023-02-12 18:57:28,2023-02-12 19:03:51,383,6,1050
"1001987",i1001987US2,2,iOS,2023-02-13 18:51:35,2023-02-13 18:59:54,499,5,2000
"1001987",i1001987US3,3,iOS,2023-02-14 18:43:41,2023-02-14 18:45:58,137,1,1000
"1001988",a1001988NL1,1,android,2023-02-12 18:59:57,2023-02-12 19:00:09,12,0,0
"1001992",a1001992PL1,1,android,2023-02-12 19:45:44,2023-02-12 19:52:10,386,6,1050
"1001992",a1001992PL2,2,android,2023-02-13 19:18:29,2023-02-13 19:26:46,497,3,2000
"1001993",i1001993LV1,1,iOS,2023-02-12 19:54:47,2023-02-12 19:54:47,0,0,0
"1001998",a1001998US1,1,android,2023-02-12 20:41:29,2023-02-12 20:41:49,20,0,0
"1002000",a1002000NL1,1,android,2023-02-12 21:00:56,2023-02-12 21:01:08,12,0,0
"1002002",i1002002BY1,1,iOS,2023-02-12 21:28:26,2023-02-12 21:32:18,232,4,850
"1002005",i1002005RU1,1,iOS,2023-02-12 21:50:06,2023-02-12 21:50:14,8,0,0
"1002006",a1002006KZ1,1,android,2023-02-12 21:55:10,2023-02-12 21:59:28,258,4,850
"1002007",i1002007DE1,1,iOS,2023-02-12 22:09:01,2023-02-12 22:11:39,158,2,750
"1002010",i1002010DE1,1,iOS,2023-02-12 22:31:30,2023-02-12 22:31:30,0,0,0
"1002013",i1002013LT1,1,iOS,2023-02-12 22:54:49,2023-02-12 22:54:55,6,0,0
"1002014",a1002014CA1,1,android,2023-02-12 23:00:24,2023-02-12 23:00:34,10,0,0
"1002016",i1002016US1,1,iOS,2023-02-12 23:11:04,2023-02-12 23:11:11,7,0,0
"1002019",i1002019BY1,1,iOS,2023-02-12 23:36:02,2023-02-12 23:36:02,0,0,0
"1002020",i1002020BY1,1,iOS,2023-02-12 23:42:14,2023-02-12 23:48:26,372,5,1050
"1002020",i1002020BY2,2,iOS,2023-02-13 00:26:49,2023-02-13 00:28:28,99,1,100
"1002022",a1002022IT1,1,android,2023-02-12 23:57:24,2023-02-12 23:57:24,0,0,0
"1002028",a1002028DE1,1,android,2023-02-13 00:44:30,2023-02-13 00:44:39,9,0,0
"1002029",i1002029US1,1,iOS,2023-02-13 00:46:00,2023-02-13 00:52:23,383,6,1050
"1002029",i1002029US2,2,iOS,2023-02-14 00:39:14,2023-02-14 00:47:18,484,5,2000
"1002029",i1002029US3,3,iOS,2023-02-15 00:00:22,2023-02-15 00:01:53,91,1,1000
"1002030",i1002030US1,1,iOS,2023-02-13 00:48:55,2023-02-13 00:49:19,24,0,0
"1002031",i1002031US1,1,iOS,2023-02-13 00:57:44,2023-02-13 00:58:03,19,0,0
"1002032",a1002032US1,1,android,2023-02-13 01:06:41,2023-02-13 01:07:04,23,0,0
"1002033",i1002033NL1,1,iOS,2023-02-13 01:11:27,2023-02-13 01:11:30,3,0,0
"1002034",i1002034US1,1,iOS,2023-02-13 01:13:59,2023-02-13 01:14:04,5,0,0
"1002040",i1002040ES1,1,iOS,2023-02-13 02:04:59,2023-02-13 02:05:20,21,0,0
"1002041",i1002041KZ1,1,iOS,2023-02-13 02:14:21,2023-02-13 02:14:47,26,0,0
"1002043",a1002043RU1,1,android,2023-02-13 02:32:17,2023-02-13 02:32:22,5,0,0
"1002044",a1002044RU1,1,android,2023-02-13 02:41:55,2023-02-13 02:41:55,0,0,0
"1002045",i1002045KZ1,1,iOS,2023-02-13 02:45:28,2023-02-13 02:45:50,22,0,0
"1002046",i1002046KZ1,1,iOS,2023-02-13 02:59:36,2023-02-13 02:59:36,0,0,0
"1002051",i1002051RU1,1,iOS,2023-02-13 03:50:29,2023-02-13 03:51:13,44,1,50
"1002052",a1002052US1,1,android,2023-02-13 04:04:36,2023-02-13 04:04:40,4,0,0
"1002055",i1002055CA1,1,iOS,2023-02-13 04:28:40,2023-02-13 04:30:17,97,2,650
"1002056",i1002056IT1,1,iOS,2023-02-13 04:31:05,2023-02-13 04:31:51,46,0,0
"1002057",i1002057PL1,1,iOS,2023-02-13 04:35:06,2023-02-13 04:35:17,11,0,0
"1002058",i1002058CA1,1,iOS,2023-02-13 04:44:11,2023-02-13 04:50:44,393,6,1050
"1002058",i1002058CA2,2,iOS,2023-02-14 04:05:18,2023-02-14 04:13:50,512,4,2000
"1002060",a1002060KZ1,1,android,2023-02-13 04:58:18,2023-02-13 04:58:18,0,0,0
"1002062",i1002062PL1,1,iOS,2023-02-13 05:15:20,2023-02-13 05:15:24,4,0,0
"1002063",i1002063RU1,1,iOS,2023-02-13 05:25:08,2023-02-13 05:25:29,21,0,0
"1002065",a1002065US1,1,android,2023-02-13 05:42:38,2023-02-13 05:43:17,39,0,0
"1002066",a1002066RU1,1,android,2023-02-13 05:45:16,2023-02-13 05:45:16,0,0,0
"1002068",i1002068RU1,1,iOS,2023-02-13 06:07:47,2023-02-13 06:11:30,223,3,850
"1002069",a1002069KZ1,1,android,2023-02-13 06:13:56,2023-02-13 06:14:04,8,0,0
"1002070",a1002070KZ1,1,android,2023-02-13 06:26:56,2023-02-13 06:26:56,0,0,0
"1002073",i1002073KZ1,1,iOS,2023-02-13 06:55:26,2023-02-13 06:55:32,6,0,0
"1002074",i1002074RU1,1,iOS,2023-02-13 07:05:08,2023-02-13 07:05:18,10,0,0
"1002077",a1002077RU1,1,android,2023-02-13 07:28:35,2023-02-13 07:31:19,164,3,750
"1002081",a1002081RU1,1,android,2023-02-13 08:03:02,2023-02-13 08:03:59,57,0,0
"1002085",i1002085KZ1,1,iOS,2023-02-13 08:45:17,2023-02-13 08:45:17,0,0,0
"1002086",a1002086KZ1,1,android,2023-02-13 08:59:03,2023-02-13 08:59:31,28,0,0
"1002089",a1002089US1,1,android,2023-02-13 09:19:37,2023-02-13 09:24:46,309,4,950
"1002092",i1002092RU1,1,iOS,2023-02-13 09:36:37,2023-02-13 09:36:48,11,0,0
"1002093",a1002093ES1,1,android,2023-02-13 09:40:56,2023-02-13 09:41:34,38,0,0
"1002095",a1002095RU1,1,android,2023-02-13 10:00:03,2023-02-13 10:00:50,47,0,0
"1002097",i1002097US1,1,iOS,2023-02-13 10:22:52,2023-02-13 10:29:12,380,6,1050
"1002097",i1002097US2,2,iOS,2023-02-14 10:03:05,2023-02-14 10:11:16,491,5,2000
"1002097",i1002097US3,3,iOS,2023-02-15 09:36:24,2023-02-15 09:37:51,87,1,1000
"1002105",i1002105IT1,1,iOS,2023-02-13 11:32:51,2023-02-13 11:33:02,11,0,0
"1002107",a1002107US1,1,android,2023-02-13 11:51:26,2023-02-13 11:51:26,0,0,0
"1002108",i1002108RU1,1,iOS,2023-02-13 12:04:31,2023-02-13 12:08:18,227,4,850
"1002109",a1002109RU1,1,android,2023-02-13 12:18:27,2023-02-13 12:21:17,170,2,750
"1002110",a1002110KZ1,1,android,2023-02-13 12:24:01,2023-02-13 12:30:08,367,6,1050
"1002110",a1002110KZ2,2,android,2023-02-14 12:11:29,2023-02-14 12:19:38,489,5,2000
"1002110",a1002110KZ3,3,android,2023-02-15 11:34:05,2023-02-15 11:36:01,116,0,1000
"1002111",a1002111KZ1,1,android,2023-02-13 12:25:59,2023-02-13 12:30:44,285,4,950
"1002112",i1002112US1,1,iOS,2023-02-13 12:35:18,2023-02-13 12:35:34,16,0,0
"1002113",i1002113BY1,1,iOS,2023-02-13 12:49:15,2023-02-13 12:55:36,381,6,1050
"1002113",i1002113BY2,2,iOS,2023-02-14 12:20:13,2023-02-14 12:27:54,461,4,2000
"1002116",i1002116IT1,1,iOS,2023-02-13 13:17:02,2023-02-13 13:17:40,38,0,0
"1002119",a1002119RU1,1,android,2023-02-13 13:37:00,2023-02-13 13:37:04,4,0,0
"1002120",a1002120KZ1,1,android,2023-02-13 13:50:30,2023-02-13 13:50:51,21,0,0
"1002121",i1002121PL1,1,iOS,2023-02-13 13:59:25,2023-02-13 14:03:53,268,4,950
"1002122",i1002122ES1,1,iOS,2023-02-13 14:13:10,2023-02-13 14:19:16,366,6,1050
"1002122",i1002122ES2,2,iOS,2023-02-14 13:32:19,2023-02-14 13:39:39,440,2,3200
"1002123",a1002123KZ1,1,android,2023-02-13 14:22:12,2023-02-13 14:22:33,21,0,0
"1002124",a1002124PL1,1,android,2023-02-13 14:31:46,2023-02-13 14:32:31,45,1,50
"1002127",a1002127LV1,1,android,2023-02-13 15:08:03,2023-02-13 15:10:48,165,1,750
"1002128",i1002128PL1,1,iOS,2023-02-13 15:17:47,2023-02-13 15:18:05,18,0,0
"1002129",i1002129KZ1,1,iOS,2023-02-13 15:22:37,2023-02-13 15:22:54,17,0,0
"1002133",a1002133RU1,1,android,2023-02-13 15:46:11,2023-02-13 15:46:19,8,0,0
"1002134",i1002134RU1,1,iOS,2023-02-13 15:54:52,2023-02-13 15:55:00,8,0,0
"1002135",i1002135NL1,1,iOS,2023-02-13 16:04:10,2023-02-13 16:04:16,6,0,0
"1002136",a1002136GE1,1,android,2023-02-13 16:10:24,2023-02-13 16:10:30,6,0,0
"1002137",a1002137RU1,1,android,2023-02-13 16:23:55,2023-02-13 16:23:55,0,0,0
"1002138",a1002138IT1,1,android,2023-02-13 16:27:46,2023-02-13 16:28:33,47,0,0
"1002140",i1002140KZ1,1,iOS,2023-02-13 16:45:43,2023-02-13 16:45:43,0,0,0
"1002143",a1002143RU1,1,android,2023-02-13 17:13:29,2023-02-13 17:15:17,108,2,650
"1002144",a1002144ES1,1,android,2023-02-13 17:22:51,2023-02-13 17:26:43,232,3,850
"1002146",a1002146RU1,1,android,2023-02-13 17:38:34,2023-02-13 17:40:22,108,2,650
"1002147",i1002147PL1,1,iOS,2023-02-13 17:47:54,2023-02-13 17:48:29,35,0,0
"1002148",i1002148RU1,1,iOS,2023-02-13 17:57:11,2023-02-13 18:00:04,173,3,750
"1002152",a1002152DE1,1,android,2023-02-13 18:25:00,2023-02-13 18:25:05,5,0,0
"1002153",i1002153ES1,1,iOS,2023-02-13 18:33:30,2023-02-13 18:39:50,380,5,1050
"1002153",i1002153ES2,2,iOS,2023-02-13 19:23:05,2023-02-13 19:24:49,104,1,100
"1002154",a1002154GE1,1,android,1970-01-01 03:00:00,2023-02-13 18:36:23,1676302583,0,0
"1002158",a1002158GE1,1,android,2023-02-13 18:52:28,2023-02-13 18:57:12,284,4,950
"1002159",i1002159DE1,1,iOS,2023-02-13 19:01:49,2023-02-13 19:01:53,4,0,0
"1002160",a1002160KZ1,1,android,2023-02-13 19:04:16,2023-02-13 19:04:30,14,0,0
"1002164",a1002164RU1,1,android,1970-01-01 03:00:00,2023-02-13 19:40:19,1676306419,0,0
"1002167",i1002167PL1,1,iOS,2023-02-13 20:10:05,2023-02-13 20:10:43,38,0,0
"1002170",a1002170KZ1,1,android,2023-02-13 20:34:36,2023-02-13 20:35:03,27,0,0
"1002171",a1002171RU1,1,android,2023-02-13 20:48:13,2023-02-13 20:49:02,49,1,50
"1002172",a1002172DE1,1,android,2023-02-13 20:53:48,2023-02-13 20:54:13,25,0,0
"1002173",a1002173RU1,1,android,2023-02-13 20:59:49,2023-02-13 21:01:24,95,2,650
"1002175",a1002175RU1,1,android,2023-02-13 21:10:28,2023-02-13 21:11:06,38,1,50
"1002177",i1002177CA1,1,iOS,2023-02-13 21:25:11,2023-02-13 21:30:18,307,4,950
"1002178",i1002178ES1,1,iOS,2023-02-13 21:31:30,2023-02-13 21:34:15,165,3,750
"1002179",a1002179PL1,1,android,2023-02-13 21:35:35,2023-02-13 21:36:17,42,0,0
"1002180",i1002180DE1,1,iOS,2023-02-13 21:41:08,2023-02-13 21:41:45,37,0,0
"1002181",a1002181RU1,1,android,2023-02-13 21:50:52,2023-02-13 21:51:07,15,0,0
"1002182",i1002182RU1,1,iOS,2023-02-13 21:59:46,2023-02-13 22:02:32,166,3,750
"1002183",i1002183NL1,1,iOS,2023-02-13 22:13:31,2023-02-13 22:13:56,25,0,0
"1002184",i1002184PL1,1,iOS,2023-02-13 22:18:43,2023-02-13 22:24:47,364,5,1050
"1002184",i1002184PL2,2,iOS,2023-02-13 23:15:56,2023-02-13 23:17:32,96,1,100
"1002185",a1002185PL1,1,android,1970-01-01 03:00:00,2023-02-13 22:27:10,1676316430,0,0
"1002186",i1002186RU1,1,iOS,2023-02-13 22:37:25,2023-02-13 22:38:07,42,0,0
"1002188",i1002188DE1,1,iOS,2023-02-13 22:52:24,2023-02-13 22:58:54,390,6,1050
"1002188",i1002188DE2,2,iOS,2023-02-14 22:42:15,2023-02-14 22:49:36,441,4,2000
"1002189",a1002189RU1,1,android,2023-02-13 22:57:56,2023-02-13 22:58:00,4,0,0
"1002192",a1002192RU1,1,android,2023-02-13 23:21:14,2023-02-13 23:21:23,9,0,0
"1002196",i1002196US1,1,iOS,2023-02-13 23:54:46,2023-02-13 23:54:49,3,0,0
"1002197",i1002197DE1,1,iOS,2023-02-13 23:56:18,2023-02-13 23:56:35,17,0,0
"1002198",a1002198RU1,1,android,2023-02-14 00:10:31,2023-02-14 00:11:16,45,1,50
"1002199",i1002199DE1,1,iOS,2023-02-14 00:15:52,2023-02-14 00:16:08,16,0,0
"1002200",i1002200US1,1,iOS,2023-02-14 00:24:52,2023-02-14 00:27:32,160,3,750
"1002202",a1002202BY1,1,android,2023-02-14 00:42:57,2023-02-14 00:46:34,217,4,850
"1002203",a1002203RU1,1,android,2023-02-14 00:56:05,2023-02-14 00:57:48,103,2,650
"1002204",i1002204RU1,1,iOS,2023-02-14 01:01:50,2023-02-14 01:04:29,159,2,750
"1002205",a1002205RU1,1,android,2023-02-14 01:15:28,2023-02-14 01:21:32,364,6,1050
"1002205",a1002205RU2,2,android,2023-02-15 00:35:08,2023-02-15 00:42:39,451,5,2000
"1002205",a1002205RU3,3,android,2023-02-16 00:03:22,2023-02-16 00:04:56,94,1,1000
"1002206",a1002206RU1,1,android,2023-02-14 01:20:12,2023-02-14 01:20:48,36,0,0
"1002207",a1002207RU1,1,android,2023-02-14 01:24:35,2023-02-14 01:24:35,0,0,0
"1002208",i1002208KZ1,1,iOS,2023-02-14 01:29:36,2023-02-14 01:29:53,17,0,0
"1002211",i1002211KZ1,1,iOS,2023-02-14 01:53:53,2023-02-14 01:53:59,6,0,0
"1002214",a1002214KZ1,1,android,2023-02-14 02:26:26,2023-02-14 02:26:35,9,0,0
"1002216",a1002216RU1,1,android,2023-02-14 02:37:18,2023-02-14 02:37:18,0,0,0
"1002219",a1002219RU1,1,android,2023-02-14 02:59:58,2023-02-14 03:03:21,203,4,850
"1002220",i1002220KZ1,1,iOS,2023-02-14 03:04:36,2023-02-14 03:05:03,27,0,0
"1002221",a1002221RU1,1,android,2023-02-14 03:08:51,2023-02-14 03:09:27,36,0,0
"1002223",a1002223PL1,1,android,2023-02-14 03:23:37,2023-02-14 03:23:37,0,0,0
"1002224",a1002224DE1,1,android,2023-02-14 03:33:06,2023-02-14 03:33:06,0,0,0
"1002225",a1002225RU1,1,android,2023-02-14 03:35:09,2023-02-14 03:35:09,0,0,0
"1002228",a1002228DE1,1,android,2023-02-14 03:55:39,2023-02-14 03:55:39,0,0,0
"1002229",a1002229CA1,1,android,2023-02-14 04:05:18,2023-02-14 04:10:11,293,4,950
"1002231",a1002231RU1,1,android,2023-02-14 04:31:59,2023-02-14 04:32:17,18,0,0
"1002232",i1002232US1,1,iOS,2023-02-14 04:35:08,2023-02-14 04:39:27,259,4,950
"1002233",a1002233RU1,1,android,2023-02-14 04:38:58,2023-02-14 04:43:18,260,4,950
"1002236",a1002236ES1,1,android,2023-02-14 05:02:41,2023-02-14 05:06:52,251,4,850
"1002239",a1002239US1,1,android,2023-02-14 05:21:21,2023-02-14 05:21:38,17,0,0
"1002240",i1002240RU1,1,iOS,2023-02-14 05:27:04,2023-02-14 05:30:48,224,2,850
"1002241",a1002241PL1,1,android,2023-02-14 05:36:08,2023-02-14 05:36:25,17,0,0
"1002243",a1002243ES1,1,android,2023-02-14 05:42:40,2023-02-14 05:47:29,289,4,950
"1002244",a1002244US1,1,android,2023-02-14 05:56:56,2023-02-14 05:57:00,4,0,0
"1002246",a1002246CA1,1,android,2023-02-14 06:16:05,2023-02-14 06:16:45,40,0,0
"1002247",i1002247DE1,1,iOS,2023-02-14 06:29:37,2023-02-14 06:30:30,53,1,50
"1002252",a1002252KZ1,1,android,2023-02-14 06:58:07,2023-02-14 06:58:11,4,0,0
"1002253",i1002253RU1,1,iOS,2023-02-14 07:08:05,2023-02-14 07:08:11,6,0,0
"1002256",i1002256DE1,1,iOS,2023-02-14 07:44:21,2023-02-14 07:49:17,296,4,950
"1002257",i1002257RU1,1,iOS,2023-02-14 07:49:43,2023-02-14 07:49:43,0,0,0
"1002258",i1002258RU1,1,iOS,2023-02-14 07:55:59,2023-02-14 07:56:45,46,0,0
"1002261",a1002261RU1,1,android,2023-02-14 08:06:05,2023-02-14 08:06:22,17,0,0
"1002262",a1002262CA1,1,android,2023-02-14 08:08:47,2023-02-14 08:09:19,32,0,0
"1002264",a1002264KZ1,1,android,2023-02-14 08:26:52,2023-02-14 08:27:03,11,0,0
"1002266",a1002266RU1,1,android,2023-02-14 08:54:07,2023-02-14 08:54:13,6,0,0
"1002267",i1002267GE1,1,iOS,2023-02-14 09:03:27,2023-02-14 09:04:17,50,1,50
"1002275",i1002275GE1,1,iOS,2023-02-14 10:20:36,2023-02-14 10:21:13,37,0,0
"1002277",i1002277KZ1,1,iOS,2023-02-14 10:43:47,2023-02-14 10:44:27,40,0,0
"1002280",i1002280KZ1,1,iOS,2023-02-14 11:05:30,2023-02-14 11:05:36,6,0,0
"1002281",a1002281KZ1,1,android,1970-01-01 03:00:00,2023-02-14 11:09:40,1676362180,0,0
"1002282",a1002282IT1,1,android,2023-02-14 11:25:06,2023-02-14 11:25:11,5,0,0
"1002283",a1002283NL1,1,android,2023-02-14 11:38:57,2023-02-14 11:40:55,118,2,650
"1002285",a1002285DE1,1,android,2023-02-14 12:01:13,2023-02-14 12:01:49,36,0,0
"1002289",a1002289US1,1,android,2023-02-14 12:21:08,2023-02-14 12:21:40,32,0,0
"1002293",i1002293BY1,1,iOS,2023-02-14 12:50:52,2023-02-14 12:52:37,105,2,650
"1002294",i1002294RU1,1,iOS,2023-02-14 12:53:09,2023-02-14 12:53:09,0,0,0
"1002296",a1002296RU1,1,android,2023-02-14 13:15:58,2023-02-14 13:16:10,12,0,0
"1002297",a1002297RU1,1,android,2023-02-14 13:30:00,2023-02-14 13:30:18,18,0,0
"1002300",i1002300DE1,1,iOS,2023-02-14 13:45:14,2023-02-14 13:48:54,220,4,850
"1002301",a1002301DE1,1,android,2023-02-14 13:51:19,2023-02-14 13:54:01,162,2,750
"1002302",a1002302US1,1,android,2023-02-14 14:00:31,2023-02-14 14:00:54,23,0,0
"1002305",a1002305RU1,1,android,2023-02-14 14:28:29,2023-02-14 14:29:05,36,0,0
"1002308",i1002308KZ1,1,iOS,2023-02-14 15:00:56,2023-02-14 15:01:05,9,0,0
"1002309",i1002309BY1,1,iOS,2023-02-14 15:13:50,2023-02-14 15:16:45,175,2,750
"1002311",a1002311IT1,1,android,2023-02-14 15:33:42,2023-02-14 15:33:54,12,0,0
"1002312",a1002312KZ1,1,android,2023-02-14 15:42:32,2023-02-14 15:42:37,5,0,0
"1002313",a1002313GE1,1,android,2023-02-14 15:48:06,2023-02-14 15:48:22,16,0,0
"1002315",a1002315KZ1,1,android,2023-02-14 16:03:41,2023-02-14 16:09:57,376,5,1050
"1002315",a1002315KZ2,2,android,2023-02-14 16:56:08,2023-02-14 17:04:11,483,0,100
"1002316",i1002316PL1,1,iOS,2023-02-14 16:07:37,2023-02-14 16:12:22,285,4,950
"1002317",a1002317PL1,1,android,2023-02-14 16:20:40,2023-02-14 16:21:25,45,1,50
"1002318",i1002318CA1,1,iOS,2023-02-14 16:29:56,2023-02-14 16:30:22,26,0,0
"1002320",i1002320DE1,1,iOS,2023-02-14 16:43:57,2023-02-14 16:43:57,0,0,0
"1002323",a1002323DE1,1,android,2023-02-14 17:08:03,2023-02-14 17:08:07,4,0,0
"1002324",a1002324PL1,1,android,2023-02-14 17:12:21,2023-02-14 17:12:39,18,0,0
"1002331",i1002331GE1,1,iOS,2023-02-14 18:11:34,2023-02-14 18:12:13,39,0,0
"1002333",a1002333BY1,1,android,2023-02-14 18:28:58,2023-02-14 18:29:07,9,0,0
"1002335",i1002335US1,1,iOS,2023-02-14 18:37:10,2023-02-14 18:37:38,28,0,0
"1002336",i1002336US1,1,iOS,2023-02-14 18:46:41,2023-02-14 18:46:46,5,0,0
"1002337",i1002337RU1,1,iOS,2023-02-14 18:52:30,2023-02-14 18:52:35,5,0,0
"1002338",i1002338DE1,1,iOS,2023-02-14 19:06:15,2023-02-14 19:10:03,228,4,850
"1002339",i1002339LT1,1,iOS,2023-02-14 19:19:12,2023-02-14 19:19:37,25,0,0
"1002342",a1002342DE1,1,android,2023-02-14 19:46:21,2023-02-14 19:46:58,37,0,0
"1002344",i1002344RU1,1,iOS,2023-02-14 19:53:22,2023-02-14 19:53:22,0,0,0
"1002346",i1002346KZ1,1,iOS,2023-02-14 20:01:21,2023-02-14 20:01:28,7,0,0
"1002350",i1002350PL1,1,iOS,2023-02-14 20:27:18,2023-02-14 20:27:47,29,0,0
"1002351",a1002351CA1,1,android,2023-02-14 20:33:24,2023-02-14 20:39:18,354,6,1050
"1002351",a1002351CA2,2,android,2023-02-15 19:51:10,2023-02-15 19:59:23,493,5,2000
"1002351",a1002351CA3,3,android,2023-02-16 19:30:02,2023-02-16 19:31:45,103,1,1000
"1002353",a1002353US1,1,android,2023-02-14 20:52:22,2023-02-14 20:52:29,7,0,0
"1002356",i1002356PL1,1,iOS,2023-02-14 21:19:42,2023-02-14 21:20:29,47,1,50
"1002357",a1002357DE1,1,android,2023-02-14 21:28:46,2023-02-14 21:29:02,16,0,0
"1002358",a1002358KZ1,1,android,2023-02-14 21:33:12,2023-02-14 21:33:21,9,0,0
"1002360",a1002360GE1,1,android,2023-02-14 22:00:15,2023-02-14 22:00:39,24,0,0
"1002363",a1002363RU1,1,android,2023-02-14 22:21:51,2023-02-14 22:21:59,8,0,0
"1002364",a1002364RU1,1,android,2023-02-14 22:23:33,2023-02-14 22:24:08,35,0,0
"1002365",i1002365CA1,1,iOS,2023-02-14 22:37:39,2023-02-14 22:38:20,41,1,50
"1002369",i1002369RU1,1,iOS,2023-02-14 23:04:14,2023-02-14 23:07:56,222,4,850
"1002370",i1002370PL1,1,iOS,2023-02-14 23:17:44,2023-02-14 23:17:44,0,0,0
"1002374",a1002374RU1,1,android,2023-02-14 23:54:19,2023-02-14 23:59:08,289,4,950
"1002377",a1002377CA1,1,android,2023-02-15 00:19:51,2023-02-15 00:21:30,99,2,650
"1002380",a1002380RU1,1,android,2023-02-15 00:48:08,2023-02-15 00:48:45,37,0,0
"1002381",i1002381RU1,1,iOS,2023-02-15 00:50:31,2023-02-15 00:50:46,15,0,0
"1002382",a1002382RU1,1,android,2023-02-15 01:04:13,2023-02-15 01:10:51,398,6,1050
"1002382",a1002382RU2,2,android,2023-02-16 00:30:34,2023-02-16 00:38:54,500,3,2000
"1002386",a1002386RU1,1,android,2023-02-15 01:38:53,2023-02-15 01:39:09,16,0,0
"1002388",i1002388KZ1,1,iOS,2023-02-15 02:02:00,2023-02-15 02:02:00,0,0,0
"1002389",i1002389CA1,1,iOS,2023-02-15 02:07:51,2023-02-15 02:08:37,46,0,0
"1002391",a1002391GE1,1,android,2023-02-15 02:27:03,2023-02-15 02:27:07,4,0,0
"1002392",i1002392ES1,1,iOS,2023-02-15 02:36:04,2023-02-15 02:38:38,154,3,750
"1002396",i1002396RU1,1,iOS,2023-02-15 03:10:12,2023-02-15 03:10:22,10,0,0
"1002397",a1002397KZ1,1,android,2023-02-15 03:14:47,2023-02-15 03:14:52,5,0,0
"1002398",a1002398US1,1,android,2023-02-15 03:24:16,2023-02-15 03:32:10,474,2,950
"1002400",a1002400RU1,1,android,2023-02-15 03:50:39,2023-02-15 03:50:42,3,0,0
"1002402",a1002402NL1,1,android,2023-02-15 03:59:26,2023-02-15 04:05:42,376,6,1050
"1002402",a1002402NL2,2,android,2023-02-16 03:25:20,2023-02-16 03:31:11,351,3,1700
"1002403",a1002403IT1,1,android,2023-02-15 04:05:00,2023-02-15 04:05:33,33,0,0
"1002404",a1002404KZ1,1,android,2023-02-15 04:10:47,2023-02-15 04:10:51,4,0,0
"1002405",i1002405BY1,1,iOS,2023-02-15 04:19:23,2023-02-15 04:19:28,5,0,0
"1002406",a1002406GE1,1,android,2023-02-15 04:33:35,2023-02-15 04:33:51,16,0,0
"1002408",a1002408RU1,1,android,1970-01-01 03:00:00,2023-02-15 04:46:45,1676425605,0,0
"1002410",a1002410KZ1,1,android,2023-02-15 05:06:16,2023-02-15 05:06:47,31,0,0
"1002411",a1002411RU1,1,android,2023-02-15 05:15:31,2023-02-15 05:16:24,53,0,0
"1002413",i1002413RU1,1,iOS,2023-02-15 05:29:04,2023-02-15 05:29:28,24,0,0
"1002414",a1002414KZ1,1,android,1970-01-01 03:00:00,2023-02-15 05:36:27,1676428587,0,0
"1002416",a1002416US1,1,android,2023-02-15 05:47:30,2023-02-15 05:47:53,23,0,0
"1002418",a1002418KZ1,1,android,2023-02-15 06:05:51,2023-02-15 06:07:23,92,2,650
"1002419",a1002419GE1,1,android,2023-02-15 06:14:37,2023-02-15 06:18:15,218,4,850
"1002420",a1002420US1,1,android,2023-02-15 06:29:02,2023-02-15 06:29:23,21,0,0
"1002422",i1002422GE1,1,iOS,2023-02-15 06:37:12,2023-02-15 06:37:36,24,0,0
"1002423",a1002423BY1,1,android,2023-02-15 06:40:52,2023-02-15 06:41:19,27,0,0
"1002425",a1002425US1,1,android,2023-02-15 06:56:14,2023-02-15 06:56:55,41,1,50
"1002426",a1002426RU1,1,android,2023-02-15 07:00:27,2023-02-15 07:06:29,362,6,1050
"1002426",a1002426RU2,2,android,2023-02-16 06:17:34,2023-02-16 06:25:25,471,4,2000
"1002427",i1002427KZ1,1,iOS,2023-02-15 07:09:33,2023-02-15 07:10:19,46,1,50
"1002428",a1002428IT1,1,android,2023-02-15 07:22:46,2023-02-15 07:29:12,386,6,1050
"1002428",a1002428IT2,2,android,2023-02-16 06:44:40,2023-02-16 06:52:48,488,4,2000
"1002429",i1002429RU1,1,iOS,2023-02-15 07:27:29,2023-02-15 07:27:29,0,0,0
"1002430",a1002430KZ1,1,android,2023-02-15 07:33:06,2023-02-15 07:33:51,45,0,0
"1002432",i1002432RU1,1,iOS,2023-02-15 08:00:04,2023-02-15 08:00:08,4,0,0
"1002435",a1002435GE1,1,android,2023-02-15 08:31:44,2023-02-15 08:32:22,38,0,0
"1002436",i1002436DE1,1,iOS,2023-02-15 08:44:57,2023-02-15 08:45:20,23,0,0
"1002437",a1002437GE1,1,android,2023-02-15 08:51:04,2023-02-15 08:51:10,6,0,0
"1002438",a1002438CA1,1,android,2023-02-15 08:53:27,2023-02-15 08:55:08,101,1,650
"1002439",a1002439ES1,1,android,2023-02-15 09:02:28,2023-02-15 09:04:06,98,2,650
"1002440",a1002440IT1,1,android,2023-02-15 09:11:12,2023-02-15 09:11:21,9,0,0
"1002441",a1002441RU1,1,android,2023-02-15 09:25:13,2023-02-15 09:25:38,25,0,0
"1002445",a1002445KZ1,1,android,2023-02-15 09:43:15,2023-02-15 09:43:25,10,0,0
"1002446",i1002446IT1,1,iOS,2023-02-15 09:47:27,2023-02-15 09:48:10,43,0,0
"1002447",i1002447BY1,1,iOS,2023-02-15 10:01:28,2023-02-15 10:01:35,7,0,0
"1002448",i1002448US1,1,iOS,2023-02-15 10:06:49,2023-02-15 10:06:52,3,0,0
"1002452",i1002452US1,1,iOS,2023-02-15 10:40:42,2023-02-15 10:41:29,47,1,50
"1002453",a1002453KZ1,1,android,1970-01-01 03:00:00,2023-02-15 10:49:26,1676447366,0,0
"1002456",i1002456RU1,1,iOS,2023-02-15 11:18:28,2023-02-15 11:24:48,380,6,1050
"1002456",i1002456RU2,2,iOS,2023-02-16 10:42:06,2023-02-16 10:50:16,490,5,2000
"1002456",i1002456RU3,3,iOS,2023-02-17 10:15:26,2023-02-17 10:16:56,90,1,1000
"1002457",a1002457KZ1,1,android,2023-02-15 11:32:25,2023-02-15 11:37:03,278,4,950
"1002459",a1002459RU1,1,android,2023-02-15 11:51:03,2023-02-15 11:51:07,4,0,0
"1002460",i1002460RU1,1,iOS,2023-02-15 12:04:15,2023-02-15 12:07:10,175,3,750
"1002461",i1002461US1,1,iOS,2023-02-15 12:13:23,2023-02-15 12:22:09,526,3,950
"1002462",i1002462US1,1,iOS,2023-02-15 12:27:10,2023-02-15 12:28:40,90,2,650
"1002464",i1002464GE1,1,iOS,2023-02-15 12:42:56,2023-02-15 12:43:03,7,0,0
"1002465",i1002465RU1,1,iOS,2023-02-15 12:56:48,2023-02-15 13:00:30,222,4,850
"1002466",i1002466DE1,1,iOS,2023-02-15 12:59:09,2023-02-15 12:59:18,9,0,0
"1002469",a1002469CA1,1,android,2023-02-15 13:19:15,2023-02-15 13:19:26,11,0,0
"1002474",a1002474RU1,1,android,2023-02-15 14:13:53,2023-02-15 14:17:38,225,4,850
"1002476",a1002476DE1,1,android,2023-02-15 14:31:48,2023-02-15 14:32:00,12,0,0
"1002478",a1002478RU1,1,android,2023-02-15 14:43:34,2023-02-15 14:43:57,23,0,0
"1002479",i1002479CA1,1,iOS,2023-02-15 14:47:35,2023-02-15 14:47:45,10,0,0
"1002486",a1002486US1,1,android,2023-02-15 15:43:32,2023-02-15 15:45:12,100,2,650
"1002489",a1002489ES1,1,android,2023-02-15 16:10:33,2023-02-15 16:10:51,18,0,0
"1002490",a1002490PL1,1,android,2023-02-15 16:14:45,2023-02-15 16:14:49,4,0,0
"1002491",a1002491RU1,1,android,2023-02-15 16:28:30,2023-02-15 16:28:38,8,0,0
"1002492",a1002492PL1,1,android,2023-02-15 16:41:45,2023-02-15 16:41:45,0,0,0
"1002495",a1002495GE1,1,android,2023-02-15 17:14:24,2023-02-15 17:14:28,4,0,0
"1002497",a1002497BY1,1,android,2023-02-15 17:28:41,2023-02-15 17:30:33,112,2,650
"1002498",a1002498RU1,1,android,2023-02-15 17:32:19,2023-02-15 17:38:00,341,5,1050
"1002498",a1002498RU2,2,android,2023-02-15 18:37:46,2023-02-15 18:39:24,98,1,100
"1002499",i1002499GE1,1,iOS,2023-02-15 17:34:28,2023-02-15 17:35:11,43,0,0
