"platform_type","user_id","country","first_version","last_version","type_traffic","first_time","last_time","dates","payer","total_revenue","max_level","amount_gold","amount_bronze_cup","amount_silver_cup","amount_gold_cup"
android,"1000001",ES,"1.01","1.01",organic,2023-02-01 08:00:02,2023-02-01 08:02:05,"{''2023-02-01 00:00:00'',''2023-02-01 00:00:00'',''2023-02-01 00:00:00'',''2023-02-01 00:00:00'',''2023-02-01 00:00:00'',''2023-02-01 00:00:00'',''2023-02-01 00:00:00''}",0,0.0,0,0,0,0,0
android,"1000004",RU,"1.01","1.01",organic,2023-02-01 08:29:34,2023-02-01 08:30:42,"{''2023-02-01 00:00:00'',''2023-02-01 00:00:00'',''2023-02-01 00:00:00''}",0,0.0,0,0,0,0,0
iOS,"1000006",CA,"1.01","1.01",organic,2023-02-01 08:47:23,2023-02-01 08:50:14,"{''2023-02-01 00:00:00'',''2023-02-01 00:00:00'',''2023-02-01 00:00:00'',''2023-02-01 00:00:00'',''2023-02-01 00:00:00'',''2023-02-01 00:00:00'',''2023-02-01 00:00:00'',''2023-02-01 00:00:00'',''2023-02-01 00:00:00'',''2023-02-01 00:00:00'',''2023-02-01 00:00:00'',''2023-02-01 00:00:00'',''2023-02-01 00:00:00''}",0,0.0,2,650,0,0,0
android,"1000007",GE,"1.01","1.01",organic,2023-02-01 08:49:45,2023-02-01 08:51:12,"{''2023-02-01 00:00:00'',''2023-02-01 00:00:00'',''2023-02-01 00:00:00'',''2023-02-01 00:00:00'',''2023-02-01 00:00:00''}",0,0.0,0,0,0,0,0
iOS,"1000008",RU,"1.01","1.01",organic,2023-02-01 09:03:20,2023-02-02 08:45:35,"{''2023-02-02 00:00:00'',''2023-02-02 00:00:00'',''2023-02-02 00:00:00'',''2023-02-02 00:00:00'',''2023-02-01 00:00:00'',''2023-02-01 00:00:00'',''2023-02-01 00:00:00'',''2023-02-01 00:00:00'',''2023-02-01 00:00:00'',''2023-02-01 00:00:00'',''2023-02-01 00:00:00'',''2023-02-01 00:00:00'',''2023-02-01 00:00:00'',''2023-02-02 00:00:00'',''2023-02-01 00:00:00'',''2023-02-01 00:00:00'',''2023-02-01 00:00:00'',''2023-02-02 00:00:00'',''2023-02-01 00:00:00'',''2023-02-01 00:00:00'',''2023-02-02 00:00:00'',''2023-02-02 00:00:00'',''2023-02-02 00:00:00'',''2023-02-01 00:00:00'',''2023-02-01 00:00:00'',''2023-02-01 00:00:00'',''2023-02-01 00:00:00'',''2023-02-01 00:00:00'',''2023-02-02 00:00:00'',''2023-02-01 00:00:00'',''2023-02-01 00:00:00'',''2023-02-02 00:00:00'',''2023-02-02 00:00:00''}",0,0.0,10,3050,1,0,0
android,"1000009",LT,"1.01","1.01",paid,2023-02-01 09:09:01,2023-02-01 09:10:36,"{''2023-02-01 00:00:00'',''2023-02-01 00:00:00'',''2023-02-01 00:00:00'',''2023-02-01 00:00:00'',''2023-02-01 00:00:00''}",0,0.0,0,0,0,0,0
android,"1000011",CA,"1.01","1.01",organic,2023-02-01 09:20:36,2023-02-01 09:22:57,"{''2023-02-01 00:00:00'',''2023-02-01 00:00:00'',''2023-02-01 00:00:00'',''2023-02-01 00:00:00'',''2023-02-01 00:00:00'',''2023-02-01 00:00:00''}",0,0.0,0,0,0,0,0
android,"1000012",IT,"1.01","1.01",paid,2023-02-01 09:22:58,2023-02-01 09:24:41,"{''2023-02-01 00:00:00'',''2023-02-01 00:00:00'',''2023-02-01 00:00:00'',''2023-02-01 00:00:00'',''2023-02-01 00:00:00'',''2023-02-01 00:00:00'',''2023-02-01 00:00:00'',''2023-02-01 00:00:00''}",0,0.0,0,0,0,0,0
android,"1000014",KZ,"1.01","1.01",organic,2023-02-01 09:36:25,2023-02-01 09:39:39,"{''2023-02-01 00:00:00'',''2023-02-01 00:00:00'',''2023-02-01 00:00:00'',''2023-02-01 00:00:00'',''2023-02-01 00:00:00'',''2023-02-01 00:00:00'',''2023-02-01 00:00:00'',''2023-02-01 00:00:00'',''2023-02-01 00:00:00'',''2023-02-01 00:00:00'',''2023-02-01 00:00:00'',''2023-02-01 00:00:00'',''2023-02-01 00:00:00''}",0,0.0,2,650,0,0,0
iOS,"1000016",GE,"1.01","1.01",paid,2023-02-01 09:59:13,2023-02-01 10:01:17,"{''2023-02-01 00:00:00'',''2023-02-01 00:00:00'',''2023-02-01 00:00:00'',''2023-02-01 00:00:00'',''2023-02-01 00:00:00'',''2023-02-01 00:00:00'',''2023-02-01 00:00:00'',''2023-02-01 00:00:00''}",0,0.0,0,0,0,0,0
android,"1000019",CA,"1.01","1.01",organic,2023-02-01 10:18:21,2023-02-01 10:20:51,"{''2023-02-01 00:00:00'',''2023-02-01 00:00:00'',''2023-02-01 00:00:00'',''2023-02-01 00:00:00'',''2023-02-01 00:00:00'',''2023-02-01 00:00:00'',''2023-02-01 00:00:00''}",0,0.0,0,0,0,0,0
iOS,"1000021",RU,"1.01","1.01",paid,2023-02-01 10:41:09,2023-02-01 10:43:03,"{''2023-02-01 00:00:00'',''2023-02-01 00:00:00'',''2023-02-01 00:00:00'',''2023-02-01 00:00:00'',''2023-02-01 00:00:00'',''2023-02-01 00:00:00'',''2023-02-01 00:00:00''}",0,0.0,0,0,0,0,0
android,"1000022",US,"1.01","1.01",organic,2023-02-01 10:46:50,2023-02-03 10:14:00,"{''2023-02-01 00:00:00'',''2023-02-02 00:00:00'',''2023-02-01 00:00:00'',''2023-02-02 00:00:00'',''2023-02-02 00:00:00'',''2023-02-01 00:00:00'',''2023-02-02 00:00:00'',''2023-02-01 00:00:00'',''2023-02-01 00:00:00'',''2023-02-02 00:00:00'',''2023-02-01 00:00:00'',''2023-02-02 00:00:00'',''2023-02-01 00:00:00'',''2023-02-01 00:00:00'',''2023-02-01 00:00:00'',''2023-02-01 00:00:00'',''2023-02-02 00:00:00'',''2023-02-01 00:00:00'',''2023-02-01 00:00:00'',''2023-02-03 00:00:00'',''2023-02-03 00:00:00'',''2023-02-01 00:00:00'',''2023-02-03 00:00:00'',''2023-02-01 00:00:00'',''2023-02-02 00:00:00'',''2023-02-01 00:00:00'',''2023-02-01 00:00:00'',''2023-02-02 00:00:00'',''2023-02-01 00:00:00'',''2023-02-01 00:00:00'',''2023-02-02 00:00:00'',''2023-02-01 00:00:00'',''2023-02-03 00:00:00'',''2023-02-02 00:00:00'',''2023-02-02 00:00:00'',''2023-02-01 00:00:00'',''2023-02-01 00:00:00''}",0,0.0,12,4050,1,1,0
iOS,"1000023",PL,"1.01","1.01",organic,2023-02-01 11:00:25,2023-02-01 11:05:01,"{''2023-02-01 00:00:00'',''2023-02-01 00:00:00'',''2023-02-01 00:00:00'',''2023-02-01 00:00:00'',''2023-02-01 00:00:00'',''2023-02-01 00:00:00'',''2023-02-01 00:00:00'',''2023-02-01 00:00:00'',''2023-02-01 00:00:00'',''2023-02-01 00:00:00'',''2023-02-01 00:00:00'',''2023-02-01 00:00:00'',''2023-02-01 00:00:00'',''2023-02-01 00:00:00'',''2023-02-01 00:00:00''}",0,0.0,2,750,0,0,0
android,"1000027",KZ,"1.01","1.01",organic,2023-02-01 11:26:17,2023-02-01 11:28:19,"{''2023-02-01 00:00:00'',''2023-02-01 00:00:00'',''2023-02-01 00:00:00'',''2023-02-01 00:00:00'',''2023-02-01 00:00:00'',''2023-02-01 00:00:00'',''2023-02-01 00:00:00'',''2023-02-01 00:00:00'',''2023-02-01 00:00:00'',''2023-02-01 00:00:00''}",0,0.0,1,50,0,0,0
android,"1000028",ES,"1.01","1.01",organic,2023-02-01 11:31:58,2023-02-02 11:31:44,"{''2023-02-01 00:00:00'',''2023-02-02 00:00:00'',''2023-02-02 00:00:00'',''2023-02-01 00:00:00'',''2023-02-01 00:00:00'',''2023-02-01 00:00:00'',''2023-02-01 00:00:00'',''2023-02-01 00:00:00'',''2023-02-01 00:00:00'',''2023-02-01 00:00:00'',''2023-02-02 00:00:00'',''2023-02-02 00:00:00'',''2023-02-02 00:00:00'',''2023-02-02 00:00:00'',''2023-02-02 00:00:00'',''2023-02-02 00:00:00'',''2023-02-01 00:00:00'',''2023-02-02 00:00:00'',''2023-02-01 00:00:00'',''2023-02-01 00:00:00'',''2023-02-01 00:00:00'',''2023-02-01 00:00:00'',''2023-02-01 00:00:00'',''2023-02-01 00:00:00'',''2023-02-01 00:00:00'',''2023-02-01 00:00:00'',''2023-02-01 00:00:00'',''2023-02-01 00:00:00'',''2023-02-02 00:00:00'',''2023-02-01 00:00:00'',''2023-02-01 00:00:00''}",1,99.0,9,2750,1,0,0
android,"1000030",KZ,"1.01","1.01",organic,2023-02-01 11:40:26,2023-02-01 11:43:36,"{''2023-02-01 00:00:00'',''2023-02-01 00:00:00'',''2023-02-01 00:00:00'',''2023-02-01 00:00:00'',''2023-02-01 00:00:00'',''2023-02-01 00:00:00'',''2023-02-01 00:00:00'',''2023-02-01 00:00:00'',''2023-02-01 00:00:00'',''2023-02-01 00:00:00'',''2023-02-01 00:00:00'',''2023-02-01 00:00:00'',''2023-02-01 00:00:00''}",0,0.0,2,650,0,0,0
android,"1000031",PL,"1.01","1.01",organic,2023-02-01 11:44:40,2023-02-01 11:46:42,"{''2023-02-01 00:00:00'',''2023-02-01 00:00:00'',''2023-02-01 00:00:00'',''2023-02-01 00:00:00'',''2023-02-01 00:00:00'',''2023-02-01 00:00:00'',''2023-02-01 00:00:00'',''2023-02-01 00:00:00''}",0,0.0,0,0,0,0,0
iOS,"1000032",GE,"1.01","1.01",organic,2023-02-01 11:48:54,2023-02-01 11:51:37,"{''2023-02-01 00:00:00'',''2023-02-01 00:00:00'',''2023-02-01 00:00:00'',''2023-02-01 00:00:00'',''2023-02-01 00:00:00'',''2023-02-01 00:00:00'',''2023-02-01 00:00:00'',''2023-02-01 00:00:00'',''2023-02-01 00:00:00''}",0,0.0,0,0,0,0,0
android,"1000033",RU,"1.01","1.01",organic,2023-02-01 12:02:29,2023-02-01 12:05:33,"{''2023-02-01 00:00:00'',''2023-02-01 00:00:00'',''2023-02-01 00:00:00'',''2023-02-01 00:00:00'',''2023-02-01 00:00:00'',''2023-02-01 00:00:00'',''2023-02-01 00:00:00'',''2023-02-01 00:00:00'',''2023-02-01 00:00:00'',''2023-02-01 00:00:00'',''2023-02-01 00:00:00'',''2023-02-01 00:00:00'',''2023-02-01 00:00:00''}",0,0.0,2,650,0,0,0
android,"1000035",PL,"1.01","1.01",paid,2023-02-01 12:29:39,2023-02-01 12:30:59,"{''2023-02-01 00:00:00'',''2023-02-01 00:00:00'',''2023-02-01 00:00:00'',''2023-02-01 00:00:00'',''2023-02-01 00:00:00''}",0,0.0,0,0,0,0,0
iOS,"1000036",KZ,"1.01","1.01",organic,2023-02-01 12:38:52,2023-02-01 12:40:57,"{''2023-02-01 00:00:00'',''2023-02-01 00:00:00'',''2023-02-01 00:00:00''}",0,0.0,0,0,0,0,0
android,"1000037",RU,"1.01","1.01",organic,2023-02-01 12:52:27,2023-02-01 12:53:42,"{''2023-02-01 00:00:00'',''2023-02-01 00:00:00'',''2023-02-01 00:00:00'',''2023-02-01 00:00:00'',''2023-02-01 00:00:00''}",0,0.0,0,0,0,0,0
iOS,"1000038",KZ,"1.01","1.01",paid,2023-02-01 12:58:08,2023-02-01 13:02:23,"{''2023-02-01 00:00:00'',''2023-02-01 00:00:00'',''2023-02-01 00:00:00'',''2023-02-01 00:00:00'',''2023-02-01 00:00:00'',''2023-02-01 00:00:00'',''2023-02-01 00:00:00'',''2023-02-01 00:00:00'',''2023-02-01 00:00:00'',''2023-02-01 00:00:00'',''2023-02-01 00:00:00'',''2023-02-01 00:00:00'',''2023-02-01 00:00:00'',''2023-02-01 00:00:00'',''2023-02-01 00:00:00''}",0,0.0,3,750,0,0,0
iOS,"1000042",IT,"1.01","1.01",organic,2023-02-01 13:33:46,2023-02-01 13:39:57,"{''2023-02-01 00:00:00'',''2023-02-01 00:00:00'',''2023-02-01 00:00:00'',''2023-02-01 00:00:00'',''2023-02-01 00:00:00'',''2023-02-01 00:00:00'',''2023-02-01 00:00:00'',''2023-02-01 00:00:00'',''2023-02-01 00:00:00'',''2023-02-01 00:00:00'',''2023-02-01 00:00:00'',''2023-02-01 00:00:00'',''2023-02-01 00:00:00'',''2023-02-01 00:00:00'',''2023-02-01 00:00:00'',''2023-02-01 00:00:00'',''2023-02-01 00:00:00'',''2023-02-01 00:00:00'',''2023-02-01 00:00:00''}",0,0.0,4,950,0,0,0
android,"1000043",ES,"1.01","1.01",organic,2023-02-01 13:42:59,2023-02-01 13:45:01,"{''2023-02-01 00:00:00'',''2023-02-01 00:00:00'',''2023-02-01 00:00:00'',''2023-02-01 00:00:00''}",0,0.0,0,0,0,0,0
android,"1000044",KZ,"1.01","1.01",organic,2023-02-01 13:52:12,2023-02-01 13:54:47,"{''2023-02-01 00:00:00'',''2023-02-01 00:00:00'',''2023-02-01 00:00:00'',''2023-02-01 00:00:00'',''2023-02-01 00:00:00'',''2023-02-01 00:00:00'',''2023-02-01 00:00:00'',''2023-02-01 00:00:00'',''2023-02-01 00:00:00'',''2023-02-01 00:00:00''}",0,0.0,1,50,0,0,0
iOS,"1000045",ES,"1.01","1.01",paid,2023-02-01 14:05:47,2023-02-01 14:07:53,"{''2023-02-01 00:00:00'',''2023-02-01 00:00:00'',''2023-02-01 00:00:00'',''2023-02-01 00:00:00'',''2023-02-01 00:00:00''}",0,0.0,0,0,0,0,0
iOS,"1000046",RU,"1.01","1.01",organic,2023-02-01 14:15:00,2023-02-01 14:17:15,"{''2023-02-01 00:00:00'',''2023-02-01 00:00:00'',''2023-02-01 00:00:00'',''2023-02-01 00:00:00'',''2023-02-01 00:00:00'',''2023-02-01 00:00:00'',''2023-02-01 00:00:00'',''2023-02-01 00:00:00''}",0,0.0,0,0,0,0,0
iOS,"1000048",RU,"1.01","1.01",organic,2023-02-01 14:29:54,2023-02-01 14:31:42,"{''2023-02-01 00:00:00'',''2023-02-01 00:00:00'',''2023-02-01 00:00:00'',''2023-02-01 00:00:00'',''2023-02-01 00:00:00'',''2023-02-01 00:00:00'',''2023-02-01 00:00:00''}",0,0.0,0,0,0,0,0
android,"1000053",IT,"1.01","1.01",organic,2023-02-01 15:05:24,2023-02-01 15:06:54,"{''2023-02-01 00:00:00'',''2023-02-01 00:00:00'',''2023-02-01 00:00:00''}",0,0.0,0,0,0,0,0
android,"1000054",ES,"1.01","1.01",organic,2023-02-01 15:14:37,2023-02-01 15:16:38,"{''2023-02-01 00:00:00'',''2023-02-01 00:00:00'',''2023-02-01 00:00:00''}",0,0.0,0,0,0,0,0
android,"1000055",KZ,"1.01","1.01",organic,2023-02-01 15:18:51,2023-02-01 15:20:18,"{''2023-02-01 00:00:00'',''2023-02-01 00:00:00'',''2023-02-01 00:00:00''}",0,0.0,0,0,0,0,0
android,"1000056",CA,"1.01","1.01",organic,2023-02-01 15:24:32,2023-02-01 15:26:28,"{''2023-02-01 00:00:00'',''2023-02-01 00:00:00'',''2023-02-01 00:00:00'',''2023-02-01 00:00:00'',''2023-02-01 00:00:00'',''2023-02-01 00:00:00'',''2023-02-01 00:00:00'',''2023-02-01 00:00:00''}",0,0.0,0,0,0,0,0
android,"1000061",RU,"1.01","1.01",organic,2023-02-01 16:04:23,2023-02-02 15:33:37,"{''2023-02-01 00:00:00'',''2023-02-02 00:00:00'',''2023-02-02 00:00:00'',''2023-02-01 00:00:00'',''2023-02-01 00:00:00'',''2023-02-02 00:00:00'',''2023-02-01 00:00:00'',''2023-02-02 00:00:00'',''2023-02-01 00:00:00'',''2023-02-02 00:00:00'',''2023-02-01 00:00:00'',''2023-02-02 00:00:00'',''2023-02-01 00:00:00'',''2023-02-01 00:00:00'',''2023-02-01 00:00:00'',''2023-02-02 00:00:00'',''2023-02-01 00:00:00'',''2023-02-01 00:00:00'',''2023-02-01 00:00:00'',''2023-02-02 00:00:00'',''2023-02-02 00:00:00'',''2023-02-01 00:00:00'',''2023-02-01 00:00:00'',''2023-02-02 00:00:00'',''2023-02-01 00:00:00'',''2023-02-01 00:00:00'',''2023-02-01 00:00:00'',''2023-02-01 00:00:00'',''2023-02-01 00:00:00'',''2023-02-01 00:00:00'',''2023-02-01 00:00:00'',''2023-02-02 00:00:00'',''2023-02-02 00:00:00''}",0,0.0,10,3050,1,0,0
android,"1000062",RU,"1.01","1.01",organic,2023-02-01 16:17:58,2023-02-01 16:21:16,"{''2023-02-01 00:00:00'',''2023-02-01 00:00:00'',''2023-02-01 00:00:00'',''2023-02-01 00:00:00'',''2023-02-01 00:00:00'',''2023-02-01 00:00:00'',''2023-02-01 00:00:00'',''2023-02-01 00:00:00'',''2023-02-01 00:00:00'',''2023-02-01 00:00:00'',''2023-02-01 00:00:00'',''2023-02-01 00:00:00'',''2023-02-01 00:00:00''}",0,0.0,2,650,0,0,0
iOS,"1000063",PL,"1.01","1.01",organic,2023-02-01 16:22:12,2023-02-01 16:25:21,"{''2023-02-01 00:00:00'',''2023-02-01 00:00:00'',''2023-02-01 00:00:00'',''2023-02-01 00:00:00'',''2023-02-01 00:00:00'',''2023-02-01 00:00:00'',''2023-02-01 00:00:00'',''2023-02-01 00:00:00'',''2023-02-01 00:00:00'',''2023-02-01 00:00:00'',''2023-02-01 00:00:00'',''2023-02-01 00:00:00'',''2023-02-01 00:00:00''}",0,0.0,2,650,0,0,0
android,"1000064",RU,"1.01","1.01",organic,2023-02-01 16:27:53,2023-02-01 16:31:19,"{''2023-02-01 00:00:00'',''2023-02-01 00:00:00'',''2023-02-01 00:00:00'',''2023-02-01 00:00:00'',''2023-02-01 00:00:00'',''2023-02-01 00:00:00'',''2023-02-01 00:00:00'',''2023-02-01 00:00:00'',''2023-02-01 00:00:00'',''2023-02-01 00:00:00'',''2023-02-01 00:00:00'',''2023-02-01 00:00:00'',''2023-02-01 00:00:00''}",0,0.0,2,650,0,0,0
iOS,"1000065",RU,"1.01","1.01",organic,2023-02-01 16:30:15,2023-02-01 16:31:51,"{''2023-02-01 00:00:00'',''2023-02-01 00:00:00'',''2023-02-01 00:00:00'',''2023-02-01 00:00:00''}",0,0.0,0,0,0,0,0
android,"1000068",RU,"1.01","1.01",organic,2023-02-01 16:51:53,2023-02-01 16:53:02,"{''2023-02-01 00:00:00'',''2023-02-01 00:00:00'',''2023-02-01 00:00:00''}",0,0.0,0,0,0,0,0
android,"1000070",NL,"1.01","1.01",organic,2023-02-01 17:00:21,2023-02-01 17:07:07,"{''2023-02-01 00:00:00'',''2023-02-01 00:00:00'',''2023-02-01 00:00:00'',''2023-02-01 00:00:00'',''2023-02-01 00:00:00'',''2023-02-01 00:00:00'',''2023-02-01 00:00:00'',''2023-02-01 00:00:00'',''2023-02-01 00:00:00'',''2023-02-01 00:00:00'',''2023-02-01 00:00:00'',''2023-02-01 00:00:00'',''2023-02-01 00:00:00'',''2023-02-01 00:00:00'',''2023-02-01 00:00:00'',''2023-02-01 00:00:00'',''2023-02-01 00:00:00'',''2023-02-01 00:00:00'',''2023-02-01 00:00:00''}",0,0.0,4,950,0,0,0
android,"1000071",CA,"1.01","1.01",paid,2023-02-01 17:06:02,2023-02-01 17:08:34,"{''2023-02-01 00:00:00'',''2023-02-01 00:00:00'',''2023-02-01 00:00:00'',''2023-02-01 00:00:00'',''2023-02-01 00:00:00'',''2023-02-01 00:00:00'',''2023-02-01 00:00:00''}",0,0.0,0,0,0,0,0
iOS,"1000073",US,"1.01","1.01",organic,2023-02-01 17:25:18,2023-02-01 17:26:47,"{''2023-02-01 00:00:00'',''2023-02-01 00:00:00'',''2023-02-01 00:00:00''}",0,0.0,0,0,0,0,0
android,"1000074",IT,"1.01","1.01",organic,2023-02-01 17:38:53,2023-02-01 17:40:40,"{''2023-02-01 00:00:00'',''2023-02-01 00:00:00'',''2023-02-01 00:00:00'',''2023-02-01 00:00:00'',''2023-02-01 00:00:00''}",0,0.0,0,0,0,0,0
android,"1000075",KZ,"1.01","1.01",organic,2023-02-01 17:44:34,2023-02-01 17:48:07,"{''2023-02-01 00:00:00'',''2023-02-01 00:00:00'',''2023-02-01 00:00:00'',''2023-02-01 00:00:00'',''2023-02-01 00:00:00'',''2023-02-01 00:00:00'',''2023-02-01 00:00:00'',''2023-02-01 00:00:00'',''2023-02-01 00:00:00'',''2023-02-01 00:00:00'',''2023-02-01 00:00:00'',''2023-02-01 00:00:00'',''2023-02-01 00:00:00''}",0,0.0,2,650,0,0,0
iOS,"1000076",RU,"1.01","1.01",paid,2023-02-01 17:58:09,2023-02-03 17:13:12,"{''2023-02-02 00:00:00'',''2023-02-01 00:00:00'',''2023-02-01 00:00:00'',''2023-02-01 00:00:00'',''2023-02-02 00:00:00'',''2023-02-01 00:00:00'',''2023-02-01 00:00:00'',''2023-02-03 00:00:00'',''2023-02-02 00:00:00'',''2023-02-01 00:00:00'',''2023-02-01 00:00:00'',''2023-02-02 00:00:00'',''2023-02-01 00:00:00'',''2023-02-02 00:00:00'',''2023-02-03 00:00:00'',''2023-02-01 00:00:00'',''2023-02-02 00:00:00'',''2023-02-02 00:00:00'',''2023-02-01 00:00:00'',''2023-02-02 00:00:00'',''2023-02-01 00:00:00'',''2023-02-02 00:00:00'',''2023-02-01 00:00:00'',''2023-02-01 00:00:00'',''2023-02-01 00:00:00'',''2023-02-01 00:00:00'',''2023-02-03 00:00:00'',''2023-02-01 00:00:00'',''2023-02-01 00:00:00'',''2023-02-01 00:00:00'',''2023-02-02 00:00:00'',''2023-02-02 00:00:00'',''2023-02-01 00:00:00'',''2023-02-01 00:00:00'',''2023-02-03 00:00:00'',''2023-02-02 00:00:00'',''2023-02-01 00:00:00''}",0,0.0,12,4050,1,1,0
iOS,"1000078",NL,"1.01","1.01",organic,2023-02-01 18:25:19,2023-02-01 18:27:18,"{''2023-02-01 00:00:00'',''2023-02-01 00:00:00'',''2023-02-01 00:00:00'',''2023-02-01 00:00:00'',''2023-02-01 00:00:00'',''2023-02-01 00:00:00'',''2023-02-01 00:00:00'',''2023-02-01 00:00:00''}",0,0.0,0,0,0,0,0
android,"1000079",PL,"1.01","1.01",organic,2023-02-01 18:38:54,2023-02-02 18:43:35,"{''2023-02-02 00:00:00'',''2023-02-01 00:00:00'',''2023-02-01 00:00:00'',''2023-02-01 00:00:00'',''2023-02-02 00:00:00'',''2023-02-02 00:00:00'',''2023-02-01 00:00:00'',''2023-02-01 00:00:00'',''2023-02-02 00:00:00'',''2023-02-01 00:00:00'',''2023-02-02 00:00:00'',''2023-02-01 00:00:00'',''2023-02-02 00:00:00'',''2023-02-01 00:00:00'',''2023-02-01 00:00:00'',''2023-02-02 00:00:00'',''2023-02-02 00:00:00'',''2023-02-01 00:00:00'',''2023-02-01 00:00:00'',''2023-02-01 00:00:00'',''2023-02-01 00:00:00'',''2023-02-01 00:00:00'',''2023-02-01 00:00:00'',''2023-02-02 00:00:00'',''2023-02-01 00:00:00'',''2023-02-01 00:00:00'',''2023-02-01 00:00:00'',''2023-02-01 00:00:00'',''2023-02-01 00:00:00'',''2023-02-01 00:00:00'',''2023-02-02 00:00:00'',''2023-02-02 00:00:00''}",1,299.0,8,4250,1,0,0
android,"1000080",RU,"1.01","1.01",organic,2023-02-01 18:52:29,2023-02-01 18:55:02,"{''2023-02-01 00:00:00'',''2023-02-01 00:00:00'',''2023-02-01 00:00:00'',''2023-02-01 00:00:00'',''2023-02-01 00:00:00'',''2023-02-01 00:00:00'',''2023-02-01 00:00:00'',''2023-02-01 00:00:00'',''2023-02-01 00:00:00'',''2023-02-01 00:00:00''}",0,0.0,1,50,0,0,0
iOS,"1000081",GE,"1.01","1.01",organic,2023-02-01 19:01:42,2023-02-01 19:03:10,"{''2023-02-01 00:00:00'',''2023-02-01 00:00:00'',''2023-02-01 00:00:00'',''2023-02-01 00:00:00'',''2023-02-01 00:00:00''}",0,0.0,0,0,0,0,0
android,"1000082",RU,"1.01","1.01",organic,2023-02-01 19:15:17,2023-02-01 19:17:05,"{''2023-02-01 00:00:00'',''2023-02-01 00:00:00'',''2023-02-01 00:00:00'',''2023-02-01 00:00:00''}",0,0.0,0,0,0,0,0
iOS,"1000083",KZ,"1.01","1.01",organic,2023-02-01 19:17:39,2023-02-01 19:23:24,"{''2023-02-01 00:00:00'',''2023-02-01 00:00:00'',''2023-02-01 00:00:00'',''2023-02-01 00:00:00'',''2023-02-01 00:00:00'',''2023-02-01 00:00:00'',''2023-02-01 00:00:00'',''2023-02-01 00:00:00'',''2023-02-01 00:00:00'',''2023-02-01 00:00:00'',''2023-02-01 00:00:00'',''2023-02-01 00:00:00'',''2023-02-01 00:00:00'',''2023-02-01 00:00:00'',''2023-02-01 00:00:00'',''2023-02-01 00:00:00'',''2023-02-01 00:00:00''}",0,0.0,2,850,0,0,0
android,"1000084",KZ,"1.01","1.01",organic,2023-02-01 19:31:14,2023-02-01 19:33:10,"{''2023-02-01 00:00:00'',''2023-02-01 00:00:00'',''2023-02-01 00:00:00'',''2023-02-01 00:00:00'',''2023-02-01 00:00:00''}",0,0.0,0,0,0,0,0
android,"1000085",RU,"1.01","1.01",organic,2023-02-01 19:44:49,2023-02-01 20:30:05,"{''2023-02-01 00:00:00'',''2023-02-01 00:00:00'',''2023-02-01 00:00:00'',''2023-02-01 00:00:00'',''2023-02-01 00:00:00'',''2023-02-01 00:00:00'',''2023-02-01 00:00:00'',''2023-02-01 00:00:00'',''2023-02-01 00:00:00'',''2023-02-01 00:00:00'',''2023-02-01 00:00:00'',''2023-02-01 00:00:00'',''2023-02-01 00:00:00'',''2023-02-01 00:00:00'',''2023-02-01 00:00:00'',''2023-02-01 00:00:00'',''2023-02-01 00:00:00'',''2023-02-01 00:00:00'',''2023-02-01 00:00:00'',''2023-02-01 00:00:00'',''2023-02-01 00:00:00'',''2023-02-01 00:00:00'',''2023-02-01 00:00:00'',''2023-02-01 00:00:00''}",0,0.0,6,1150,1,0,0
android,"1000086",RU,"1.01","1.01",organic,2023-02-01 19:54:02,2023-02-01 20:01:20,"{''2023-02-01 00:00:00'',''2023-02-01 00:00:00'',''2023-02-01 00:00:00'',''2023-02-01 00:00:00'',''2023-02-01 00:00:00'',''2023-02-01 00:00:00'',''2023-02-01 00:00:00'',''2023-02-01 00:00:00'',''2023-02-01 00:00:00'',''2023-02-01 00:00:00'',''2023-02-01 00:00:00'',''2023-02-01 00:00:00'',''2023-02-01 00:00:00'',''2023-02-01 00:00:00'',''2023-02-01 00:00:00'',''2023-02-01 00:00:00'',''2023-02-01 00:00:00'',''2023-02-01 00:00:00'',''2023-02-01 00:00:00''}",0,0.0,4,950,0,0,0
android,"1000087",PL,"1.01","1.01",organic,2023-02-01 19:58:16,2023-02-01 20:00:22,"{''2023-02-01 00:00:00'',''2023-02-01 00:00:00'',''2023-02-01 00:00:00'',''2023-02-01 00:00:00''}",0,0.0,0,0,0,0,0
android,"1000088",PL,"1.01","1.01",organic,2023-02-01 20:00:38,2023-02-01 20:00:38,{''2023-02-01 00:00:00''},0,0.0,0,0,0,0,0
android,"1000094",RU,"1.01","1.01",paid,2023-02-01 20:49:18,2023-02-01 20:53:52,"{''2023-02-01 00:00:00'',''2023-02-01 00:00:00'',''2023-02-01 00:00:00'',''2023-02-01 00:00:00'',''2023-02-01 00:00:00'',''2023-02-01 00:00:00'',''2023-02-01 00:00:00'',''2023-02-01 00:00:00'',''2023-02-01 00:00:00'',''2023-02-01 00:00:00'',''2023-02-01 00:00:00'',''2023-02-01 00:00:00'',''2023-02-01 00:00:00'',''2023-02-01 00:00:00'',''2023-02-01 00:00:00''}",0,0.0,3,750,0,0,0
android,"1000097",PL,"1.01","1.01",organic,2023-02-01 21:14:15,2023-02-01 21:16:02,"{''2023-02-01 00:00:00'',''2023-02-01 00:00:00'',''2023-02-01 00:00:00'',''2023-02-01 00:00:00''}",0,0.0,0,0,0,0,0
android,"1000098",PL,"1.01","1.01",paid,2023-02-01 21:16:37,2023-02-01 21:18:11,"{''2023-02-01 00:00:00'',''2023-02-01 00:00:00'',''2023-02-01 00:00:00'',''2023-02-01 00:00:00'',''2023-02-01 00:00:00'',''2023-02-01 00:00:00'',''2023-02-01 00:00:00''}",0,0.0,0,0,0,0,0
iOS,"1000099",DE,"1.01","1.01",paid,2023-02-01 21:25:50,2023-02-01 21:27:09,"{''2023-02-01 00:00:00'',''2023-02-01 00:00:00'',''2023-02-01 00:00:00'',''2023-02-01 00:00:00'',''2023-02-01 00:00:00''}",0,0.0,0,0,0,0,0
android,"1000102",BY,"1.01","1.01",organic,2023-02-01 21:44:58,2023-02-01 21:46:56,"{''2023-02-01 00:00:00'',''2023-02-01 00:00:00'',''2023-02-01 00:00:00''}",0,0.0,0,0,0,0,0
android,"1000105",KZ,"1.01","1.01",organic,2023-02-01 22:12:00,2023-02-01 22:13:51,"{''2023-02-01 00:00:00'',''2023-02-01 00:00:00'',''2023-02-01 00:00:00'',''2023-02-01 00:00:00'',''2023-02-01 00:00:00'',''2023-02-01 00:00:00'',''2023-02-01 00:00:00''}",0,0.0,0,0,0,0,0
iOS,"1000108",KZ,"1.01","1.01",organic,2023-02-01 22:37:10,2023-02-03 21:37:28,"{''2023-02-02 00:00:00'',''2023-02-02 00:00:00'',''2023-02-02 00:00:00'',''2023-02-01 00:00:00'',''2023-02-02 00:00:00'',''2023-02-02 00:00:00'',''2023-02-01 00:00:00'',''2023-02-03 00:00:00'',''2023-02-01 00:00:00'',''2023-02-02 00:00:00'',''2023-02-02 00:00:00'',''2023-02-01 00:00:00'',''2023-02-01 00:00:00'',''2023-02-03 00:00:00'',''2023-02-01 00:00:00'',''2023-02-01 00:00:00'',''2023-02-01 00:00:00'',''2023-02-01 00:00:00'',''2023-02-02 00:00:00'',''2023-02-01 00:00:00'',''2023-02-01 00:00:00'',''2023-02-01 00:00:00'',''2023-02-01 00:00:00'',''2023-02-03 00:00:00'',''2023-02-01 00:00:00'',''2023-02-01 00:00:00'',''2023-02-02 00:00:00'',''2023-02-01 00:00:00'',''2023-02-02 00:00:00'',''2023-02-01 00:00:00'',''2023-02-02 00:00:00'',''2023-02-02 00:00:00'',''2023-02-01 00:00:00'',''2023-02-01 00:00:00'',''2023-02-03 00:00:00'',''2023-02-01 00:00:00'',''2023-02-01 00:00:00''}",0,0.0,11,4050,1,1,0
android,"1000109",RU,"1.01","1.01",organic,2023-02-01 22:41:24,2023-02-01 22:43:29,"{''2023-02-01 00:00:00'',''2023-02-01 00:00:00'',''2023-02-01 00:00:00'',''2023-02-01 00:00:00'',''2023-02-01 00:00:00'',''2023-02-01 00:00:00'',''2023-02-01 00:00:00''}",0,0.0,0,0,0,0,0
android,"1000110",RU,"1.01","1.01",paid,2023-02-01 22:54:59,2023-02-01 22:56:28,"{''2023-02-01 00:00:00'',''2023-02-01 00:00:00'',''2023-02-01 00:00:00'',''2023-02-01 00:00:00''}",0,0.0,0,0,0,0,0
android,"1000112",RU,"1.01","1.01",organic,2023-02-01 23:14:15,2023-02-02 23:14:40,"{''2023-02-02 00:00:00'',''2023-02-01 00:00:00'',''2023-02-02 00:00:00'',''2023-02-01 00:00:00'',''2023-02-02 00:00:00'',''2023-02-01 00:00:00'',''2023-02-02 00:00:00'',''2023-02-01 00:00:00'',''2023-02-01 00:00:00'',''2023-02-01 00:00:00'',''2023-02-01 00:00:00'',''2023-02-01 00:00:00'',''2023-02-02 00:00:00'',''2023-02-01 00:00:00'',''2023-02-02 00:00:00'',''2023-02-02 00:00:00'',''2023-02-02 00:00:00'',''2023-02-02 00:00:00'',''2023-02-01 00:00:00'',''2023-02-02 00:00:00'',''2023-02-01 00:00:00'',''2023-02-02 00:00:00'',''2023-02-01 00:00:00'',''2023-02-01 00:00:00'',''2023-02-01 00:00:00'',''2023-02-01 00:00:00'',''2023-02-02 00:00:00'',''2023-02-01 00:00:00'',''2023-02-01 00:00:00'',''2023-02-01 00:00:00'',''2023-02-01 00:00:00'',''2023-02-01 00:00:00'',''2023-02-01 00:00:00''}",0,0.0,10,3050,1,0,0
iOS,"1000113",RU,"1.01","1.01",paid,2023-02-01 23:23:28,2023-02-01 23:26:00,"{''2023-02-01 00:00:00'',''2023-02-01 00:00:00'',''2023-02-01 00:00:00'',''2023-02-01 00:00:00'',''2023-02-01 00:00:00'',''2023-02-01 00:00:00'',''2023-02-01 00:00:00'',''2023-02-01 00:00:00'',''2023-02-01 00:00:00''}",0,0.0,0,0,0,0,0
android,"1000115",PL,"1.01","1.01",organic,2023-02-01 23:46:16,2023-02-01 23:50:36,"{''2023-02-01 00:00:00'',''2023-02-01 00:00:00'',''2023-02-01 00:00:00'',''2023-02-01 00:00:00'',''2023-02-01 00:00:00'',''2023-02-01 00:00:00'',''2023-02-01 00:00:00'',''2023-02-01 00:00:00'',''2023-02-01 00:00:00'',''2023-02-01 00:00:00'',''2023-02-01 00:00:00'',''2023-02-01 00:00:00'',''2023-02-01 00:00:00'',''2023-02-01 00:00:00'',''2023-02-01 00:00:00''}",0,0.0,3,750,0,0,0
android,"1000117",DE,"1.01","1.01",organic,2023-02-02 00:01:10,2023-02-02 00:02:48,"{''2023-02-02 00:00:00'',''2023-02-02 00:00:00'',''2023-02-02 00:00:00''}",0,0.0,0,0,0,0,0
iOS,"1000118",PL,"1.01","1.01",organic,2023-02-02 00:14:45,2023-02-02 00:16:32,"{''2023-02-02 00:00:00'',''2023-02-02 00:00:00'',''2023-02-02 00:00:00'',''2023-02-02 00:00:00'',''2023-02-02 00:00:00''}",0,0.0,0,0,0,0,0
android,"1000120",GE,"1.01","1.01",organic,2023-02-02 00:28:12,2023-02-02 00:30:14,"{''2023-02-02 00:00:00'',''2023-02-02 00:00:00'',''2023-02-02 00:00:00'',''2023-02-02 00:00:00'',''2023-02-02 00:00:00'',''2023-02-02 00:00:00'',''2023-02-02 00:00:00''}",0,0.0,0,0,0,0,0
android,"1000129",CA,"1.01","1.01",paid,2023-02-02 01:37:40,2023-02-03 01:16:05,"{''2023-02-02 00:00:00'',''2023-02-03 00:00:00'',''2023-02-02 00:00:00'',''2023-02-02 00:00:00'',''2023-02-02 00:00:00'',''2023-02-02 00:00:00'',''2023-02-02 00:00:00'',''2023-02-02 00:00:00'',''2023-02-03 00:00:00'',''2023-02-02 00:00:00'',''2023-02-02 00:00:00'',''2023-02-02 00:00:00'',''2023-02-03 00:00:00'',''2023-02-03 00:00:00'',''2023-02-02 00:00:00'',''2023-02-02 00:00:00'',''2023-02-03 00:00:00'',''2023-02-03 00:00:00'',''2023-02-03 00:00:00'',''2023-02-02 00:00:00'',''2023-02-03 00:00:00'',''2023-02-02 00:00:00'',''2023-02-03 00:00:00'',''2023-02-02 00:00:00'',''2023-02-02 00:00:00'',''2023-02-03 00:00:00'',''2023-02-02 00:00:00'',''2023-02-02 00:00:00'',''2023-02-03 00:00:00'',''2023-02-03 00:00:00'',''2023-02-02 00:00:00'',''2023-02-02 00:00:00'',''2023-02-02 00:00:00''}",0,0.0,10,3050,1,0,0
android,"1000130",RU,"1.01","1.01",paid,2023-02-02 01:41:54,2023-02-02 01:45:53,"{''2023-02-02 00:00:00'',''2023-02-02 00:00:00'',''2023-02-02 00:00:00'',''2023-02-02 00:00:00'',''2023-02-02 00:00:00'',''2023-02-02 00:00:00'',''2023-02-02 00:00:00'',''2023-02-02 00:00:00'',''2023-02-02 00:00:00'',''2023-02-02 00:00:00'',''2023-02-02 00:00:00'',''2023-02-02 00:00:00'',''2023-02-02 00:00:00'',''2023-02-02 00:00:00'',''2023-02-02 00:00:00''}",0,0.0,2,750,0,0,0
android,"1000134",RU,"1.01","1.01",organic,2023-02-02 02:18:46,2023-02-02 02:23:52,"{''2023-02-02 00:00:00'',''2023-02-02 00:00:00'',''2023-02-02 00:00:00'',''2023-02-02 00:00:00'',''2023-02-02 00:00:00'',''2023-02-02 00:00:00'',''2023-02-02 00:00:00'',''2023-02-02 00:00:00'',''2023-02-02 00:00:00'',''2023-02-02 00:00:00'',''2023-02-02 00:00:00'',''2023-02-02 00:00:00'',''2023-02-02 00:00:00'',''2023-02-02 00:00:00'',''2023-02-02 00:00:00'',''2023-02-02 00:00:00'',''2023-02-02 00:00:00''}",0,0.0,4,850,0,0,0
iOS,"1000135",US,"1.01","1.01",organic,2023-02-02 02:32:21,2023-02-02 02:34:54,"{''2023-02-02 00:00:00'',''2023-02-02 00:00:00'',''2023-02-02 00:00:00'',''2023-02-02 00:00:00'',''2023-02-02 00:00:00'',''2023-02-02 00:00:00'',''2023-02-02 00:00:00'',''2023-02-02 00:00:00'',''2023-02-02 00:00:00''}",0,0.0,0,0,0,0,0
android,"1000136",US,"1.01","1.01",paid,2023-02-02 02:36:35,2023-02-02 02:38:52,"{''2023-02-02 00:00:00'',''2023-02-02 00:00:00'',''2023-02-02 00:00:00'',''2023-02-02 00:00:00'',''2023-02-02 00:00:00'',''2023-02-02 00:00:00''}",0,0.0,0,0,0,0,0
iOS,"1000138",RU,"1.01","1.01",organic,2023-02-02 02:48:10,2023-02-02 02:54:03,"{''2023-02-02 00:00:00'',''2023-02-02 00:00:00'',''2023-02-02 00:00:00'',''2023-02-02 00:00:00'',''2023-02-02 00:00:00'',''2023-02-02 00:00:00'',''2023-02-02 00:00:00'',''2023-02-02 00:00:00'',''2023-02-02 00:00:00'',''2023-02-02 00:00:00'',''2023-02-02 00:00:00'',''2023-02-02 00:00:00'',''2023-02-02 00:00:00'',''2023-02-02 00:00:00'',''2023-02-02 00:00:00'',''2023-02-02 00:00:00'',''2023-02-02 00:00:00'',''2023-02-02 00:00:00'',''2023-02-02 00:00:00''}",0,0.0,4,950,0,0,0
android,"1000139",IT,"1.01","1.01",organic,2023-02-02 02:50:32,2023-02-02 02:52:03,"{''2023-02-02 00:00:00'',''2023-02-02 00:00:00'',''2023-02-02 00:00:00''}",0,0.0,0,0,0,0,0
android,"1000144",ES,"1.01","1.01",organic,2023-02-02 03:26:02,2023-02-02 03:28:51,"{''2023-02-02 00:00:00'',''2023-02-02 00:00:00'',''2023-02-02 00:00:00'',''2023-02-02 00:00:00'',''2023-02-02 00:00:00'',''2023-02-02 00:00:00'',''2023-02-02 00:00:00'',''2023-02-02 00:00:00'',''2023-02-02 00:00:00'',''2023-02-02 00:00:00'',''2023-02-02 00:00:00'',''2023-02-02 00:00:00'',''2023-02-02 00:00:00''}",0,0.0,2,650,0,0,0
iOS,"1000146",BY,"1.01","1.01",organic,2023-02-02 03:48:50,2023-02-02 03:50:55,"{''2023-02-02 00:00:00'',''2023-02-02 00:00:00'',''2023-02-02 00:00:00'',''2023-02-02 00:00:00'',''2023-02-02 00:00:00'',''2023-02-02 00:00:00'',''2023-02-02 00:00:00''}",0,0.0,0,0,0,0,0
android,"1000149",US,"1.01","1.01",organic,2023-02-02 04:25:13,2023-02-02 04:26:49,"{''2023-02-02 00:00:00'',''2023-02-02 00:00:00'',''2023-02-02 00:00:00''}",0,0.0,0,0,0,0,0
iOS,"1000154",IT,"1.01","1.01",organic,2023-02-02 05:08:49,2023-02-02 05:11:06,"{''2023-02-02 00:00:00'',''2023-02-02 00:00:00'',''2023-02-02 00:00:00'',''2023-02-02 00:00:00'',''2023-02-02 00:00:00'',''2023-02-02 00:00:00'',''2023-02-02 00:00:00'',''2023-02-02 00:00:00''}",0,0.0,0,0,0,0,0
android,"1000156",PL,"1.01","1.01",organic,2023-02-02 05:18:44,2023-02-02 05:20:29,"{''2023-02-02 00:00:00'',''2023-02-02 00:00:00'',''2023-02-02 00:00:00'',''2023-02-02 00:00:00'',''2023-02-02 00:00:00'',''2023-02-02 00:00:00''}",0,0.0,0,0,0,0,0
iOS,"1000157",KZ,"1.01","1.01",organic,2023-02-02 05:32:19,2023-02-02 05:34:29,"{''2023-02-02 00:00:00'',''2023-02-02 00:00:00'',''2023-02-02 00:00:00'',''2023-02-02 00:00:00'',''2023-02-02 00:00:00'',''2023-02-02 00:00:00'',''2023-02-02 00:00:00'',''2023-02-02 00:00:00'',''2023-02-02 00:00:00''}",0,0.0,0,0,0,0,0
android,"1000158",DE,"1.01","1.01",organic,2023-02-02 05:36:33,2023-02-04 05:03:37,"{''2023-02-02 00:00:00'',''2023-02-04 00:00:00'',''2023-02-02 00:00:00'',''2023-02-02 00:00:00'',''2023-02-02 00:00:00'',''2023-02-02 00:00:00'',''2023-02-03 00:00:00'',''2023-02-02 00:00:00'',''2023-02-03 00:00:00'',''2023-02-02 00:00:00'',''2023-02-02 00:00:00'',''2023-02-02 00:00:00'',''2023-02-03 00:00:00'',''2023-02-04 00:00:00'',''2023-02-02 00:00:00'',''2023-02-03 00:00:00'',''2023-02-03 00:00:00'',''2023-02-02 00:00:00'',''2023-02-03 00:00:00'',''2023-02-04 00:00:00'',''2023-02-02 00:00:00'',''2023-02-02 00:00:00'',''2023-02-02 00:00:00'',''2023-02-03 00:00:00'',''2023-02-02 00:00:00'',''2023-02-04 00:00:00'',''2023-02-02 00:00:00'',''2023-02-03 00:00:00'',''2023-02-03 00:00:00'',''2023-02-02 00:00:00'',''2023-02-03 00:00:00'',''2023-02-02 00:00:00'',''2023-02-02 00:00:00'',''2023-02-02 00:00:00'',''2023-02-02 00:00:00'',''2023-02-03 00:00:00'',''2023-02-03 00:00:00''}",0,0.0,11,4050,1,1,0
iOS,"1000160",DE,"1.01","1.01",organic,2023-02-02 05:51:27,2023-02-02 05:55:32,"{''2023-02-02 00:00:00'',''2023-02-02 00:00:00'',''2023-02-02 00:00:00'',''2023-02-02 00:00:00'',''2023-02-02 00:00:00'',''2023-02-02 00:00:00'',''2023-02-02 00:00:00'',''2023-02-02 00:00:00'',''2023-02-02 00:00:00'',''2023-02-02 00:00:00'',''2023-02-02 00:00:00'',''2023-02-02 00:00:00'',''2023-02-02 00:00:00'',''2023-02-02 00:00:00'',''2023-02-02 00:00:00''}",0,0.0,3,750,0,0,0
android,"1000161",US,"1.01","1.01",organic,2023-02-02 06:00:40,2023-02-02 06:04:57,"{''2023-02-02 00:00:00'',''2023-02-02 00:00:00'',''2023-02-02 00:00:00'',''2023-02-02 00:00:00'',''2023-02-02 00:00:00'',''2023-02-02 00:00:00'',''2023-02-02 00:00:00'',''2023-02-02 00:00:00'',''2023-02-02 00:00:00'',''2023-02-02 00:00:00'',''2023-02-02 00:00:00'',''2023-02-02 00:00:00'',''2023-02-02 00:00:00'',''2023-02-02 00:00:00'',''2023-02-02 00:00:00''}",0,0.0,3,750,0,0,0
android,"1000166",DE,"1.01","1.01",organic,2023-02-02 06:38:14,2023-02-02 06:39:47,"{''2023-02-02 00:00:00'',''2023-02-02 00:00:00'',''2023-02-02 00:00:00'',''2023-02-02 00:00:00'',''2023-02-02 00:00:00''}",0,0.0,0,0,0,0,0
iOS,"1000167",US,"1.01","1.01",organic,2023-02-02 06:40:36,2023-02-02 06:42:40,"{''2023-02-02 00:00:00'',''2023-02-02 00:00:00'',''2023-02-02 00:00:00'',''2023-02-02 00:00:00'',''2023-02-02 00:00:00'',''2023-02-02 00:00:00'',''2023-02-02 00:00:00'',''2023-02-02 00:00:00'',''2023-02-02 00:00:00'',''2023-02-02 00:00:00''}",0,0.0,1,50,0,0,0
android,"1000172",DE,"1.01","1.01",paid,2023-02-02 07:24:12,2023-02-02 07:26:13,"{''2023-02-02 00:00:00'',''2023-02-02 00:00:00'',''2023-02-02 00:00:00'',''2023-02-02 00:00:00''}",0,0.0,0,0,0,0,0
iOS,"1000173",US,"1.01","1.01",organic,2023-02-02 07:33:25,2023-02-02 07:35:01,"{''2023-02-02 00:00:00'',''2023-02-02 00:00:00'',''2023-02-02 00:00:00'',''2023-02-02 00:00:00'',''2023-02-02 00:00:00'',''2023-02-02 00:00:00''}",0,0.0,0,0,0,0,0
android,"1000175",US,"1.01","1.01",organic,2023-02-02 07:46:52,2023-02-02 07:48:37,"{''2023-02-02 00:00:00'',''2023-02-02 00:00:00'',''2023-02-02 00:00:00'',''2023-02-02 00:00:00'',''2023-02-02 00:00:00'',''2023-02-02 00:00:00''}",0,0.0,0,0,0,0,0
android,"1000177",DE,"1.01","1.01",organic,2023-02-02 08:06:08,2023-02-02 08:08:29,"{''2023-02-02 00:00:00'',''2023-02-02 00:00:00'',''2023-02-02 00:00:00'',''2023-02-02 00:00:00'',''2023-02-02 00:00:00'',''2023-02-02 00:00:00'',''2023-02-02 00:00:00'',''2023-02-02 00:00:00'',''2023-02-02 00:00:00''}",0,0.0,0,0,0,0,0
android,"1000178",RU,"1.01","1.01",organic,2023-02-02 08:10:22,2023-02-02 08:15:42,"{''2023-02-02 00:00:00'',''2023-02-02 00:00:00'',''2023-02-02 00:00:00'',''2023-02-02 00:00:00'',''2023-02-02 00:00:00'',''2023-02-02 00:00:00'',''2023-02-02 00:00:00'',''2023-02-02 00:00:00'',''2023-02-02 00:00:00'',''2023-02-02 00:00:00'',''2023-02-02 00:00:00'',''2023-02-02 00:00:00'',''2023-02-02 00:00:00'',''2023-02-02 00:00:00'',''2023-02-02 00:00:00'',''2023-02-02 00:00:00'',''2023-02-02 00:00:00'',''2023-02-02 00:00:00'',''2023-02-02 00:00:00''}",0,0.0,4,950,0,0,0
android,"1000179",ES,"1.01","1.01",paid,2023-02-02 08:16:03,2023-02-02 08:21:14,"{''2023-02-02 00:00:00'',''2023-02-02 00:00:00'',''2023-02-02 00:00:00'',''2023-02-02 00:00:00'',''2023-02-02 00:00:00'',''2023-02-02 00:00:00'',''2023-02-02 00:00:00'',''2023-02-02 00:00:00'',''2023-02-02 00:00:00'',''2023-02-02 00:00:00'',''2023-02-02 00:00:00'',''2023-02-02 00:00:00'',''2023-02-02 00:00:00'',''2023-02-02 00:00:00'',''2023-02-02 00:00:00'',''2023-02-02 00:00:00'',''2023-02-02 00:00:00''}",0,0.0,3,850,0,0,0
android,"1000180",ES,"1.01","1.01",organic,2023-02-02 08:20:17,2023-02-02 08:22:16,"{''2023-02-02 00:00:00'',''2023-02-02 00:00:00'',''2023-02-02 00:00:00'',''2023-02-02 00:00:00''}",0,0.0,0,0,0,0,0
android,"1000181",LV,"1.01","1.01",organic,2023-02-02 08:29:30,2023-02-02 08:36:14,"{''2023-02-02 00:00:00'',''2023-02-02 00:00:00'',''2023-02-02 00:00:00'',''2023-02-02 00:00:00'',''2023-02-02 00:00:00'',''2023-02-02 00:00:00'',''2023-02-02 00:00:00'',''2023-02-02 00:00:00'',''2023-02-02 00:00:00'',''2023-02-02 00:00:00'',''2023-02-02 00:00:00'',''2023-02-02 00:00:00'',''2023-02-02 00:00:00'',''2023-02-02 00:00:00'',''2023-02-02 00:00:00'',''2023-02-02 00:00:00'',''2023-02-02 00:00:00'',''2023-02-02 00:00:00'',''2023-02-02 00:00:00''}",0,0.0,4,950,0,0,0
android,"1000183",US,"1.01","1.01",organic,2023-02-02 08:48:46,2023-02-02 08:50:31,"{''2023-02-02 00:00:00'',''2023-02-02 00:00:00'',''2023-02-02 00:00:00'',''2023-02-02 00:00:00''}",0,0.0,0,0,0,0,0
android,"1000187",ES,"1.01","1.01",organic,2023-02-02 09:30:00,2023-02-02 09:32:14,"{''2023-02-02 00:00:00'',''2023-02-02 00:00:00'',''2023-02-02 00:00:00'',''2023-02-02 00:00:00'',''2023-02-02 00:00:00'',''2023-02-02 00:00:00'',''2023-02-02 00:00:00''}",0,0.0,0,0,0,0,0
iOS,"1000188",RU,"1.01","1.01",organic,2023-02-02 09:35:41,2023-02-02 09:41:59,"{''2023-02-02 00:00:00'',''2023-02-02 00:00:00'',''2023-02-02 00:00:00'',''2023-02-02 00:00:00'',''2023-02-02 00:00:00'',''2023-02-02 00:00:00'',''2023-02-02 00:00:00'',''2023-02-02 00:00:00'',''2023-02-02 00:00:00'',''2023-02-02 00:00:00'',''2023-02-02 00:00:00'',''2023-02-02 00:00:00'',''2023-02-02 00:00:00'',''2023-02-02 00:00:00'',''2023-02-02 00:00:00'',''2023-02-02 00:00:00'',''2023-02-02 00:00:00'',''2023-02-02 00:00:00'',''2023-02-02 00:00:00''}",0,0.0,4,950,0,0,0
android,"1000189",GE,"1.01","1.01",organic,2023-02-02 09:44:54,2023-02-02 09:45:58,"{''2023-02-02 00:00:00'',''2023-02-02 00:00:00'',''2023-02-02 00:00:00''}",0,0.0,0,0,0,0,0
android,"1000190",KZ,"1.01","1.01",organic,2023-02-02 09:54:07,2023-02-02 10:00:08,"{''2023-02-02 00:00:00'',''2023-02-02 00:00:00'',''2023-02-02 00:00:00'',''2023-02-02 00:00:00'',''2023-02-02 00:00:00'',''2023-02-02 00:00:00'',''2023-02-02 00:00:00'',''2023-02-02 00:00:00'',''2023-02-02 00:00:00'',''2023-02-02 00:00:00'',''2023-02-02 00:00:00'',''2023-02-02 00:00:00'',''2023-02-02 00:00:00'',''2023-02-02 00:00:00'',''2023-02-02 00:00:00'',''2023-02-02 00:00:00'',''2023-02-02 00:00:00'',''2023-02-02 00:00:00'',''2023-02-02 00:00:00''}",0,0.0,4,950,0,0,0
iOS,"1000191",US,"1.01","1.01",organic,2023-02-02 09:58:21,2023-02-02 10:00:12,"{''2023-02-02 00:00:00'',''2023-02-02 00:00:00'',''2023-02-02 00:00:00''}",0,0.0,0,0,0,0,0
iOS,"1000193",BY,"1.01","1.01",organic,2023-02-02 10:04:57,2023-02-02 10:06:27,"{''2023-02-02 00:00:00'',''2023-02-02 00:00:00'',''2023-02-02 00:00:00''}",0,0.0,0,0,0,0,0
android,"1000198",ES,"1.01","1.01",organic,2023-02-02 10:56:14,2023-02-02 10:57:31,"{''2023-02-02 00:00:00'',''2023-02-02 00:00:00'',''2023-02-02 00:00:00''}",0,0.0,0,0,0,0,0
android,"1000199",RU,"1.01","1.01",organic,2023-02-02 11:05:27,2023-02-02 11:06:59,"{''2023-02-02 00:00:00'',''2023-02-02 00:00:00'',''2023-02-02 00:00:00''}",0,0.0,0,0,0,0,0
android,"1000201",BY,"1.01","1.01",organic,2023-02-02 11:24:43,2023-02-02 11:30:53,"{''2023-02-02 00:00:00'',''2023-02-02 00:00:00'',''2023-02-02 00:00:00'',''2023-02-02 00:00:00'',''2023-02-02 00:00:00'',''2023-02-02 00:00:00'',''2023-02-02 00:00:00'',''2023-02-02 00:00:00'',''2023-02-02 00:00:00'',''2023-02-02 00:00:00'',''2023-02-02 00:00:00'',''2023-02-02 00:00:00'',''2023-02-02 00:00:00'',''2023-02-02 00:00:00'',''2023-02-02 00:00:00'',''2023-02-02 00:00:00'',''2023-02-02 00:00:00'',''2023-02-02 00:00:00'',''2023-02-02 00:00:00''}",0,0.0,4,950,0,0,0
iOS,"1000203",US,"1.01","1.01",organic,2023-02-02 11:43:59,2023-02-02 11:49:05,"{''2023-02-02 00:00:00'',''2023-02-02 00:00:00'',''2023-02-02 00:00:00'',''2023-02-02 00:00:00'',''2023-02-02 00:00:00'',''2023-02-02 00:00:00'',''2023-02-02 00:00:00'',''2023-02-02 00:00:00'',''2023-02-02 00:00:00'',''2023-02-02 00:00:00'',''2023-02-02 00:00:00'',''2023-02-02 00:00:00'',''2023-02-02 00:00:00'',''2023-02-02 00:00:00'',''2023-02-02 00:00:00'',''2023-02-02 00:00:00'',''2023-02-02 00:00:00''}",0,0.0,4,850,0,0,0
android,"1000204",US,"1.01","1.01",paid,2023-02-02 11:49:40,2023-02-02 11:53:12,"{''2023-02-02 00:00:00'',''2023-02-02 00:00:00'',''2023-02-02 00:00:00'',''2023-02-02 00:00:00'',''2023-02-02 00:00:00'',''2023-02-02 00:00:00'',''2023-02-02 00:00:00'',''2023-02-02 00:00:00'',''2023-02-02 00:00:00'',''2023-02-02 00:00:00'',''2023-02-02 00:00:00'',''2023-02-02 00:00:00'',''2023-02-02 00:00:00''}",0,0.0,2,650,0,0,0
android,"1000205",RU,"1.01","1.01",organic,2023-02-02 12:03:15,2023-02-02 12:05:23,"{''2023-02-02 00:00:00'',''2023-02-02 00:00:00'',''2023-02-02 00:00:00'',''2023-02-02 00:00:00'',''2023-02-02 00:00:00''}",0,0.0,0,0,0,0,0
iOS,"1000206",KZ,"1.01","1.01",paid,2023-02-02 12:12:28,2023-02-02 12:14:25,"{''2023-02-02 00:00:00'',''2023-02-02 00:00:00'',''2023-02-02 00:00:00'',''2023-02-02 00:00:00'',''2023-02-02 00:00:00'',''2023-02-02 00:00:00'',''2023-02-02 00:00:00''}",0,0.0,0,0,0,0,0
iOS,"1000208",RU,"1.01","1.01",organic,2023-02-02 12:24:03,2023-02-02 12:33:32,"{''2023-02-02 00:00:00'',''2023-02-02 00:00:00'',''2023-02-02 00:00:00'',''2023-02-02 00:00:00'',''2023-02-02 00:00:00'',''2023-02-02 00:00:00'',''2023-02-02 00:00:00'',''2023-02-02 00:00:00'',''2023-02-02 00:00:00'',''2023-02-02 00:00:00'',''2023-02-02 00:00:00'',''2023-02-02 00:00:00'',''2023-02-02 00:00:00'',''2023-02-02 00:00:00'',''2023-02-02 00:00:00'',''2023-02-02 00:00:00'',''2023-02-02 00:00:00'',''2023-02-02 00:00:00'',''2023-02-02 00:00:00'',''2023-02-02 00:00:00''}",1,399.0,3,950,0,0,0
android,"1000210",RU,"1.01","1.01",organic,2023-02-02 12:51:13,2023-02-02 12:52:35,"{''2023-02-02 00:00:00'',''2023-02-02 00:00:00'',''2023-02-02 00:00:00'',''2023-02-02 00:00:00'',''2023-02-02 00:00:00''}",0,0.0,0,0,0,0,0
android,"1000212",US,"1.01","1.01",organic,2023-02-02 13:04:40,2023-02-02 13:06:41,"{''2023-02-02 00:00:00'',''2023-02-02 00:00:00'',''2023-02-02 00:00:00'',''2023-02-02 00:00:00'',''2023-02-02 00:00:00'',''2023-02-02 00:00:00''}",0,0.0,0,0,0,0,0
android,"1000213",RU,"1.01","1.01",organic,2023-02-02 13:10:21,2023-02-02 13:12:23,"{''2023-02-02 00:00:00'',''2023-02-02 00:00:00'',''2023-02-02 00:00:00'',''2023-02-02 00:00:00'',''2023-02-02 00:00:00'',''2023-02-02 00:00:00''}",0,0.0,0,0,0,0,0
android,"1000215",GE,"1.01","1.01",organic,2023-02-02 13:33:09,2023-02-02 13:37:44,"{''2023-02-02 00:00:00'',''2023-02-02 00:00:00'',''2023-02-02 00:00:00'',''2023-02-02 00:00:00'',''2023-02-02 00:00:00'',''2023-02-02 00:00:00'',''2023-02-02 00:00:00'',''2023-02-02 00:00:00'',''2023-02-02 00:00:00'',''2023-02-02 00:00:00'',''2023-02-02 00:00:00'',''2023-02-02 00:00:00'',''2023-02-02 00:00:00'',''2023-02-02 00:00:00'',''2023-02-02 00:00:00''}",0,0.0,3,750,0,0,0
android,"1000216",US,"1.01","1.01",paid,2023-02-02 13:42:22,2023-02-02 13:43:46,"{''2023-02-02 00:00:00'',''2023-02-02 00:00:00'',''2023-02-02 00:00:00'',''2023-02-02 00:00:00'',''2023-02-02 00:00:00''}",0,0.0,0,0,0,0,0
iOS,"1000218",RU,"1.01","1.01",organic,2023-02-02 13:50:25,2023-02-02 14:41:36,"{''2023-02-02 00:00:00'',''2023-02-02 00:00:00'',''2023-02-02 00:00:00'',''2023-02-02 00:00:00'',''2023-02-02 00:00:00'',''2023-02-02 00:00:00'',''2023-02-02 00:00:00'',''2023-02-02 00:00:00'',''2023-02-02 00:00:00'',''2023-02-02 00:00:00'',''2023-02-02 00:00:00'',''2023-02-02 00:00:00'',''2023-02-02 00:00:00'',''2023-02-02 00:00:00'',''2023-02-02 00:00:00'',''2023-02-02 00:00:00'',''2023-02-02 00:00:00'',''2023-02-02 00:00:00'',''2023-02-02 00:00:00'',''2023-02-02 00:00:00'',''2023-02-02 00:00:00'',''2023-02-02 00:00:00'',''2023-02-02 00:00:00'',''2023-02-02 00:00:00''}",0,0.0,6,1150,1,0,0
android,"1000221",ES,"1.01","1.01",organic,2023-02-02 14:13:55,2023-02-02 14:15:41,"{''2023-02-02 00:00:00'',''2023-02-02 00:00:00'',''2023-02-02 00:00:00'',''2023-02-02 00:00:00'',''2023-02-02 00:00:00'',''2023-02-02 00:00:00'',''2023-02-02 00:00:00''}",0,0.0,0,0,0,0,0
android,"1000222",RU,"1.01","1.01",organic,2023-02-02 14:23:08,2023-02-02 14:25:14,"{''2023-02-02 00:00:00'',''2023-02-02 00:00:00'',''2023-02-02 00:00:00'',''2023-02-02 00:00:00'',''2023-02-02 00:00:00'',''2023-02-02 00:00:00''}",0,0.0,0,0,0,0,0
iOS,"1000223",BY,"1.01","1.01",paid,2023-02-02 14:36:43,2023-02-02 14:39:26,"{''2023-02-02 00:00:00'',''2023-02-02 00:00:00'',''2023-02-02 00:00:00'',''2023-02-02 00:00:00'',''2023-02-02 00:00:00'',''2023-02-02 00:00:00'',''2023-02-02 00:00:00'',''2023-02-02 00:00:00'',''2023-02-02 00:00:00'',''2023-02-02 00:00:00''}",0,0.0,1,50,0,0,0
android,"1000224",RU,"1.01","1.01",organic,2023-02-02 14:40:57,2023-02-02 14:42:32,"{''2023-02-02 00:00:00'',''2023-02-02 00:00:00'',''2023-02-02 00:00:00''}",0,0.0,0,0,0,0,0
iOS,"1000225",PL,"1.01","1.01",organic,2023-02-02 14:46:38,2023-02-02 14:46:38,{''2023-02-02 00:00:00''},0,0.0,0,0,0,0,0
iOS,"1000228",US,"1.01","1.01",paid,2023-02-02 15:09:18,2023-02-02 15:11:25,"{''2023-02-02 00:00:00'',''2023-02-02 00:00:00'',''2023-02-02 00:00:00'',''2023-02-02 00:00:00'',''2023-02-02 00:00:00'',''2023-02-02 00:00:00''}",0,0.0,0,0,0,0,0
android,"1000229",CA,"1.01","1.01",organic,2023-02-02 15:14:59,2023-02-02 15:17:01,"{''2023-02-02 00:00:00'',''2023-02-02 00:00:00'',''2023-02-02 00:00:00'',''2023-02-02 00:00:00'',''2023-02-02 00:00:00'',''2023-02-02 00:00:00'',''2023-02-02 00:00:00''}",0,0.0,0,0,0,0,0
android,"1000230",GE,"1.01","1.01",organic,2023-02-02 15:28:34,2023-02-02 15:35:09,"{''2023-02-02 00:00:00'',''2023-02-02 00:00:00'',''2023-02-02 00:00:00'',''2023-02-02 00:00:00'',''2023-02-02 00:00:00'',''2023-02-02 00:00:00'',''2023-02-02 00:00:00'',''2023-02-02 00:00:00'',''2023-02-02 00:00:00'',''2023-02-02 00:00:00'',''2023-02-02 00:00:00'',''2023-02-02 00:00:00'',''2023-02-02 00:00:00'',''2023-02-02 00:00:00'',''2023-02-02 00:00:00'',''2023-02-02 00:00:00'',''2023-02-02 00:00:00'',''2023-02-02 00:00:00'',''2023-02-02 00:00:00''}",0,0.0,4,950,0,0,0
android,"1000233",GE,"1.01","1.01",organic,2023-02-02 16:04:57,2023-02-02 16:10:30,"{''2023-02-02 00:00:00'',''2023-02-02 00:00:00'',''2023-02-02 00:00:00'',''2023-02-02 00:00:00'',''2023-02-02 00:00:00'',''2023-02-02 00:00:00'',''2023-02-02 00:00:00'',''2023-02-02 00:00:00'',''2023-02-02 00:00:00'',''2023-02-02 00:00:00'',''2023-02-02 00:00:00'',''2023-02-02 00:00:00'',''2023-02-02 00:00:00'',''2023-02-02 00:00:00'',''2023-02-02 00:00:00'',''2023-02-02 00:00:00'',''2023-02-02 00:00:00''}",0,0.0,4,850,0,0,0
android,"1000236",RU,"1.01","1.01",organic,2023-02-02 16:27:37,2023-02-02 16:29:24,"{''2023-02-02 00:00:00'',''2023-02-02 00:00:00'',''2023-02-02 00:00:00'',''2023-02-02 00:00:00'',''2023-02-02 00:00:00'',''2023-02-02 00:00:00'',''2023-02-02 00:00:00'',''2023-02-02 00:00:00''}",0,0.0,0,0,0,0,0
android,"1000237",US,"1.01","1.01",paid,2023-02-02 16:33:18,2023-02-02 16:35:11,"{''2023-02-02 00:00:00'',''2023-02-02 00:00:00'',''2023-02-02 00:00:00'',''2023-02-02 00:00:00'',''2023-02-02 00:00:00'',''2023-02-02 00:00:00'',''2023-02-02 00:00:00'',''2023-02-02 00:00:00'',''2023-02-02 00:00:00'',''2023-02-02 00:00:00''}",0,0.0,1,50,0,0,0
iOS,"1000240",US,"1.01","1.01",organic,2023-02-02 16:51:37,2023-02-02 16:53:50,"{''2023-02-02 00:00:00'',''2023-02-02 00:00:00'',''2023-02-02 00:00:00'',''2023-02-02 00:00:00'',''2023-02-02 00:00:00'',''2023-02-02 00:00:00'',''2023-02-02 00:00:00'',''2023-02-02 00:00:00'',''2023-02-02 00:00:00''}",0,0.0,0,0,0,0,0
android,"1000243",RU,"1.01","1.01",organic,2023-02-02 17:07:26,2023-02-02 17:09:33,"{''2023-02-02 00:00:00'',''2023-02-02 00:00:00'',''2023-02-02 00:00:00'',''2023-02-02 00:00:00'',''2023-02-02 00:00:00'',''2023-02-02 00:00:00''}",0,0.0,0,0,0,0,0
android,"1000244",DE,"1.01","1.01",organic,2023-02-02 17:21:01,2023-02-02 18:28:11,"{''2023-02-02 00:00:00'',''2023-02-02 00:00:00'',''2023-02-02 00:00:00'',''2023-02-02 00:00:00'',''2023-02-02 00:00:00'',''2023-02-02 00:00:00'',''2023-02-02 00:00:00'',''2023-02-02 00:00:00'',''2023-02-02 00:00:00'',''2023-02-02 00:00:00'',''2023-02-02 00:00:00'',''2023-02-02 00:00:00'',''2023-02-02 00:00:00'',''2023-02-02 00:00:00'',''2023-02-02 00:00:00'',''2023-02-02 00:00:00'',''2023-02-02 00:00:00'',''2023-02-02 00:00:00'',''2023-02-02 00:00:00'',''2023-02-02 00:00:00'',''2023-02-02 00:00:00'',''2023-02-02 00:00:00'',''2023-02-02 00:00:00'',''2023-02-02 00:00:00''}",0,0.0,6,1150,1,0,0
iOS,"1000245",KZ,"1.01","1.01",organic,2023-02-02 17:30:14,2023-02-02 17:34:29,"{''2023-02-02 00:00:00'',''2023-02-02 00:00:00'',''2023-02-02 00:00:00'',''2023-02-02 00:00:00'',''2023-02-02 00:00:00'',''2023-02-02 00:00:00'',''2023-02-02 00:00:00'',''2023-02-02 00:00:00'',''2023-02-02 00:00:00'',''2023-02-02 00:00:00'',''2023-02-02 00:00:00'',''2023-02-02 00:00:00'',''2023-02-02 00:00:00'',''2023-02-02 00:00:00'',''2023-02-02 00:00:00''}",0,0.0,3,750,0,0,0
android,"1000246",RU,"1.01","1.01",organic,2023-02-02 17:35:55,2023-02-02 17:38:02,"{''2023-02-02 00:00:00'',''2023-02-02 00:00:00'',''2023-02-02 00:00:00'',''2023-02-02 00:00:00'',''2023-02-02 00:00:00'',''2023-02-02 00:00:00'',''2023-02-02 00:00:00'',''2023-02-02 00:00:00'',''2023-02-02 00:00:00''}",0,0.0,0,0,0,0,0
android,"1000254",US,"1.01","1.01",organic,2023-02-02 18:43:51,2023-02-02 18:45:29,"{''2023-02-02 00:00:00'',''2023-02-02 00:00:00'',''2023-02-02 00:00:00''}",0,0.0,0,0,0,0,0
iOS,"1000255",PL,"1.01","1.01",organic,2023-02-02 18:53:04,2023-02-02 18:59:11,"{''2023-02-02 00:00:00'',''2023-02-02 00:00:00'',''2023-02-02 00:00:00'',''2023-02-02 00:00:00'',''2023-02-02 00:00:00'',''2023-02-02 00:00:00'',''2023-02-02 00:00:00'',''2023-02-02 00:00:00'',''2023-02-02 00:00:00'',''2023-02-02 00:00:00'',''2023-02-02 00:00:00'',''2023-02-02 00:00:00'',''2023-02-02 00:00:00'',''2023-02-02 00:00:00'',''2023-02-02 00:00:00'',''2023-02-02 00:00:00'',''2023-02-02 00:00:00'',''2023-02-02 00:00:00'',''2023-02-02 00:00:00''}",0,0.0,4,950,0,0,0
iOS,"1000256",KZ,"1.01","1.01",organic,2023-02-02 18:57:18,2023-02-02 18:59:30,"{''2023-02-02 00:00:00'',''2023-02-02 00:00:00'',''2023-02-02 00:00:00'',''2023-02-02 00:00:00'',''2023-02-02 00:00:00'',''2023-02-02 00:00:00'',''2023-02-02 00:00:00'',''2023-02-02 00:00:00'',''2023-02-02 00:00:00'',''2023-02-02 00:00:00''}",0,0.0,1,50,0,0,0
android,"1000257",PL,"1.01","1.01",organic,2023-02-02 19:10:53,2023-02-02 19:12:15,"{''2023-02-02 00:00:00'',''2023-02-02 00:00:00'',''2023-02-02 00:00:00'',''2023-02-02 00:00:00'',''2023-02-02 00:00:00''}",0,0.0,0,0,0,0,0
android,"1000260",DE,"1.01","1.01",organic,2023-02-02 19:26:29,2023-02-02 19:32:35,"{''2023-02-02 00:00:00'',''2023-02-02 00:00:00'',''2023-02-02 00:00:00'',''2023-02-02 00:00:00'',''2023-02-02 00:00:00'',''2023-02-02 00:00:00'',''2023-02-02 00:00:00'',''2023-02-02 00:00:00'',''2023-02-02 00:00:00'',''2023-02-02 00:00:00'',''2023-02-02 00:00:00'',''2023-02-02 00:00:00'',''2023-02-02 00:00:00'',''2023-02-02 00:00:00'',''2023-02-02 00:00:00'',''2023-02-02 00:00:00'',''2023-02-02 00:00:00'',''2023-02-02 00:00:00'',''2023-02-02 00:00:00''}",0,0.0,4,950,0,0,0
android,"1000261",PL,"1.01","1.01",organic,2023-02-02 19:32:10,2023-02-02 19:37:13,"{''2023-02-02 00:00:00'',''2023-02-02 00:00:00'',''2023-02-02 00:00:00'',''2023-02-02 00:00:00'',''2023-02-02 00:00:00'',''2023-02-02 00:00:00'',''2023-02-02 00:00:00'',''2023-02-02 00:00:00'',''2023-02-02 00:00:00'',''2023-02-02 00:00:00'',''2023-02-02 00:00:00'',''2023-02-02 00:00:00'',''2023-02-02 00:00:00'',''2023-02-02 00:00:00'',''2023-02-02 00:00:00'',''2023-02-02 00:00:00'',''2023-02-02 00:00:00''}",0,0.0,4,850,0,0,0
android,"1000262",US,"1.01","1.01",organic,2023-02-02 19:41:23,2023-02-04 19:21:21,"{''2023-02-02 00:00:00'',''2023-02-03 00:00:00'',''2023-02-03 00:00:00'',''2023-02-02 00:00:00'',''2023-02-03 00:00:00'',''2023-02-02 00:00:00'',''2023-02-02 00:00:00'',''2023-02-02 00:00:00'',''2023-02-02 00:00:00'',''2023-02-02 00:00:00'',''2023-02-02 00:00:00'',''2023-02-02 00:00:00'',''2023-02-04 00:00:00'',''2023-02-02 00:00:00'',''2023-02-03 00:00:00'',''2023-02-04 00:00:00'',''2023-02-03 00:00:00'',''2023-02-04 00:00:00'',''2023-02-02 00:00:00'',''2023-02-04 00:00:00'',''2023-02-02 00:00:00'',''2023-02-03 00:00:00'',''2023-02-02 00:00:00'',''2023-02-02 00:00:00'',''2023-02-03 00:00:00'',''2023-02-02 00:00:00'',''2023-02-02 00:00:00'',''2023-02-03 00:00:00'',''2023-02-02 00:00:00'',''2023-02-02 00:00:00'',''2023-02-03 00:00:00'',''2023-02-03 00:00:00'',''2023-02-03 00:00:00'',''2023-02-03 00:00:00'',''2023-02-02 00:00:00'',''2023-02-02 00:00:00'',''2023-02-02 00:00:00''}",0,0.0,12,4050,1,1,0
android,"1000263",US,"1.01","1.01",paid,2023-02-02 19:45:37,2023-02-04 19:09:51,"{''2023-02-03 00:00:00'',''2023-02-02 00:00:00'',''2023-02-02 00:00:00'',''2023-02-02 00:00:00'',''2023-02-04 00:00:00'',''2023-02-02 00:00:00'',''2023-02-03 00:00:00'',''2023-02-03 00:00:00'',''2023-02-02 00:00:00'',''2023-02-02 00:00:00'',''2023-02-03 00:00:00'',''2023-02-02 00:00:00'',''2023-02-02 00:00:00'',''2023-02-03 00:00:00'',''2023-02-02 00:00:00'',''2023-02-02 00:00:00'',''2023-02-02 00:00:00'',''2023-02-03 00:00:00'',''2023-02-02 00:00:00'',''2023-02-02 00:00:00'',''2023-02-03 00:00:00'',''2023-02-02 00:00:00'',''2023-02-02 00:00:00'',''2023-02-02 00:00:00'',''2023-02-02 00:00:00'',''2023-02-02 00:00:00'',''2023-02-04 00:00:00'',''2023-02-02 00:00:00'',''2023-02-03 00:00:00'',''2023-02-04 00:00:00'',''2023-02-04 00:00:00'',''2023-02-03 00:00:00'',''2023-02-03 00:00:00'',''2023-02-03 00:00:00'',''2023-02-02 00:00:00'',''2023-02-03 00:00:00'',''2023-02-02 00:00:00''}",0,0.0,12,4050,1,1,0
android,"1000267",DE,"1.01","1.01",organic,2023-02-02 20:08:59,2023-02-02 20:10:40,"{''2023-02-02 00:00:00'',''2023-02-02 00:00:00'',''2023-02-02 00:00:00''}",0,0.0,0,0,0,0,0
android,"1000268",DE,"1.01","1.01",paid,2023-02-02 20:18:12,2023-02-02 20:20:54,"{''2023-02-02 00:00:00'',''2023-02-02 00:00:00'',''2023-02-02 00:00:00'',''2023-02-02 00:00:00'',''2023-02-02 00:00:00'',''2023-02-02 00:00:00'',''2023-02-02 00:00:00'',''2023-02-02 00:00:00'',''2023-02-02 00:00:00''}",0,0.0,0,0,0,0,0
android,"1000269",US,"1.01","1.01",organic,2023-02-02 20:31:47,2023-02-02 20:33:25,"{''2023-02-02 00:00:00'',''2023-02-02 00:00:00'',''2023-02-02 00:00:00'',''2023-02-02 00:00:00'',''2023-02-02 00:00:00'',''2023-02-02 00:00:00''}",0,0.0,0,0,0,0,0
android,"1000272",US,"1.01","1.01",organic,2023-02-02 21:00:16,2023-02-02 21:02:50,"{''2023-02-02 00:00:00'',''2023-02-02 00:00:00'',''2023-02-02 00:00:00'',''2023-02-02 00:00:00'',''2023-02-02 00:00:00'',''2023-02-02 00:00:00'',''2023-02-02 00:00:00'',''2023-02-02 00:00:00''}",0,0.0,0,0,0,0,0
android,"1000273",KZ,"1.01","1.01",paid,2023-02-02 21:05:57,2023-02-02 21:06:09,"{''2023-02-02 00:00:00'',''2023-02-02 00:00:00''}",0,0.0,0,0,0,0,0
android,"1000274",US,"1.01","1.01",organic,2023-02-02 21:11:38,2023-02-02 21:13:03,"{''2023-02-02 00:00:00'',''2023-02-02 00:00:00'',''2023-02-02 00:00:00'',''2023-02-02 00:00:00'',''2023-02-02 00:00:00'',''2023-02-02 00:00:00''}",0,0.0,0,0,0,0,0
iOS,"1000277",CA,"1.01","1.01",organic,2023-02-02 21:35:45,2023-02-02 21:37:35,"{''2023-02-02 00:00:00'',''2023-02-02 00:00:00'',''2023-02-02 00:00:00'',''2023-02-02 00:00:00''}",0,0.0,0,0,0,0,0
android,"1000285",BY,"1.01","1.01",organic,2023-02-02 22:39:56,2023-02-02 22:42:19,"{''2023-02-02 00:00:00'',''2023-02-02 00:00:00'',''2023-02-02 00:00:00'',''2023-02-02 00:00:00'',''2023-02-02 00:00:00'',''2023-02-02 00:00:00'',''2023-02-02 00:00:00'',''2023-02-02 00:00:00'',''2023-02-02 00:00:00''}",0,0.0,0,0,0,0,0
android,"1000286",ES,"1.01","1.01",organic,2023-02-02 22:53:31,2023-02-02 22:54:45,"{''2023-02-02 00:00:00'',''2023-02-02 00:00:00'',''2023-02-02 00:00:00''}",0,0.0,0,0,0,0,0
iOS,"1000287",US,"1.01","1.01",organic,2023-02-02 22:57:45,2023-02-02 23:00:12,"{''2023-02-02 00:00:00'',''2023-02-02 00:00:00'',''2023-02-02 00:00:00'',''2023-02-02 00:00:00'',''2023-02-02 00:00:00'',''2023-02-02 00:00:00'',''2023-02-02 00:00:00'',''2023-02-02 00:00:00''}",0,0.0,0,0,0,0,0
android,"1000288",PL,"1.01","1.01",organic,2023-02-02 23:06:58,2023-02-02 23:09:18,"{''2023-02-02 00:00:00'',''2023-02-02 00:00:00'',''2023-02-02 00:00:00'',''2023-02-02 00:00:00'',''2023-02-02 00:00:00'',''2023-02-02 00:00:00'',''2023-02-02 00:00:00'',''2023-02-02 00:00:00'',''2023-02-02 00:00:00'',''2023-02-02 00:00:00''}",0,0.0,1,50,0,0,0
iOS,"1000290",RU,"1.01","1.01",organic,2023-02-02 23:15:26,2023-02-02 23:20:54,"{''2023-02-02 00:00:00'',''2023-02-02 00:00:00'',''2023-02-02 00:00:00'',''2023-02-02 00:00:00'',''2023-02-02 00:00:00'',''2023-02-02 00:00:00'',''2023-02-02 00:00:00'',''2023-02-02 00:00:00'',''2023-02-02 00:00:00'',''2023-02-02 00:00:00'',''2023-02-02 00:00:00'',''2023-02-02 00:00:00'',''2023-02-02 00:00:00'',''2023-02-02 00:00:00'',''2023-02-02 00:00:00'',''2023-02-02 00:00:00'',''2023-02-02 00:00:00''}",0,0.0,3,850,0,0,0
android,"1000292",GE,"1.01","1.01",organic,2023-02-02 23:33:15,2023-02-02 23:37:33,"{''2023-02-02 00:00:00'',''2023-02-02 00:00:00'',''2023-02-02 00:00:00'',''2023-02-02 00:00:00'',''2023-02-02 00:00:00'',''2023-02-02 00:00:00'',''2023-02-02 00:00:00'',''2023-02-02 00:00:00'',''2023-02-02 00:00:00'',''2023-02-02 00:00:00'',''2023-02-02 00:00:00'',''2023-02-02 00:00:00'',''2023-02-02 00:00:00'',''2023-02-02 00:00:00'',''2023-02-02 00:00:00''}",0,0.0,3,750,0,0,0
android,"1000293",DE,"1.01","1.01",organic,2023-02-02 23:46:50,2023-02-02 23:49:11,"{''2023-02-02 00:00:00'',''2023-02-02 00:00:00'',''2023-02-02 00:00:00'',''2023-02-02 00:00:00'',''2023-02-02 00:00:00'',''2023-02-02 00:00:00'',''2023-02-02 00:00:00'',''2023-02-02 00:00:00'',''2023-02-02 00:00:00''}",0,0.0,0,0,0,0,0
iOS,"1000295",DE,"1.01","1.01",organic,2023-02-03 00:04:39,2023-02-03 00:07:23,"{''2023-02-03 00:00:00'',''2023-02-03 00:00:00'',''2023-02-03 00:00:00'',''2023-02-03 00:00:00'',''2023-02-03 00:00:00'',''2023-02-03 00:00:00'',''2023-02-03 00:00:00'',''2023-02-03 00:00:00'',''2023-02-03 00:00:00''}",0,0.0,0,0,0,0,0
iOS,"1000296",BY,"1.01","1.01",paid,2023-02-03 00:10:20,2023-02-03 00:12:14,"{''2023-02-03 00:00:00'',''2023-02-03 00:00:00'',''2023-02-03 00:00:00'',''2023-02-03 00:00:00'',''2023-02-03 00:00:00'',''2023-02-03 00:00:00''}",0,0.0,0,0,0,0,0
android,"1000297",RU,"1.01","1.01",organic,2023-02-03 00:19:33,2023-02-03 00:21:32,"{''2023-02-03 00:00:00'',''2023-02-03 00:00:00'',''2023-02-03 00:00:00'',''2023-02-03 00:00:00'',''2023-02-03 00:00:00'',''2023-02-03 00:00:00''}",0,0.0,0,0,0,0,0
android,"1000299",IT,"1.01","1.01",organic,2023-02-03 00:27:36,2023-02-03 00:32:42,"{''2023-02-03 00:00:00'',''2023-02-03 00:00:00'',''2023-02-03 00:00:00'',''2023-02-03 00:00:00'',''2023-02-03 00:00:00'',''2023-02-03 00:00:00'',''2023-02-03 00:00:00'',''2023-02-03 00:00:00'',''2023-02-03 00:00:00'',''2023-02-03 00:00:00'',''2023-02-03 00:00:00'',''2023-02-03 00:00:00'',''2023-02-03 00:00:00'',''2023-02-03 00:00:00'',''2023-02-03 00:00:00'',''2023-02-03 00:00:00'',''2023-02-03 00:00:00''}",0,0.0,4,850,0,0,0
iOS,"1000301",RU,"1.01","1.01",organic,2023-02-03 00:35:39,2023-02-03 00:37:36,"{''2023-02-03 00:00:00'',''2023-02-03 00:00:00'',''2023-02-03 00:00:00'',''2023-02-03 00:00:00'',''2023-02-03 00:00:00'',''2023-02-03 00:00:00''}",0,0.0,0,0,0,0,0
android,"1000303",US,"1.01","1.01",organic,2023-02-03 00:47:01,2023-02-04 00:43:54,"{''2023-02-03 00:00:00'',''2023-02-04 00:00:00'',''2023-02-03 00:00:00'',''2023-02-03 00:00:00'',''2023-02-04 00:00:00'',''2023-02-04 00:00:00'',''2023-02-03 00:00:00'',''2023-02-04 00:00:00'',''2023-02-03 00:00:00'',''2023-02-03 00:00:00'',''2023-02-03 00:00:00'',''2023-02-03 00:00:00'',''2023-02-03 00:00:00'',''2023-02-03 00:00:00'',''2023-02-03 00:00:00'',''2023-02-03 00:00:00'',''2023-02-04 00:00:00'',''2023-02-03 00:00:00'',''2023-02-04 00:00:00'',''2023-02-03 00:00:00'',''2023-02-04 00:00:00'',''2023-02-04 00:00:00'',''2023-02-03 00:00:00'',''2023-02-03 00:00:00'',''2023-02-03 00:00:00'',''2023-02-04 00:00:00'',''2023-02-03 00:00:00'',''2023-02-03 00:00:00'',''2023-02-04 00:00:00'',''2023-02-04 00:00:00'',''2023-02-03 00:00:00'',''2023-02-03 00:00:00'',''2023-02-04 00:00:00''}",0,0.0,10,3050,1,0,0
iOS,"1000306",DE,"1.01","1.01",organic,2023-02-03 01:27:46,2023-02-03 01:29:29,"{''2023-02-03 00:00:00'',''2023-02-03 00:00:00'',''2023-02-03 00:00:00'',''2023-02-03 00:00:00'',''2023-02-03 00:00:00'',''2023-02-03 00:00:00''}",0,0.0,0,0,0,0,0
android,"1000309",RU,"1.01","1.01",organic,2023-02-03 01:46:54,2023-02-03 01:49:08,"{''2023-02-03 00:00:00'',''2023-02-03 00:00:00'',''2023-02-03 00:00:00'',''2023-02-03 00:00:00'',''2023-02-03 00:00:00'',''2023-02-03 00:00:00'',''2023-02-03 00:00:00''}",0,0.0,0,0,0,0,0
android,"1000310",GE,"1.01","1.01",organic,2023-02-03 01:56:07,2023-02-03 01:57:35,"{''2023-02-03 00:00:00'',''2023-02-03 00:00:00'',''2023-02-03 00:00:00''}",0,0.0,0,0,0,0,0
android,"1000311",US,"1.01","1.01",paid,2023-02-03 01:58:29,2023-02-03 02:03:48,"{''2023-02-03 00:00:00'',''2023-02-03 00:00:00'',''2023-02-03 00:00:00'',''2023-02-03 00:00:00'',''2023-02-03 00:00:00'',''2023-02-03 00:00:00'',''2023-02-03 00:00:00'',''2023-02-03 00:00:00'',''2023-02-03 00:00:00'',''2023-02-03 00:00:00'',''2023-02-03 00:00:00'',''2023-02-03 00:00:00'',''2023-02-03 00:00:00'',''2023-02-03 00:00:00'',''2023-02-03 00:00:00'',''2023-02-03 00:00:00'',''2023-02-03 00:00:00''}",0,0.0,4,850,0,0,0
android,"1000312",GE,"1.01","1.01",organic,2023-02-03 02:07:42,2023-02-03 02:09:24,"{''2023-02-03 00:00:00'',''2023-02-03 00:00:00'',''2023-02-03 00:00:00'',''2023-02-03 00:00:00'',''2023-02-03 00:00:00'',''2023-02-03 00:00:00'',''2023-02-03 00:00:00''}",0,0.0,0,0,0,0,0
android,"1000314",DE,"1.01","1.01",organic,2023-02-03 02:26:08,2023-02-03 02:27:35,"{''2023-02-03 00:00:00'',''2023-02-03 00:00:00'',''2023-02-03 00:00:00'',''2023-02-03 00:00:00'',''2023-02-03 00:00:00'',''2023-02-03 00:00:00'',''2023-02-03 00:00:00''}",0,0.0,0,0,0,0,0
android,"1000315",NL,"1.01","1.01",organic,2023-02-03 02:35:21,2023-02-03 02:37:45,"{''2023-02-03 00:00:00'',''2023-02-03 00:00:00'',''2023-02-03 00:00:00'',''2023-02-03 00:00:00'',''2023-02-03 00:00:00'',''2023-02-03 00:00:00'',''2023-02-03 00:00:00''}",0,0.0,0,0,0,0,0
iOS,"1000317",RU,"1.01","1.01",organic,2023-02-03 02:45:16,2023-02-03 02:51:30,"{''2023-02-03 00:00:00'',''2023-02-03 00:00:00'',''2023-02-03 00:00:00'',''2023-02-03 00:00:00'',''2023-02-03 00:00:00'',''2023-02-03 00:00:00'',''2023-02-03 00:00:00'',''2023-02-03 00:00:00'',''2023-02-03 00:00:00'',''2023-02-03 00:00:00'',''2023-02-03 00:00:00'',''2023-02-03 00:00:00'',''2023-02-03 00:00:00'',''2023-02-03 00:00:00'',''2023-02-03 00:00:00'',''2023-02-03 00:00:00'',''2023-02-03 00:00:00'',''2023-02-03 00:00:00'',''2023-02-03 00:00:00''}",0,0.0,4,950,0,0,0
iOS,"1000318",CA,"1.01","1.01",organic,2023-02-03 02:50:57,2023-02-03 02:52:32,"{''2023-02-03 00:00:00'',''2023-02-03 00:00:00'',''2023-02-03 00:00:00''}",0,0.0,0,0,0,0,0
android,"1000320",RU,"1.01","1.01",paid,2023-02-03 03:05:51,2023-02-03 03:07:04,"{''2023-02-03 00:00:00'',''2023-02-03 00:00:00'',''2023-02-03 00:00:00'',''2023-02-03 00:00:00''}",0,0.0,0,0,0,0,0
android,"1000321",RU,"1.01","1.01",organic,2023-02-03 03:15:04,2023-02-03 03:17:44,"{''2023-02-03 00:00:00'',''2023-02-03 00:00:00'',''2023-02-03 00:00:00'',''2023-02-03 00:00:00'',''2023-02-03 00:00:00'',''2023-02-03 00:00:00'',''2023-02-03 00:00:00'',''2023-02-03 00:00:00'',''2023-02-03 00:00:00'',''2023-02-03 00:00:00'',''2023-02-03 00:00:00'',''2023-02-03 00:00:00'',''2023-02-03 00:00:00''}",0,0.0,2,650,0,0,0
android,"1000322",RU,"1.01","1.01",organic,2023-02-03 03:19:18,2023-02-03 03:20:55,"{''2023-02-03 00:00:00'',''2023-02-03 00:00:00'',''2023-02-03 00:00:00'',''2023-02-03 00:00:00''}",0,0.0,0,0,0,0,0
android,"1000324",BY,"1.01","1.01",organic,2023-02-03 03:27:21,2023-02-03 03:28:55,"{''2023-02-03 00:00:00'',''2023-02-03 00:00:00'',''2023-02-03 00:00:00''}",0,0.0,0,0,0,0,0
android,"1000327",IT,"1.01","1.01",organic,2023-02-03 03:41:18,2023-02-04 03:39:44,"{''2023-02-03 00:00:00'',''2023-02-03 00:00:00'',''2023-02-04 00:00:00'',''2023-02-03 00:00:00'',''2023-02-03 00:00:00'',''2023-02-04 00:00:00'',''2023-02-04 00:00:00'',''2023-02-03 00:00:00'',''2023-02-03 00:00:00'',''2023-02-04 00:00:00'',''2023-02-04 00:00:00'',''2023-02-04 00:00:00'',''2023-02-03 00:00:00'',''2023-02-04 00:00:00'',''2023-02-04 00:00:00'',''2023-02-03 00:00:00'',''2023-02-03 00:00:00'',''2023-02-04 00:00:00'',''2023-02-03 00:00:00'',''2023-02-04 00:00:00'',''2023-02-04 00:00:00'',''2023-02-03 00:00:00'',''2023-02-03 00:00:00'',''2023-02-03 00:00:00'',''2023-02-03 00:00:00'',''2023-02-03 00:00:00'',''2023-02-03 00:00:00'',''2023-02-03 00:00:00'',''2023-02-03 00:00:00'',''2023-02-03 00:00:00'',''2023-02-03 00:00:00'',''2023-02-04 00:00:00'',''2023-02-03 00:00:00''}",0,0.0,10,3050,1,0,0
iOS,"1000330",IT,"1.01","1.01",organic,2023-02-03 04:17:41,2023-02-03 04:19:29,"{''2023-02-03 00:00:00'',''2023-02-03 00:00:00'',''2023-02-03 00:00:00'',''2023-02-03 00:00:00'',''2023-02-03 00:00:00''}",0,0.0,0,0,0,0,0
android,"1000331",RU,"1.01","1.01",organic,2023-02-03 04:23:22,2023-02-03 04:25:05,"{''2023-02-03 00:00:00'',''2023-02-03 00:00:00'',''2023-02-03 00:00:00'',''2023-02-03 00:00:00''}",0,0.0,0,0,0,0,0
android,"1000335",US,"1.01","1.01",organic,2023-02-03 04:54:13,2023-02-03 04:56:07,"{''2023-02-03 00:00:00'',''2023-02-03 00:00:00'',''2023-02-03 00:00:00''}",0,0.0,0,0,0,0,0
android,"1000336",RU,"1.01","1.01",organic,2023-02-03 05:07:48,2023-02-03 05:14:04,"{''2023-02-03 00:00:00'',''2023-02-03 00:00:00'',''2023-02-03 00:00:00'',''2023-02-03 00:00:00'',''2023-02-03 00:00:00'',''2023-02-03 00:00:00'',''2023-02-03 00:00:00'',''2023-02-03 00:00:00'',''2023-02-03 00:00:00'',''2023-02-03 00:00:00'',''2023-02-03 00:00:00'',''2023-02-03 00:00:00'',''2023-02-03 00:00:00'',''2023-02-03 00:00:00'',''2023-02-03 00:00:00'',''2023-02-03 00:00:00'',''2023-02-03 00:00:00'',''2023-02-03 00:00:00'',''2023-02-03 00:00:00''}",0,0.0,4,950,0,0,0
iOS,"1000338",ES,"1.01","1.01",organic,2023-02-03 05:22:42,2023-02-03 05:24:53,"{''2023-02-03 00:00:00'',''2023-02-03 00:00:00'',''2023-02-03 00:00:00'',''2023-02-03 00:00:00'',''2023-02-03 00:00:00''}",0,0.0,0,0,0,0,0
android,"1000339",RU,"1.01","1.01",paid,2023-02-03 05:36:17,2023-02-03 05:39:19,"{''2023-02-03 00:00:00'',''2023-02-03 00:00:00'',''2023-02-03 00:00:00'',''2023-02-03 00:00:00'',''2023-02-03 00:00:00'',''2023-02-03 00:00:00'',''2023-02-03 00:00:00'',''2023-02-03 00:00:00'',''2023-02-03 00:00:00'',''2023-02-03 00:00:00'',''2023-02-03 00:00:00'',''2023-02-03 00:00:00'',''2023-02-03 00:00:00''}",0,0.0,2,650,0,0,0
iOS,"1000340",US,"1.01","1.01",organic,2023-02-03 05:40:31,2023-02-03 05:42:17,"{''2023-02-03 00:00:00'',''2023-02-03 00:00:00'',''2023-02-03 00:00:00'',''2023-02-03 00:00:00'',''2023-02-03 00:00:00'',''2023-02-03 00:00:00'',''2023-02-03 00:00:00''}",0,0.0,0,0,0,0,0
iOS,"1000341",BY,"1.01","1.01",organic,2023-02-03 05:46:12,2023-02-03 05:47:36,"{''2023-02-03 00:00:00'',''2023-02-03 00:00:00'',''2023-02-03 00:00:00'',''2023-02-03 00:00:00'',''2023-02-03 00:00:00'',''2023-02-03 00:00:00''}",0,0.0,0,0,0,0,0
iOS,"1000342",KZ,"1.01","1.01",organic,2023-02-03 05:51:53,2023-02-03 05:53:47,"{''2023-02-03 00:00:00'',''2023-02-03 00:00:00'',''2023-02-03 00:00:00'',''2023-02-03 00:00:00'',''2023-02-03 00:00:00''}",0,0.0,0,0,0,0,0
android,"1000345",PL,"1.01","1.01",organic,2023-02-03 06:12:28,2023-02-03 06:14:14,"{''2023-02-03 00:00:00'',''2023-02-03 00:00:00'',''2023-02-03 00:00:00'',''2023-02-03 00:00:00''}",0,0.0,0,0,0,0,0
iOS,"1000346",US,"1.01","1.01",organic,2023-02-03 06:26:03,2023-02-03 06:28:13,"{''2023-02-03 00:00:00'',''2023-02-03 00:00:00'',''2023-02-03 00:00:00'',''2023-02-03 00:00:00'',''2023-02-03 00:00:00'',''2023-02-03 00:00:00'',''2023-02-03 00:00:00''}",0,0.0,0,0,0,0,0
iOS,"1000347",RU,"1.01","1.01",organic,2023-02-03 06:39:38,2023-02-03 06:41:46,"{''2023-02-03 00:00:00'',''2023-02-03 00:00:00'',''2023-02-03 00:00:00'',''2023-02-03 00:00:00'',''2023-02-03 00:00:00'',''2023-02-03 00:00:00'',''2023-02-03 00:00:00'',''2023-02-03 00:00:00''}",0,0.0,0,0,0,0,0
iOS,"1000348",RU,"1.01","1.01",organic,2023-02-03 06:48:51,2023-02-03 06:54:11,"{''2023-02-03 00:00:00'',''2023-02-03 00:00:00'',''2023-02-03 00:00:00'',''2023-02-03 00:00:00'',''2023-02-03 00:00:00'',''2023-02-03 00:00:00'',''2023-02-03 00:00:00'',''2023-02-03 00:00:00'',''2023-02-03 00:00:00'',''2023-02-03 00:00:00'',''2023-02-03 00:00:00'',''2023-02-03 00:00:00'',''2023-02-03 00:00:00'',''2023-02-03 00:00:00'',''2023-02-03 00:00:00'',''2023-02-03 00:00:00'',''2023-02-03 00:00:00''}",0,0.0,3,850,0,0,0
android,"1000349",PL,"1.01","1.01",organic,2023-02-03 06:51:13,2023-02-03 06:51:13,{''2023-02-03 00:00:00''},0,0.0,0,0,0,0,0
android,"1000350",BY,"1.01","1.01",organic,2023-02-03 07:04:48,2023-02-03 07:06:12,"{''2023-02-03 00:00:00'',''2023-02-03 00:00:00'',''2023-02-03 00:00:00'',''2023-02-03 00:00:00'',''2023-02-03 00:00:00''}",0,0.0,0,0,0,0,0
iOS,"1000351",IT,"1.01","1.01",organic,2023-02-03 07:18:23,2023-02-03 07:20:15,"{''2023-02-03 00:00:00'',''2023-02-03 00:00:00'',''2023-02-03 00:00:00'',''2023-02-03 00:00:00'',''2023-02-03 00:00:00'',''2023-02-03 00:00:00'',''2023-02-03 00:00:00''}",0,0.0,0,0,0,0,0
android,"1000352",GE,"1.01","1.01",paid,2023-02-03 07:27:36,2023-02-03 07:29:22,"{''2023-02-03 00:00:00'',''2023-02-03 00:00:00'',''2023-02-03 00:00:00'',''2023-02-03 00:00:00'',''2023-02-03 00:00:00'',''2023-02-03 00:00:00'',''2023-02-03 00:00:00''}",0,0.0,0,0,0,0,0
iOS,"1000354",US,"1.01","1.01",organic,2023-02-03 07:39:11,2023-02-03 07:43:27,"{''2023-02-03 00:00:00'',''2023-02-03 00:00:00'',''2023-02-03 00:00:00'',''2023-02-03 00:00:00'',''2023-02-03 00:00:00'',''2023-02-03 00:00:00'',''2023-02-03 00:00:00'',''2023-02-03 00:00:00'',''2023-02-03 00:00:00'',''2023-02-03 00:00:00'',''2023-02-03 00:00:00'',''2023-02-03 00:00:00'',''2023-02-03 00:00:00'',''2023-02-03 00:00:00'',''2023-02-03 00:00:00''}",0,0.0,2,750,0,0,0
iOS,"1000357",RU,"1.01","1.01",organic,2023-02-03 07:54:47,2023-02-03 07:57:06,"{''2023-02-03 00:00:00'',''2023-02-03 00:00:00'',''2023-02-03 00:00:00'',''2023-02-03 00:00:00'',''2023-02-03 00:00:00'',''2023-02-03 00:00:00'',''2023-02-03 00:00:00'',''2023-02-03 00:00:00'',''2023-02-03 00:00:00''}",0,0.0,0,0,0,0,0
iOS,"1000358",US,"1.01","1.01",organic,2023-02-03 08:08:22,2023-02-04 08:09:12,"{''2023-02-04 00:00:00'',''2023-02-03 00:00:00'',''2023-02-03 00:00:00'',''2023-02-03 00:00:00'',''2023-02-04 00:00:00'',''2023-02-03 00:00:00'',''2023-02-03 00:00:00'',''2023-02-03 00:00:00'',''2023-02-04 00:00:00'',''2023-02-03 00:00:00'',''2023-02-04 00:00:00'',''2023-02-04 00:00:00'',''2023-02-03 00:00:00'',''2023-02-04 00:00:00'',''2023-02-03 00:00:00'',''2023-02-03 00:00:00'',''2023-02-03 00:00:00'',''2023-02-03 00:00:00'',''2023-02-04 00:00:00'',''2023-02-03 00:00:00'',''2023-02-03 00:00:00'',''2023-02-04 00:00:00'',''2023-02-04 00:00:00'',''2023-02-03 00:00:00'',''2023-02-04 00:00:00'',''2023-02-03 00:00:00'',''2023-02-03 00:00:00'',''2023-02-03 00:00:00'',''2023-02-03 00:00:00'',''2023-02-04 00:00:00'',''2023-02-03 00:00:00'',''2023-02-03 00:00:00''}",1,299.0,8,4250,1,0,0
iOS,"1000360",PL,"1.01","1.01",paid,2023-02-03 08:21:49,2023-02-03 08:27:43,"{''2023-02-03 00:00:00'',''2023-02-03 00:00:00'',''2023-02-03 00:00:00'',''2023-02-03 00:00:00'',''2023-02-03 00:00:00'',''2023-02-03 00:00:00'',''2023-02-03 00:00:00'',''2023-02-03 00:00:00'',''2023-02-03 00:00:00'',''2023-02-03 00:00:00'',''2023-02-03 00:00:00'',''2023-02-03 00:00:00'',''2023-02-03 00:00:00'',''2023-02-03 00:00:00'',''2023-02-03 00:00:00'',''2023-02-03 00:00:00'',''2023-02-03 00:00:00'',''2023-02-03 00:00:00'',''2023-02-03 00:00:00''}",0,0.0,4,950,0,0,0
android,"1000361",IT,"1.01","1.01",organic,2023-02-03 08:24:11,2023-02-03 08:26:11,"{''2023-02-03 00:00:00'',''2023-02-03 00:00:00'',''2023-02-03 00:00:00''}",0,0.0,0,0,0,0,0
iOS,"1000362",ES,"1.01","1.01",organic,2023-02-03 08:28:25,2023-02-03 08:29:52,"{''2023-02-03 00:00:00'',''2023-02-03 00:00:00'',''2023-02-03 00:00:00'',''2023-02-03 00:00:00''}",0,0.0,0,0,0,0,0
android,"1000366",RU,"1.01","1.01",organic,2023-02-03 08:56:46,2023-02-03 08:58:06,"{''2023-02-03 00:00:00'',''2023-02-03 00:00:00'',''2023-02-03 00:00:00''}",0,0.0,0,0,0,0,0
android,"1000367",LV,"1.01","1.01",organic,2023-02-03 09:10:21,2023-02-03 09:12:47,"{''2023-02-03 00:00:00'',''2023-02-03 00:00:00'',''2023-02-03 00:00:00'',''2023-02-03 00:00:00'',''2023-02-03 00:00:00'',''2023-02-03 00:00:00'',''2023-02-03 00:00:00'',''2023-02-03 00:00:00'',''2023-02-03 00:00:00'',''2023-02-03 00:00:00''}",0,0.0,1,50,0,0,0
android,"1000370",US,"1.01","1.01",organic,2023-02-03 09:26:10,2023-02-03 09:27:33,"{''2023-02-03 00:00:00'',''2023-02-03 00:00:00'',''2023-02-03 00:00:00'',''2023-02-03 00:00:00''}",0,0.0,0,0,0,0,0
android,"1000371",GE,"1.01","1.01",organic,2023-02-03 09:35:23,2023-02-03 09:36:59,"{''2023-02-03 00:00:00'',''2023-02-03 00:00:00'',''2023-02-03 00:00:00'',''2023-02-03 00:00:00'',''2023-02-03 00:00:00''}",0,0.0,0,0,0,0,0
android,"1000372",IT,"1.01","1.01",organic,2023-02-03 09:37:45,2023-02-03 09:38:04,"{''2023-02-03 00:00:00'',''2023-02-03 00:00:00''}",0,0.0,0,0,0,0,0
android,"1000374",KZ,"1.01","1.01",organic,2023-02-03 09:46:13,2023-02-03 09:48:12,"{''2023-02-03 00:00:00'',''2023-02-03 00:00:00'',''2023-02-03 00:00:00'',''2023-02-03 00:00:00''}",0,0.0,0,0,0,0,0
android,"1000375",IT,"1.01","1.01",organic,2023-02-03 09:50:27,2023-02-03 10:42:35,"{''2023-02-03 00:00:00'',''2023-02-03 00:00:00'',''2023-02-03 00:00:00'',''2023-02-03 00:00:00'',''2023-02-03 00:00:00'',''2023-02-03 00:00:00'',''2023-02-03 00:00:00'',''2023-02-03 00:00:00'',''2023-02-03 00:00:00'',''2023-02-03 00:00:00'',''2023-02-03 00:00:00'',''2023-02-03 00:00:00'',''2023-02-03 00:00:00'',''2023-02-03 00:00:00'',''2023-02-03 00:00:00'',''2023-02-03 00:00:00'',''2023-02-03 00:00:00'',''2023-02-03 00:00:00'',''2023-02-03 00:00:00'',''2023-02-03 00:00:00'',''2023-02-03 00:00:00'',''2023-02-03 00:00:00'',''2023-02-03 00:00:00'',''2023-02-03 00:00:00''}",0,0.0,6,1150,1,0,0
android,"1000377",RU,"1.01","1.01",organic,2023-02-03 10:13:15,2023-02-04 09:36:25,"{''2023-02-04 00:00:00'',''2023-02-03 00:00:00'',''2023-02-04 00:00:00'',''2023-02-03 00:00:00'',''2023-02-03 00:00:00'',''2023-02-03 00:00:00'',''2023-02-04 00:00:00'',''2023-02-03 00:00:00'',''2023-02-03 00:00:00'',''2023-02-04 00:00:00'',''2023-02-03 00:00:00'',''2023-02-03 00:00:00'',''2023-02-04 00:00:00'',''2023-02-03 00:00:00'',''2023-02-03 00:00:00'',''2023-02-03 00:00:00'',''2023-02-04 00:00:00'',''2023-02-04 00:00:00'',''2023-02-04 00:00:00'',''2023-02-03 00:00:00'',''2023-02-03 00:00:00'',''2023-02-03 00:00:00'',''2023-02-03 00:00:00'',''2023-02-04 00:00:00'',''2023-02-03 00:00:00'',''2023-02-04 00:00:00'',''2023-02-03 00:00:00'',''2023-02-03 00:00:00'',''2023-02-03 00:00:00'',''2023-02-03 00:00:00'',''2023-02-03 00:00:00'',''2023-02-04 00:00:00'',''2023-02-04 00:00:00''}",0,0.0,10,3050,1,0,0
android,"1000378",RU,"1.01","1.01",organic,2023-02-03 10:17:29,2023-02-03 10:19:10,"{''2023-02-03 00:00:00'',''2023-02-03 00:00:00'',''2023-02-03 00:00:00'',''2023-02-03 00:00:00'',''2023-02-03 00:00:00'',''2023-02-03 00:00:00'',''2023-02-03 00:00:00'',''2023-02-03 00:00:00'',''2023-02-03 00:00:00''}",0,0.0,0,0,0,0,0
android,"1000383",GE,"1.01","1.01",organic,2023-02-03 11:04:24,2023-02-03 11:06:37,"{''2023-02-03 00:00:00'',''2023-02-03 00:00:00'',''2023-02-03 00:00:00'',''2023-02-03 00:00:00'',''2023-02-03 00:00:00'',''2023-02-03 00:00:00'',''2023-02-03 00:00:00'',''2023-02-03 00:00:00''}",0,0.0,0,0,0,0,0
iOS,"1000386",IT,"1.01","1.01",organic,2023-02-03 11:32:53,2023-02-03 11:35:03,"{''2023-02-03 00:00:00'',''2023-02-03 00:00:00'',''2023-02-03 00:00:00'',''2023-02-03 00:00:00'',''2023-02-03 00:00:00'',''2023-02-03 00:00:00'',''2023-02-03 00:00:00'',''2023-02-03 00:00:00'',''2023-02-03 00:00:00'',''2023-02-03 00:00:00''}",0,0.0,1,50,0,0,0
android,"1000387",RU,"1.01","1.01",organic,2023-02-03 11:42:06,2023-02-03 11:42:06,{''2023-02-03 00:00:00''},0,0.0,0,0,0,0,0
android,"1000388",RU,"1.01","1.01",paid,2023-02-03 11:55:41,2023-02-03 11:57:32,"{''2023-02-03 00:00:00'',''2023-02-03 00:00:00'',''2023-02-03 00:00:00'',''2023-02-03 00:00:00'',''2023-02-03 00:00:00'',''2023-02-03 00:00:00''}",0,0.0,0,0,0,0,0
iOS,"1000389",RU,"1.01","1.01",organic,2023-02-03 12:01:22,2023-02-03 12:07:57,"{''2023-02-03 00:00:00'',''2023-02-03 00:00:00'',''2023-02-03 00:00:00'',''2023-02-03 00:00:00'',''2023-02-03 00:00:00'',''2023-02-03 00:00:00'',''2023-02-03 00:00:00'',''2023-02-03 00:00:00'',''2023-02-03 00:00:00'',''2023-02-03 00:00:00'',''2023-02-03 00:00:00'',''2023-02-03 00:00:00'',''2023-02-03 00:00:00'',''2023-02-03 00:00:00'',''2023-02-03 00:00:00'',''2023-02-03 00:00:00'',''2023-02-03 00:00:00'',''2023-02-03 00:00:00'',''2023-02-03 00:00:00''}",0,0.0,4,950,0,0,0
android,"1000390",RU,"1.01","1.01",organic,2023-02-03 12:14:57,2023-02-05 11:03:44,"{''2023-02-04 00:00:00'',''2023-02-03 00:00:00'',''2023-02-03 00:00:00'',''2023-02-03 00:00:00'',''2023-02-04 00:00:00'',''2023-02-04 00:00:00'',''2023-02-04 00:00:00'',''2023-02-03 00:00:00'',''2023-02-03 00:00:00'',''2023-02-03 00:00:00'',''2023-02-03 00:00:00'',''2023-02-03 00:00:00'',''2023-02-04 00:00:00'',''2023-02-05 00:00:00'',''2023-02-04 00:00:00'',''2023-02-05 00:00:00'',''2023-02-03 00:00:00'',''2023-02-03 00:00:00'',''2023-02-03 00:00:00'',''2023-02-03 00:00:00'',''2023-02-04 00:00:00'',''2023-02-04 00:00:00'',''2023-02-05 00:00:00'',''2023-02-03 00:00:00'',''2023-02-03 00:00:00'',''2023-02-03 00:00:00'',''2023-02-03 00:00:00'',''2023-02-05 00:00:00'',''2023-02-03 00:00:00'',''2023-02-03 00:00:00'',''2023-02-04 00:00:00'',''2023-02-03 00:00:00'',''2023-02-04 00:00:00'',''2023-02-03 00:00:00'',''2023-02-03 00:00:00'',''2023-02-04 00:00:00'',''2023-02-04 00:00:00''}",0,0.0,12,4050,1,1,0
android,"1000393",US,"1.01","1.01",organic,2023-02-03 12:47:48,2023-02-03 12:49:25,"{''2023-02-03 00:00:00'',''2023-02-03 00:00:00'',''2023-02-03 00:00:00''}",0,0.0,0,0,0,0,0
android,"1000395",KZ,"1.01","1.01",organic,2023-02-03 13:05:37,2023-02-03 13:06:52,"{''2023-02-03 00:00:00'',''2023-02-03 00:00:00'',''2023-02-03 00:00:00'',''2023-02-03 00:00:00'',''2023-02-03 00:00:00''}",0,0.0,0,0,0,0,0
android,"1000396",US,"1.01","1.01",organic,2023-02-03 13:07:59,2023-02-03 13:09:42,"{''2023-02-03 00:00:00'',''2023-02-03 00:00:00'',''2023-02-03 00:00:00'',''2023-02-03 00:00:00''}",0,0.0,0,0,0,0,0
iOS,"1000397",US,"1.01","1.01",organic,2023-02-03 13:17:12,2023-02-03 13:19:16,"{''2023-02-03 00:00:00'',''2023-02-03 00:00:00'',''2023-02-03 00:00:00'',''2023-02-03 00:00:00'',''2023-02-03 00:00:00''}",0,0.0,0,0,0,0,0
android,"1000399",RU,"1.01","1.01",organic,2023-02-03 13:40:00,2023-02-03 14:40:51,"{''2023-02-03 00:00:00'',''2023-02-03 00:00:00'',''2023-02-03 00:00:00'',''2023-02-03 00:00:00'',''2023-02-03 00:00:00'',''2023-02-03 00:00:00'',''2023-02-03 00:00:00'',''2023-02-03 00:00:00'',''2023-02-03 00:00:00'',''2023-02-03 00:00:00'',''2023-02-03 00:00:00'',''2023-02-03 00:00:00'',''2023-02-03 00:00:00'',''2023-02-03 00:00:00'',''2023-02-03 00:00:00'',''2023-02-03 00:00:00'',''2023-02-03 00:00:00'',''2023-02-03 00:00:00'',''2023-02-03 00:00:00'',''2023-02-03 00:00:00'',''2023-02-03 00:00:00'',''2023-02-03 00:00:00'',''2023-02-03 00:00:00'',''2023-02-03 00:00:00'',''2023-02-03 00:00:00''}",1,199.0,5,1150,0,0,0
android,"1000400",DE,"1.01","1.01",paid,2023-02-03 13:49:13,2023-02-03 13:51:09,"{''2023-02-03 00:00:00'',''2023-02-03 00:00:00'',''2023-02-03 00:00:00'',''2023-02-03 00:00:00'',''2023-02-03 00:00:00'',''2023-02-03 00:00:00'',''2023-02-03 00:00:00'',''2023-02-03 00:00:00'',''2023-02-03 00:00:00''}",0,0.0,0,0,0,0,0
android,"1000402",PL,"1.01","1.01",paid,2023-02-03 14:00:48,2023-02-05 13:36:31,"{''2023-02-03 00:00:00'',''2023-02-04 00:00:00'',''2023-02-05 00:00:00'',''2023-02-05 00:00:00'',''2023-02-03 00:00:00'',''2023-02-03 00:00:00'',''2023-02-04 00:00:00'',''2023-02-03 00:00:00'',''2023-02-03 00:00:00'',''2023-02-03 00:00:00'',''2023-02-03 00:00:00'',''2023-02-03 00:00:00'',''2023-02-03 00:00:00'',''2023-02-04 00:00:00'',''2023-02-03 00:00:00'',''2023-02-04 00:00:00'',''2023-02-03 00:00:00'',''2023-02-04 00:00:00'',''2023-02-03 00:00:00'',''2023-02-05 00:00:00'',''2023-02-04 00:00:00'',''2023-02-03 00:00:00'',''2023-02-03 00:00:00'',''2023-02-03 00:00:00'',''2023-02-03 00:00:00'',''2023-02-03 00:00:00'',''2023-02-03 00:00:00'',''2023-02-04 00:00:00'',''2023-02-04 00:00:00'',''2023-02-03 00:00:00'',''2023-02-03 00:00:00'',''2023-02-03 00:00:00'',''2023-02-05 00:00:00'',''2023-02-04 00:00:00'',''2023-02-04 00:00:00'',''2023-02-04 00:00:00'',''2023-02-04 00:00:00''}",0,0.0,12,4050,1,1,0
android,"1000405",PL,"1.01","1.01",organic,2023-02-03 14:37:11,2023-02-03 14:39:44,"{''2023-02-03 00:00:00'',''2023-02-03 00:00:00'',''2023-02-03 00:00:00'',''2023-02-03 00:00:00'',''2023-02-03 00:00:00'',''2023-02-03 00:00:00'',''2023-02-03 00:00:00'',''2023-02-03 00:00:00'',''2023-02-03 00:00:00''}",0,0.0,0,0,0,0,0
android,"1000406",KZ,"1.01","1.01",organic,2023-02-03 14:50:46,2023-02-03 14:52:56,"{''2023-02-03 00:00:00'',''2023-02-03 00:00:00'',''2023-02-03 00:00:00'',''2023-02-03 00:00:00'',''2023-02-03 00:00:00''}",0,0.0,0,0,0,0,0
iOS,"1000407",KZ,"1.01","1.01",organic,2023-02-03 14:59:59,2023-02-03 15:01:39,"{''2023-02-03 00:00:00'',''2023-02-03 00:00:00'',''2023-02-03 00:00:00'',''2023-02-03 00:00:00'',''2023-02-03 00:00:00''}",0,0.0,0,0,0,0,0
android,"1000408",RU,"1.01","1.01",organic,2023-02-03 15:09:12,2023-02-03 15:14:22,"{''2023-02-03 00:00:00'',''2023-02-03 00:00:00'',''2023-02-03 00:00:00'',''2023-02-03 00:00:00'',''2023-02-03 00:00:00'',''2023-02-03 00:00:00'',''2023-02-03 00:00:00'',''2023-02-03 00:00:00'',''2023-02-03 00:00:00'',''2023-02-03 00:00:00'',''2023-02-03 00:00:00'',''2023-02-03 00:00:00'',''2023-02-03 00:00:00'',''2023-02-03 00:00:00'',''2023-02-03 00:00:00'',''2023-02-03 00:00:00'',''2023-02-03 00:00:00''}",0,0.0,3,850,0,0,0
iOS,"1000409",RU,"1.01","1.01",organic,2023-02-03 15:18:25,2023-02-03 15:20:31,"{''2023-02-03 00:00:00'',''2023-02-03 00:00:00'',''2023-02-03 00:00:00'',''2023-02-03 00:00:00'',''2023-02-03 00:00:00'',''2023-02-03 00:00:00'',''2023-02-03 00:00:00''}",0,0.0,0,0,0,0,0
iOS,"1000410",RU,"1.01","1.01",organic,2023-02-03 15:27:38,2023-02-03 16:01:21,"{''2023-02-03 00:00:00'',''2023-02-03 00:00:00'',''2023-02-03 00:00:00'',''2023-02-03 00:00:00'',''2023-02-03 00:00:00'',''2023-02-03 00:00:00'',''2023-02-03 00:00:00'',''2023-02-03 00:00:00'',''2023-02-03 00:00:00'',''2023-02-03 00:00:00'',''2023-02-03 00:00:00'',''2023-02-03 00:00:00'',''2023-02-03 00:00:00'',''2023-02-03 00:00:00'',''2023-02-03 00:00:00'',''2023-02-03 00:00:00'',''2023-02-03 00:00:00'',''2023-02-03 00:00:00'',''2023-02-03 00:00:00'',''2023-02-03 00:00:00'',''2023-02-03 00:00:00'',''2023-02-03 00:00:00'',''2023-02-03 00:00:00'',''2023-02-03 00:00:00''}",0,0.0,6,1150,1,0,0
android,"1000411",ES,"1.01","1.01",organic,2023-02-03 15:41:13,2023-02-03 15:46:20,"{''2023-02-03 00:00:00'',''2023-02-03 00:00:00'',''2023-02-03 00:00:00'',''2023-02-03 00:00:00'',''2023-02-03 00:00:00'',''2023-02-03 00:00:00'',''2023-02-03 00:00:00'',''2023-02-03 00:00:00'',''2023-02-03 00:00:00'',''2023-02-03 00:00:00'',''2023-02-03 00:00:00'',''2023-02-03 00:00:00'',''2023-02-03 00:00:00'',''2023-02-03 00:00:00'',''2023-02-03 00:00:00'',''2023-02-03 00:00:00'',''2023-02-03 00:00:00''}",0,0.0,4,850,0,0,0
android,"1000414",PL,"1.01","1.01",organic,2023-02-03 16:02:01,2023-02-05 15:25:19,"{''2023-02-03 00:00:00'',''2023-02-05 00:00:00'',''2023-02-03 00:00:00'',''2023-02-03 00:00:00'',''2023-02-03 00:00:00'',''2023-02-03 00:00:00'',''2023-02-03 00:00:00'',''2023-02-03 00:00:00'',''2023-02-03 00:00:00'',''2023-02-04 00:00:00'',''2023-02-03 00:00:00'',''2023-02-04 00:00:00'',''2023-02-03 00:00:00'',''2023-02-05 00:00:00'',''2023-02-04 00:00:00'',''2023-02-03 00:00:00'',''2023-02-04 00:00:00'',''2023-02-03 00:00:00'',''2023-02-03 00:00:00'',''2023-02-03 00:00:00'',''2023-02-05 00:00:00'',''2023-02-04 00:00:00'',''2023-02-03 00:00:00'',''2023-02-04 00:00:00'',''2023-02-03 00:00:00'',''2023-02-03 00:00:00'',''2023-02-03 00:00:00'',''2023-02-04 00:00:00'',''2023-02-05 00:00:00'',''2023-02-04 00:00:00'',''2023-02-03 00:00:00'',''2023-02-04 00:00:00'',''2023-02-04 00:00:00'',''2023-02-04 00:00:00'',''2023-02-04 00:00:00'',''2023-02-03 00:00:00'',''2023-02-03 00:00:00''}",0,0.0,12,4050,1,1,0
iOS,"1000415",LV,"1.01","1.01",organic,2023-02-03 16:04:23,2023-02-03 16:07:16,"{''2023-02-03 00:00:00'',''2023-02-03 00:00:00'',''2023-02-03 00:00:00'',''2023-02-03 00:00:00'',''2023-02-03 00:00:00'',''2023-02-03 00:00:00'',''2023-02-03 00:00:00'',''2023-02-03 00:00:00'',''2023-02-03 00:00:00'',''2023-02-03 00:00:00'',''2023-02-03 00:00:00'',''2023-02-03 00:00:00'',''2023-02-03 00:00:00''}",0,0.0,2,650,0,0,0
iOS,"1000421",RU,"1.01","1.01",organic,2023-02-03 17:01:21,2023-02-03 17:03:19,"{''2023-02-03 00:00:00'',''2023-02-03 00:00:00'',''2023-02-03 00:00:00'',''2023-02-03 00:00:00'',''2023-02-03 00:00:00'',''2023-02-03 00:00:00'',''2023-02-03 00:00:00''}",0,0.0,0,0,0,0,0
iOS,"1000426",BY,"1.01","1.01",paid,2023-02-03 17:41:50,2023-02-04 17:03:59,"{''2023-02-04 00:00:00'',''2023-02-03 00:00:00'',''2023-02-04 00:00:00'',''2023-02-03 00:00:00'',''2023-02-03 00:00:00'',''2023-02-03 00:00:00'',''2023-02-03 00:00:00'',''2023-02-03 00:00:00'',''2023-02-03 00:00:00'',''2023-02-03 00:00:00'',''2023-02-03 00:00:00'',''2023-02-04 00:00:00'',''2023-02-04 00:00:00'',''2023-02-03 00:00:00'',''2023-02-03 00:00:00'',''2023-02-04 00:00:00'',''2023-02-03 00:00:00'',''2023-02-03 00:00:00'',''2023-02-03 00:00:00'',''2023-02-04 00:00:00'',''2023-02-03 00:00:00'',''2023-02-03 00:00:00'',''2023-02-03 00:00:00'',''2023-02-04 00:00:00'',''2023-02-03 00:00:00'',''2023-02-03 00:00:00'',''2023-02-03 00:00:00'',''2023-02-04 00:00:00'',''2023-02-03 00:00:00'',''2023-02-04 00:00:00'',''2023-02-04 00:00:00'',''2023-02-04 00:00:00'',''2023-02-04 00:00:00''}",0,0.0,10,3050,1,0,0
iOS,"1000428",IT,"1.01","1.01",organic,2023-02-03 17:59:39,2023-02-04 18:04:03,"{''2023-02-03 00:00:00'',''2023-02-03 00:00:00'',''2023-02-03 00:00:00'',''2023-02-03 00:00:00'',''2023-02-03 00:00:00'',''2023-02-04 00:00:00'',''2023-02-03 00:00:00'',''2023-02-04 00:00:00'',''2023-02-03 00:00:00'',''2023-02-03 00:00:00'',''2023-02-03 00:00:00'',''2023-02-03 00:00:00'',''2023-02-04 00:00:00'',''2023-02-03 00:00:00'',''2023-02-04 00:00:00'',''2023-02-04 00:00:00'',''2023-02-03 00:00:00'',''2023-02-04 00:00:00'',''2023-02-03 00:00:00'',''2023-02-03 00:00:00'',''2023-02-04 00:00:00'',''2023-02-04 00:00:00'',''2023-02-04 00:00:00'',''2023-02-04 00:00:00'',''2023-02-03 00:00:00'',''2023-02-03 00:00:00'',''2023-02-04 00:00:00'',''2023-02-03 00:00:00'',''2023-02-03 00:00:00'',''2023-02-03 00:00:00'',''2023-02-04 00:00:00'',''2023-02-03 00:00:00'',''2023-02-03 00:00:00''}",0,0.0,10,3050,1,0,0
android,"1000432",IT,"1.01","1.01",organic,2023-02-03 18:33:49,2023-02-03 18:37:22,"{''2023-02-03 00:00:00'',''2023-02-03 00:00:00'',''2023-02-03 00:00:00'',''2023-02-03 00:00:00'',''2023-02-03 00:00:00'',''2023-02-03 00:00:00'',''2023-02-03 00:00:00'',''2023-02-03 00:00:00'',''2023-02-03 00:00:00'',''2023-02-03 00:00:00'',''2023-02-03 00:00:00'',''2023-02-03 00:00:00'',''2023-02-03 00:00:00''}",0,0.0,2,650,0,0,0
android,"1000433",NL,"1.01","1.01",organic,2023-02-03 18:39:30,2023-02-03 18:46:02,"{''2023-02-03 00:00:00'',''2023-02-03 00:00:00'',''2023-02-03 00:00:00'',''2023-02-03 00:00:00'',''2023-02-03 00:00:00'',''2023-02-03 00:00:00'',''2023-02-03 00:00:00'',''2023-02-03 00:00:00'',''2023-02-03 00:00:00'',''2023-02-03 00:00:00'',''2023-02-03 00:00:00'',''2023-02-03 00:00:00'',''2023-02-03 00:00:00'',''2023-02-03 00:00:00'',''2023-02-03 00:00:00'',''2023-02-03 00:00:00'',''2023-02-03 00:00:00'',''2023-02-03 00:00:00'',''2023-02-03 00:00:00''}",0,0.0,4,950,0,0,0
android,"1000435",RU,"1.01","1.01",paid,2023-02-03 19:02:18,2023-02-03 19:04:05,"{''2023-02-03 00:00:00'',''2023-02-03 00:00:00'',''2023-02-03 00:00:00'',''2023-02-03 00:00:00'',''2023-02-03 00:00:00'',''2023-02-03 00:00:00''}",0,0.0,0,0,0,0,0
iOS,"1000436",RU,"1.01","1.01",organic,2023-02-03 19:11:31,2023-02-03 19:17:26,"{''2023-02-03 00:00:00'',''2023-02-03 00:00:00'',''2023-02-03 00:00:00'',''2023-02-03 00:00:00'',''2023-02-03 00:00:00'',''2023-02-03 00:00:00'',''2023-02-03 00:00:00'',''2023-02-03 00:00:00'',''2023-02-03 00:00:00'',''2023-02-03 00:00:00'',''2023-02-03 00:00:00'',''2023-02-03 00:00:00'',''2023-02-03 00:00:00'',''2023-02-03 00:00:00'',''2023-02-03 00:00:00'',''2023-02-03 00:00:00'',''2023-02-03 00:00:00'',''2023-02-03 00:00:00'',''2023-02-03 00:00:00''}",0,0.0,4,950,0,0,0
iOS,"1000437",RU,"1.01","1.01",paid,2023-02-03 19:15:45,2023-02-04 19:08:00,"{''2023-02-03 00:00:00'',''2023-02-03 00:00:00'',''2023-02-03 00:00:00'',''2023-02-03 00:00:00'',''2023-02-03 00:00:00'',''2023-02-03 00:00:00'',''2023-02-04 00:00:00'',''2023-02-03 00:00:00'',''2023-02-03 00:00:00'',''2023-02-04 00:00:00'',''2023-02-04 00:00:00'',''2023-02-04 00:00:00'',''2023-02-03 00:00:00'',''2023-02-03 00:00:00'',''2023-02-03 00:00:00'',''2023-02-04 00:00:00'',''2023-02-04 00:00:00'',''2023-02-04 00:00:00'',''2023-02-03 00:00:00'',''2023-02-03 00:00:00'',''2023-02-04 00:00:00'',''2023-02-03 00:00:00'',''2023-02-04 00:00:00'',''2023-02-03 00:00:00'',''2023-02-04 00:00:00'',''2023-02-03 00:00:00'',''2023-02-03 00:00:00'',''2023-02-03 00:00:00'',''2023-02-03 00:00:00'',''2023-02-04 00:00:00'',''2023-02-03 00:00:00'',''2023-02-04 00:00:00'',''2023-02-03 00:00:00''}",0,0.0,10,3050,1,0,0
iOS,"1000440",DE,"1.01","1.01",organic,2023-02-03 19:43:24,2023-02-03 19:46:40,"{''2023-02-03 00:00:00'',''2023-02-03 00:00:00'',''2023-02-03 00:00:00'',''2023-02-03 00:00:00'',''2023-02-03 00:00:00'',''2023-02-03 00:00:00'',''2023-02-03 00:00:00'',''2023-02-03 00:00:00'',''2023-02-03 00:00:00'',''2023-02-03 00:00:00'',''2023-02-03 00:00:00'',''2023-02-03 00:00:00'',''2023-02-03 00:00:00''}",0,0.0,2,650,0,0,0
android,"1000441",KZ,"1.01","1.01",organic,2023-02-03 19:52:37,2023-02-03 19:54:29,"{''2023-02-03 00:00:00'',''2023-02-03 00:00:00'',''2023-02-03 00:00:00'',''2023-02-03 00:00:00''}",0,0.0,0,0,0,0,0
android,"1000442",DE,"1.01","1.01",organic,2023-02-03 20:01:50,2023-02-03 20:03:30,"{''2023-02-03 00:00:00'',''2023-02-03 00:00:00'',''2023-02-03 00:00:00'',''2023-02-03 00:00:00'',''2023-02-03 00:00:00'',''2023-02-03 00:00:00'',''2023-02-03 00:00:00''}",0,0.0,0,0,0,0,0
iOS,"1000444",RU,"1.01","1.01",organic,2023-02-03 20:11:45,2023-02-04 19:32:33,"{''2023-02-04 00:00:00'',''2023-02-03 00:00:00'',''2023-02-04 00:00:00'',''2023-02-03 00:00:00'',''2023-02-03 00:00:00'',''2023-02-03 00:00:00'',''2023-02-03 00:00:00'',''2023-02-03 00:00:00'',''2023-02-04 00:00:00'',''2023-02-03 00:00:00'',''2023-02-04 00:00:00'',''2023-02-03 00:00:00'',''2023-02-03 00:00:00'',''2023-02-03 00:00:00'',''2023-02-03 00:00:00'',''2023-02-03 00:00:00'',''2023-02-03 00:00:00'',''2023-02-03 00:00:00'',''2023-02-04 00:00:00'',''2023-02-04 00:00:00'',''2023-02-03 00:00:00'',''2023-02-03 00:00:00'',''2023-02-03 00:00:00'',''2023-02-04 00:00:00'',''2023-02-03 00:00:00'',''2023-02-03 00:00:00'',''2023-02-04 00:00:00'',''2023-02-03 00:00:00'',''2023-02-04 00:00:00'',''2023-02-04 00:00:00'',''2023-02-03 00:00:00'',''2023-02-04 00:00:00''}",1,299.0,8,4250,1,0,0
iOS,"1000447",GE,"1.01","1.01",organic,2023-02-03 20:40:14,2023-02-03 20:42:09,"{''2023-02-03 00:00:00'',''2023-02-03 00:00:00'',''2023-02-03 00:00:00''}",0,0.0,0,0,0,0,0
iOS,"1000449",KZ,"1.01","1.01",organic,2023-02-03 20:58:40,2023-02-04 20:20:19,"{''2023-02-04 00:00:00'',''2023-02-04 00:00:00'',''2023-02-03 00:00:00'',''2023-02-03 00:00:00'',''2023-02-03 00:00:00'',''2023-02-03 00:00:00'',''2023-02-04 00:00:00'',''2023-02-03 00:00:00'',''2023-02-03 00:00:00'',''2023-02-03 00:00:00'',''2023-02-03 00:00:00'',''2023-02-03 00:00:00'',''2023-02-04 00:00:00'',''2023-02-03 00:00:00'',''2023-02-03 00:00:00'',''2023-02-03 00:00:00'',''2023-02-03 00:00:00'',''2023-02-04 00:00:00'',''2023-02-04 00:00:00'',''2023-02-03 00:00:00'',''2023-02-03 00:00:00'',''2023-02-04 00:00:00'',''2023-02-03 00:00:00'',''2023-02-04 00:00:00'',''2023-02-03 00:00:00'',''2023-02-03 00:00:00'',''2023-02-03 00:00:00'',''2023-02-03 00:00:00'',''2023-02-03 00:00:00'',''2023-02-04 00:00:00'',''2023-02-04 00:00:00''}",1,99.0,9,2750,1,0,0
android,"1000450",KZ,"1.01","1.01",organic,2023-02-03 21:02:54,2023-02-03 21:04:20,"{''2023-02-03 00:00:00'',''2023-02-03 00:00:00'',''2023-02-03 00:00:00'',''2023-02-03 00:00:00'',''2023-02-03 00:00:00'',''2023-02-03 00:00:00''}",0,0.0,0,0,0,0,0
android,"1000451",ES,"1.01","1.01",organic,2023-02-03 21:05:16,2023-02-03 21:56:03,"{''2023-02-03 00:00:00'',''2023-02-03 00:00:00'',''2023-02-03 00:00:00'',''2023-02-03 00:00:00'',''2023-02-03 00:00:00'',''2023-02-03 00:00:00'',''2023-02-03 00:00:00'',''2023-02-03 00:00:00'',''2023-02-03 00:00:00'',''2023-02-03 00:00:00'',''2023-02-03 00:00:00'',''2023-02-03 00:00:00'',''2023-02-03 00:00:00'',''2023-02-03 00:00:00'',''2023-02-03 00:00:00'',''2023-02-03 00:00:00'',''2023-02-03 00:00:00'',''2023-02-03 00:00:00'',''2023-02-03 00:00:00'',''2023-02-03 00:00:00'',''2023-02-03 00:00:00'',''2023-02-03 00:00:00'',''2023-02-03 00:00:00'',''2023-02-03 00:00:00''}",0,0.0,6,1150,1,0,0
iOS,"1000452",KZ,"1.01","1.01",organic,2023-02-03 21:18:51,2023-02-03 21:20:51,"{''2023-02-03 00:00:00'',''2023-02-03 00:00:00'',''2023-02-03 00:00:00'',''2023-02-03 00:00:00''}",0,0.0,0,0,0,0,0
android,"1000455",GE,"1.01","1.01",organic,2023-02-03 21:55:14,2023-02-03 21:57:42,"{''2023-02-03 00:00:00'',''2023-02-03 00:00:00'',''2023-02-03 00:00:00'',''2023-02-03 00:00:00'',''2023-02-03 00:00:00'',''2023-02-03 00:00:00'',''2023-02-03 00:00:00'',''2023-02-03 00:00:00'',''2023-02-03 00:00:00'',''2023-02-03 00:00:00''}",0,0.0,1,50,0,0,0
iOS,"1000457",US,"1.01","1.01",organic,2023-02-03 22:03:17,2023-02-03 22:05:00,"{''2023-02-03 00:00:00'',''2023-02-03 00:00:00'',''2023-02-03 00:00:00''}",0,0.0,0,0,0,0,0
android,"1000458",NL,"1.01","1.01",organic,2023-02-03 22:16:52,2023-02-03 22:18:57,"{''2023-02-03 00:00:00'',''2023-02-03 00:00:00'',''2023-02-03 00:00:00'',''2023-02-03 00:00:00'',''2023-02-03 00:00:00'',''2023-02-03 00:00:00'',''2023-02-03 00:00:00''}",0,0.0,0,0,0,0,0
android,"1000460",KZ,"1.01","1.01",paid,2023-02-03 22:32:49,2023-02-05 21:21:55,"{''2023-02-03 00:00:00'',''2023-02-04 00:00:00'',''2023-02-03 00:00:00'',''2023-02-05 00:00:00'',''2023-02-03 00:00:00'',''2023-02-05 00:00:00'',''2023-02-03 00:00:00'',''2023-02-03 00:00:00'',''2023-02-03 00:00:00'',''2023-02-03 00:00:00'',''2023-02-03 00:00:00'',''2023-02-03 00:00:00'',''2023-02-03 00:00:00'',''2023-02-03 00:00:00'',''2023-02-04 00:00:00'',''2023-02-04 00:00:00'',''2023-02-04 00:00:00'',''2023-02-03 00:00:00'',''2023-02-03 00:00:00'',''2023-02-04 00:00:00'',''2023-02-03 00:00:00'',''2023-02-04 00:00:00'',''2023-02-03 00:00:00'',''2023-02-03 00:00:00'',''2023-02-05 00:00:00'',''2023-02-04 00:00:00'',''2023-02-03 00:00:00'',''2023-02-04 00:00:00'',''2023-02-03 00:00:00'',''2023-02-04 00:00:00'',''2023-02-03 00:00:00'',''2023-02-04 00:00:00'',''2023-02-03 00:00:00'',''2023-02-05 00:00:00'',''2023-02-04 00:00:00'',''2023-02-03 00:00:00'',''2023-02-04 00:00:00''}",0,0.0,12,4050,1,1,0
iOS,"1000462",US,"1.01","1.01",organic,2023-02-03 22:48:46,2023-02-03 22:55:11,"{''2023-02-03 00:00:00'',''2023-02-03 00:00:00'',''2023-02-03 00:00:00'',''2023-02-03 00:00:00'',''2023-02-03 00:00:00'',''2023-02-03 00:00:00'',''2023-02-03 00:00:00'',''2023-02-03 00:00:00'',''2023-02-03 00:00:00'',''2023-02-03 00:00:00'',''2023-02-03 00:00:00'',''2023-02-03 00:00:00'',''2023-02-03 00:00:00'',''2023-02-03 00:00:00'',''2023-02-03 00:00:00'',''2023-02-03 00:00:00'',''2023-02-03 00:00:00'',''2023-02-03 00:00:00'',''2023-02-03 00:00:00''}",0,0.0,4,950,0,0,0
android,"1000464",RU,"1.01","1.01",organic,2023-02-03 23:03:40,2023-02-04 22:53:36,"{''2023-02-03 00:00:00'',''2023-02-03 00:00:00'',''2023-02-03 00:00:00'',''2023-02-03 00:00:00'',''2023-02-03 00:00:00'',''2023-02-04 00:00:00'',''2023-02-03 00:00:00'',''2023-02-03 00:00:00'',''2023-02-03 00:00:00'',''2023-02-03 00:00:00'',''2023-02-03 00:00:00'',''2023-02-03 00:00:00'',''2023-02-04 00:00:00'',''2023-02-04 00:00:00'',''2023-02-03 00:00:00'',''2023-02-03 00:00:00'',''2023-02-04 00:00:00'',''2023-02-04 00:00:00'',''2023-02-03 00:00:00'',''2023-02-03 00:00:00'',''2023-02-03 00:00:00'',''2023-02-04 00:00:00'',''2023-02-04 00:00:00'',''2023-02-03 00:00:00'',''2023-02-03 00:00:00'',''2023-02-04 00:00:00'',''2023-02-03 00:00:00'',''2023-02-04 00:00:00'',''2023-02-04 00:00:00'',''2023-02-04 00:00:00'',''2023-02-03 00:00:00'',''2023-02-03 00:00:00'',''2023-02-04 00:00:00''}",0,0.0,9,3050,1,0,0
android,"1000465",KZ,"1.01","1.01",organic,2023-02-03 23:12:53,2023-02-03 23:12:53,{''2023-02-03 00:00:00''},0,0.0,0,0,0,0,0
android,"1000468",RU,"1.01","1.01",organic,2023-02-03 23:33:28,2023-02-03 23:38:09,"{''2023-02-03 00:00:00'',''2023-02-03 00:00:00'',''2023-02-03 00:00:00'',''2023-02-03 00:00:00'',''2023-02-03 00:00:00'',''2023-02-03 00:00:00'',''2023-02-03 00:00:00'',''2023-02-03 00:00:00'',''2023-02-03 00:00:00'',''2023-02-03 00:00:00'',''2023-02-03 00:00:00'',''2023-02-03 00:00:00'',''2023-02-03 00:00:00'',''2023-02-03 00:00:00'',''2023-02-03 00:00:00'',''2023-02-03 00:00:00'',''2023-02-03 00:00:00''}",0,0.0,3,850,0,0,0
iOS,"1000469",RU,"1.01","1.01",organic,2023-02-03 23:47:03,2023-02-04 23:43:29,"{''2023-02-04 00:00:00'',''2023-02-04 00:00:00'',''2023-02-03 00:00:00'',''2023-02-03 00:00:00'',''2023-02-03 00:00:00'',''2023-02-03 00:00:00'',''2023-02-04 00:00:00'',''2023-02-03 00:00:00'',''2023-02-04 00:00:00'',''2023-02-03 00:00:00'',''2023-02-04 00:00:00'',''2023-02-03 00:00:00'',''2023-02-04 00:00:00'',''2023-02-04 00:00:00'',''2023-02-04 00:00:00'',''2023-02-04 00:00:00'',''2023-02-03 00:00:00'',''2023-02-03 00:00:00'',''2023-02-03 00:00:00'',''2023-02-03 00:00:00'',''2023-02-03 00:00:00'',''2023-02-04 00:00:00'',''2023-02-03 00:00:00'',''2023-02-03 00:00:00'',''2023-02-03 00:00:00'',''2023-02-03 00:00:00'',''2023-02-03 00:00:00'',''2023-02-04 00:00:00'',''2023-02-03 00:00:00'',''2023-02-04 00:00:00'',''2023-02-03 00:00:00'',''2023-02-03 00:00:00'',''2023-02-03 00:00:00''}",0,0.0,10,3050,1,0,0
android,"1000473",IT,"1.01","1.01",organic,2023-02-04 00:12:05,2023-02-04 00:14:13,"{''2023-02-04 00:00:00'',''2023-02-04 00:00:00'',''2023-02-04 00:00:00'',''2023-02-04 00:00:00'',''2023-02-04 00:00:00'',''2023-02-04 00:00:00'',''2023-02-04 00:00:00'',''2023-02-04 00:00:00''}",0,0.0,0,0,0,0,0
android,"1000476",DE,"1.01","1.01",organic,2023-02-04 00:41:37,2023-02-04 00:43:40,"{''2023-02-04 00:00:00'',''2023-02-04 00:00:00'',''2023-02-04 00:00:00'',''2023-02-04 00:00:00'',''2023-02-04 00:00:00'',''2023-02-04 00:00:00''}",0,0.0,0,0,0,0,0
iOS,"1000478",BY,"1.01","1.01",organic,2023-02-04 01:08:47,2023-02-04 01:10:23,"{''2023-02-04 00:00:00'',''2023-02-04 00:00:00'',''2023-02-04 00:00:00'',''2023-02-04 00:00:00'',''2023-02-04 00:00:00'',''2023-02-04 00:00:00''}",0,0.0,0,0,0,0,0
iOS,"1000479",RU,"1.01","1.01",paid,2023-02-04 01:13:01,2023-02-05 00:56:45,"{''2023-02-05 00:00:00'',''2023-02-04 00:00:00'',''2023-02-05 00:00:00'',''2023-02-05 00:00:00'',''2023-02-04 00:00:00'',''2023-02-05 00:00:00'',''2023-02-04 00:00:00'',''2023-02-04 00:00:00'',''2023-02-05 00:00:00'',''2023-02-04 00:00:00'',''2023-02-04 00:00:00'',''2023-02-05 00:00:00'',''2023-02-04 00:00:00'',''2023-02-04 00:00:00'',''2023-02-04 00:00:00'',''2023-02-04 00:00:00'',''2023-02-04 00:00:00'',''2023-02-04 00:00:00'',''2023-02-05 00:00:00'',''2023-02-05 00:00:00'',''2023-02-04 00:00:00'',''2023-02-05 00:00:00'',''2023-02-05 00:00:00'',''2023-02-04 00:00:00'',''2023-02-04 00:00:00'',''2023-02-04 00:00:00'',''2023-02-04 00:00:00'',''2023-02-04 00:00:00'',''2023-02-05 00:00:00'',''2023-02-04 00:00:00'',''2023-02-04 00:00:00'',''2023-02-04 00:00:00'',''2023-02-05 00:00:00''}",0,0.0,10,3050,1,0,0
iOS,"1000480",US,"1.01","1.01",organic,2023-02-04 01:26:36,2023-02-05 01:32:32,"{''2023-02-04 00:00:00'',''2023-02-04 00:00:00'',''2023-02-04 00:00:00'',''2023-02-05 00:00:00'',''2023-02-04 00:00:00'',''2023-02-05 00:00:00'',''2023-02-04 00:00:00'',''2023-02-04 00:00:00'',''2023-02-05 00:00:00'',''2023-02-04 00:00:00'',''2023-02-05 00:00:00'',''2023-02-04 00:00:00'',''2023-02-05 00:00:00'',''2023-02-04 00:00:00'',''2023-02-05 00:00:00'',''2023-02-04 00:00:00'',''2023-02-04 00:00:00'',''2023-02-05 00:00:00'',''2023-02-05 00:00:00'',''2023-02-04 00:00:00'',''2023-02-05 00:00:00'',''2023-02-04 00:00:00'',''2023-02-04 00:00:00'',''2023-02-04 00:00:00'',''2023-02-05 00:00:00'',''2023-02-04 00:00:00'',''2023-02-04 00:00:00'',''2023-02-04 00:00:00'',''2023-02-05 00:00:00'',''2023-02-04 00:00:00'',''2023-02-05 00:00:00'',''2023-02-04 00:00:00'',''2023-02-04 00:00:00''}",0,0.0,9,3050,1,0,0
android,"1000483",CA,"1.01","1.01",organic,2023-02-04 01:50:43,2023-02-04 01:56:24,"{''2023-02-04 00:00:00'',''2023-02-04 00:00:00'',''2023-02-04 00:00:00'',''2023-02-04 00:00:00'',''2023-02-04 00:00:00'',''2023-02-04 00:00:00'',''2023-02-04 00:00:00'',''2023-02-04 00:00:00'',''2023-02-04 00:00:00'',''2023-02-04 00:00:00'',''2023-02-04 00:00:00'',''2023-02-04 00:00:00'',''2023-02-04 00:00:00'',''2023-02-04 00:00:00'',''2023-02-04 00:00:00'',''2023-02-04 00:00:00'',''2023-02-04 00:00:00'',''2023-02-04 00:00:00'',''2023-02-04 00:00:00''}",0,0.0,4,950,0,0,0
android,"1000486",RU,"1.01","1.01",organic,2023-02-04 02:14:13,2023-02-04 02:15:43,"{''2023-02-04 00:00:00'',''2023-02-04 00:00:00'',''2023-02-04 00:00:00''}",0,0.0,0,0,0,0,0
android,"1000487",US,"1.01","1.01",organic,2023-02-04 02:27:48,2023-02-04 02:30:07,"{''2023-02-04 00:00:00'',''2023-02-04 00:00:00'',''2023-02-04 00:00:00'',''2023-02-04 00:00:00'',''2023-02-04 00:00:00'',''2023-02-04 00:00:00'',''2023-02-04 00:00:00'',''2023-02-04 00:00:00''}",0,0.0,0,0,0,0,0
android,"1000488",RU,"1.01","1.01",paid,2023-02-04 02:37:01,2023-02-04 02:38:55,"{''2023-02-04 00:00:00'',''2023-02-04 00:00:00'',''2023-02-04 00:00:00'',''2023-02-04 00:00:00'',''2023-02-04 00:00:00'',''2023-02-04 00:00:00''}",0,0.0,0,0,0,0,0
iOS,"1000489",DE,"1.01","1.01",organic,2023-02-04 02:46:14,2023-02-04 02:48:22,"{''2023-02-04 00:00:00'',''2023-02-04 00:00:00'',''2023-02-04 00:00:00'',''2023-02-04 00:00:00'',''2023-02-04 00:00:00'',''2023-02-04 00:00:00''}",0,0.0,0,0,0,0,0
android,"1000490",US,"1.01","1.01",organic,2023-02-04 02:59:49,2023-02-04 03:01:30,"{''2023-02-04 00:00:00'',''2023-02-04 00:00:00'',''2023-02-04 00:00:00'',''2023-02-04 00:00:00'',''2023-02-04 00:00:00''}",0,0.0,0,0,0,0,0
android,"1000491",RU,"1.01","1.01",organic,2023-02-04 03:05:30,2023-02-04 03:09:09,"{''2023-02-04 00:00:00'',''2023-02-04 00:00:00'',''2023-02-04 00:00:00'',''2023-02-04 00:00:00'',''2023-02-04 00:00:00'',''2023-02-04 00:00:00'',''2023-02-04 00:00:00'',''2023-02-04 00:00:00'',''2023-02-04 00:00:00'',''2023-02-04 00:00:00'',''2023-02-04 00:00:00'',''2023-02-04 00:00:00'',''2023-02-04 00:00:00''}",0,0.0,2,650,0,0,0
android,"1000498",LV,"1.01","1.01",paid,2023-02-04 04:11:17,2023-02-04 04:17:39,"{''2023-02-04 00:00:00'',''2023-02-04 00:00:00'',''2023-02-04 00:00:00'',''2023-02-04 00:00:00'',''2023-02-04 00:00:00'',''2023-02-04 00:00:00'',''2023-02-04 00:00:00'',''2023-02-04 00:00:00'',''2023-02-04 00:00:00'',''2023-02-04 00:00:00'',''2023-02-04 00:00:00'',''2023-02-04 00:00:00'',''2023-02-04 00:00:00'',''2023-02-04 00:00:00'',''2023-02-04 00:00:00'',''2023-02-04 00:00:00'',''2023-02-04 00:00:00'',''2023-02-04 00:00:00'',''2023-02-04 00:00:00''}",0,0.0,4,950,0,0,0
iOS,"1000499",KZ,"1.01","1.01",organic,2023-02-04 04:13:39,2023-02-04 04:16:52,"{''2023-02-04 00:00:00'',''2023-02-04 00:00:00'',''2023-02-04 00:00:00'',''2023-02-04 00:00:00'',''2023-02-04 00:00:00'',''2023-02-04 00:00:00'',''2023-02-04 00:00:00'',''2023-02-04 00:00:00'',''2023-02-04 00:00:00'',''2023-02-04 00:00:00'',''2023-02-04 00:00:00'',''2023-02-04 00:00:00'',''2023-02-04 00:00:00''}",0,0.0,2,650,0,0,0
android,"1000501",RU,"1.01","1.01",organic,2023-02-04 04:36:27,2023-02-04 04:37:58,"{''2023-02-04 00:00:00'',''2023-02-04 00:00:00'',''2023-02-04 00:00:00'',''2023-02-04 00:00:00'',''2023-02-04 00:00:00'',''2023-02-04 00:00:00'',''2023-02-04 00:00:00''}",0,0.0,0,0,0,0,0
android,"1000504",RU,"1.01","1.01",organic,2023-02-04 04:57:02,2023-02-04 04:58:48,"{''2023-02-04 00:00:00'',''2023-02-04 00:00:00'',''2023-02-04 00:00:00'',''2023-02-04 00:00:00'',''2023-02-04 00:00:00''}",0,0.0,0,0,0,0,0
iOS,"1000506",US,"1.01","1.01",organic,2023-02-04 05:08:24,2023-02-04 05:09:40,"{''2023-02-04 00:00:00'',''2023-02-04 00:00:00'',''2023-02-04 00:00:00'',''2023-02-04 00:00:00''}",0,0.0,0,0,0,0,0
iOS,"1000507",RU,"1.01","1.01",organic,2023-02-04 05:14:05,2023-02-04 05:16:16,"{''2023-02-04 00:00:00'',''2023-02-04 00:00:00'',''2023-02-04 00:00:00'',''2023-02-04 00:00:00'',''2023-02-04 00:00:00'',''2023-02-04 00:00:00''}",0,0.0,0,0,0,0,0
android,"1000509",RU,"1.01","1.01",organic,2023-02-04 05:30:02,2023-02-04 05:31:30,"{''2023-02-04 00:00:00'',''2023-02-04 00:00:00'',''2023-02-04 00:00:00'',''2023-02-04 00:00:00'',''2023-02-04 00:00:00'',''2023-02-04 00:00:00''}",0,0.0,0,0,0,0,0
iOS,"1000515",PL,"1.01","1.01",organic,2023-02-04 06:04:59,2023-02-04 06:09:32,"{''2023-02-04 00:00:00'',''2023-02-04 00:00:00'',''2023-02-04 00:00:00'',''2023-02-04 00:00:00'',''2023-02-04 00:00:00'',''2023-02-04 00:00:00'',''2023-02-04 00:00:00'',''2023-02-04 00:00:00'',''2023-02-04 00:00:00'',''2023-02-04 00:00:00'',''2023-02-04 00:00:00'',''2023-02-04 00:00:00'',''2023-02-04 00:00:00'',''2023-02-04 00:00:00'',''2023-02-04 00:00:00'',''2023-02-04 00:00:00'',''2023-02-04 00:00:00''}",0,0.0,3,850,0,0,0
android,"1000517",DE,"1.01","1.01",organic,2023-02-04 06:27:47,2023-02-04 06:29:51,"{''2023-02-04 00:00:00'',''2023-02-04 00:00:00'',''2023-02-04 00:00:00'',''2023-02-04 00:00:00'',''2023-02-04 00:00:00'',''2023-02-04 00:00:00'',''2023-02-04 00:00:00'',''2023-02-04 00:00:00''}",0,0.0,0,0,0,0,0
iOS,"1000520",KZ,"1.01","1.01",paid,2023-02-04 06:59:11,2023-02-04 07:00:54,"{''2023-02-04 00:00:00'',''2023-02-04 00:00:00'',''2023-02-04 00:00:00'',''2023-02-04 00:00:00'',''2023-02-04 00:00:00'',''2023-02-04 00:00:00''}",0,0.0,0,0,0,0,0
android,"1000521",RU,"1.01","1.01",organic,2023-02-04 07:12:46,2023-02-04 07:25:41,"{''2023-02-04 00:00:00'',''2023-02-04 00:00:00'',''2023-02-04 00:00:00'',''2023-02-04 00:00:00'',''2023-02-04 00:00:00'',''2023-02-04 00:00:00'',''2023-02-04 00:00:00'',''2023-02-04 00:00:00'',''2023-02-04 00:00:00'',''2023-02-04 00:00:00'',''2023-02-04 00:00:00'',''2023-02-04 00:00:00'',''2023-02-04 00:00:00'',''2023-02-04 00:00:00'',''2023-02-04 00:00:00'',''2023-02-04 00:00:00'',''2023-02-04 00:00:00'',''2023-02-04 00:00:00'',''2023-02-04 00:00:00'',''2023-02-04 00:00:00''}",1,399.0,3,950,0,0,0
android,"1000523",RU,"1.01","1.01",organic,2023-02-04 07:26:13,2023-02-04 07:26:54,"{''2023-02-04 00:00:00'',''2023-02-04 00:00:00''}",0,0.0,0,0,0,0,0
iOS,"1000527",US,"1.01","1.01",paid,2023-02-04 07:53:45,2023-02-04 07:55:45,"{''2023-02-04 00:00:00'',''2023-02-04 00:00:00'',''2023-02-04 00:00:00'',''2023-02-04 00:00:00'',''2023-02-04 00:00:00'',''2023-02-04 00:00:00''}",0,0.0,0,0,0,0,0
iOS,"1000528",US,"1.01","1.01",organic,2023-02-04 08:02:58,2023-02-04 08:08:14,"{''2023-02-04 00:00:00'',''2023-02-04 00:00:00'',''2023-02-04 00:00:00'',''2023-02-04 00:00:00'',''2023-02-04 00:00:00'',''2023-02-04 00:00:00'',''2023-02-04 00:00:00'',''2023-02-04 00:00:00'',''2023-02-04 00:00:00'',''2023-02-04 00:00:00'',''2023-02-04 00:00:00'',''2023-02-04 00:00:00'',''2023-02-04 00:00:00'',''2023-02-04 00:00:00'',''2023-02-04 00:00:00'',''2023-02-04 00:00:00'',''2023-02-04 00:00:00''}",0,0.0,4,850,0,0,0
iOS,"1000537",RU,"1.01","1.01",organic,2023-02-04 09:07:51,2023-02-04 09:09:09,"{''2023-02-04 00:00:00'',''2023-02-04 00:00:00'',''2023-02-04 00:00:00''}",0,0.0,0,0,0,0,0
android,"1000538",RU,"1.01","1.01",organic,2023-02-04 09:21:26,2023-02-04 09:23:57,"{''2023-02-04 00:00:00'',''2023-02-04 00:00:00'',''2023-02-04 00:00:00'',''2023-02-04 00:00:00'',''2023-02-04 00:00:00'',''2023-02-04 00:00:00'',''2023-02-04 00:00:00'',''2023-02-04 00:00:00''}",0,0.0,0,0,0,0,0
iOS,"1000540",RU,"1.01","1.01",organic,2023-02-04 09:39:15,2023-02-04 09:41:20,"{''2023-02-04 00:00:00'',''2023-02-04 00:00:00'',''2023-02-04 00:00:00'',''2023-02-04 00:00:00'',''2023-02-04 00:00:00'',''2023-02-04 00:00:00'',''2023-02-04 00:00:00''}",0,0.0,0,0,0,0,0
android,"1000542",RU,"1.01","1.01",organic,2023-02-04 09:58:31,2023-02-04 10:00:33,"{''2023-02-04 00:00:00'',''2023-02-04 00:00:00'',''2023-02-04 00:00:00'',''2023-02-04 00:00:00'',''2023-02-04 00:00:00'',''2023-02-04 00:00:00'',''2023-02-04 00:00:00'',''2023-02-04 00:00:00'',''2023-02-04 00:00:00'',''2023-02-04 00:00:00''}",0,0.0,1,50,0,0,0
android,"1000546",BY,"1.01","1.01",organic,2023-02-04 10:44:57,2023-02-04 10:47:00,"{''2023-02-04 00:00:00'',''2023-02-04 00:00:00'',''2023-02-04 00:00:00'',''2023-02-04 00:00:00'',''2023-02-04 00:00:00'',''2023-02-04 00:00:00''}",0,0.0,0,0,0,0,0
android,"1000548",RU,"1.01","1.01",organic,2023-02-04 11:03:23,2023-02-04 11:08:09,"{''2023-02-04 00:00:00'',''2023-02-04 00:00:00'',''2023-02-04 00:00:00'',''2023-02-04 00:00:00'',''2023-02-04 00:00:00'',''2023-02-04 00:00:00'',''2023-02-04 00:00:00'',''2023-02-04 00:00:00'',''2023-02-04 00:00:00'',''2023-02-04 00:00:00'',''2023-02-04 00:00:00'',''2023-02-04 00:00:00'',''2023-02-04 00:00:00'',''2023-02-04 00:00:00'',''2023-02-04 00:00:00'',''2023-02-04 00:00:00'',''2023-02-04 00:00:00''}",0,0.0,4,850,0,0,0
android,"1000549",US,"1.01","1.01",paid,2023-02-04 11:09:04,2023-02-04 11:10:23,"{''2023-02-04 00:00:00'',''2023-02-04 00:00:00'',''2023-02-04 00:00:00''}",0,0.0,0,0,0,0,0
iOS,"1000551",US,"1.01","1.01",organic,2023-02-04 11:20:39,2023-02-04 11:22:27,"{''2023-02-04 00:00:00'',''2023-02-04 00:00:00'',''2023-02-04 00:00:00'',''2023-02-04 00:00:00'',''2023-02-04 00:00:00'',''2023-02-04 00:00:00'',''2023-02-04 00:00:00'',''2023-02-04 00:00:00''}",0,0.0,0,0,0,0,0
android,"1000554",RU,"1.01","1.01",organic,2023-02-04 11:39:47,2023-02-04 11:41:37,"{''2023-02-04 00:00:00'',''2023-02-04 00:00:00'',''2023-02-04 00:00:00'',''2023-02-04 00:00:00'',''2023-02-04 00:00:00'',''2023-02-04 00:00:00'',''2023-02-04 00:00:00''}",0,0.0,0,0,0,0,0
iOS,"1000555",PL,"1.01","1.01",organic,2023-02-04 11:49:00,2023-02-04 11:50:43,"{''2023-02-04 00:00:00'',''2023-02-04 00:00:00'',''2023-02-04 00:00:00''}",0,0.0,0,0,0,0,0
android,"1000556",RU,"1.01","1.01",organic,2023-02-04 11:54:41,2023-02-04 11:57:12,"{''2023-02-04 00:00:00'',''2023-02-04 00:00:00'',''2023-02-04 00:00:00'',''2023-02-04 00:00:00'',''2023-02-04 00:00:00'',''2023-02-04 00:00:00'',''2023-02-04 00:00:00'',''2023-02-04 00:00:00''}",0,0.0,0,0,0,0,0
android,"1000557",KZ,"1.01","1.01",paid,2023-02-04 12:08:16,2023-02-04 12:14:39,"{''2023-02-04 00:00:00'',''2023-02-04 00:00:00'',''2023-02-04 00:00:00'',''2023-02-04 00:00:00'',''2023-02-04 00:00:00'',''2023-02-04 00:00:00'',''2023-02-04 00:00:00'',''2023-02-04 00:00:00'',''2023-02-04 00:00:00'',''2023-02-04 00:00:00'',''2023-02-04 00:00:00'',''2023-02-04 00:00:00'',''2023-02-04 00:00:00'',''2023-02-04 00:00:00'',''2023-02-04 00:00:00'',''2023-02-04 00:00:00'',''2023-02-04 00:00:00'',''2023-02-04 00:00:00'',''2023-02-04 00:00:00''}",0,0.0,4,950,0,0,0
android,"1000558",RU,"1.01","1.01",organic,2023-02-04 12:13:57,2023-02-04 12:20:02,"{''2023-02-04 00:00:00'',''2023-02-04 00:00:00'',''2023-02-04 00:00:00'',''2023-02-04 00:00:00'',''2023-02-04 00:00:00'',''2023-02-04 00:00:00'',''2023-02-04 00:00:00'',''2023-02-04 00:00:00'',''2023-02-04 00:00:00'',''2023-02-04 00:00:00'',''2023-02-04 00:00:00'',''2023-02-04 00:00:00'',''2023-02-04 00:00:00'',''2023-02-04 00:00:00'',''2023-02-04 00:00:00'',''2023-02-04 00:00:00'',''2023-02-04 00:00:00'',''2023-02-04 00:00:00'',''2023-02-04 00:00:00''}",0,0.0,4,950,0,0,0
iOS,"1000561",RU,"1.01","1.01",organic,2023-02-04 12:38:54,2023-02-04 12:41:10,"{''2023-02-04 00:00:00'',''2023-02-04 00:00:00'',''2023-02-04 00:00:00'',''2023-02-04 00:00:00''}",0,0.0,0,0,0,0,0
android,"1000562",DE,"1.01","1.01",paid,2023-02-04 12:43:08,2023-02-04 12:45:58,"{''2023-02-04 00:00:00'',''2023-02-04 00:00:00'',''2023-02-04 00:00:00'',''2023-02-04 00:00:00'',''2023-02-04 00:00:00'',''2023-02-04 00:00:00'',''2023-02-04 00:00:00'',''2023-02-04 00:00:00'',''2023-02-04 00:00:00'',''2023-02-04 00:00:00''}",0,0.0,1,50,0,0,0
iOS,"1000563",US,"1.01","1.01",paid,2023-02-04 12:56:43,2023-02-04 12:58:45,"{''2023-02-04 00:00:00'',''2023-02-04 00:00:00'',''2023-02-04 00:00:00'',''2023-02-04 00:00:00'',''2023-02-04 00:00:00'',''2023-02-04 00:00:00'',''2023-02-04 00:00:00'',''2023-02-04 00:00:00''}",0,0.0,0,0,0,0,0
android,"1000564",BY,"1.01","1.01",organic,2023-02-04 13:10:18,2023-02-04 13:12:15,"{''2023-02-04 00:00:00'',''2023-02-04 00:00:00'',''2023-02-04 00:00:00'',''2023-02-04 00:00:00'',''2023-02-04 00:00:00'',''2023-02-04 00:00:00'',''2023-02-04 00:00:00'',''2023-02-04 00:00:00'',''2023-02-04 00:00:00''}",0,0.0,0,0,0,0,0
iOS,"1000574",US,"1.01","1.01",organic,2023-02-04 14:29:25,2023-02-04 14:31:06,"{''2023-02-04 00:00:00'',''2023-02-04 00:00:00'',''2023-02-04 00:00:00''}",0,0.0,0,0,0,0,0
android,"1000575",BY,"1.01","1.01",organic,2023-02-04 14:43:00,2023-02-04 14:48:16,"{''2023-02-04 00:00:00'',''2023-02-04 00:00:00'',''2023-02-04 00:00:00'',''2023-02-04 00:00:00'',''2023-02-04 00:00:00'',''2023-02-04 00:00:00'',''2023-02-04 00:00:00'',''2023-02-04 00:00:00'',''2023-02-04 00:00:00'',''2023-02-04 00:00:00'',''2023-02-04 00:00:00'',''2023-02-04 00:00:00'',''2023-02-04 00:00:00'',''2023-02-04 00:00:00'',''2023-02-04 00:00:00'',''2023-02-04 00:00:00'',''2023-02-04 00:00:00''}",0,0.0,4,850,0,0,0
android,"1000576",LT,"1.01","1.01",organic,2023-02-04 14:48:41,2023-02-04 14:50:18,"{''2023-02-04 00:00:00'',''2023-02-04 00:00:00'',''2023-02-04 00:00:00'',''2023-02-04 00:00:00''}",0,0.0,0,0,0,0,0
android,"1000577",BY,"1.01","1.01",paid,2023-02-04 15:02:16,2023-02-06 14:13:24,"{''2023-02-06 00:00:00'',''2023-02-04 00:00:00'',''2023-02-04 00:00:00'',''2023-02-04 00:00:00'',''2023-02-04 00:00:00'',''2023-02-04 00:00:00'',''2023-02-06 00:00:00'',''2023-02-04 00:00:00'',''2023-02-06 00:00:00'',''2023-02-04 00:00:00'',''2023-02-04 00:00:00'',''2023-02-05 00:00:00'',''2023-02-04 00:00:00'',''2023-02-04 00:00:00'',''2023-02-04 00:00:00'',''2023-02-04 00:00:00'',''2023-02-05 00:00:00'',''2023-02-05 00:00:00'',''2023-02-05 00:00:00'',''2023-02-04 00:00:00'',''2023-02-04 00:00:00'',''2023-02-05 00:00:00'',''2023-02-06 00:00:00'',''2023-02-04 00:00:00'',''2023-02-04 00:00:00'',''2023-02-04 00:00:00'',''2023-02-04 00:00:00'',''2023-02-05 00:00:00'',''2023-02-05 00:00:00'',''2023-02-04 00:00:00'',''2023-02-04 00:00:00'',''2023-02-05 00:00:00'',''2023-02-05 00:00:00'',''2023-02-05 00:00:00'',''2023-02-04 00:00:00'',''2023-02-05 00:00:00'',''2023-02-05 00:00:00''}",0,0.0,12,4050,1,1,0
iOS,"1000578",RU,"1.01","1.01",organic,2023-02-04 15:07:57,2023-02-04 15:09:45,"{''2023-02-04 00:00:00'',''2023-02-04 00:00:00'',''2023-02-04 00:00:00'',''2023-02-04 00:00:00''}",0,0.0,0,0,0,0,0
android,"1000579",ES,"1.01","1.01",organic,2023-02-04 15:10:19,2023-02-04 15:12:08,"{''2023-02-04 00:00:00'',''2023-02-04 00:00:00'',''2023-02-04 00:00:00'',''2023-02-04 00:00:00'',''2023-02-04 00:00:00''}",0,0.0,0,0,0,0,0
android,"1000581",RU,"1.01","1.01",organic,2023-02-04 15:18:22,2023-02-04 15:20:09,"{''2023-02-04 00:00:00'',''2023-02-04 00:00:00'',''2023-02-04 00:00:00'',''2023-02-04 00:00:00'',''2023-02-04 00:00:00'',''2023-02-04 00:00:00''}",0,0.0,0,0,0,0,0
android,"1000582",RU,"1.01","1.01",organic,2023-02-04 15:27:35,2023-02-04 15:28:59,"{''2023-02-04 00:00:00'',''2023-02-04 00:00:00'',''2023-02-04 00:00:00'',''2023-02-04 00:00:00'',''2023-02-04 00:00:00''}",0,0.0,0,0,0,0,0
android,"1000584",US,"1.01","1.01",organic,2023-02-04 15:46:01,2023-02-04 15:47:34,"{''2023-02-04 00:00:00'',''2023-02-04 00:00:00'',''2023-02-04 00:00:00'',''2023-02-04 00:00:00'',''2023-02-04 00:00:00'',''2023-02-04 00:00:00''}",0,0.0,0,0,0,0,0
iOS,"1000585",DE,"1.01","1.01",organic,2023-02-04 15:59:36,2023-02-04 16:05:47,"{''2023-02-04 00:00:00'',''2023-02-04 00:00:00'',''2023-02-04 00:00:00'',''2023-02-04 00:00:00'',''2023-02-04 00:00:00'',''2023-02-04 00:00:00'',''2023-02-04 00:00:00'',''2023-02-04 00:00:00'',''2023-02-04 00:00:00'',''2023-02-04 00:00:00'',''2023-02-04 00:00:00'',''2023-02-04 00:00:00'',''2023-02-04 00:00:00'',''2023-02-04 00:00:00'',''2023-02-04 00:00:00'',''2023-02-04 00:00:00'',''2023-02-04 00:00:00'',''2023-02-04 00:00:00'',''2023-02-04 00:00:00''}",0,0.0,4,950,0,0,0
iOS,"1000587",RU,"1.01","1.01",organic,2023-02-04 16:14:30,2023-02-04 16:15:49,"{''2023-02-04 00:00:00'',''2023-02-04 00:00:00'',''2023-02-04 00:00:00'',''2023-02-04 00:00:00'',''2023-02-04 00:00:00'',''2023-02-04 00:00:00'',''2023-02-04 00:00:00''}",0,0.0,0,0,0,0,0
iOS,"1000589",IT,"1.01","1.01",organic,2023-02-04 16:37:18,2023-02-04 16:39:02,"{''2023-02-04 00:00:00'',''2023-02-04 00:00:00'',''2023-02-04 00:00:00'',''2023-02-04 00:00:00'',''2023-02-04 00:00:00'',''2023-02-04 00:00:00''}",0,0.0,0,0,0,0,0
android,"1000594",RU,"1.01","1.01",organic,2023-02-04 17:22:46,2023-02-04 17:25:06,"{''2023-02-04 00:00:00'',''2023-02-04 00:00:00'',''2023-02-04 00:00:00'',''2023-02-04 00:00:00'',''2023-02-04 00:00:00'',''2023-02-04 00:00:00'',''2023-02-04 00:00:00'',''2023-02-04 00:00:00''}",0,0.0,0,0,0,0,0
android,"1000595",US,"1.01","1.01",paid,2023-02-04 17:28:27,2023-02-05 17:19:54,"{''2023-02-05 00:00:00'',''2023-02-05 00:00:00'',''2023-02-04 00:00:00'',''2023-02-05 00:00:00'',''2023-02-04 00:00:00'',''2023-02-04 00:00:00'',''2023-02-04 00:00:00'',''2023-02-04 00:00:00'',''2023-02-04 00:00:00'',''2023-02-05 00:00:00'',''2023-02-04 00:00:00'',''2023-02-04 00:00:00'',''2023-02-05 00:00:00'',''2023-02-05 00:00:00'',''2023-02-04 00:00:00'',''2023-02-04 00:00:00'',''2023-02-04 00:00:00'',''2023-02-05 00:00:00'',''2023-02-05 00:00:00'',''2023-02-04 00:00:00'',''2023-02-05 00:00:00'',''2023-02-04 00:00:00'',''2023-02-04 00:00:00'',''2023-02-04 00:00:00'',''2023-02-05 00:00:00'',''2023-02-04 00:00:00'',''2023-02-04 00:00:00'',''2023-02-04 00:00:00'',''2023-02-05 00:00:00'',''2023-02-04 00:00:00'',''2023-02-04 00:00:00'',''2023-02-05 00:00:00'',''2023-02-04 00:00:00''}",0,0.0,10,3050,1,0,0
android,"1000596",NL,"1.01","1.01",paid,2023-02-04 17:42:02,2023-02-04 17:44:26,"{''2023-02-04 00:00:00'',''2023-02-04 00:00:00'',''2023-02-04 00:00:00'',''2023-02-04 00:00:00'',''2023-02-04 00:00:00'',''2023-02-04 00:00:00'',''2023-02-04 00:00:00''}",0,0.0,0,0,0,0,0
android,"1000598",PL,"1.01","1.01",organic,2023-02-04 17:51:57,2023-02-04 17:53:12,"{''2023-02-04 00:00:00'',''2023-02-04 00:00:00'',''2023-02-04 00:00:00''}",0,0.0,0,0,0,0,0
android,"1000600",US,"1.01","1.01",organic,2023-02-04 18:11:13,2023-02-04 18:12:42,"{''2023-02-04 00:00:00'',''2023-02-04 00:00:00'',''2023-02-04 00:00:00'',''2023-02-04 00:00:00'',''2023-02-04 00:00:00''}",0,0.0,0,0,0,0,0
android,"1000601",CA,"1.01","1.01",organic,2023-02-04 18:15:27,2023-02-04 18:19:34,"{''2023-02-04 00:00:00'',''2023-02-04 00:00:00'',''2023-02-04 00:00:00'',''2023-02-04 00:00:00'',''2023-02-04 00:00:00'',''2023-02-04 00:00:00'',''2023-02-04 00:00:00'',''2023-02-04 00:00:00'',''2023-02-04 00:00:00'',''2023-02-04 00:00:00'',''2023-02-04 00:00:00'',''2023-02-04 00:00:00'',''2023-02-04 00:00:00'',''2023-02-04 00:00:00'',''2023-02-04 00:00:00''}",0,0.0,2,750,0,0,0
iOS,"1000602",PL,"1.01","1.01",organic,2023-02-04 18:24:40,2023-02-04 18:25:59,"{''2023-02-04 00:00:00'',''2023-02-04 00:00:00'',''2023-02-04 00:00:00'',''2023-02-04 00:00:00''}",0,0.0,0,0,0,0,0
android,"1000603",US,"1.01","1.01",organic,2023-02-04 18:28:54,2023-02-04 18:30:49,"{''2023-02-04 00:00:00'',''2023-02-04 00:00:00'',''2023-02-04 00:00:00'',''2023-02-04 00:00:00'',''2023-02-04 00:00:00'',''2023-02-04 00:00:00'',''2023-02-04 00:00:00'',''2023-02-04 00:00:00'',''2023-02-04 00:00:00''}",0,0.0,0,0,0,0,0
android,"1000604",RU,"1.01","1.01",organic,2023-02-04 18:42:29,2023-02-04 18:44:44,"{''2023-02-04 00:00:00'',''2023-02-04 00:00:00'',''2023-02-04 00:00:00'',''2023-02-04 00:00:00'',''2023-02-04 00:00:00'',''2023-02-04 00:00:00''}",0,0.0,0,0,0,0,0
android,"1000608",US,"1.01","1.01",organic,2023-02-04 19:08:58,2023-02-04 19:10:44,"{''2023-02-04 00:00:00'',''2023-02-04 00:00:00'',''2023-02-04 00:00:00'',''2023-02-04 00:00:00'',''2023-02-04 00:00:00'',''2023-02-04 00:00:00'',''2023-02-04 00:00:00''}",0,0.0,0,0,0,0,0
android,"1000609",US,"1.01","1.01",paid,2023-02-04 19:22:33,2023-02-04 19:22:33,{''2023-02-04 00:00:00''},0,0.0,0,0,0,0,0
android,"1000610",RU,"1.01","1.01",organic,2023-02-04 19:24:55,2023-02-04 19:24:55,{''2023-02-04 00:00:00''},0,0.0,0,0,0,0,0
iOS,"1000611",RU,"1.01","1.01",paid,2023-02-04 19:30:36,2023-02-04 19:32:43,"{''2023-02-04 00:00:00'',''2023-02-04 00:00:00'',''2023-02-04 00:00:00'',''2023-02-04 00:00:00'',''2023-02-04 00:00:00'',''2023-02-04 00:00:00'',''2023-02-04 00:00:00'',''2023-02-04 00:00:00''}",0,0.0,0,0,0,0,0
iOS,"1000612",LV,"1.01","1.01",organic,2023-02-04 19:44:11,2023-02-04 19:45:36,"{''2023-02-04 00:00:00'',''2023-02-04 00:00:00'',''2023-02-04 00:00:00''}",0,0.0,0,0,0,0,0
iOS,"1000616",IT,"1.01","1.01",organic,2023-02-04 20:13:22,2023-02-04 20:15:21,"{''2023-02-04 00:00:00'',''2023-02-04 00:00:00'',''2023-02-04 00:00:00'',''2023-02-04 00:00:00'',''2023-02-04 00:00:00''}",0,0.0,0,0,0,0,0
iOS,"1000617",KZ,"1.01","1.01",organic,2023-02-04 20:26:57,2023-02-04 20:29:00,"{''2023-02-04 00:00:00'',''2023-02-04 00:00:00'',''2023-02-04 00:00:00'',''2023-02-04 00:00:00'',''2023-02-04 00:00:00'',''2023-02-04 00:00:00''}",0,0.0,0,0,0,0,0
iOS,"1000619",RU,"1.01","1.01",organic,2023-02-04 20:42:54,2023-02-04 20:45:27,"{''2023-02-04 00:00:00'',''2023-02-04 00:00:00'',''2023-02-04 00:00:00'',''2023-02-04 00:00:00'',''2023-02-04 00:00:00'',''2023-02-04 00:00:00'',''2023-02-04 00:00:00'',''2023-02-04 00:00:00'',''2023-02-04 00:00:00''}",0,0.0,0,0,0,0,0
android,"1000620",KZ,"1.01","1.01",organic,2023-02-04 20:52:07,2023-02-04 20:53:58,"{''2023-02-04 00:00:00'',''2023-02-04 00:00:00'',''2023-02-04 00:00:00'',''2023-02-04 00:00:00'',''2023-02-04 00:00:00'',''2023-02-04 00:00:00'',''2023-02-04 00:00:00'',''2023-02-04 00:00:00''}",0,0.0,0,0,0,0,0
android,"1000622",RU,"1.01","1.01",organic,2023-02-04 21:00:10,2023-02-04 21:03:42,"{''2023-02-04 00:00:00'',''2023-02-04 00:00:00'',''2023-02-04 00:00:00'',''2023-02-04 00:00:00'',''2023-02-04 00:00:00'',''2023-02-04 00:00:00'',''2023-02-04 00:00:00'',''2023-02-04 00:00:00'',''2023-02-04 00:00:00'',''2023-02-04 00:00:00'',''2023-02-04 00:00:00'',''2023-02-04 00:00:00'',''2023-02-04 00:00:00''}",0,0.0,1,650,0,0,0
iOS,"1000623",DE,"1.01","1.01",organic,2023-02-04 21:13:45,2023-02-04 21:16:49,"{''2023-02-04 00:00:00'',''2023-02-04 00:00:00'',''2023-02-04 00:00:00'',''2023-02-04 00:00:00'',''2023-02-04 00:00:00'',''2023-02-04 00:00:00'',''2023-02-04 00:00:00'',''2023-02-04 00:00:00'',''2023-02-04 00:00:00'',''2023-02-04 00:00:00'',''2023-02-04 00:00:00'',''2023-02-04 00:00:00'',''2023-02-04 00:00:00''}",0,0.0,1,650,0,0,0
iOS,"1000624",KZ,"1.01","1.01",paid,2023-02-04 21:27:20,2023-02-04 21:29:37,"{''2023-02-04 00:00:00'',''2023-02-04 00:00:00'',''2023-02-04 00:00:00'',''2023-02-04 00:00:00'',''2023-02-04 00:00:00'',''2023-02-04 00:00:00''}",0,0.0,0,0,0,0,0
android,"1000625",BY,"1.01","1.01",organic,2023-02-04 21:40:55,2023-02-04 21:42:54,"{''2023-02-04 00:00:00'',''2023-02-04 00:00:00'',''2023-02-04 00:00:00''}",0,0.0,0,0,0,0,0
iOS,"1000626",BY,"1.01","1.01",organic,2023-02-04 21:50:08,2023-02-04 21:55:45,"{''2023-02-04 00:00:00'',''2023-02-04 00:00:00'',''2023-02-04 00:00:00'',''2023-02-04 00:00:00'',''2023-02-04 00:00:00'',''2023-02-04 00:00:00'',''2023-02-04 00:00:00'',''2023-02-04 00:00:00'',''2023-02-04 00:00:00'',''2023-02-04 00:00:00'',''2023-02-04 00:00:00'',''2023-02-04 00:00:00'',''2023-02-04 00:00:00'',''2023-02-04 00:00:00'',''2023-02-04 00:00:00'',''2023-02-04 00:00:00'',''2023-02-04 00:00:00'',''2023-02-04 00:00:00'',''2023-02-04 00:00:00''}",0,0.0,4,950,0,0,0
android,"1000627",ES,"1.01","1.01",organic,2023-02-04 21:52:30,2023-02-04 21:56:26,"{''2023-02-04 00:00:00'',''2023-02-04 00:00:00'',''2023-02-04 00:00:00'',''2023-02-04 00:00:00'',''2023-02-04 00:00:00'',''2023-02-04 00:00:00'',''2023-02-04 00:00:00'',''2023-02-04 00:00:00'',''2023-02-04 00:00:00'',''2023-02-04 00:00:00'',''2023-02-04 00:00:00'',''2023-02-04 00:00:00'',''2023-02-04 00:00:00'',''2023-02-04 00:00:00'',''2023-02-04 00:00:00''}",0,0.0,2,750,0,0,0
android,"1000629",US,"1.01","1.01",organic,2023-02-04 22:10:19,2023-02-05 21:53:36,"{''2023-02-05 00:00:00'',''2023-02-05 00:00:00'',''2023-02-04 00:00:00'',''2023-02-04 00:00:00'',''2023-02-04 00:00:00'',''2023-02-05 00:00:00'',''2023-02-05 00:00:00'',''2023-02-04 00:00:00'',''2023-02-04 00:00:00'',''2023-02-05 00:00:00'',''2023-02-04 00:00:00'',''2023-02-05 00:00:00'',''2023-02-04 00:00:00'',''2023-02-04 00:00:00'',''2023-02-04 00:00:00'',''2023-02-04 00:00:00'',''2023-02-04 00:00:00'',''2023-02-04 00:00:00'',''2023-02-05 00:00:00'',''2023-02-04 00:00:00'',''2023-02-04 00:00:00'',''2023-02-04 00:00:00'',''2023-02-04 00:00:00'',''2023-02-05 00:00:00'',''2023-02-04 00:00:00'',''2023-02-05 00:00:00'',''2023-02-04 00:00:00'',''2023-02-04 00:00:00'',''2023-02-04 00:00:00'',''2023-02-05 00:00:00'',''2023-02-04 00:00:00''}",1,99.0,9,2750,1,0,0
android,"1000632",GE,"1.01","1.01",organic,2023-02-04 22:33:49,2023-02-04 22:35:52,"{''2023-02-04 00:00:00'',''2023-02-04 00:00:00'',''2023-02-04 00:00:00'',''2023-02-04 00:00:00'',''2023-02-04 00:00:00''}",0,0.0,0,0,0,0,0
android,"1000633",KZ,"1.01","1.01",organic,2023-02-04 22:43:02,2023-02-04 22:44:28,"{''2023-02-04 00:00:00'',''2023-02-04 00:00:00'',''2023-02-04 00:00:00'',''2023-02-04 00:00:00''}",0,0.0,0,0,0,0,0
iOS,"1000635",KZ,"1.01","1.01",organic,2023-02-04 23:00:51,2023-02-04 23:06:51,"{''2023-02-04 00:00:00'',''2023-02-04 00:00:00'',''2023-02-04 00:00:00'',''2023-02-04 00:00:00'',''2023-02-04 00:00:00'',''2023-02-04 00:00:00'',''2023-02-04 00:00:00'',''2023-02-04 00:00:00'',''2023-02-04 00:00:00'',''2023-02-04 00:00:00'',''2023-02-04 00:00:00'',''2023-02-04 00:00:00'',''2023-02-04 00:00:00'',''2023-02-04 00:00:00'',''2023-02-04 00:00:00'',''2023-02-04 00:00:00'',''2023-02-04 00:00:00'',''2023-02-04 00:00:00'',''2023-02-04 00:00:00''}",0,0.0,4,950,0,0,0
android,"1000636",US,"1.01","1.01",paid,2023-02-04 23:10:04,2023-02-04 23:11:37,"{''2023-02-04 00:00:00'',''2023-02-04 00:00:00'',''2023-02-04 00:00:00'',''2023-02-04 00:00:00'',''2023-02-04 00:00:00'',''2023-02-04 00:00:00''}",0,0.0,0,0,0,0,0
android,"1000637",RU,"1.01","1.01",organic,2023-02-04 23:12:26,2023-02-04 23:15:12,"{''2023-02-04 00:00:00'',''2023-02-04 00:00:00'',''2023-02-04 00:00:00'',''2023-02-04 00:00:00'',''2023-02-04 00:00:00'',''2023-02-04 00:00:00'',''2023-02-04 00:00:00'',''2023-02-04 00:00:00'',''2023-02-04 00:00:00'',''2023-02-04 00:00:00''}",0,0.0,1,50,0,0,0
iOS,"1000638",RU,"1.01","1.01",paid,2023-02-04 23:16:40,2023-02-04 23:18:59,"{''2023-02-04 00:00:00'',''2023-02-04 00:00:00'',''2023-02-04 00:00:00'',''2023-02-04 00:00:00'',''2023-02-04 00:00:00'',''2023-02-04 00:00:00'',''2023-02-04 00:00:00'',''2023-02-04 00:00:00'',''2023-02-04 00:00:00'',''2023-02-04 00:00:00''}",0,0.0,1,50,0,0,0
android,"1000643",US,"1.01","1.01",organic,2023-02-04 23:46:46,2023-02-04 23:48:33,"{''2023-02-04 00:00:00'',''2023-02-04 00:00:00'',''2023-02-04 00:00:00'',''2023-02-04 00:00:00'',''2023-02-04 00:00:00'',''2023-02-04 00:00:00''}",0,0.0,0,0,0,0,0
iOS,"1000644",RU,"1.01","1.01",organic,2023-02-04 23:55:59,2023-02-05 00:01:38,"{''2023-02-05 00:00:00'',''2023-02-04 00:00:00'',''2023-02-04 00:00:00'',''2023-02-05 00:00:00'',''2023-02-04 00:00:00'',''2023-02-04 00:00:00'',''2023-02-04 00:00:00'',''2023-02-04 00:00:00'',''2023-02-04 00:00:00'',''2023-02-05 00:00:00'',''2023-02-04 00:00:00'',''2023-02-04 00:00:00'',''2023-02-04 00:00:00'',''2023-02-04 00:00:00'',''2023-02-04 00:00:00'',''2023-02-04 00:00:00'',''2023-02-04 00:00:00'',''2023-02-04 00:00:00'',''2023-02-05 00:00:00''}",0,0.0,4,950,0,0,0
iOS,"1000648",US,"1.01","1.01",organic,2023-02-05 00:26:50,2023-02-05 00:29:06,"{''2023-02-05 00:00:00'',''2023-02-05 00:00:00'',''2023-02-05 00:00:00'',''2023-02-05 00:00:00'',''2023-02-05 00:00:00'',''2023-02-05 00:00:00'',''2023-02-05 00:00:00'',''2023-02-05 00:00:00'',''2023-02-05 00:00:00'',''2023-02-05 00:00:00''}",0,0.0,1,50,0,0,0
iOS,"1000649",GE,"1.01","1.01",organic,2023-02-05 00:32:31,2023-02-05 00:34:20,"{''2023-02-05 00:00:00'',''2023-02-05 00:00:00'',''2023-02-05 00:00:00''}",0,0.0,0,0,0,0,0
android,"1000650",ES,"1.01","1.01",organic,2023-02-05 00:46:06,2023-02-05 00:47:27,"{''2023-02-05 00:00:00'',''2023-02-05 00:00:00'',''2023-02-05 00:00:00'',''2023-02-05 00:00:00'',''2023-02-05 00:00:00'',''2023-02-05 00:00:00''}",0,0.0,0,0,0,0,0
iOS,"1000651",CA,"1.01","1.01",organic,2023-02-05 00:55:19,2023-02-05 00:57:37,"{''2023-02-05 00:00:00'',''2023-02-05 00:00:00'',''2023-02-05 00:00:00'',''2023-02-05 00:00:00'',''2023-02-05 00:00:00'',''2023-02-05 00:00:00'',''2023-02-05 00:00:00'',''2023-02-05 00:00:00'',''2023-02-05 00:00:00''}",0,0.0,0,0,0,0,0
android,"1000652",KZ,"1.01","1.01",organic,2023-02-05 01:08:54,2023-02-05 01:12:08,"{''2023-02-05 00:00:00'',''2023-02-05 00:00:00'',''2023-02-05 00:00:00'',''2023-02-05 00:00:00'',''2023-02-05 00:00:00'',''2023-02-05 00:00:00'',''2023-02-05 00:00:00'',''2023-02-05 00:00:00'',''2023-02-05 00:00:00'',''2023-02-05 00:00:00'',''2023-02-05 00:00:00'',''2023-02-05 00:00:00'',''2023-02-05 00:00:00''}",0,0.0,1,650,0,0,0
android,"1000654",US,"1.01","1.01",organic,2023-02-05 01:28:10,2023-02-05 01:30:36,"{''2023-02-05 00:00:00'',''2023-02-05 00:00:00'',''2023-02-05 00:00:00'',''2023-02-05 00:00:00'',''2023-02-05 00:00:00'',''2023-02-05 00:00:00''}",0,0.0,0,0,0,0,0
android,"1000655",ES,"1.01","1.01",organic,2023-02-05 01:37:23,2023-02-05 01:39:16,"{''2023-02-05 00:00:00'',''2023-02-05 00:00:00'',''2023-02-05 00:00:00'',''2023-02-05 00:00:00'',''2023-02-05 00:00:00'',''2023-02-05 00:00:00'',''2023-02-05 00:00:00'',''2023-02-05 00:00:00''}",0,0.0,0,0,0,0,0
iOS,"1000657",PL,"1.01","1.01",organic,2023-02-05 01:50:50,2023-02-05 01:52:32,"{''2023-02-05 00:00:00'',''2023-02-05 00:00:00'',''2023-02-05 00:00:00'',''2023-02-05 00:00:00'',''2023-02-05 00:00:00''}",0,0.0,0,0,0,0,0
android,"1000659",RU,"1.01","1.01",paid,2023-02-05 02:13:38,2023-02-05 02:15:21,"{''2023-02-05 00:00:00'',''2023-02-05 00:00:00'',''2023-02-05 00:00:00'',''2023-02-05 00:00:00'',''2023-02-05 00:00:00'',''2023-02-05 00:00:00''}",0,0.0,0,0,0,0,0
android,"1000660",GE,"1.01","1.01",organic,2023-02-05 02:19:19,2023-02-05 03:08:13,"{''2023-02-05 00:00:00'',''2023-02-05 00:00:00'',''2023-02-05 00:00:00'',''2023-02-05 00:00:00'',''2023-02-05 00:00:00'',''2023-02-05 00:00:00'',''2023-02-05 00:00:00'',''2023-02-05 00:00:00'',''2023-02-05 00:00:00'',''2023-02-05 00:00:00'',''2023-02-05 00:00:00'',''2023-02-05 00:00:00'',''2023-02-05 00:00:00'',''2023-02-05 00:00:00'',''2023-02-05 00:00:00'',''2023-02-05 00:00:00'',''2023-02-05 00:00:00'',''2023-02-05 00:00:00'',''2023-02-05 00:00:00'',''2023-02-05 00:00:00'',''2023-02-05 00:00:00'',''2023-02-05 00:00:00'',''2023-02-05 00:00:00'',''2023-02-05 00:00:00'',''2023-02-05 00:00:00''}",1,199.0,5,1150,0,0,0
android,"1000662",DE,"1.01","1.01",organic,2023-02-05 02:29:14,2023-02-05 02:34:43,"{''2023-02-05 00:00:00'',''2023-02-05 00:00:00'',''2023-02-05 00:00:00'',''2023-02-05 00:00:00'',''2023-02-05 00:00:00'',''2023-02-05 00:00:00'',''2023-02-05 00:00:00'',''2023-02-05 00:00:00'',''2023-02-05 00:00:00'',''2023-02-05 00:00:00'',''2023-02-05 00:00:00'',''2023-02-05 00:00:00'',''2023-02-05 00:00:00'',''2023-02-05 00:00:00'',''2023-02-05 00:00:00'',''2023-02-05 00:00:00'',''2023-02-05 00:00:00''}",0,0.0,3,850,0,0,0
iOS,"1000663",DE,"1.01","1.01",organic,2023-02-05 02:34:55,2023-02-05 02:36:35,"{''2023-02-05 00:00:00'',''2023-02-05 00:00:00'',''2023-02-05 00:00:00'',''2023-02-05 00:00:00''}",0,0.0,0,0,0,0,0
android,"1000664",US,"1.01","1.01",paid,2023-02-05 02:40:36,2023-02-05 02:40:36,{''2023-02-05 00:00:00''},0,0.0,0,0,0,0,0
iOS,"1000665",DE,"1.01","1.01",organic,2023-02-05 02:46:17,2023-02-05 02:47:57,"{''2023-02-05 00:00:00'',''2023-02-05 00:00:00'',''2023-02-05 00:00:00''}",0,0.0,0,0,0,0,0
android,"1000666",GE,"1.01","1.01",organic,2023-02-05 02:55:30,2023-02-05 02:56:57,"{''2023-02-05 00:00:00'',''2023-02-05 00:00:00'',''2023-02-05 00:00:00'',''2023-02-05 00:00:00'',''2023-02-05 00:00:00''}",0,0.0,0,0,0,0,0
iOS,"1000670",IT,"1.01","1.01",organic,2023-02-05 03:30:43,2023-02-05 03:32:43,"{''2023-02-05 00:00:00'',''2023-02-05 00:00:00'',''2023-02-05 00:00:00'',''2023-02-05 00:00:00''}",0,0.0,0,0,0,0,0
android,"1000671",RU,"1.01","1.01",paid,2023-02-05 03:36:24,2023-02-06 03:19:55,"{''2023-02-05 00:00:00'',''2023-02-06 00:00:00'',''2023-02-05 00:00:00'',''2023-02-05 00:00:00'',''2023-02-05 00:00:00'',''2023-02-05 00:00:00'',''2023-02-06 00:00:00'',''2023-02-06 00:00:00'',''2023-02-06 00:00:00'',''2023-02-05 00:00:00'',''2023-02-05 00:00:00'',''2023-02-06 00:00:00'',''2023-02-05 00:00:00'',''2023-02-05 00:00:00'',''2023-02-06 00:00:00'',''2023-02-05 00:00:00'',''2023-02-05 00:00:00'',''2023-02-06 00:00:00'',''2023-02-05 00:00:00'',''2023-02-05 00:00:00'',''2023-02-06 00:00:00'',''2023-02-06 00:00:00'',''2023-02-05 00:00:00'',''2023-02-05 00:00:00'',''2023-02-05 00:00:00'',''2023-02-05 00:00:00'',''2023-02-05 00:00:00'',''2023-02-05 00:00:00'',''2023-02-05 00:00:00'',''2023-02-06 00:00:00'',''2023-02-06 00:00:00'',''2023-02-05 00:00:00'',''2023-02-06 00:00:00''}",0,0.0,10,3050,1,0,0
android,"1000672",IT,"1.01","1.01",organic,2023-02-05 03:38:46,2023-02-05 03:42:24,"{''2023-02-05 00:00:00'',''2023-02-05 00:00:00'',''2023-02-05 00:00:00'',''2023-02-05 00:00:00'',''2023-02-05 00:00:00'',''2023-02-05 00:00:00'',''2023-02-05 00:00:00'',''2023-02-05 00:00:00'',''2023-02-05 00:00:00'',''2023-02-05 00:00:00'',''2023-02-05 00:00:00'',''2023-02-05 00:00:00'',''2023-02-05 00:00:00''}",0,0.0,2,650,0,0,0
android,"1000674",US,"1.01","1.01",paid,2023-02-05 03:52:13,2023-02-05 03:58:00,"{''2023-02-05 00:00:00'',''2023-02-05 00:00:00'',''2023-02-05 00:00:00'',''2023-02-05 00:00:00'',''2023-02-05 00:00:00'',''2023-02-05 00:00:00'',''2023-02-05 00:00:00'',''2023-02-05 00:00:00'',''2023-02-05 00:00:00'',''2023-02-05 00:00:00'',''2023-02-05 00:00:00'',''2023-02-05 00:00:00'',''2023-02-05 00:00:00'',''2023-02-05 00:00:00'',''2023-02-05 00:00:00'',''2023-02-05 00:00:00'',''2023-02-05 00:00:00''}",0,0.0,4,850,0,0,0
iOS,"1000675",BY,"1.01","1.01",paid,2023-02-05 03:56:27,2023-02-05 03:59:18,"{''2023-02-05 00:00:00'',''2023-02-05 00:00:00'',''2023-02-05 00:00:00'',''2023-02-05 00:00:00'',''2023-02-05 00:00:00'',''2023-02-05 00:00:00'',''2023-02-05 00:00:00'',''2023-02-05 00:00:00'',''2023-02-05 00:00:00'',''2023-02-05 00:00:00'',''2023-02-05 00:00:00'',''2023-02-05 00:00:00'',''2023-02-05 00:00:00''}",0,0.0,2,650,0,0,0
android,"1000677",RU,"1.01","1.01",paid,2023-02-05 04:23:37,2023-02-05 04:35:05,"{''2023-02-05 00:00:00'',''2023-02-05 00:00:00'',''2023-02-05 00:00:00'',''2023-02-05 00:00:00'',''2023-02-05 00:00:00'',''2023-02-05 00:00:00'',''2023-02-05 00:00:00'',''2023-02-05 00:00:00'',''2023-02-05 00:00:00'',''2023-02-05 00:00:00'',''2023-02-05 00:00:00'',''2023-02-05 00:00:00'',''2023-02-05 00:00:00'',''2023-02-05 00:00:00'',''2023-02-05 00:00:00'',''2023-02-05 00:00:00'',''2023-02-05 00:00:00'',''2023-02-05 00:00:00'',''2023-02-05 00:00:00'',''2023-02-05 00:00:00''}",1,399.0,3,950,0,0,0
iOS,"1000678",BY,"1.01","1.01",organic,2023-02-05 04:37:12,2023-02-05 04:39:37,"{''2023-02-05 00:00:00'',''2023-02-05 00:00:00'',''2023-02-05 00:00:00'',''2023-02-05 00:00:00'',''2023-02-05 00:00:00'',''2023-02-05 00:00:00'',''2023-02-05 00:00:00'',''2023-02-05 00:00:00'',''2023-02-05 00:00:00''}",0,0.0,0,0,0,0,0
android,"1000680",RU,"1.01","1.01",organic,2023-02-05 05:00:00,2023-02-05 05:05:52,"{''2023-02-05 00:00:00'',''2023-02-05 00:00:00'',''2023-02-05 00:00:00'',''2023-02-05 00:00:00'',''2023-02-05 00:00:00'',''2023-02-05 00:00:00'',''2023-02-05 00:00:00'',''2023-02-05 00:00:00'',''2023-02-05 00:00:00'',''2023-02-05 00:00:00'',''2023-02-05 00:00:00'',''2023-02-05 00:00:00'',''2023-02-05 00:00:00'',''2023-02-05 00:00:00'',''2023-02-05 00:00:00'',''2023-02-05 00:00:00'',''2023-02-05 00:00:00''}",0,0.0,4,850,0,0,0
android,"1000683",RU,"1.01","1.01",organic,2023-02-05 05:32:01,2023-02-05 05:34:12,"{''2023-02-05 00:00:00'',''2023-02-05 00:00:00'',''2023-02-05 00:00:00'',''2023-02-05 00:00:00''}",0,0.0,0,0,0,0,0
android,"1000684",RU,"1.01","1.01",organic,2023-02-05 05:36:15,2023-02-05 05:38:14,"{''2023-02-05 00:00:00'',''2023-02-05 00:00:00'',''2023-02-05 00:00:00'',''2023-02-05 00:00:00'',''2023-02-05 00:00:00'',''2023-02-05 00:00:00'',''2023-02-05 00:00:00'',''2023-02-05 00:00:00''}",0,0.0,0,0,0,0,0
android,"1000686",RU,"1.01","1.01",organic,2023-02-05 05:51:09,2023-02-05 05:53:17,"{''2023-02-05 00:00:00'',''2023-02-05 00:00:00'',''2023-02-05 00:00:00'',''2023-02-05 00:00:00'',''2023-02-05 00:00:00'',''2023-02-05 00:00:00'',''2023-02-05 00:00:00'',''2023-02-05 00:00:00''}",0,0.0,0,0,0,0,0
iOS,"1000687",RU,"1.01","1.01",organic,2023-02-05 06:00:22,2023-02-06 05:52:01,"{''2023-02-06 00:00:00'',''2023-02-05 00:00:00'',''2023-02-05 00:00:00'',''2023-02-05 00:00:00'',''2023-02-05 00:00:00'',''2023-02-05 00:00:00'',''2023-02-06 00:00:00'',''2023-02-05 00:00:00'',''2023-02-05 00:00:00'',''2023-02-05 00:00:00'',''2023-02-06 00:00:00'',''2023-02-05 00:00:00'',''2023-02-05 00:00:00'',''2023-02-05 00:00:00'',''2023-02-05 00:00:00'',''2023-02-05 00:00:00'',''2023-02-06 00:00:00'',''2023-02-05 00:00:00'',''2023-02-06 00:00:00'',''2023-02-06 00:00:00'',''2023-02-06 00:00:00'',''2023-02-06 00:00:00'',''2023-02-06 00:00:00'',''2023-02-06 00:00:00'',''2023-02-05 00:00:00'',''2023-02-05 00:00:00'',''2023-02-05 00:00:00'',''2023-02-05 00:00:00'',''2023-02-05 00:00:00'',''2023-02-05 00:00:00'',''2023-02-05 00:00:00'',''2023-02-06 00:00:00'',''2023-02-06 00:00:00''}",0,0.0,10,3050,1,0,0
iOS,"1000688",RU,"1.01","1.01",organic,2023-02-05 06:09:35,2023-02-05 06:11:19,"{''2023-02-05 00:00:00'',''2023-02-05 00:00:00'',''2023-02-05 00:00:00'',''2023-02-05 00:00:00''}",0,0.0,0,0,0,0,0
iOS,"1000689",CA,"1.01","1.01",organic,2023-02-05 06:23:10,2023-02-05 06:27:31,"{''2023-02-05 00:00:00'',''2023-02-05 00:00:00'',''2023-02-05 00:00:00'',''2023-02-05 00:00:00'',''2023-02-05 00:00:00'',''2023-02-05 00:00:00'',''2023-02-05 00:00:00'',''2023-02-05 00:00:00'',''2023-02-05 00:00:00'',''2023-02-05 00:00:00'',''2023-02-05 00:00:00'',''2023-02-05 00:00:00'',''2023-02-05 00:00:00'',''2023-02-05 00:00:00'',''2023-02-05 00:00:00''}",0,0.0,2,750,0,0,0
android,"1000690",PL,"1.01","1.01",organic,2023-02-05 06:27:24,2023-02-07 06:04:09,"{''2023-02-05 00:00:00'',''2023-02-05 00:00:00'',''2023-02-05 00:00:00'',''2023-02-07 00:00:00'',''2023-02-05 00:00:00'',''2023-02-06 00:00:00'',''2023-02-05 00:00:00'',''2023-02-06 00:00:00'',''2023-02-05 00:00:00'',''2023-02-05 00:00:00'',''2023-02-05 00:00:00'',''2023-02-07 00:00:00'',''2023-02-05 00:00:00'',''2023-02-07 00:00:00'',''2023-02-06 00:00:00'',''2023-02-05 00:00:00'',''2023-02-06 00:00:00'',''2023-02-07 00:00:00'',''2023-02-05 00:00:00'',''2023-02-05 00:00:00'',''2023-02-05 00:00:00'',''2023-02-06 00:00:00'',''2023-02-05 00:00:00'',''2023-02-06 00:00:00'',''2023-02-05 00:00:00'',''2023-02-06 00:00:00'',''2023-02-05 00:00:00'',''2023-02-05 00:00:00'',''2023-02-05 00:00:00'',''2023-02-06 00:00:00'',''2023-02-06 00:00:00'',''2023-02-05 00:00:00'',''2023-02-05 00:00:00'',''2023-02-06 00:00:00'',''2023-02-06 00:00:00'',''2023-02-06 00:00:00'',''2023-02-05 00:00:00''}",0,0.0,12,4050,1,1,0
iOS,"1000692",KZ,"1.01","1.01",organic,2023-02-05 06:37:19,2023-02-05 06:39:24,"{''2023-02-05 00:00:00'',''2023-02-05 00:00:00'',''2023-02-05 00:00:00'',''2023-02-05 00:00:00'',''2023-02-05 00:00:00'',''2023-02-05 00:00:00'',''2023-02-05 00:00:00'',''2023-02-05 00:00:00''}",0,0.0,0,0,0,0,0
android,"1000693",ES,"1.01","1.01",organic,2023-02-05 06:50:54,2023-02-05 06:53:31,"{''2023-02-05 00:00:00'',''2023-02-05 00:00:00'',''2023-02-05 00:00:00'',''2023-02-05 00:00:00'',''2023-02-05 00:00:00'',''2023-02-05 00:00:00'',''2023-02-05 00:00:00'',''2023-02-05 00:00:00'',''2023-02-05 00:00:00'',''2023-02-05 00:00:00''}",0,0.0,1,50,0,0,0
android,"1000694",RU,"1.01","1.01",organic,2023-02-05 06:56:35,2023-02-05 07:10:07,"{''2023-02-05 00:00:00'',''2023-02-05 00:00:00'',''2023-02-05 00:00:00'',''2023-02-05 00:00:00'',''2023-02-05 00:00:00'',''2023-02-05 00:00:00'',''2023-02-05 00:00:00'',''2023-02-05 00:00:00'',''2023-02-05 00:00:00'',''2023-02-05 00:00:00'',''2023-02-05 00:00:00'',''2023-02-05 00:00:00'',''2023-02-05 00:00:00'',''2023-02-05 00:00:00'',''2023-02-05 00:00:00'',''2023-02-05 00:00:00'',''2023-02-05 00:00:00'',''2023-02-05 00:00:00'',''2023-02-05 00:00:00'',''2023-02-05 00:00:00''}",1,399.0,3,950,0,0,0
android,"1000699",KZ,"1.01","1.01",paid,2023-02-05 07:34:09,2023-02-07 07:02:11,"{''2023-02-05 00:00:00'',''2023-02-05 00:00:00'',''2023-02-05 00:00:00'',''2023-02-06 00:00:00'',''2023-02-06 00:00:00'',''2023-02-05 00:00:00'',''2023-02-05 00:00:00'',''2023-02-05 00:00:00'',''2023-02-05 00:00:00'',''2023-02-05 00:00:00'',''2023-02-06 00:00:00'',''2023-02-06 00:00:00'',''2023-02-05 00:00:00'',''2023-02-06 00:00:00'',''2023-02-05 00:00:00'',''2023-02-05 00:00:00'',''2023-02-06 00:00:00'',''2023-02-05 00:00:00'',''2023-02-05 00:00:00'',''2023-02-05 00:00:00'',''2023-02-06 00:00:00'',''2023-02-06 00:00:00'',''2023-02-06 00:00:00'',''2023-02-07 00:00:00'',''2023-02-07 00:00:00'',''2023-02-07 00:00:00'',''2023-02-06 00:00:00'',''2023-02-05 00:00:00'',''2023-02-05 00:00:00'',''2023-02-06 00:00:00'',''2023-02-05 00:00:00'',''2023-02-05 00:00:00'',''2023-02-06 00:00:00'',''2023-02-05 00:00:00'',''2023-02-05 00:00:00'',''2023-02-07 00:00:00'',''2023-02-05 00:00:00''}",0,0.0,12,4050,1,1,0
iOS,"1000700",US,"1.01","1.01",paid,2023-02-05 07:47:44,2023-02-05 07:50:20,"{''2023-02-05 00:00:00'',''2023-02-05 00:00:00'',''2023-02-05 00:00:00'',''2023-02-05 00:00:00'',''2023-02-05 00:00:00'',''2023-02-05 00:00:00'',''2023-02-05 00:00:00'',''2023-02-05 00:00:00'',''2023-02-05 00:00:00'',''2023-02-05 00:00:00''}",0,0.0,1,50,0,0,0
iOS,"1000702",DE,"1.01","1.01",paid,2023-02-05 08:07:00,2023-02-05 08:09:47,"{''2023-02-05 00:00:00'',''2023-02-05 00:00:00'',''2023-02-05 00:00:00'',''2023-02-05 00:00:00'',''2023-02-05 00:00:00'',''2023-02-05 00:00:00'',''2023-02-05 00:00:00'',''2023-02-05 00:00:00'',''2023-02-05 00:00:00'',''2023-02-05 00:00:00'',''2023-02-05 00:00:00'',''2023-02-05 00:00:00'',''2023-02-05 00:00:00''}",0,0.0,2,650,0,0,0
android,"1000703",BY,"1.01","1.01",organic,2023-02-05 08:16:13,2023-02-05 08:18:25,"{''2023-02-05 00:00:00'',''2023-02-05 00:00:00'',''2023-02-05 00:00:00'',''2023-02-05 00:00:00'',''2023-02-05 00:00:00'',''2023-02-05 00:00:00'',''2023-02-05 00:00:00''}",0,0.0,0,0,0,0,0
android,"1000704",RU,"1.01","1.01",organic,2023-02-05 08:25:26,2023-02-05 08:30:59,"{''2023-02-05 00:00:00'',''2023-02-05 00:00:00'',''2023-02-05 00:00:00'',''2023-02-05 00:00:00'',''2023-02-05 00:00:00'',''2023-02-05 00:00:00'',''2023-02-05 00:00:00'',''2023-02-05 00:00:00'',''2023-02-05 00:00:00'',''2023-02-05 00:00:00'',''2023-02-05 00:00:00'',''2023-02-05 00:00:00'',''2023-02-05 00:00:00'',''2023-02-05 00:00:00'',''2023-02-05 00:00:00'',''2023-02-05 00:00:00'',''2023-02-05 00:00:00''}",0,0.0,2,850,0,0,0
iOS,"1000706",LV,"1.01","1.01",organic,2023-02-05 08:52:36,2023-02-05 08:54:41,"{''2023-02-05 00:00:00'',''2023-02-05 00:00:00'',''2023-02-05 00:00:00'',''2023-02-05 00:00:00'',''2023-02-05 00:00:00'',''2023-02-05 00:00:00'',''2023-02-05 00:00:00'',''2023-02-05 00:00:00'',''2023-02-05 00:00:00''}",0,0.0,0,0,0,0,0
iOS,"1000710",IT,"1.01","1.01",organic,2023-02-05 09:34:40,2023-02-05 09:45:47,"{''2023-02-05 00:00:00'',''2023-02-05 00:00:00'',''2023-02-05 00:00:00'',''2023-02-05 00:00:00'',''2023-02-05 00:00:00'',''2023-02-05 00:00:00'',''2023-02-05 00:00:00'',''2023-02-05 00:00:00'',''2023-02-05 00:00:00'',''2023-02-05 00:00:00'',''2023-02-05 00:00:00'',''2023-02-05 00:00:00'',''2023-02-05 00:00:00'',''2023-02-05 00:00:00'',''2023-02-05 00:00:00'',''2023-02-05 00:00:00'',''2023-02-05 00:00:00'',''2023-02-05 00:00:00'',''2023-02-05 00:00:00'',''2023-02-05 00:00:00''}",1,399.0,3,950,0,0,0
android,"1000711",KZ,"1.01","1.01",organic,2023-02-05 09:43:53,2023-02-05 09:48:00,"{''2023-02-05 00:00:00'',''2023-02-05 00:00:00'',''2023-02-05 00:00:00'',''2023-02-05 00:00:00'',''2023-02-05 00:00:00'',''2023-02-05 00:00:00'',''2023-02-05 00:00:00'',''2023-02-05 00:00:00'',''2023-02-05 00:00:00'',''2023-02-05 00:00:00'',''2023-02-05 00:00:00'',''2023-02-05 00:00:00'',''2023-02-05 00:00:00'',''2023-02-05 00:00:00'',''2023-02-05 00:00:00''}",0,0.0,3,750,0,0,0
iOS,"1000712",KZ,"1.01","1.01",organic,2023-02-05 09:49:34,2023-02-06 09:50:51,"{''2023-02-05 00:00:00'',''2023-02-05 00:00:00'',''2023-02-05 00:00:00'',''2023-02-05 00:00:00'',''2023-02-06 00:00:00'',''2023-02-06 00:00:00'',''2023-02-05 00:00:00'',''2023-02-05 00:00:00'',''2023-02-05 00:00:00'',''2023-02-05 00:00:00'',''2023-02-05 00:00:00'',''2023-02-05 00:00:00'',''2023-02-06 00:00:00'',''2023-02-05 00:00:00'',''2023-02-05 00:00:00'',''2023-02-06 00:00:00'',''2023-02-05 00:00:00'',''2023-02-06 00:00:00'',''2023-02-05 00:00:00'',''2023-02-05 00:00:00'',''2023-02-06 00:00:00'',''2023-02-05 00:00:00'',''2023-02-06 00:00:00'',''2023-02-06 00:00:00'',''2023-02-05 00:00:00'',''2023-02-06 00:00:00'',''2023-02-05 00:00:00'',''2023-02-05 00:00:00'',''2023-02-06 00:00:00'',''2023-02-06 00:00:00'',''2023-02-05 00:00:00'',''2023-02-06 00:00:00'',''2023-02-05 00:00:00''}",0,0.0,10,3050,1,0,0
iOS,"1000713",US,"1.01","1.01",organic,2023-02-05 09:53:48,2023-02-05 09:55:15,"{''2023-02-05 00:00:00'',''2023-02-05 00:00:00'',''2023-02-05 00:00:00'',''2023-02-05 00:00:00''}",0,0.0,0,0,0,0,0
iOS,"1000714",RU,"1.01","1.01",organic,2023-02-05 10:03:01,2023-02-05 10:05:35,"{''2023-02-05 00:00:00'',''2023-02-05 00:00:00'',''2023-02-05 00:00:00'',''2023-02-05 00:00:00'',''2023-02-05 00:00:00'',''2023-02-05 00:00:00'',''2023-02-05 00:00:00'',''2023-02-05 00:00:00'',''2023-02-05 00:00:00'',''2023-02-05 00:00:00''}",0,0.0,1,50,0,0,0
iOS,"1000716",DE,"1.01","1.01",paid,2023-02-05 10:14:23,2023-02-05 10:23:59,"{''2023-02-05 00:00:00'',''2023-02-05 00:00:00'',''2023-02-05 00:00:00'',''2023-02-05 00:00:00'',''2023-02-05 00:00:00'',''2023-02-05 00:00:00'',''2023-02-05 00:00:00'',''2023-02-05 00:00:00'',''2023-02-05 00:00:00'',''2023-02-05 00:00:00'',''2023-02-05 00:00:00'',''2023-02-05 00:00:00'',''2023-02-05 00:00:00'',''2023-02-05 00:00:00'',''2023-02-05 00:00:00'',''2023-02-05 00:00:00'',''2023-02-05 00:00:00'',''2023-02-05 00:00:00'',''2023-02-05 00:00:00'',''2023-02-05 00:00:00''}",1,399.0,3,950,0,0,0
android,"1000717",LT,"1.01","1.01",paid,2023-02-05 10:27:58,2023-02-05 10:30:14,"{''2023-02-05 00:00:00'',''2023-02-05 00:00:00'',''2023-02-05 00:00:00'',''2023-02-05 00:00:00'',''2023-02-05 00:00:00'',''2023-02-05 00:00:00'',''2023-02-05 00:00:00'',''2023-02-05 00:00:00''}",0,0.0,0,0,0,0,0
iOS,"1000718",DE,"1.01","1.01",paid,2023-02-05 10:37:11,2023-02-05 10:40:16,"{''2023-02-05 00:00:00'',''2023-02-05 00:00:00'',''2023-02-05 00:00:00'',''2023-02-05 00:00:00'',''2023-02-05 00:00:00'',''2023-02-05 00:00:00'',''2023-02-05 00:00:00'',''2023-02-05 00:00:00'',''2023-02-05 00:00:00'',''2023-02-05 00:00:00'',''2023-02-05 00:00:00'',''2023-02-05 00:00:00'',''2023-02-05 00:00:00''}",0,0.0,2,650,0,0,0
iOS,"1000719",KZ,"1.01","1.01",organic,2023-02-05 10:50:46,2023-02-05 10:52:39,"{''2023-02-05 00:00:00'',''2023-02-05 00:00:00'',''2023-02-05 00:00:00'',''2023-02-05 00:00:00'',''2023-02-05 00:00:00''}",0,0.0,0,0,0,0,0
android,"1000723",LT,"1.01","1.01",organic,2023-02-05 11:28:28,2023-02-05 11:28:28,{''2023-02-05 00:00:00''},0,0.0,0,0,0,0,0
android,"1000724",RU,"1.01","1.01",organic,2023-02-05 11:37:41,2023-02-05 11:39:55,"{''2023-02-05 00:00:00'',''2023-02-05 00:00:00'',''2023-02-05 00:00:00'',''2023-02-05 00:00:00'',''2023-02-05 00:00:00'',''2023-02-05 00:00:00'',''2023-02-05 00:00:00'',''2023-02-05 00:00:00'',''2023-02-05 00:00:00''}",0,0.0,0,0,0,0,0
iOS,"1000727",RU,"1.01","1.01",organic,2023-02-05 12:14:04,2023-02-06 11:48:58,"{''2023-02-05 00:00:00'',''2023-02-05 00:00:00'',''2023-02-05 00:00:00'',''2023-02-05 00:00:00'',''2023-02-05 00:00:00'',''2023-02-05 00:00:00'',''2023-02-05 00:00:00'',''2023-02-05 00:00:00'',''2023-02-05 00:00:00'',''2023-02-06 00:00:00'',''2023-02-05 00:00:00'',''2023-02-05 00:00:00'',''2023-02-05 00:00:00'',''2023-02-06 00:00:00'',''2023-02-05 00:00:00'',''2023-02-06 00:00:00'',''2023-02-06 00:00:00'',''2023-02-05 00:00:00'',''2023-02-06 00:00:00'',''2023-02-05 00:00:00'',''2023-02-05 00:00:00'',''2023-02-06 00:00:00'',''2023-02-05 00:00:00'',''2023-02-06 00:00:00'',''2023-02-06 00:00:00'',''2023-02-05 00:00:00'',''2023-02-06 00:00:00'',''2023-02-05 00:00:00'',''2023-02-05 00:00:00'',''2023-02-06 00:00:00'',''2023-02-06 00:00:00'',''2023-02-05 00:00:00'',''2023-02-06 00:00:00''}",0,0.0,10,3050,1,0,0
android,"1000729",RU,"1.01","1.01",organic,2023-02-05 12:22:32,2023-02-05 12:24:34,"{''2023-02-05 00:00:00'',''2023-02-05 00:00:00'',''2023-02-05 00:00:00'',''2023-02-05 00:00:00'',''2023-02-05 00:00:00'',''2023-02-05 00:00:00''}",0,0.0,0,0,0,0,0
android,"1000732",BY,"1.01","1.01",paid,2023-02-05 12:45:12,2023-02-05 12:47:25,"{''2023-02-05 00:00:00'',''2023-02-05 00:00:00'',''2023-02-05 00:00:00'',''2023-02-05 00:00:00'',''2023-02-05 00:00:00'',''2023-02-05 00:00:00'',''2023-02-05 00:00:00'',''2023-02-05 00:00:00'',''2023-02-05 00:00:00''}",0,0.0,0,0,0,0,0
iOS,"1000734",IT,"1.01","1.01",paid,2023-02-05 13:00:06,2023-02-05 13:01:39,"{''2023-02-05 00:00:00'',''2023-02-05 00:00:00'',''2023-02-05 00:00:00'',''2023-02-05 00:00:00''}",0,0.0,0,0,0,0,0
android,"1000738",US,"1.01","1.01",organic,2023-02-05 13:23:03,2023-02-05 13:25:09,"{''2023-02-05 00:00:00'',''2023-02-05 00:00:00'',''2023-02-05 00:00:00'',''2023-02-05 00:00:00'',''2023-02-05 00:00:00'',''2023-02-05 00:00:00'',''2023-02-05 00:00:00'',''2023-02-05 00:00:00'',''2023-02-05 00:00:00'',''2023-02-05 00:00:00''}",0,0.0,1,50,0,0,0
android,"1000740",IT,"1.01","1.01",organic,2023-02-05 13:42:19,2023-02-05 13:46:31,"{''2023-02-05 00:00:00'',''2023-02-05 00:00:00'',''2023-02-05 00:00:00'',''2023-02-05 00:00:00'',''2023-02-05 00:00:00'',''2023-02-05 00:00:00'',''2023-02-05 00:00:00'',''2023-02-05 00:00:00'',''2023-02-05 00:00:00'',''2023-02-05 00:00:00'',''2023-02-05 00:00:00'',''2023-02-05 00:00:00'',''2023-02-05 00:00:00'',''2023-02-05 00:00:00'',''2023-02-05 00:00:00''}",0,0.0,3,750,0,0,0
android,"1000741",US,"1.01","1.01",organic,2023-02-05 13:46:33,2023-02-05 13:48:31,"{''2023-02-05 00:00:00'',''2023-02-05 00:00:00'',''2023-02-05 00:00:00'',''2023-02-05 00:00:00''}",0,0.0,0,0,0,0,0
android,"1000742",RU,"1.01","1.01",organic,2023-02-05 13:50:47,2023-02-05 13:52:53,"{''2023-02-05 00:00:00'',''2023-02-05 00:00:00'',''2023-02-05 00:00:00'',''2023-02-05 00:00:00''}",0,0.0,0,0,0,0,0
android,"1000743",US,"1.01","1.01",paid,2023-02-05 14:00:00,2023-02-05 14:02:24,"{''2023-02-05 00:00:00'',''2023-02-05 00:00:00'',''2023-02-05 00:00:00'',''2023-02-05 00:00:00'',''2023-02-05 00:00:00'',''2023-02-05 00:00:00'',''2023-02-05 00:00:00'',''2023-02-05 00:00:00'',''2023-02-05 00:00:00'',''2023-02-05 00:00:00''}",0,0.0,1,50,0,0,0
iOS,"1000744",IT,"1.01","1.01",organic,2023-02-05 14:13:35,2023-02-05 14:15:54,"{''2023-02-05 00:00:00'',''2023-02-05 00:00:00'',''2023-02-05 00:00:00'',''2023-02-05 00:00:00'',''2023-02-05 00:00:00'',''2023-02-05 00:00:00'',''2023-02-05 00:00:00'',''2023-02-05 00:00:00'',''2023-02-05 00:00:00'',''2023-02-05 00:00:00''}",0,0.0,0,0,0,0,0
iOS,"1000745",IT,"1.01","1.01",organic,2023-02-05 14:19:16,2023-02-05 15:14:11,"{''2023-02-05 00:00:00'',''2023-02-05 00:00:00'',''2023-02-05 00:00:00'',''2023-02-05 00:00:00'',''2023-02-05 00:00:00'',''2023-02-05 00:00:00'',''2023-02-05 00:00:00'',''2023-02-05 00:00:00'',''2023-02-05 00:00:00'',''2023-02-05 00:00:00'',''2023-02-05 00:00:00'',''2023-02-05 00:00:00'',''2023-02-05 00:00:00'',''2023-02-05 00:00:00'',''2023-02-05 00:00:00'',''2023-02-05 00:00:00'',''2023-02-05 00:00:00'',''2023-02-05 00:00:00'',''2023-02-05 00:00:00'',''2023-02-05 00:00:00'',''2023-02-05 00:00:00'',''2023-02-05 00:00:00'',''2023-02-05 00:00:00'',''2023-02-05 00:00:00''}",0,0.0,6,1150,1,0,0
iOS,"1000746",US,"1.01","1.01",organic,2023-02-05 14:24:57,2023-02-05 14:27:15,"{''2023-02-05 00:00:00'',''2023-02-05 00:00:00'',''2023-02-05 00:00:00'',''2023-02-05 00:00:00'',''2023-02-05 00:00:00'',''2023-02-05 00:00:00'',''2023-02-05 00:00:00'',''2023-02-05 00:00:00'',''2023-02-05 00:00:00'',''2023-02-05 00:00:00''}",0,0.0,1,50,0,0,0
iOS,"1000747",US,"1.01","1.01",organic,2023-02-05 14:34:10,2023-02-05 14:35:55,"{''2023-02-05 00:00:00'',''2023-02-05 00:00:00'',''2023-02-05 00:00:00'',''2023-02-05 00:00:00'',''2023-02-05 00:00:00'',''2023-02-05 00:00:00'',''2023-02-05 00:00:00'',''2023-02-05 00:00:00''}",0,0.0,0,0,0,0,0
android,"1000748",KZ,"1.01","1.01",organic,2023-02-05 14:47:45,2023-02-05 14:49:21,"{''2023-02-05 00:00:00'',''2023-02-05 00:00:00'',''2023-02-05 00:00:00'',''2023-02-05 00:00:00'',''2023-02-05 00:00:00'',''2023-02-05 00:00:00'',''2023-02-05 00:00:00''}",0,0.0,0,0,0,0,0
iOS,"1000749",RU,"1.01","1.01",paid,2023-02-05 14:50:07,2023-02-05 14:52:25,"{''2023-02-05 00:00:00'',''2023-02-05 00:00:00'',''2023-02-05 00:00:00'',''2023-02-05 00:00:00'',''2023-02-05 00:00:00'',''2023-02-05 00:00:00'',''2023-02-05 00:00:00'',''2023-02-05 00:00:00''}",0,0.0,0,0,0,0,0
android,"1000750",PL,"1.01","1.01",organic,2023-02-05 14:52:29,2023-02-05 14:54:14,"{''2023-02-05 00:00:00'',''2023-02-05 00:00:00'',''2023-02-05 00:00:00'',''2023-02-05 00:00:00''}",0,0.0,0,0,0,0,0
android,"1000751",KZ,"1.01","1.01",organic,2023-02-05 15:06:04,2023-02-05 15:09:50,"{''2023-02-05 00:00:00'',''2023-02-05 00:00:00'',''2023-02-05 00:00:00'',''2023-02-05 00:00:00'',''2023-02-05 00:00:00'',''2023-02-05 00:00:00'',''2023-02-05 00:00:00'',''2023-02-05 00:00:00'',''2023-02-05 00:00:00'',''2023-02-05 00:00:00'',''2023-02-05 00:00:00'',''2023-02-05 00:00:00'',''2023-02-05 00:00:00'',''2023-02-05 00:00:00'',''2023-02-05 00:00:00''}",0,0.0,3,750,0,0,0
iOS,"1000752",US,"1.01","1.01",organic,2023-02-05 15:10:18,2023-02-05 15:12:09,"{''2023-02-05 00:00:00'',''2023-02-05 00:00:00'',''2023-02-05 00:00:00'',''2023-02-05 00:00:00'',''2023-02-05 00:00:00''}",0,0.0,0,0,0,0,0
android,"1000754",RU,"1.01","1.01",organic,2023-02-05 15:29:34,2023-02-05 15:31:50,"{''2023-02-05 00:00:00'',''2023-02-05 00:00:00'',''2023-02-05 00:00:00'',''2023-02-05 00:00:00'',''2023-02-05 00:00:00'',''2023-02-05 00:00:00'',''2023-02-05 00:00:00''}",0,0.0,0,0,0,0,0
android,"1000755",RU,"1.01","1.01",organic,2023-02-05 15:43:09,2023-02-05 15:45:23,"{''2023-02-05 00:00:00'',''2023-02-05 00:00:00'',''2023-02-05 00:00:00'',''2023-02-05 00:00:00''}",0,0.0,0,0,0,0,0
android,"1000757",KZ,"1.01","1.01",paid,2023-02-05 16:00:58,2023-02-05 16:02:58,"{''2023-02-05 00:00:00'',''2023-02-05 00:00:00'',''2023-02-05 00:00:00'',''2023-02-05 00:00:00'',''2023-02-05 00:00:00'',''2023-02-05 00:00:00'',''2023-02-05 00:00:00'',''2023-02-05 00:00:00''}",0,0.0,0,0,0,0,0
android,"1000758",ES,"1.01","1.01",organic,2023-02-05 16:05:12,2023-02-05 16:07:10,"{''2023-02-05 00:00:00'',''2023-02-05 00:00:00'',''2023-02-05 00:00:00'',''2023-02-05 00:00:00''}",0,0.0,0,0,0,0,0
android,"1000761",RU,"1.01","1.01",organic,2023-02-05 16:29:19,2023-02-05 16:32:19,"{''2023-02-05 00:00:00'',''2023-02-05 00:00:00'',''2023-02-05 00:00:00'',''2023-02-05 00:00:00'',''2023-02-05 00:00:00'',''2023-02-05 00:00:00'',''2023-02-05 00:00:00'',''2023-02-05 00:00:00'',''2023-02-05 00:00:00'',''2023-02-05 00:00:00'',''2023-02-05 00:00:00'',''2023-02-05 00:00:00'',''2023-02-05 00:00:00''}",0,0.0,2,650,0,0,0
iOS,"1000762",US,"1.01","1.01",organic,2023-02-05 16:42:54,2023-02-05 16:43:18,"{''2023-02-05 00:00:00'',''2023-02-05 00:00:00''}",0,0.0,0,0,0,0,0
android,"1000764",US,"1.01","1.01",paid,2023-02-05 16:54:29,2023-02-05 17:00:49,"{''2023-02-05 00:00:00'',''2023-02-05 00:00:00'',''2023-02-05 00:00:00'',''2023-02-05 00:00:00'',''2023-02-05 00:00:00'',''2023-02-05 00:00:00'',''2023-02-05 00:00:00'',''2023-02-05 00:00:00'',''2023-02-05 00:00:00'',''2023-02-05 00:00:00'',''2023-02-05 00:00:00'',''2023-02-05 00:00:00'',''2023-02-05 00:00:00'',''2023-02-05 00:00:00'',''2023-02-05 00:00:00'',''2023-02-05 00:00:00'',''2023-02-05 00:00:00'',''2023-02-05 00:00:00'',''2023-02-05 00:00:00''}",0,0.0,4,950,0,0,0
iOS,"1000765",CA,"1.01","1.01",organic,2023-02-05 17:08:04,2023-02-05 18:14:18,"{''2023-02-05 00:00:00'',''2023-02-05 00:00:00'',''2023-02-05 00:00:00'',''2023-02-05 00:00:00'',''2023-02-05 00:00:00'',''2023-02-05 00:00:00'',''2023-02-05 00:00:00'',''2023-02-05 00:00:00'',''2023-02-05 00:00:00'',''2023-02-05 00:00:00'',''2023-02-05 00:00:00'',''2023-02-05 00:00:00'',''2023-02-05 00:00:00'',''2023-02-05 00:00:00'',''2023-02-05 00:00:00'',''2023-02-05 00:00:00'',''2023-02-05 00:00:00'',''2023-02-05 00:00:00'',''2023-02-05 00:00:00'',''2023-02-05 00:00:00'',''2023-02-05 00:00:00'',''2023-02-05 00:00:00'',''2023-02-05 00:00:00'',''2023-02-05 00:00:00'',''2023-02-05 00:00:00''}",1,199.0,5,1150,0,0,0
android,"1000766",LV,"1.01","1.01",organic,2023-02-05 17:21:39,2023-02-05 18:23:32,"{''2023-02-05 00:00:00'',''2023-02-05 00:00:00'',''2023-02-05 00:00:00'',''2023-02-05 00:00:00'',''2023-02-05 00:00:00'',''2023-02-05 00:00:00'',''2023-02-05 00:00:00'',''2023-02-05 00:00:00'',''2023-02-05 00:00:00'',''2023-02-05 00:00:00'',''2023-02-05 00:00:00'',''2023-02-05 00:00:00'',''2023-02-05 00:00:00'',''2023-02-05 00:00:00'',''2023-02-05 00:00:00'',''2023-02-05 00:00:00'',''2023-02-05 00:00:00'',''2023-02-05 00:00:00'',''2023-02-05 00:00:00'',''2023-02-05 00:00:00'',''2023-02-05 00:00:00'',''2023-02-05 00:00:00'',''2023-02-05 00:00:00'',''2023-02-05 00:00:00''}",0,0.0,6,1150,1,0,0
iOS,"1000770",PL,"1.01","1.01",paid,2023-02-05 17:52:30,2023-02-05 17:54:33,"{''2023-02-05 00:00:00'',''2023-02-05 00:00:00'',''2023-02-05 00:00:00'',''2023-02-05 00:00:00''}",0,0.0,0,0,0,0,0
iOS,"1000772",US,"1.01","1.01",paid,2023-02-05 18:15:18,2023-02-05 18:19:39,"{''2023-02-05 00:00:00'',''2023-02-05 00:00:00'',''2023-02-05 00:00:00'',''2023-02-05 00:00:00'',''2023-02-05 00:00:00'',''2023-02-05 00:00:00'',''2023-02-05 00:00:00'',''2023-02-05 00:00:00'',''2023-02-05 00:00:00'',''2023-02-05 00:00:00'',''2023-02-05 00:00:00'',''2023-02-05 00:00:00'',''2023-02-05 00:00:00'',''2023-02-05 00:00:00'',''2023-02-05 00:00:00''}",0,0.0,3,750,0,0,0
iOS,"1000773",DE,"1.01","1.01",organic,2023-02-05 18:20:59,2023-02-05 18:26:04,"{''2023-02-05 00:00:00'',''2023-02-05 00:00:00'',''2023-02-05 00:00:00'',''2023-02-05 00:00:00'',''2023-02-05 00:00:00'',''2023-02-05 00:00:00'',''2023-02-05 00:00:00'',''2023-02-05 00:00:00'',''2023-02-05 00:00:00'',''2023-02-05 00:00:00'',''2023-02-05 00:00:00'',''2023-02-05 00:00:00'',''2023-02-05 00:00:00'',''2023-02-05 00:00:00'',''2023-02-05 00:00:00'',''2023-02-05 00:00:00'',''2023-02-05 00:00:00''}",0,0.0,4,850,0,0,0
iOS,"1000775",IT,"1.01","1.01",organic,2023-02-05 18:40:15,2023-02-05 18:42:20,"{''2023-02-05 00:00:00'',''2023-02-05 00:00:00'',''2023-02-05 00:00:00'',''2023-02-05 00:00:00'',''2023-02-05 00:00:00'',''2023-02-05 00:00:00'',''2023-02-05 00:00:00'',''2023-02-05 00:00:00'',''2023-02-05 00:00:00''}",0,0.0,0,0,0,0,0
android,"1000776",RU,"1.01","1.01",paid,2023-02-05 18:53:50,2023-02-05 18:55:11,"{''2023-02-05 00:00:00'',''2023-02-05 00:00:00'',''2023-02-05 00:00:00'',''2023-02-05 00:00:00''}",0,0.0,0,0,0,0,0
iOS,"1000777",RU,"1.01","1.01",organic,2023-02-05 18:58:04,2023-02-05 19:01:34,"{''2023-02-05 00:00:00'',''2023-02-05 00:00:00'',''2023-02-05 00:00:00'',''2023-02-05 00:00:00'',''2023-02-05 00:00:00'',''2023-02-05 00:00:00'',''2023-02-05 00:00:00'',''2023-02-05 00:00:00'',''2023-02-05 00:00:00'',''2023-02-05 00:00:00'',''2023-02-05 00:00:00'',''2023-02-05 00:00:00'',''2023-02-05 00:00:00''}",0,0.0,2,650,0,0,0
android,"1000778",DE,"1.01","1.01",organic,2023-02-05 19:03:45,2023-02-07 18:40:44,"{''2023-02-06 00:00:00'',''2023-02-07 00:00:00'',''2023-02-05 00:00:00'',''2023-02-06 00:00:00'',''2023-02-05 00:00:00'',''2023-02-05 00:00:00'',''2023-02-06 00:00:00'',''2023-02-05 00:00:00'',''2023-02-05 00:00:00'',''2023-02-05 00:00:00'',''2023-02-05 00:00:00'',''2023-02-06 00:00:00'',''2023-02-06 00:00:00'',''2023-02-07 00:00:00'',''2023-02-06 00:00:00'',''2023-02-05 00:00:00'',''2023-02-05 00:00:00'',''2023-02-05 00:00:00'',''2023-02-05 00:00:00'',''2023-02-06 00:00:00'',''2023-02-06 00:00:00'',''2023-02-07 00:00:00'',''2023-02-06 00:00:00'',''2023-02-05 00:00:00'',''2023-02-05 00:00:00'',''2023-02-05 00:00:00'',''2023-02-06 00:00:00'',''2023-02-05 00:00:00'',''2023-02-05 00:00:00'',''2023-02-06 00:00:00'',''2023-02-05 00:00:00'',''2023-02-05 00:00:00'',''2023-02-05 00:00:00'',''2023-02-05 00:00:00'',''2023-02-06 00:00:00'',''2023-02-07 00:00:00'',''2023-02-05 00:00:00''}",0,0.0,12,4050,1,1,0
android,"1000782",ES,"1.01","1.01",organic,2023-02-05 19:34:36,2023-02-05 19:36:49,"{''2023-02-05 00:00:00'',''2023-02-05 00:00:00'',''2023-02-05 00:00:00'',''2023-02-05 00:00:00'',''2023-02-05 00:00:00'',''2023-02-05 00:00:00''}",0,0.0,0,0,0,0,0
android,"1000783",RU,"1.01","1.01",organic,2023-02-05 19:40:17,2023-02-05 19:40:17,{''2023-02-05 00:00:00''},0,0.0,0,0,0,0,0
android,"1000787",US,"1.01","1.01",organic,2023-02-05 20:16:32,2023-02-05 20:17:56,"{''2023-02-05 00:00:00'',''2023-02-05 00:00:00'',''2023-02-05 00:00:00'',''2023-02-05 00:00:00''}",0,0.0,0,0,0,0,0
iOS,"1000788",RU,"1.01","1.01",organic,2023-02-05 20:22:13,2023-02-05 20:22:13,{''2023-02-05 00:00:00''},0,0.0,0,0,0,0,0
iOS,"1000790",KZ,"1.01","1.01",organic,2023-02-05 20:45:01,2023-02-05 20:47:03,"{''2023-02-05 00:00:00'',''2023-02-05 00:00:00'',''2023-02-05 00:00:00'',''2023-02-05 00:00:00'',''2023-02-05 00:00:00'',''2023-02-05 00:00:00'',''2023-02-05 00:00:00'',''2023-02-05 00:00:00''}",0,0.0,0,0,0,0,0
android,"1000793",ES,"1.01","1.01",organic,2023-02-05 21:05:36,2023-02-05 21:08:02,"{''2023-02-05 00:00:00'',''2023-02-05 00:00:00'',''2023-02-05 00:00:00'',''2023-02-05 00:00:00'',''2023-02-05 00:00:00'',''2023-02-05 00:00:00'',''2023-02-05 00:00:00'',''2023-02-05 00:00:00'',''2023-02-05 00:00:00''}",0,0.0,0,0,0,0,0
android,"1000799",BY,"1.01","1.01",paid,2023-02-05 21:58:12,2023-02-05 22:00:03,"{''2023-02-05 00:00:00'',''2023-02-05 00:00:00'',''2023-02-05 00:00:00'',''2023-02-05 00:00:00'',''2023-02-05 00:00:00''}",0,0.0,0,0,0,0,0
android,"1000800",US,"1.01","1.01",organic,2023-02-05 22:03:53,2023-02-06 22:09:06,"{''2023-02-06 00:00:00'',''2023-02-05 00:00:00'',''2023-02-06 00:00:00'',''2023-02-05 00:00:00'',''2023-02-05 00:00:00'',''2023-02-05 00:00:00'',''2023-02-06 00:00:00'',''2023-02-06 00:00:00'',''2023-02-05 00:00:00'',''2023-02-05 00:00:00'',''2023-02-06 00:00:00'',''2023-02-05 00:00:00'',''2023-02-06 00:00:00'',''2023-02-05 00:00:00'',''2023-02-05 00:00:00'',''2023-02-05 00:00:00'',''2023-02-05 00:00:00'',''2023-02-05 00:00:00'',''2023-02-06 00:00:00'',''2023-02-05 00:00:00'',''2023-02-06 00:00:00'',''2023-02-06 00:00:00'',''2023-02-06 00:00:00'',''2023-02-05 00:00:00'',''2023-02-05 00:00:00'',''2023-02-05 00:00:00'',''2023-02-06 00:00:00'',''2023-02-05 00:00:00'',''2023-02-05 00:00:00'',''2023-02-05 00:00:00'',''2023-02-06 00:00:00'',''2023-02-05 00:00:00'',''2023-02-05 00:00:00''}",0,0.0,10,3050,1,0,0
android,"1000801",NL,"1.01","1.01",paid,2023-02-05 22:08:07,2023-02-05 22:08:07,{''2023-02-05 00:00:00''},0,0.0,0,0,0,0,0
android,"1000803",KZ,"1.01","1.01",organic,2023-02-05 22:21:34,2023-02-05 22:22:48,"{''2023-02-05 00:00:00'',''2023-02-05 00:00:00'',''2023-02-05 00:00:00'',''2023-02-05 00:00:00''}",0,0.0,0,0,0,0,0
android,"1000810",PL,"1.01","1.01",organic,2023-02-05 23:14:52,2023-02-05 23:16:51,"{''2023-02-05 00:00:00'',''2023-02-05 00:00:00'',''2023-02-05 00:00:00'',''2023-02-05 00:00:00'',''2023-02-05 00:00:00'',''2023-02-05 00:00:00'',''2023-02-05 00:00:00'',''2023-02-05 00:00:00''}",0,0.0,0,0,0,0,0
android,"1000812",PL,"1.01","1.01",organic,2023-02-05 23:33:18,2023-02-05 23:34:48,"{''2023-02-05 00:00:00'',''2023-02-05 00:00:00'',''2023-02-05 00:00:00'',''2023-02-05 00:00:00'',''2023-02-05 00:00:00''}",0,0.0,0,0,0,0,0
android,"1000813",DE,"1.01","1.01",organic,2023-02-05 23:46:53,2023-02-05 23:49:03,"{''2023-02-05 00:00:00'',''2023-02-05 00:00:00'',''2023-02-05 00:00:00'',''2023-02-05 00:00:00'',''2023-02-05 00:00:00'',''2023-02-05 00:00:00'',''2023-02-05 00:00:00'',''2023-02-05 00:00:00'',''2023-02-05 00:00:00'',''2023-02-05 00:00:00''}",0,0.0,1,50,0,0,0
android,"1000814",US,"1.01","1.01",paid,2023-02-05 23:49:15,2023-02-05 23:51:15,"{''2023-02-05 00:00:00'',''2023-02-05 00:00:00'',''2023-02-05 00:00:00'',''2023-02-05 00:00:00'',''2023-02-05 00:00:00'',''2023-02-05 00:00:00'',''2023-02-05 00:00:00''}",0,0.0,0,0,0,0,0
android,"1000816",RU,"1.01","1.01",organic,2023-02-06 00:07:41,2023-02-06 00:11:20,"{''2023-02-06 00:00:00'',''2023-02-06 00:00:00'',''2023-02-06 00:00:00'',''2023-02-06 00:00:00'',''2023-02-06 00:00:00'',''2023-02-06 00:00:00'',''2023-02-06 00:00:00'',''2023-02-06 00:00:00'',''2023-02-06 00:00:00'',''2023-02-06 00:00:00'',''2023-02-06 00:00:00'',''2023-02-06 00:00:00'',''2023-02-06 00:00:00''}",0,0.0,2,650,0,0,0
android,"1000817",RU,"1.01","1.01",organic,2023-02-06 00:13:22,2023-02-06 00:15:17,"{''2023-02-06 00:00:00'',''2023-02-06 00:00:00'',''2023-02-06 00:00:00'',''2023-02-06 00:00:00'',''2023-02-06 00:00:00''}",0,0.0,0,0,0,0,0
android,"1000819",GE,"1.01","1.01",organic,2023-02-06 00:31:11,2023-02-06 00:33:37,"{''2023-02-06 00:00:00'',''2023-02-06 00:00:00'',''2023-02-06 00:00:00'',''2023-02-06 00:00:00'',''2023-02-06 00:00:00'',''2023-02-06 00:00:00'',''2023-02-06 00:00:00'',''2023-02-06 00:00:00'',''2023-02-06 00:00:00'',''2023-02-06 00:00:00''}",0,0.0,1,50,0,0,0
iOS,"1000823",PL,"1.01","1.01",paid,2023-02-06 01:12:25,2023-02-06 01:14:53,"{''2023-02-06 00:00:00'',''2023-02-06 00:00:00'',''2023-02-06 00:00:00'',''2023-02-06 00:00:00'',''2023-02-06 00:00:00'',''2023-02-06 00:00:00'',''2023-02-06 00:00:00'',''2023-02-06 00:00:00''}",0,0.0,0,0,0,0,0
android,"1000825",ES,"1.01","1.01",organic,2023-02-06 01:30:14,2023-02-06 02:07:59,"{''2023-02-06 00:00:00'',''2023-02-06 00:00:00'',''2023-02-06 00:00:00'',''2023-02-06 00:00:00'',''2023-02-06 00:00:00'',''2023-02-06 00:00:00'',''2023-02-06 00:00:00'',''2023-02-06 00:00:00'',''2023-02-06 00:00:00'',''2023-02-06 00:00:00'',''2023-02-06 00:00:00'',''2023-02-06 00:00:00'',''2023-02-06 00:00:00'',''2023-02-06 00:00:00'',''2023-02-06 00:00:00'',''2023-02-06 00:00:00'',''2023-02-06 00:00:00'',''2023-02-06 00:00:00'',''2023-02-06 00:00:00'',''2023-02-06 00:00:00'',''2023-02-06 00:00:00'',''2023-02-06 00:00:00'',''2023-02-06 00:00:00'',''2023-02-06 00:00:00''}",0,0.0,6,1150,1,0,0
android,"1000826",NL,"1.01","1.01",organic,2023-02-06 01:35:55,2023-02-06 01:38:39,"{''2023-02-06 00:00:00'',''2023-02-06 00:00:00'',''2023-02-06 00:00:00'',''2023-02-06 00:00:00'',''2023-02-06 00:00:00'',''2023-02-06 00:00:00'',''2023-02-06 00:00:00'',''2023-02-06 00:00:00'',''2023-02-06 00:00:00''}",0,0.0,0,0,0,0,0
android,"1000828",RU,"1.01","1.01",organic,2023-02-06 01:58:43,2023-02-06 02:00:03,"{''2023-02-06 00:00:00'',''2023-02-06 00:00:00'',''2023-02-06 00:00:00'',''2023-02-06 00:00:00'',''2023-02-06 00:00:00'',''2023-02-06 00:00:00''}",0,0.0,0,0,0,0,0
iOS,"1000829",US,"1.01","1.01",organic,2023-02-06 02:04:24,2023-02-06 02:05:47,"{''2023-02-06 00:00:00'',''2023-02-06 00:00:00'',''2023-02-06 00:00:00'',''2023-02-06 00:00:00'',''2023-02-06 00:00:00'',''2023-02-06 00:00:00''}",0,0.0,0,0,0,0,0
android,"1000834",CA,"1.01","1.01",organic,2023-02-06 02:47:47,2023-02-06 02:48:58,"{''2023-02-06 00:00:00'',''2023-02-06 00:00:00'',''2023-02-06 00:00:00'',''2023-02-06 00:00:00''}",0,0.0,0,0,0,0,0
android,"1000835",CA,"1.01","1.01",organic,2023-02-06 03:01:22,2023-02-06 03:03:46,"{''2023-02-06 00:00:00'',''2023-02-06 00:00:00'',''2023-02-06 00:00:00'',''2023-02-06 00:00:00'',''2023-02-06 00:00:00'',''2023-02-06 00:00:00'',''2023-02-06 00:00:00'',''2023-02-06 00:00:00'',''2023-02-06 00:00:00''}",0,0.0,0,0,0,0,0
android,"1000837",US,"1.01","1.01",organic,2023-02-06 03:20:38,2023-02-06 03:24:30,"{''2023-02-06 00:00:00'',''2023-02-06 00:00:00'',''2023-02-06 00:00:00'',''2023-02-06 00:00:00'',''2023-02-06 00:00:00'',''2023-02-06 00:00:00'',''2023-02-06 00:00:00'',''2023-02-06 00:00:00'',''2023-02-06 00:00:00'',''2023-02-06 00:00:00'',''2023-02-06 00:00:00'',''2023-02-06 00:00:00'',''2023-02-06 00:00:00''}",0,0.0,2,650,0,0,0
android,"1000838",US,"1.01","1.01",organic,2023-02-06 03:29:51,2023-02-06 03:31:41,"{''2023-02-06 00:00:00'',''2023-02-06 00:00:00'',''2023-02-06 00:00:00'',''2023-02-06 00:00:00'',''2023-02-06 00:00:00'',''2023-02-06 00:00:00''}",0,0.0,0,0,0,0,0
android,"1000841",KZ,"1.01","1.01",organic,2023-02-06 03:50:26,2023-02-06 03:52:32,"{''2023-02-06 00:00:00'',''2023-02-06 00:00:00'',''2023-02-06 00:00:00''}",0,0.0,0,0,0,0,0
iOS,"1000842",RU,"1.01","1.01",organic,2023-02-06 03:59:39,2023-02-06 04:06:39,"{''2023-02-06 00:00:00'',''2023-02-06 00:00:00'',''2023-02-06 00:00:00'',''2023-02-06 00:00:00'',''2023-02-06 00:00:00'',''2023-02-06 00:00:00'',''2023-02-06 00:00:00'',''2023-02-06 00:00:00'',''2023-02-06 00:00:00'',''2023-02-06 00:00:00'',''2023-02-06 00:00:00'',''2023-02-06 00:00:00'',''2023-02-06 00:00:00'',''2023-02-06 00:00:00'',''2023-02-06 00:00:00'',''2023-02-06 00:00:00'',''2023-02-06 00:00:00'',''2023-02-06 00:00:00'',''2023-02-06 00:00:00''}",0,0.0,4,950,0,0,0
android,"1000846",RU,"1.01","1.01",organic,2023-02-06 04:38:11,2023-02-06 04:39:28,"{''2023-02-06 00:00:00'',''2023-02-06 00:00:00'',''2023-02-06 00:00:00'',''2023-02-06 00:00:00''}",0,0.0,0,0,0,0,0
android,"1000848",RU,"1.01","1.01",organic,2023-02-06 05:05:21,2023-02-06 05:07:24,"{''2023-02-06 00:00:00'',''2023-02-06 00:00:00'',''2023-02-06 00:00:00'',''2023-02-06 00:00:00'',''2023-02-06 00:00:00''}",0,0.0,0,0,0,0,0
iOS,"1000849",GE,"1.01","1.01",paid,2023-02-06 05:14:34,2023-02-07 04:41:47,"{''2023-02-07 00:00:00'',''2023-02-07 00:00:00'',''2023-02-06 00:00:00'',''2023-02-07 00:00:00'',''2023-02-06 00:00:00'',''2023-02-06 00:00:00'',''2023-02-07 00:00:00'',''2023-02-07 00:00:00'',''2023-02-06 00:00:00'',''2023-02-06 00:00:00'',''2023-02-06 00:00:00'',''2023-02-07 00:00:00'',''2023-02-06 00:00:00'',''2023-02-06 00:00:00'',''2023-02-07 00:00:00'',''2023-02-06 00:00:00'',''2023-02-06 00:00:00'',''2023-02-06 00:00:00'',''2023-02-06 00:00:00'',''2023-02-06 00:00:00'',''2023-02-07 00:00:00'',''2023-02-06 00:00:00'',''2023-02-07 00:00:00'',''2023-02-06 00:00:00'',''2023-02-06 00:00:00'',''2023-02-06 00:00:00'',''2023-02-06 00:00:00'',''2023-02-06 00:00:00'',''2023-02-06 00:00:00'',''2023-02-07 00:00:00'',''2023-02-06 00:00:00'',''2023-02-07 00:00:00'',''2023-02-07 00:00:00''}",0,0.0,10,3050,1,0,0
android,"1000850",RU,"1.01","1.01",organic,2023-02-06 05:28:09,2023-02-06 05:29:43,"{''2023-02-06 00:00:00'',''2023-02-06 00:00:00'',''2023-02-06 00:00:00'',''2023-02-06 00:00:00'',''2023-02-06 00:00:00''}",0,0.0,0,0,0,0,0
iOS,"1000852",US,"1.01","1.01",paid,2023-02-06 05:50:57,2023-02-06 05:57:08,"{''2023-02-06 00:00:00'',''2023-02-06 00:00:00'',''2023-02-06 00:00:00'',''2023-02-06 00:00:00'',''2023-02-06 00:00:00'',''2023-02-06 00:00:00'',''2023-02-06 00:00:00'',''2023-02-06 00:00:00'',''2023-02-06 00:00:00'',''2023-02-06 00:00:00'',''2023-02-06 00:00:00'',''2023-02-06 00:00:00'',''2023-02-06 00:00:00'',''2023-02-06 00:00:00'',''2023-02-06 00:00:00'',''2023-02-06 00:00:00'',''2023-02-06 00:00:00'',''2023-02-06 00:00:00'',''2023-02-06 00:00:00''}",0,0.0,4,950,0,0,0
android,"1000853",RU,"1.01","1.01",organic,2023-02-06 06:00:10,2023-02-06 06:04:15,"{''2023-02-06 00:00:00'',''2023-02-06 00:00:00'',''2023-02-06 00:00:00'',''2023-02-06 00:00:00'',''2023-02-06 00:00:00'',''2023-02-06 00:00:00'',''2023-02-06 00:00:00'',''2023-02-06 00:00:00'',''2023-02-06 00:00:00'',''2023-02-06 00:00:00'',''2023-02-06 00:00:00'',''2023-02-06 00:00:00'',''2023-02-06 00:00:00'',''2023-02-06 00:00:00'',''2023-02-06 00:00:00''}",0,0.0,3,750,0,0,0
android,"1000857",RU,"1.01","1.01",paid,2023-02-06 06:33:56,2023-02-06 06:36:00,"{''2023-02-06 00:00:00'',''2023-02-06 00:00:00'',''2023-02-06 00:00:00'',''2023-02-06 00:00:00'',''2023-02-06 00:00:00'',''2023-02-06 00:00:00'',''2023-02-06 00:00:00'',''2023-02-06 00:00:00'',''2023-02-06 00:00:00''}",0,0.0,0,0,0,0,0
android,"1000858",PL,"1.01","1.01",organic,2023-02-06 06:43:09,2023-02-07 06:17:49,"{''2023-02-06 00:00:00'',''2023-02-06 00:00:00'',''2023-02-06 00:00:00'',''2023-02-07 00:00:00'',''2023-02-06 00:00:00'',''2023-02-06 00:00:00'',''2023-02-07 00:00:00'',''2023-02-06 00:00:00'',''2023-02-07 00:00:00'',''2023-02-07 00:00:00'',''2023-02-07 00:00:00'',''2023-02-06 00:00:00'',''2023-02-06 00:00:00'',''2023-02-07 00:00:00'',''2023-02-06 00:00:00'',''2023-02-06 00:00:00'',''2023-02-06 00:00:00'',''2023-02-06 00:00:00'',''2023-02-07 00:00:00'',''2023-02-07 00:00:00'',''2023-02-06 00:00:00'',''2023-02-07 00:00:00'',''2023-02-06 00:00:00'',''2023-02-06 00:00:00'',''2023-02-07 00:00:00'',''2023-02-06 00:00:00'',''2023-02-06 00:00:00'',''2023-02-06 00:00:00'',''2023-02-06 00:00:00'',''2023-02-06 00:00:00'',''2023-02-06 00:00:00'',''2023-02-07 00:00:00'',''2023-02-07 00:00:00''}",0,0.0,10,3050,1,0,0
android,"1000859",ES,"1.01","1.01",paid,2023-02-06 06:47:23,2023-02-06 06:49:04,"{''2023-02-06 00:00:00'',''2023-02-06 00:00:00'',''2023-02-06 00:00:00'',''2023-02-06 00:00:00'',''2023-02-06 00:00:00'',''2023-02-06 00:00:00'',''2023-02-06 00:00:00''}",0,0.0,0,0,0,0,0
iOS,"1000860",US,"1.01","1.01",organic,2023-02-06 06:56:36,2023-02-06 06:58:50,"{''2023-02-06 00:00:00'',''2023-02-06 00:00:00'',''2023-02-06 00:00:00'',''2023-02-06 00:00:00'',''2023-02-06 00:00:00'',''2023-02-06 00:00:00'',''2023-02-06 00:00:00'',''2023-02-06 00:00:00'',''2023-02-06 00:00:00''}",0,0.0,0,0,0,0,0
android,"1000861",RU,"1.01","1.01",organic,2023-02-06 07:00:50,2023-02-06 07:02:45,"{''2023-02-06 00:00:00'',''2023-02-06 00:00:00'',''2023-02-06 00:00:00'',''2023-02-06 00:00:00'',''2023-02-06 00:00:00''}",0,0.0,0,0,0,0,0
iOS,"1000862",KZ,"1.01","1.01",organic,2023-02-06 07:14:25,2023-02-06 07:15:43,"{''2023-02-06 00:00:00'',''2023-02-06 00:00:00'',''2023-02-06 00:00:00'',''2023-02-06 00:00:00'',''2023-02-06 00:00:00''}",0,0.0,0,0,0,0,0
android,"1000863",IT,"1.01","1.01",organic,2023-02-06 07:18:39,2023-02-06 07:20:58,"{''2023-02-06 00:00:00'',''2023-02-06 00:00:00'',''2023-02-06 00:00:00'',''2023-02-06 00:00:00'',''2023-02-06 00:00:00'',''2023-02-06 00:00:00''}",0,0.0,0,0,0,0,0
android,"1000865",RU,"1.01","1.01",organic,2023-02-06 07:26:42,2023-02-06 07:28:24,"{''2023-02-06 00:00:00'',''2023-02-06 00:00:00'',''2023-02-06 00:00:00'',''2023-02-06 00:00:00''}",0,0.0,0,0,0,0,0
iOS,"1000866",BY,"1.01","1.01",paid,2023-02-06 07:29:04,2023-02-06 07:30:34,"{''2023-02-06 00:00:00'',''2023-02-06 00:00:00'',''2023-02-06 00:00:00'',''2023-02-06 00:00:00''}",0,0.0,0,0,0,0,0
android,"1000873",RU,"1.01","1.01",paid,2023-02-06 08:24:02,2023-02-06 08:26:10,"{''2023-02-06 00:00:00'',''2023-02-06 00:00:00'',''2023-02-06 00:00:00'',''2023-02-06 00:00:00'',''2023-02-06 00:00:00'',''2023-02-06 00:00:00'',''2023-02-06 00:00:00'',''2023-02-06 00:00:00'',''2023-02-06 00:00:00''}",0,0.0,0,0,0,0,0
android,"1000874",PL,"1.01","1.01",organic,2023-02-06 08:33:15,2023-02-06 08:43:12,"{''2023-02-06 00:00:00'',''2023-02-06 00:00:00'',''2023-02-06 00:00:00'',''2023-02-06 00:00:00'',''2023-02-06 00:00:00'',''2023-02-06 00:00:00'',''2023-02-06 00:00:00'',''2023-02-06 00:00:00'',''2023-02-06 00:00:00'',''2023-02-06 00:00:00'',''2023-02-06 00:00:00'',''2023-02-06 00:00:00'',''2023-02-06 00:00:00'',''2023-02-06 00:00:00'',''2023-02-06 00:00:00'',''2023-02-06 00:00:00'',''2023-02-06 00:00:00'',''2023-02-06 00:00:00'',''2023-02-06 00:00:00'',''2023-02-06 00:00:00''}",1,499.0,2,950,0,0,0
android,"1000878",RU,"1.01","1.01",organic,2023-02-06 09:10:57,2023-02-07 09:18:16,"{''2023-02-06 00:00:00'',''2023-02-07 00:00:00'',''2023-02-06 00:00:00'',''2023-02-06 00:00:00'',''2023-02-06 00:00:00'',''2023-02-06 00:00:00'',''2023-02-07 00:00:00'',''2023-02-06 00:00:00'',''2023-02-07 00:00:00'',''2023-02-06 00:00:00'',''2023-02-07 00:00:00'',''2023-02-06 00:00:00'',''2023-02-06 00:00:00'',''2023-02-06 00:00:00'',''2023-02-06 00:00:00'',''2023-02-06 00:00:00'',''2023-02-06 00:00:00'',''2023-02-06 00:00:00'',''2023-02-06 00:00:00'',''2023-02-07 00:00:00'',''2023-02-06 00:00:00'',''2023-02-06 00:00:00'',''2023-02-07 00:00:00'',''2023-02-07 00:00:00'',''2023-02-07 00:00:00'',''2023-02-06 00:00:00'',''2023-02-06 00:00:00'',''2023-02-07 00:00:00'',''2023-02-06 00:00:00'',''2023-02-06 00:00:00'',''2023-02-07 00:00:00'',''2023-02-07 00:00:00'',''2023-02-07 00:00:00''}",0,0.0,10,3050,1,0,0
iOS,"1000879",US,"1.01","1.01",organic,2023-02-06 09:16:38,2023-02-06 09:18:36,"{''2023-02-06 00:00:00'',''2023-02-06 00:00:00'',''2023-02-06 00:00:00'',''2023-02-06 00:00:00'',''2023-02-06 00:00:00''}",0,0.0,0,0,0,0,0
android,"1000880",PL,"1.01","1.01",organic,2023-02-06 09:30:13,2023-02-06 09:31:49,"{''2023-02-06 00:00:00'',''2023-02-06 00:00:00'',''2023-02-06 00:00:00'',''2023-02-06 00:00:00''}",0,0.0,0,0,0,0,0
iOS,"1000881",US,"1.01","1.01",organic,2023-02-06 09:39:26,2023-02-06 09:40:52,"{''2023-02-06 00:00:00'',''2023-02-06 00:00:00'',''2023-02-06 00:00:00'',''2023-02-06 00:00:00''}",0,0.0,0,0,0,0,0
android,"1000882",DE,"1.01","1.01",organic,2023-02-06 09:53:01,2023-02-06 09:55:24,"{''2023-02-06 00:00:00'',''2023-02-06 00:00:00'',''2023-02-06 00:00:00'',''2023-02-06 00:00:00'',''2023-02-06 00:00:00'',''2023-02-06 00:00:00'',''2023-02-06 00:00:00''}",0,0.0,0,0,0,0,0
android,"1000883",BY,"1.01","1.01",paid,2023-02-06 10:02:14,2023-02-06 10:04:30,"{''2023-02-06 00:00:00'',''2023-02-06 00:00:00'',''2023-02-06 00:00:00'',''2023-02-06 00:00:00'',''2023-02-06 00:00:00'',''2023-02-06 00:00:00'',''2023-02-06 00:00:00'',''2023-02-06 00:00:00'',''2023-02-06 00:00:00'',''2023-02-06 00:00:00''}",0,0.0,1,50,0,0,0
iOS,"1000884",RU,"1.01","1.01",organic,2023-02-06 10:15:49,2023-02-06 10:17:48,"{''2023-02-06 00:00:00'',''2023-02-06 00:00:00'',''2023-02-06 00:00:00'',''2023-02-06 00:00:00'',''2023-02-06 00:00:00''}",0,0.0,0,0,0,0,0
iOS,"1000885",IT,"1.01","1.01",organic,2023-02-06 10:25:02,2023-02-06 10:27:06,"{''2023-02-06 00:00:00'',''2023-02-06 00:00:00'',''2023-02-06 00:00:00''}",0,0.0,0,0,0,0,0
android,"1000889",IT,"1.01","1.01",organic,2023-02-06 10:46:19,2023-02-06 10:50:20,"{''2023-02-06 00:00:00'',''2023-02-06 00:00:00'',''2023-02-06 00:00:00'',''2023-02-06 00:00:00'',''2023-02-06 00:00:00'',''2023-02-06 00:00:00'',''2023-02-06 00:00:00'',''2023-02-06 00:00:00'',''2023-02-06 00:00:00'',''2023-02-06 00:00:00'',''2023-02-06 00:00:00'',''2023-02-06 00:00:00'',''2023-02-06 00:00:00'',''2023-02-06 00:00:00'',''2023-02-06 00:00:00''}",0,0.0,3,750,0,0,0
iOS,"1000890",RU,"1.01","1.01",organic,2023-02-06 10:59:54,2023-02-06 11:01:34,"{''2023-02-06 00:00:00'',''2023-02-06 00:00:00'',''2023-02-06 00:00:00'',''2023-02-06 00:00:00''}",0,0.0,0,0,0,0,0
android,"1000894",GE,"1.01","1.01",organic,2023-02-06 11:40:31,2023-02-06 11:42:00,"{''2023-02-06 00:00:00'',''2023-02-06 00:00:00'',''2023-02-06 00:00:00'',''2023-02-06 00:00:00''}",0,0.0,0,0,0,0,0
android,"1000895",RU,"1.01","1.01",organic,2023-02-06 11:46:12,2023-02-06 11:48:00,"{''2023-02-06 00:00:00'',''2023-02-06 00:00:00'',''2023-02-06 00:00:00'',''2023-02-06 00:00:00''}",0,0.0,0,0,0,0,0
android,"1000897",NL,"1.01","1.01",paid,2023-02-06 12:02:09,2023-02-06 12:04:30,"{''2023-02-06 00:00:00'',''2023-02-06 00:00:00'',''2023-02-06 00:00:00'',''2023-02-06 00:00:00'',''2023-02-06 00:00:00'',''2023-02-06 00:00:00'',''2023-02-06 00:00:00''}",0,0.0,0,0,0,0,0
android,"1000901",NL,"1.01","1.01",organic,2023-02-06 12:34:52,2023-02-06 12:36:57,"{''2023-02-06 00:00:00'',''2023-02-06 00:00:00'',''2023-02-06 00:00:00'',''2023-02-06 00:00:00'',''2023-02-06 00:00:00''}",0,0.0,0,0,0,0,0
android,"1000902",PL,"1.01","1.01",organic,2023-02-06 12:44:05,2023-02-06 12:46:10,"{''2023-02-06 00:00:00'',''2023-02-06 00:00:00'',''2023-02-06 00:00:00'',''2023-02-06 00:00:00''}",0,0.0,0,0,0,0,0
android,"1000904",BY,"1.01","1.01",organic,2023-02-06 12:54:00,2023-02-06 12:55:25,"{''2023-02-06 00:00:00'',''2023-02-06 00:00:00'',''2023-02-06 00:00:00'',''2023-02-06 00:00:00''}",0,0.0,0,0,0,0,0
iOS,"1000905",RU,"1.01","1.01",organic,2023-02-06 13:07:35,2023-02-06 13:10:42,"{''2023-02-06 00:00:00'',''2023-02-06 00:00:00'',''2023-02-06 00:00:00'',''2023-02-06 00:00:00'',''2023-02-06 00:00:00'',''2023-02-06 00:00:00'',''2023-02-06 00:00:00'',''2023-02-06 00:00:00'',''2023-02-06 00:00:00'',''2023-02-06 00:00:00'',''2023-02-06 00:00:00'',''2023-02-06 00:00:00'',''2023-02-06 00:00:00''}",0,0.0,2,650,0,0,0
android,"1000907",KZ,"1.01","1.01",organic,2023-02-06 13:25:24,2023-02-06 13:27:04,"{''2023-02-06 00:00:00'',''2023-02-06 00:00:00'',''2023-02-06 00:00:00'',''2023-02-06 00:00:00'',''2023-02-06 00:00:00''}",0,0.0,0,0,0,0,0
iOS,"1000908",RU,"1.01","1.01",organic,2023-02-06 13:29:38,2023-02-06 13:31:49,"{''2023-02-06 00:00:00'',''2023-02-06 00:00:00'',''2023-02-06 00:00:00'',''2023-02-06 00:00:00'',''2023-02-06 00:00:00'',''2023-02-06 00:00:00''}",0,0.0,0,0,0,0,0
iOS,"1000914",NL,"1.01","1.01",paid,2023-02-06 14:17:28,2023-02-06 14:19:34,"{''2023-02-06 00:00:00'',''2023-02-06 00:00:00'',''2023-02-06 00:00:00''}",0,0.0,0,0,0,0,0
iOS,"1000915",PL,"1.01","1.01",organic,2023-02-06 14:26:41,2023-02-06 14:28:16,"{''2023-02-06 00:00:00'',''2023-02-06 00:00:00'',''2023-02-06 00:00:00'',''2023-02-06 00:00:00'',''2023-02-06 00:00:00''}",0,0.0,0,0,0,0,0
android,"1000916",RU,"1.01","1.01",organic,2023-02-06 14:40:16,2023-02-06 14:42:22,"{''2023-02-06 00:00:00'',''2023-02-06 00:00:00'',''2023-02-06 00:00:00'',''2023-02-06 00:00:00'',''2023-02-06 00:00:00'',''2023-02-06 00:00:00'',''2023-02-06 00:00:00'',''2023-02-06 00:00:00''}",0,0.0,0,0,0,0,0
android,"1000918",BY,"1.01","1.01",organic,2023-02-06 14:56:13,2023-02-06 14:58:38,"{''2023-02-06 00:00:00'',''2023-02-06 00:00:00'',''2023-02-06 00:00:00'',''2023-02-06 00:00:00'',''2023-02-06 00:00:00'',''2023-02-06 00:00:00'',''2023-02-06 00:00:00'',''2023-02-06 00:00:00'',''2023-02-06 00:00:00''}",0,0.0,0,0,0,0,0
android,"1000919",IT,"1.01","1.01",organic,2023-02-06 15:05:26,2023-02-06 15:07:23,"{''2023-02-06 00:00:00'',''2023-02-06 00:00:00'',''2023-02-06 00:00:00'',''2023-02-06 00:00:00'',''2023-02-06 00:00:00'',''2023-02-06 00:00:00''}",0,0.0,0,0,0,0,0
android,"1000922",ES,"1.01","1.01",organic,2023-02-06 15:22:42,2023-02-06 15:25:59,"{''2023-02-06 00:00:00'',''2023-02-06 00:00:00'',''2023-02-06 00:00:00'',''2023-02-06 00:00:00'',''2023-02-06 00:00:00'',''2023-02-06 00:00:00'',''2023-02-06 00:00:00'',''2023-02-06 00:00:00'',''2023-02-06 00:00:00'',''2023-02-06 00:00:00'',''2023-02-06 00:00:00'',''2023-02-06 00:00:00'',''2023-02-06 00:00:00''}",0,0.0,2,650,0,0,0
android,"1000923",KZ,"1.01","1.01",paid,2023-02-06 15:31:55,2023-02-06 15:34:27,"{''2023-02-06 00:00:00'',''2023-02-06 00:00:00'',''2023-02-06 00:00:00'',''2023-02-06 00:00:00'',''2023-02-06 00:00:00'',''2023-02-06 00:00:00'',''2023-02-06 00:00:00'',''2023-02-06 00:00:00'',''2023-02-06 00:00:00''}",0,0.0,0,0,0,0,0
android,"1000924",US,"1.01","1.01",organic,2023-02-06 15:36:09,2023-02-06 15:40:12,"{''2023-02-06 00:00:00'',''2023-02-06 00:00:00'',''2023-02-06 00:00:00'',''2023-02-06 00:00:00'',''2023-02-06 00:00:00'',''2023-02-06 00:00:00'',''2023-02-06 00:00:00'',''2023-02-06 00:00:00'',''2023-02-06 00:00:00'',''2023-02-06 00:00:00'',''2023-02-06 00:00:00'',''2023-02-06 00:00:00'',''2023-02-06 00:00:00'',''2023-02-06 00:00:00'',''2023-02-06 00:00:00''}",0,0.0,3,750,0,0,0
android,"1000925",US,"1.01","1.01",organic,2023-02-06 15:45:22,2023-02-06 15:47:20,"{''2023-02-06 00:00:00'',''2023-02-06 00:00:00'',''2023-02-06 00:00:00''}",0,0.0,0,0,0,0,0
android,"1000927",KZ,"1.01","1.01",organic,2023-02-06 16:03:11,2023-02-06 16:05:12,"{''2023-02-06 00:00:00'',''2023-02-06 00:00:00'',''2023-02-06 00:00:00'',''2023-02-06 00:00:00'',''2023-02-06 00:00:00'',''2023-02-06 00:00:00'',''2023-02-06 00:00:00'',''2023-02-06 00:00:00''}",0,0.0,0,0,0,0,0
android,"1000931",DE,"1.01","1.01",organic,2023-02-06 16:32:59,2023-02-06 16:36:26,"{''2023-02-06 00:00:00'',''2023-02-06 00:00:00'',''2023-02-06 00:00:00'',''2023-02-06 00:00:00'',''2023-02-06 00:00:00'',''2023-02-06 00:00:00'',''2023-02-06 00:00:00'',''2023-02-06 00:00:00'',''2023-02-06 00:00:00'',''2023-02-06 00:00:00'',''2023-02-06 00:00:00'',''2023-02-06 00:00:00'',''2023-02-06 00:00:00''}",0,0.0,2,650,0,0,0
android,"1000932",RU,"1.01","1.01",paid,2023-02-06 16:42:12,2023-02-06 16:43:59,"{''2023-02-06 00:00:00'',''2023-02-06 00:00:00'',''2023-02-06 00:00:00'',''2023-02-06 00:00:00''}",0,0.0,0,0,0,0,0
android,"1000933",GE,"1.01","1.01",paid,2023-02-06 16:44:34,2023-02-06 16:46:48,"{''2023-02-06 00:00:00'',''2023-02-06 00:00:00'',''2023-02-06 00:00:00'',''2023-02-06 00:00:00'',''2023-02-06 00:00:00'',''2023-02-06 00:00:00''}",0,0.0,0,0,0,0,0
android,"1000934",US,"1.01","1.01",organic,2023-02-06 16:48:48,2023-02-06 16:50:14,"{''2023-02-06 00:00:00'',''2023-02-06 00:00:00'',''2023-02-06 00:00:00'',''2023-02-06 00:00:00'',''2023-02-06 00:00:00''}",0,0.0,0,0,0,0,0
android,"1000935",GE,"1.01","1.01",paid,2023-02-06 17:02:23,2023-02-06 17:03:55,"{''2023-02-06 00:00:00'',''2023-02-06 00:00:00'',''2023-02-06 00:00:00''}",0,0.0,0,0,0,0,0
iOS,"1000936",RU,"1.01","1.01",organic,2023-02-06 17:08:04,2023-02-06 17:13:01,"{''2023-02-06 00:00:00'',''2023-02-06 00:00:00'',''2023-02-06 00:00:00'',''2023-02-06 00:00:00'',''2023-02-06 00:00:00'',''2023-02-06 00:00:00'',''2023-02-06 00:00:00'',''2023-02-06 00:00:00'',''2023-02-06 00:00:00'',''2023-02-06 00:00:00'',''2023-02-06 00:00:00'',''2023-02-06 00:00:00'',''2023-02-06 00:00:00'',''2023-02-06 00:00:00'',''2023-02-06 00:00:00''}",0,0.0,3,750,0,0,0
iOS,"1000937",RU,"1.01","1.01",organic,2023-02-06 17:13:45,2023-02-06 17:15:19,"{''2023-02-06 00:00:00'',''2023-02-06 00:00:00'',''2023-02-06 00:00:00'',''2023-02-06 00:00:00''}",0,0.0,0,0,0,0,0
android,"1000938",ES,"1.01","1.01",organic,2023-02-06 17:19:26,2023-02-06 17:21:02,"{''2023-02-06 00:00:00'',''2023-02-06 00:00:00'',''2023-02-06 00:00:00'',''2023-02-06 00:00:00'',''2023-02-06 00:00:00'',''2023-02-06 00:00:00''}",0,0.0,0,0,0,0,0
android,"1000939",NL,"1.01","1.01",organic,2023-02-06 17:23:40,2023-02-06 17:25:17,"{''2023-02-06 00:00:00'',''2023-02-06 00:00:00'',''2023-02-06 00:00:00'',''2023-02-06 00:00:00'',''2023-02-06 00:00:00'',''2023-02-06 00:00:00'',''2023-02-06 00:00:00''}",0,0.0,0,0,0,0,0
android,"1000942",RU,"1.01","1.01",organic,2023-02-06 17:51:19,2023-02-06 17:53:21,"{''2023-02-06 00:00:00'',''2023-02-06 00:00:00'',''2023-02-06 00:00:00''}",0,0.0,0,0,0,0,0
android,"1000943",KZ,"1.01","1.01",organic,2023-02-06 17:55:33,2023-02-07 17:43:26,"{''2023-02-07 00:00:00'',''2023-02-06 00:00:00'',''2023-02-07 00:00:00'',''2023-02-06 00:00:00'',''2023-02-06 00:00:00'',''2023-02-07 00:00:00'',''2023-02-06 00:00:00'',''2023-02-06 00:00:00'',''2023-02-07 00:00:00'',''2023-02-07 00:00:00'',''2023-02-06 00:00:00'',''2023-02-06 00:00:00'',''2023-02-06 00:00:00'',''2023-02-07 00:00:00'',''2023-02-07 00:00:00'',''2023-02-06 00:00:00'',''2023-02-06 00:00:00'',''2023-02-07 00:00:00'',''2023-02-06 00:00:00'',''2023-02-06 00:00:00'',''2023-02-07 00:00:00'',''2023-02-06 00:00:00'',''2023-02-06 00:00:00'',''2023-02-06 00:00:00'',''2023-02-06 00:00:00'',''2023-02-07 00:00:00'',''2023-02-06 00:00:00'',''2023-02-07 00:00:00'',''2023-02-07 00:00:00'',''2023-02-06 00:00:00'',''2023-02-06 00:00:00'',''2023-02-06 00:00:00'',''2023-02-06 00:00:00''}",0,0.0,10,3050,1,0,0
android,"1000945",BY,"1.01","1.01",paid,2023-02-06 18:07:08,2023-02-06 18:08:57,"{''2023-02-06 00:00:00'',''2023-02-06 00:00:00'',''2023-02-06 00:00:00''}",0,0.0,0,0,0,0,0
iOS,"1000946",US,"1.01","1.01",organic,2023-02-06 18:11:22,2023-02-06 18:13:49,"{''2023-02-06 00:00:00'',''2023-02-06 00:00:00'',''2023-02-06 00:00:00'',''2023-02-06 00:00:00'',''2023-02-06 00:00:00'',''2023-02-06 00:00:00'',''2023-02-06 00:00:00'',''2023-02-06 00:00:00'',''2023-02-06 00:00:00'',''2023-02-06 00:00:00''}",0,0.0,1,50,0,0,0
android,"1000949",GE,"1.01","1.01",organic,2023-02-06 18:33:00,2023-02-06 18:34:56,"{''2023-02-06 00:00:00'',''2023-02-06 00:00:00'',''2023-02-06 00:00:00'',''2023-02-06 00:00:00''}",0,0.0,0,0,0,0,0
iOS,"1000950",KZ,"1.01","1.01",organic,2023-02-06 18:46:35,2023-02-07 18:43:31,"{''2023-02-06 00:00:00'',''2023-02-06 00:00:00'',''2023-02-07 00:00:00'',''2023-02-06 00:00:00'',''2023-02-06 00:00:00'',''2023-02-07 00:00:00'',''2023-02-06 00:00:00'',''2023-02-06 00:00:00'',''2023-02-07 00:00:00'',''2023-02-06 00:00:00'',''2023-02-06 00:00:00'',''2023-02-06 00:00:00'',''2023-02-07 00:00:00'',''2023-02-06 00:00:00'',''2023-02-07 00:00:00'',''2023-02-06 00:00:00'',''2023-02-06 00:00:00'',''2023-02-06 00:00:00'',''2023-02-07 00:00:00'',''2023-02-06 00:00:00'',''2023-02-07 00:00:00'',''2023-02-06 00:00:00'',''2023-02-07 00:00:00'',''2023-02-06 00:00:00'',''2023-02-07 00:00:00'',''2023-02-07 00:00:00'',''2023-02-07 00:00:00'',''2023-02-06 00:00:00'',''2023-02-06 00:00:00'',''2023-02-06 00:00:00'',''2023-02-07 00:00:00'',''2023-02-06 00:00:00'',''2023-02-06 00:00:00''}",0,0.0,9,3050,1,0,0
iOS,"1000953",DE,"1.01","1.01",organic,2023-02-06 19:15:04,2023-02-06 19:17:55,"{''2023-02-06 00:00:00'',''2023-02-06 00:00:00'',''2023-02-06 00:00:00'',''2023-02-06 00:00:00'',''2023-02-06 00:00:00'',''2023-02-06 00:00:00'',''2023-02-06 00:00:00'',''2023-02-06 00:00:00'',''2023-02-06 00:00:00'',''2023-02-06 00:00:00'',''2023-02-06 00:00:00'',''2023-02-06 00:00:00'',''2023-02-06 00:00:00''}",0,0.0,2,650,0,0,0
android,"1000954",ES,"1.01","1.01",organic,2023-02-06 19:28:39,2023-02-06 19:30:28,"{''2023-02-06 00:00:00'',''2023-02-06 00:00:00'',''2023-02-06 00:00:00'',''2023-02-06 00:00:00''}",0,0.0,0,0,0,0,0
android,"1000956",DE,"1.01","1.01",organic,2023-02-06 19:43:33,2023-02-06 19:45:51,"{''2023-02-06 00:00:00'',''2023-02-06 00:00:00'',''2023-02-06 00:00:00'',''2023-02-06 00:00:00'',''2023-02-06 00:00:00'',''2023-02-06 00:00:00'',''2023-02-06 00:00:00'',''2023-02-06 00:00:00'',''2023-02-06 00:00:00'',''2023-02-06 00:00:00''}",0,0.0,1,50,0,0,0
android,"1000957",KZ,"1.01","1.01",paid,2023-02-06 19:57:08,2023-02-06 19:59:18,"{''2023-02-06 00:00:00'',''2023-02-06 00:00:00'',''2023-02-06 00:00:00'',''2023-02-06 00:00:00'',''2023-02-06 00:00:00'',''2023-02-06 00:00:00'',''2023-02-06 00:00:00'',''2023-02-06 00:00:00''}",0,0.0,0,0,0,0,0
android,"1000959",US,"1.01","1.01",organic,2023-02-06 20:19:56,2023-02-06 20:22:23,"{''2023-02-06 00:00:00'',''2023-02-06 00:00:00'',''2023-02-06 00:00:00'',''2023-02-06 00:00:00'',''2023-02-06 00:00:00'',''2023-02-06 00:00:00'',''2023-02-06 00:00:00''}",0,0.0,0,0,0,0,0
android,"1000961",PL,"1.01","1.01",organic,2023-02-06 20:34:50,2023-02-06 20:38:56,"{''2023-02-06 00:00:00'',''2023-02-06 00:00:00'',''2023-02-06 00:00:00'',''2023-02-06 00:00:00'',''2023-02-06 00:00:00'',''2023-02-06 00:00:00'',''2023-02-06 00:00:00'',''2023-02-06 00:00:00'',''2023-02-06 00:00:00'',''2023-02-06 00:00:00'',''2023-02-06 00:00:00'',''2023-02-06 00:00:00'',''2023-02-06 00:00:00'',''2023-02-06 00:00:00'',''2023-02-06 00:00:00''}",0,0.0,2,750,0,0,0
iOS,"1000963",DE,"1.01","1.01",organic,2023-02-06 20:57:38,2023-02-06 21:00:12,"{''2023-02-06 00:00:00'',''2023-02-06 00:00:00'',''2023-02-06 00:00:00'',''2023-02-06 00:00:00'',''2023-02-06 00:00:00'',''2023-02-06 00:00:00'',''2023-02-06 00:00:00'',''2023-02-06 00:00:00'',''2023-02-06 00:00:00'',''2023-02-06 00:00:00''}",0,0.0,1,50,0,0,0
android,"1000966",RU,"1.01","1.01",organic,2023-02-06 21:29:02,2023-02-06 21:30:45,"{''2023-02-06 00:00:00'',''2023-02-06 00:00:00'',''2023-02-06 00:00:00'',''2023-02-06 00:00:00'',''2023-02-06 00:00:00'',''2023-02-06 00:00:00''}",0,0.0,0,0,0,0,0
iOS,"1000967",RU,"1.01","1.01",organic,2023-02-06 21:38:15,2023-02-06 21:40:03,"{''2023-02-06 00:00:00'',''2023-02-06 00:00:00'',''2023-02-06 00:00:00''}",0,0.0,0,0,0,0,0
iOS,"1000968",PL,"1.01","1.01",organic,2023-02-06 21:42:29,2023-02-08 21:20:47,"{''2023-02-06 00:00:00'',''2023-02-06 00:00:00'',''2023-02-06 00:00:00'',''2023-02-07 00:00:00'',''2023-02-07 00:00:00'',''2023-02-06 00:00:00'',''2023-02-06 00:00:00'',''2023-02-07 00:00:00'',''2023-02-06 00:00:00'',''2023-02-08 00:00:00'',''2023-02-07 00:00:00'',''2023-02-06 00:00:00'',''2023-02-07 00:00:00'',''2023-02-08 00:00:00'',''2023-02-06 00:00:00'',''2023-02-07 00:00:00'',''2023-02-06 00:00:00'',''2023-02-06 00:00:00'',''2023-02-07 00:00:00'',''2023-02-06 00:00:00'',''2023-02-07 00:00:00'',''2023-02-06 00:00:00'',''2023-02-08 00:00:00'',''2023-02-07 00:00:00'',''2023-02-06 00:00:00'',''2023-02-07 00:00:00'',''2023-02-07 00:00:00'',''2023-02-08 00:00:00'',''2023-02-06 00:00:00'',''2023-02-06 00:00:00'',''2023-02-06 00:00:00'',''2023-02-06 00:00:00'',''2023-02-06 00:00:00'',''2023-02-06 00:00:00'',''2023-02-07 00:00:00'',''2023-02-06 00:00:00'',''2023-02-06 00:00:00''}",0,0.0,12,4050,1,1,0
iOS,"1000970",KZ,"1.01","1.01",organic,2023-02-06 21:57:23,2023-02-06 22:00:02,"{''2023-02-06 00:00:00'',''2023-02-06 00:00:00'',''2023-02-06 00:00:00'',''2023-02-06 00:00:00'',''2023-02-06 00:00:00'',''2023-02-06 00:00:00'',''2023-02-06 00:00:00'',''2023-02-06 00:00:00'',''2023-02-06 00:00:00'',''2023-02-06 00:00:00''}",0,0.0,1,50,0,0,0
iOS,"1000971",DE,"1.01","1.01",paid,2023-02-06 22:01:37,2023-02-06 22:01:37,{''2023-02-06 00:00:00''},0,0.0,0,0,0,0,0
iOS,"1000972",KZ,"1.01","1.01",organic,2023-02-06 22:10:50,2023-02-06 22:12:25,"{''2023-02-06 00:00:00'',''2023-02-06 00:00:00'',''2023-02-06 00:00:00'',''2023-02-06 00:00:00'',''2023-02-06 00:00:00'',''2023-02-06 00:00:00''}",0,0.0,0,0,0,0,0
android,"1000973",RU,"1.01","1.01",organic,2023-02-06 22:24:25,2023-02-06 22:25:52,"{''2023-02-06 00:00:00'',''2023-02-06 00:00:00'',''2023-02-06 00:00:00'',''2023-02-06 00:00:00'',''2023-02-06 00:00:00''}",0,0.0,0,0,0,0,0
iOS,"1000974",KZ,"1.01","1.01",organic,2023-02-06 22:33:38,2023-02-06 22:35:54,"{''2023-02-06 00:00:00'',''2023-02-06 00:00:00'',''2023-02-06 00:00:00'',''2023-02-06 00:00:00'',''2023-02-06 00:00:00'',''2023-02-06 00:00:00'',''2023-02-06 00:00:00'',''2023-02-06 00:00:00'',''2023-02-06 00:00:00'',''2023-02-06 00:00:00''}",0,0.0,1,50,0,0,0
android,"1000975",US,"1.01","1.01",organic,2023-02-06 22:42:51,2023-02-06 22:45:12,"{''2023-02-06 00:00:00'',''2023-02-06 00:00:00'',''2023-02-06 00:00:00'',''2023-02-06 00:00:00'',''2023-02-06 00:00:00'',''2023-02-06 00:00:00'',''2023-02-06 00:00:00'',''2023-02-06 00:00:00'',''2023-02-06 00:00:00''}",0,0.0,0,0,0,0,0
android,"1000977",RU,"1.01","1.01",paid,2023-02-06 23:05:39,2023-02-06 23:09:01,"{''2023-02-06 00:00:00'',''2023-02-06 00:00:00'',''2023-02-06 00:00:00'',''2023-02-06 00:00:00'',''2023-02-06 00:00:00'',''2023-02-06 00:00:00'',''2023-02-06 00:00:00'',''2023-02-06 00:00:00'',''2023-02-06 00:00:00'',''2023-02-06 00:00:00'',''2023-02-06 00:00:00'',''2023-02-06 00:00:00'',''2023-02-06 00:00:00''}",0,0.0,2,650,0,0,0
iOS,"1000980",IT,"1.01","1.01",organic,2023-02-06 23:16:04,2023-02-06 23:18:01,"{''2023-02-06 00:00:00'',''2023-02-06 00:00:00'',''2023-02-06 00:00:00'',''2023-02-06 00:00:00'',''2023-02-06 00:00:00'',''2023-02-06 00:00:00''}",0,0.0,0,0,0,0,0
iOS,"1000983",RU,"1.01","1.01",organic,2023-02-06 23:41:14,2023-02-06 23:42:58,"{''2023-02-06 00:00:00'',''2023-02-06 00:00:00'',''2023-02-06 00:00:00'',''2023-02-06 00:00:00''}",0,0.0,0,0,0,0,0
iOS,"1000984",US,"1.01","1.01",organic,2023-02-06 23:50:27,2023-02-06 23:52:36,"{''2023-02-06 00:00:00'',''2023-02-06 00:00:00'',''2023-02-06 00:00:00'',''2023-02-06 00:00:00'',''2023-02-06 00:00:00'',''2023-02-06 00:00:00'',''2023-02-06 00:00:00'',''2023-02-06 00:00:00'',''2023-02-06 00:00:00''}",0,0.0,0,0,0,0,0
iOS,"1000987",DE,"1.01","1.01",organic,2023-02-07 00:10:38,2023-02-07 00:12:46,"{''2023-02-07 00:00:00'',''2023-02-07 00:00:00'',''2023-02-07 00:00:00'',''2023-02-07 00:00:00'',''2023-02-07 00:00:00'',''2023-02-07 00:00:00'',''2023-02-07 00:00:00'',''2023-02-07 00:00:00'',''2023-02-07 00:00:00''}",0,0.0,0,0,0,0,0
android,"1000988",RU,"1.01","1.01",organic,2023-02-07 00:19:51,2023-02-08 00:12:16,"{''2023-02-07 00:00:00'',''2023-02-08 00:00:00'',''2023-02-07 00:00:00'',''2023-02-08 00:00:00'',''2023-02-07 00:00:00'',''2023-02-07 00:00:00'',''2023-02-07 00:00:00'',''2023-02-07 00:00:00'',''2023-02-08 00:00:00'',''2023-02-08 00:00:00'',''2023-02-08 00:00:00'',''2023-02-07 00:00:00'',''2023-02-07 00:00:00'',''2023-02-08 00:00:00'',''2023-02-08 00:00:00'',''2023-02-07 00:00:00'',''2023-02-08 00:00:00'',''2023-02-07 00:00:00'',''2023-02-07 00:00:00'',''2023-02-07 00:00:00'',''2023-02-08 00:00:00'',''2023-02-07 00:00:00'',''2023-02-07 00:00:00'',''2023-02-07 00:00:00'',''2023-02-07 00:00:00'',''2023-02-07 00:00:00'',''2023-02-08 00:00:00'',''2023-02-07 00:00:00'',''2023-02-08 00:00:00'',''2023-02-07 00:00:00'',''2023-02-07 00:00:00'',''2023-02-07 00:00:00'',''2023-02-08 00:00:00''}",0,0.0,10,3050,1,0,0
iOS,"1000989",RU,"1.01","1.01",organic,2023-02-07 00:25:32,2023-02-07 00:28:17,"{''2023-02-07 00:00:00'',''2023-02-07 00:00:00'',''2023-02-07 00:00:00'',''2023-02-07 00:00:00'',''2023-02-07 00:00:00'',''2023-02-07 00:00:00'',''2023-02-07 00:00:00'',''2023-02-07 00:00:00'',''2023-02-07 00:00:00''}",0,0.0,0,0,0,0,0
android,"1000990",NL,"1.01","1.01",organic,2023-02-07 00:34:45,2023-02-07 00:36:40,"{''2023-02-07 00:00:00'',''2023-02-07 00:00:00'',''2023-02-07 00:00:00'',''2023-02-07 00:00:00'',''2023-02-07 00:00:00'',''2023-02-07 00:00:00''}",0,0.0,0,0,0,0,0
android,"1000991",NL,"1.01","1.01",organic,2023-02-07 00:48:20,2023-02-07 00:52:03,"{''2023-02-07 00:00:00'',''2023-02-07 00:00:00'',''2023-02-07 00:00:00'',''2023-02-07 00:00:00'',''2023-02-07 00:00:00'',''2023-02-07 00:00:00'',''2023-02-07 00:00:00'',''2023-02-07 00:00:00'',''2023-02-07 00:00:00'',''2023-02-07 00:00:00'',''2023-02-07 00:00:00'',''2023-02-07 00:00:00'',''2023-02-07 00:00:00''}",0,0.0,2,650,0,0,0
android,"1000995",RU,"1.01","1.01",organic,2023-02-07 01:06:31,2023-02-07 01:08:12,"{''2023-02-07 00:00:00'',''2023-02-07 00:00:00'',''2023-02-07 00:00:00'',''2023-02-07 00:00:00'',''2023-02-07 00:00:00'',''2023-02-07 00:00:00'',''2023-02-07 00:00:00''}",0,0.0,0,0,0,0,0
android,"1000996",DE,"1.01","1.01",organic,2023-02-07 01:15:44,2023-02-07 01:17:34,"{''2023-02-07 00:00:00'',''2023-02-07 00:00:00'',''2023-02-07 00:00:00'',''2023-02-07 00:00:00'',''2023-02-07 00:00:00''}",0,0.0,0,0,0,0,0
android,"1001001",GE,"1.01","1.01",organic,2023-02-07 01:45:25,2023-02-07 01:47:16,"{''2023-02-07 00:00:00'',''2023-02-07 00:00:00'',''2023-02-07 00:00:00''}",0,0.0,0,0,0,0,0
iOS,"1001002",RU,"1.01","1.01",organic,2023-02-07 01:49:39,2023-02-07 01:49:39,{''2023-02-07 00:00:00''},0,0.0,0,0,0,0,0
android,"1001003",DE,"1.01","1.01",organic,2023-02-07 01:55:20,2023-02-07 01:56:54,"{''2023-02-07 00:00:00'',''2023-02-07 00:00:00'',''2023-02-07 00:00:00'',''2023-02-07 00:00:00'',''2023-02-07 00:00:00'',''2023-02-07 00:00:00''}",0,0.0,0,0,0,0,0
android,"1001005",BY,"1.01","1.01",organic,2023-02-07 02:14:36,2023-02-07 02:16:09,"{''2023-02-07 00:00:00'',''2023-02-07 00:00:00'',''2023-02-07 00:00:00'',''2023-02-07 00:00:00''}",0,0.0,0,0,0,0,0
android,"1001009",RU,"1.01","1.01",organic,2023-02-07 02:52:18,2023-02-07 02:54:05,"{''2023-02-07 00:00:00'',''2023-02-07 00:00:00'',''2023-02-07 00:00:00'',''2023-02-07 00:00:00'',''2023-02-07 00:00:00'',''2023-02-07 00:00:00'',''2023-02-07 00:00:00''}",0,0.0,0,0,0,0,0
android,"1001011",KZ,"1.01","1.01",organic,2023-02-07 03:00:21,2023-02-07 03:04:50,"{''2023-02-07 00:00:00'',''2023-02-07 00:00:00'',''2023-02-07 00:00:00'',''2023-02-07 00:00:00'',''2023-02-07 00:00:00'',''2023-02-07 00:00:00'',''2023-02-07 00:00:00'',''2023-02-07 00:00:00'',''2023-02-07 00:00:00'',''2023-02-07 00:00:00'',''2023-02-07 00:00:00'',''2023-02-07 00:00:00'',''2023-02-07 00:00:00'',''2023-02-07 00:00:00'',''2023-02-07 00:00:00''}",0,0.0,2,750,0,0,0
iOS,"1001015",RU,"1.01","1.01",organic,2023-02-07 03:36:36,2023-02-08 03:26:15,"{''2023-02-08 00:00:00'',''2023-02-07 00:00:00'',''2023-02-07 00:00:00'',''2023-02-07 00:00:00'',''2023-02-07 00:00:00'',''2023-02-07 00:00:00'',''2023-02-08 00:00:00'',''2023-02-07 00:00:00'',''2023-02-08 00:00:00'',''2023-02-07 00:00:00'',''2023-02-08 00:00:00'',''2023-02-08 00:00:00'',''2023-02-08 00:00:00'',''2023-02-07 00:00:00'',''2023-02-07 00:00:00'',''2023-02-07 00:00:00'',''2023-02-07 00:00:00'',''2023-02-07 00:00:00'',''2023-02-07 00:00:00'',''2023-02-07 00:00:00'',''2023-02-07 00:00:00'',''2023-02-08 00:00:00'',''2023-02-07 00:00:00'',''2023-02-07 00:00:00'',''2023-02-07 00:00:00'',''2023-02-07 00:00:00'',''2023-02-07 00:00:00'',''2023-02-08 00:00:00'',''2023-02-08 00:00:00'',''2023-02-07 00:00:00'',''2023-02-08 00:00:00''}",1,99.0,9,2750,1,0,0
android,"1001017",PL,"1.01","1.01",organic,2023-02-07 03:55:52,2023-02-07 03:57:27,"{''2023-02-07 00:00:00'',''2023-02-07 00:00:00'',''2023-02-07 00:00:00'',''2023-02-07 00:00:00'',''2023-02-07 00:00:00'',''2023-02-07 00:00:00'',''2023-02-07 00:00:00'',''2023-02-07 00:00:00''}",0,0.0,0,0,0,0,0
iOS,"1001020",US,"1.01","1.01",paid,2023-02-07 04:17:55,2023-02-07 04:24:19,"{''2023-02-07 00:00:00'',''2023-02-07 00:00:00'',''2023-02-07 00:00:00'',''2023-02-07 00:00:00'',''2023-02-07 00:00:00'',''2023-02-07 00:00:00'',''2023-02-07 00:00:00'',''2023-02-07 00:00:00'',''2023-02-07 00:00:00'',''2023-02-07 00:00:00'',''2023-02-07 00:00:00'',''2023-02-07 00:00:00'',''2023-02-07 00:00:00'',''2023-02-07 00:00:00'',''2023-02-07 00:00:00'',''2023-02-07 00:00:00'',''2023-02-07 00:00:00'',''2023-02-07 00:00:00'',''2023-02-07 00:00:00''}",0,0.0,4,950,0,0,0
iOS,"1001021",RU,"1.01","1.01",organic,2023-02-07 04:23:36,2023-02-07 04:25:43,"{''2023-02-07 00:00:00'',''2023-02-07 00:00:00'',''2023-02-07 00:00:00'',''2023-02-07 00:00:00'',''2023-02-07 00:00:00'',''2023-02-07 00:00:00'',''2023-02-07 00:00:00'',''2023-02-07 00:00:00''}",0,0.0,0,0,0,0,0
android,"1001022",RU,"1.01","1.01",organic,2023-02-07 04:37:11,2023-02-07 04:39:02,"{''2023-02-07 00:00:00'',''2023-02-07 00:00:00'',''2023-02-07 00:00:00'',''2023-02-07 00:00:00'',''2023-02-07 00:00:00'',''2023-02-07 00:00:00'',''2023-02-07 00:00:00'',''2023-02-07 00:00:00''}",0,0.0,0,0,0,0,0
iOS,"1001024",CA,"1.01","1.01",organic,2023-02-07 04:55:37,2023-02-07 04:57:21,"{''2023-02-07 00:00:00'',''2023-02-07 00:00:00'',''2023-02-07 00:00:00'',''2023-02-07 00:00:00'',''2023-02-07 00:00:00'',''2023-02-07 00:00:00'',''2023-02-07 00:00:00''}",0,0.0,0,0,0,0,0
android,"1001025",RU,"1.01","1.01",paid,2023-02-07 05:01:18,2023-02-07 05:03:05,"{''2023-02-07 00:00:00'',''2023-02-07 00:00:00'',''2023-02-07 00:00:00''}",0,0.0,0,0,0,0,0
iOS,"1001026",DE,"1.01","1.01",organic,2023-02-07 05:10:31,2023-02-07 05:14:11,"{''2023-02-07 00:00:00'',''2023-02-07 00:00:00'',''2023-02-07 00:00:00'',''2023-02-07 00:00:00'',''2023-02-07 00:00:00'',''2023-02-07 00:00:00'',''2023-02-07 00:00:00'',''2023-02-07 00:00:00'',''2023-02-07 00:00:00'',''2023-02-07 00:00:00'',''2023-02-07 00:00:00'',''2023-02-07 00:00:00'',''2023-02-07 00:00:00''}",0,0.0,2,650,0,0,0
android,"1001027",DE,"1.01","1.01",organic,2023-02-07 05:24:06,2023-02-07 05:28:06,"{''2023-02-07 00:00:00'',''2023-02-07 00:00:00'',''2023-02-07 00:00:00'',''2023-02-07 00:00:00'',''2023-02-07 00:00:00'',''2023-02-07 00:00:00'',''2023-02-07 00:00:00'',''2023-02-07 00:00:00'',''2023-02-07 00:00:00'',''2023-02-07 00:00:00'',''2023-02-07 00:00:00'',''2023-02-07 00:00:00'',''2023-02-07 00:00:00'',''2023-02-07 00:00:00'',''2023-02-07 00:00:00''}",0,0.0,3,750,0,0,0
android,"1001032",BY,"1.01","1.01",organic,2023-02-07 06:16:13,2023-02-07 06:18:24,"{''2023-02-07 00:00:00'',''2023-02-07 00:00:00'',''2023-02-07 00:00:00'',''2023-02-07 00:00:00'',''2023-02-07 00:00:00'',''2023-02-07 00:00:00''}",0,0.0,0,0,0,0,0
android,"1001033",US,"1.01","1.01",organic,2023-02-07 06:21:54,2023-02-07 06:23:31,"{''2023-02-07 00:00:00'',''2023-02-07 00:00:00'',''2023-02-07 00:00:00'',''2023-02-07 00:00:00'',''2023-02-07 00:00:00'',''2023-02-07 00:00:00'',''2023-02-07 00:00:00''}",0,0.0,0,0,0,0,0
android,"1001034",US,"1.01","1.01",organic,2023-02-07 06:31:07,2023-02-09 05:45:51,"{''2023-02-07 00:00:00'',''2023-02-08 00:00:00'',''2023-02-08 00:00:00'',''2023-02-08 00:00:00'',''2023-02-07 00:00:00'',''2023-02-08 00:00:00'',''2023-02-09 00:00:00'',''2023-02-07 00:00:00'',''2023-02-08 00:00:00'',''2023-02-08 00:00:00'',''2023-02-07 00:00:00'',''2023-02-07 00:00:00'',''2023-02-07 00:00:00'',''2023-02-07 00:00:00'',''2023-02-07 00:00:00'',''2023-02-07 00:00:00'',''2023-02-07 00:00:00'',''2023-02-08 00:00:00'',''2023-02-07 00:00:00'',''2023-02-07 00:00:00'',''2023-02-09 00:00:00'',''2023-02-08 00:00:00'',''2023-02-07 00:00:00'',''2023-02-07 00:00:00'',''2023-02-07 00:00:00'',''2023-02-08 00:00:00'',''2023-02-08 00:00:00'',''2023-02-07 00:00:00'',''2023-02-09 00:00:00'',''2023-02-07 00:00:00'',''2023-02-07 00:00:00'',''2023-02-09 00:00:00'',''2023-02-07 00:00:00'',''2023-02-08 00:00:00'',''2023-02-08 00:00:00'',''2023-02-07 00:00:00'',''2023-02-07 00:00:00''}",0,0.0,12,4050,1,1,0
android,"1001037",RU,"1.01","1.01",organic,2023-02-07 06:41:32,2023-02-07 06:43:38,"{''2023-02-07 00:00:00'',''2023-02-07 00:00:00'',''2023-02-07 00:00:00'',''2023-02-07 00:00:00'',''2023-02-07 00:00:00'',''2023-02-07 00:00:00'',''2023-02-07 00:00:00'',''2023-02-07 00:00:00'',''2023-02-07 00:00:00''}",0,0.0,0,0,0,0,0
android,"1001038",RU,"1.01","1.01",organic,2023-02-07 06:55:07,2023-02-07 06:56:34,"{''2023-02-07 00:00:00'',''2023-02-07 00:00:00'',''2023-02-07 00:00:00''}",0,0.0,0,0,0,0,0
android,"1001039",DE,"1.01","1.01",organic,2023-02-07 07:04:20,2023-02-07 07:06:11,"{''2023-02-07 00:00:00'',''2023-02-07 00:00:00'',''2023-02-07 00:00:00'',''2023-02-07 00:00:00''}",0,0.0,0,0,0,0,0
android,"1001040",RU,"1.01","1.01",organic,2023-02-07 07:17:55,2023-02-07 07:19:37,"{''2023-02-07 00:00:00'',''2023-02-07 00:00:00'',''2023-02-07 00:00:00'',''2023-02-07 00:00:00''}",0,0.0,0,0,0,0,0
android,"1001044",DE,"1.01","1.01",organic,2023-02-07 07:52:05,2023-02-07 07:53:31,"{''2023-02-07 00:00:00'',''2023-02-07 00:00:00'',''2023-02-07 00:00:00'',''2023-02-07 00:00:00'',''2023-02-07 00:00:00''}",0,0.0,0,0,0,0,0
android,"1001045",RU,"1.01","1.01",organic,2023-02-07 08:05:40,2023-02-07 08:07:21,"{''2023-02-07 00:00:00'',''2023-02-07 00:00:00'',''2023-02-07 00:00:00'',''2023-02-07 00:00:00'',''2023-02-07 00:00:00'',''2023-02-07 00:00:00''}",0,0.0,0,0,0,0,0
iOS,"1001047",RU,"1.01","1.01",organic,2023-02-07 08:20:34,2023-02-07 08:22:40,"{''2023-02-07 00:00:00'',''2023-02-07 00:00:00'',''2023-02-07 00:00:00'',''2023-02-07 00:00:00'',''2023-02-07 00:00:00'',''2023-02-07 00:00:00'',''2023-02-07 00:00:00''}",0,0.0,0,0,0,0,0
android,"1001054",GE,"1.01","1.01",paid,2023-02-07 09:34:02,2023-02-07 09:34:02,{''2023-02-07 00:00:00''},0,0.0,0,0,0,0,0
android,"1001055",KZ,"1.01","1.01",organic,2023-02-07 09:36:24,2023-02-07 09:40:45,"{''2023-02-07 00:00:00'',''2023-02-07 00:00:00'',''2023-02-07 00:00:00'',''2023-02-07 00:00:00'',''2023-02-07 00:00:00'',''2023-02-07 00:00:00'',''2023-02-07 00:00:00'',''2023-02-07 00:00:00'',''2023-02-07 00:00:00'',''2023-02-07 00:00:00'',''2023-02-07 00:00:00'',''2023-02-07 00:00:00'',''2023-02-07 00:00:00'',''2023-02-07 00:00:00'',''2023-02-07 00:00:00''}",0,0.0,2,750,0,0,0
android,"1001057",ES,"1.01","1.01",organic,2023-02-07 09:43:00,2023-02-07 09:45:05,"{''2023-02-07 00:00:00'',''2023-02-07 00:00:00'',''2023-02-07 00:00:00'',''2023-02-07 00:00:00'',''2023-02-07 00:00:00'',''2023-02-07 00:00:00'',''2023-02-07 00:00:00''}",0,0.0,0,0,0,0,0
android,"1001058",BY,"1.01","1.01",organic,2023-02-07 09:56:35,2023-02-07 09:58:30,"{''2023-02-07 00:00:00'',''2023-02-07 00:00:00'',''2023-02-07 00:00:00'',''2023-02-07 00:00:00'',''2023-02-07 00:00:00'',''2023-02-07 00:00:00'',''2023-02-07 00:00:00'',''2023-02-07 00:00:00'',''2023-02-07 00:00:00'',''2023-02-07 00:00:00''}",0,0.0,0,0,0,0,0
android,"1001067",KZ,"1.01","1.01",organic,2023-02-07 11:03:33,2023-02-07 11:05:10,"{''2023-02-07 00:00:00'',''2023-02-07 00:00:00'',''2023-02-07 00:00:00'',''2023-02-07 00:00:00'',''2023-02-07 00:00:00'',''2023-02-07 00:00:00''}",0,0.0,0,0,0,0,0
android,"1001071",US,"1.01","1.01",organic,2023-02-07 11:28:35,2023-02-07 11:34:05,"{''2023-02-07 00:00:00'',''2023-02-07 00:00:00'',''2023-02-07 00:00:00'',''2023-02-07 00:00:00'',''2023-02-07 00:00:00'',''2023-02-07 00:00:00'',''2023-02-07 00:00:00'',''2023-02-07 00:00:00'',''2023-02-07 00:00:00'',''2023-02-07 00:00:00'',''2023-02-07 00:00:00'',''2023-02-07 00:00:00'',''2023-02-07 00:00:00'',''2023-02-07 00:00:00'',''2023-02-07 00:00:00'',''2023-02-07 00:00:00'',''2023-02-07 00:00:00''}",0,0.0,3,850,0,0,0
iOS,"1001072",RU,"1.01","1.01",paid,2023-02-07 11:30:57,2023-02-07 11:33:07,"{''2023-02-07 00:00:00'',''2023-02-07 00:00:00'',''2023-02-07 00:00:00'',''2023-02-07 00:00:00'',''2023-02-07 00:00:00'',''2023-02-07 00:00:00'',''2023-02-07 00:00:00'',''2023-02-07 00:00:00'',''2023-02-07 00:00:00'',''2023-02-07 00:00:00''}",0,0.0,1,50,0,0,0
android,"1001073",RU,"1.01","1.01",paid,2023-02-07 11:44:32,2023-02-07 11:51:27,"{''2023-02-07 00:00:00'',''2023-02-07 00:00:00'',''2023-02-07 00:00:00'',''2023-02-07 00:00:00'',''2023-02-07 00:00:00'',''2023-02-07 00:00:00'',''2023-02-07 00:00:00'',''2023-02-07 00:00:00'',''2023-02-07 00:00:00'',''2023-02-07 00:00:00'',''2023-02-07 00:00:00'',''2023-02-07 00:00:00'',''2023-02-07 00:00:00'',''2023-02-07 00:00:00'',''2023-02-07 00:00:00'',''2023-02-07 00:00:00'',''2023-02-07 00:00:00'',''2023-02-07 00:00:00'',''2023-02-07 00:00:00''}",0,0.0,4,950,0,0,0
android,"1001074",KZ,"1.01","1.01",organic,2023-02-07 11:48:46,2023-02-07 11:50:23,"{''2023-02-07 00:00:00'',''2023-02-07 00:00:00'',''2023-02-07 00:00:00''}",0,0.0,0,0,0,0,0
iOS,"1001077",PL,"1.01","1.01",organic,2023-02-07 12:09:21,2023-02-07 12:11:07,"{''2023-02-07 00:00:00'',''2023-02-07 00:00:00'',''2023-02-07 00:00:00'',''2023-02-07 00:00:00'',''2023-02-07 00:00:00'',''2023-02-07 00:00:00''}",0,0.0,0,0,0,0,0
android,"1001080",US,"1.01","1.01",organic,2023-02-07 12:45:44,2023-02-07 12:51:48,"{''2023-02-07 00:00:00'',''2023-02-07 00:00:00'',''2023-02-07 00:00:00'',''2023-02-07 00:00:00'',''2023-02-07 00:00:00'',''2023-02-07 00:00:00'',''2023-02-07 00:00:00'',''2023-02-07 00:00:00'',''2023-02-07 00:00:00'',''2023-02-07 00:00:00'',''2023-02-07 00:00:00'',''2023-02-07 00:00:00'',''2023-02-07 00:00:00'',''2023-02-07 00:00:00'',''2023-02-07 00:00:00'',''2023-02-07 00:00:00'',''2023-02-07 00:00:00'',''2023-02-07 00:00:00'',''2023-02-07 00:00:00''}",0,0.0,4,950,0,0,0
android,"1001081",PL,"1.01","1.01",paid,2023-02-07 12:59:19,2023-02-07 13:01:03,"{''2023-02-07 00:00:00'',''2023-02-07 00:00:00'',''2023-02-07 00:00:00''}",0,0.0,0,0,0,0,0
iOS,"1001082",CA,"1.01","1.01",organic,2023-02-07 13:01:41,2023-02-07 13:03:54,"{''2023-02-07 00:00:00'',''2023-02-07 00:00:00'',''2023-02-07 00:00:00'',''2023-02-07 00:00:00'',''2023-02-07 00:00:00'',''2023-02-07 00:00:00'',''2023-02-07 00:00:00''}",0,0.0,0,0,0,0,0
iOS,"1001084",US,"1.01","1.01",paid,2023-02-07 13:16:35,2023-02-07 13:17:54,"{''2023-02-07 00:00:00'',''2023-02-07 00:00:00'',''2023-02-07 00:00:00'',''2023-02-07 00:00:00'',''2023-02-07 00:00:00''}",0,0.0,0,0,0,0,0
iOS,"1001085",IT,"1.01","1.01",organic,2023-02-07 13:25:48,2023-02-07 13:27:53,"{''2023-02-07 00:00:00'',''2023-02-07 00:00:00'',''2023-02-07 00:00:00'',''2023-02-07 00:00:00'',''2023-02-07 00:00:00'',''2023-02-07 00:00:00''}",0,0.0,0,0,0,0,0
android,"1001087",RU,"1.01","1.01",organic,2023-02-07 13:52:58,2023-02-07 13:54:56,"{''2023-02-07 00:00:00'',''2023-02-07 00:00:00'',''2023-02-07 00:00:00'',''2023-02-07 00:00:00'',''2023-02-07 00:00:00'',''2023-02-07 00:00:00'',''2023-02-07 00:00:00'',''2023-02-07 00:00:00'',''2023-02-07 00:00:00''}",0,0.0,0,0,0,0,0
android,"1001089",GE,"1.01","1.01",organic,2023-02-07 14:11:24,2023-02-07 14:13:17,"{''2023-02-07 00:00:00'',''2023-02-07 00:00:00'',''2023-02-07 00:00:00'',''2023-02-07 00:00:00'',''2023-02-07 00:00:00'',''2023-02-07 00:00:00'',''2023-02-07 00:00:00'',''2023-02-07 00:00:00'',''2023-02-07 00:00:00''}",0,0.0,0,0,0,0,0
iOS,"1001092",DE,"1.01","1.01",organic,2023-02-07 14:30:32,2023-02-07 14:32:27,"{''2023-02-07 00:00:00'',''2023-02-07 00:00:00'',''2023-02-07 00:00:00'',''2023-02-07 00:00:00'',''2023-02-07 00:00:00'',''2023-02-07 00:00:00'',''2023-02-07 00:00:00'',''2023-02-07 00:00:00''}",0,0.0,0,0,0,0,0
android,"1001093",US,"1.01","1.01",organic,2023-02-07 14:32:54,2023-02-07 14:36:20,"{''2023-02-07 00:00:00'',''2023-02-07 00:00:00'',''2023-02-07 00:00:00'',''2023-02-07 00:00:00'',''2023-02-07 00:00:00'',''2023-02-07 00:00:00'',''2023-02-07 00:00:00'',''2023-02-07 00:00:00'',''2023-02-07 00:00:00'',''2023-02-07 00:00:00'',''2023-02-07 00:00:00'',''2023-02-07 00:00:00'',''2023-02-07 00:00:00''}",0,0.0,2,650,0,0,0
iOS,"1001099",IT,"1.01","1.01",organic,2023-02-07 15:15:07,2023-02-07 15:21:54,"{''2023-02-07 00:00:00'',''2023-02-07 00:00:00'',''2023-02-07 00:00:00'',''2023-02-07 00:00:00'',''2023-02-07 00:00:00'',''2023-02-07 00:00:00'',''2023-02-07 00:00:00'',''2023-02-07 00:00:00'',''2023-02-07 00:00:00'',''2023-02-07 00:00:00'',''2023-02-07 00:00:00'',''2023-02-07 00:00:00'',''2023-02-07 00:00:00'',''2023-02-07 00:00:00'',''2023-02-07 00:00:00'',''2023-02-07 00:00:00'',''2023-02-07 00:00:00'',''2023-02-07 00:00:00'',''2023-02-07 00:00:00''}",0,0.0,4,950,0,0,0
iOS,"1001100",RU,"1.01","1.01",organic,2023-02-07 15:28:42,2023-02-09 14:44:25,"{''2023-02-07 00:00:00'',''2023-02-08 00:00:00'',''2023-02-07 00:00:00'',''2023-02-07 00:00:00'',''2023-02-08 00:00:00'',''2023-02-08 00:00:00'',''2023-02-09 00:00:00'',''2023-02-08 00:00:00'',''2023-02-07 00:00:00'',''2023-02-07 00:00:00'',''2023-02-07 00:00:00'',''2023-02-08 00:00:00'',''2023-02-07 00:00:00'',''2023-02-07 00:00:00'',''2023-02-08 00:00:00'',''2023-02-07 00:00:00'',''2023-02-07 00:00:00'',''2023-02-07 00:00:00'',''2023-02-08 00:00:00'',''2023-02-09 00:00:00'',''2023-02-08 00:00:00'',''2023-02-09 00:00:00'',''2023-02-09 00:00:00'',''2023-02-07 00:00:00'',''2023-02-07 00:00:00'',''2023-02-08 00:00:00'',''2023-02-08 00:00:00'',''2023-02-07 00:00:00'',''2023-02-07 00:00:00'',''2023-02-08 00:00:00'',''2023-02-07 00:00:00'',''2023-02-07 00:00:00'',''2023-02-07 00:00:00'',''2023-02-07 00:00:00'',''2023-02-08 00:00:00'',''2023-02-07 00:00:00'',''2023-02-07 00:00:00''}",0,0.0,12,4050,1,1,0
iOS,"1001101",RU,"1.01","1.01",paid,2023-02-07 15:42:17,2023-02-07 15:43:52,"{''2023-02-07 00:00:00'',''2023-02-07 00:00:00'',''2023-02-07 00:00:00''}",0,0.0,0,0,0,0,0
android,"1001102",DE,"1.01","1.01",organic,2023-02-07 15:51:30,2023-02-07 15:53:47,"{''2023-02-07 00:00:00'',''2023-02-07 00:00:00'',''2023-02-07 00:00:00'',''2023-02-07 00:00:00'',''2023-02-07 00:00:00'',''2023-02-07 00:00:00''}",0,0.0,0,0,0,0,0
android,"1001104",IT,"1.01","1.01",paid,2023-02-07 16:10:46,2023-02-07 16:12:26,"{''2023-02-07 00:00:00'',''2023-02-07 00:00:00'',''2023-02-07 00:00:00'',''2023-02-07 00:00:00'',''2023-02-07 00:00:00'',''2023-02-07 00:00:00''}",0,0.0,0,0,0,0,0
iOS,"1001105",RU,"1.01","1.01",organic,2023-02-07 16:24:21,2023-02-09 15:37:18,"{''2023-02-07 00:00:00'',''2023-02-09 00:00:00'',''2023-02-07 00:00:00'',''2023-02-07 00:00:00'',''2023-02-08 00:00:00'',''2023-02-07 00:00:00'',''2023-02-07 00:00:00'',''2023-02-07 00:00:00'',''2023-02-08 00:00:00'',''2023-02-07 00:00:00'',''2023-02-07 00:00:00'',''2023-02-08 00:00:00'',''2023-02-07 00:00:00'',''2023-02-07 00:00:00'',''2023-02-07 00:00:00'',''2023-02-08 00:00:00'',''2023-02-09 00:00:00'',''2023-02-09 00:00:00'',''2023-02-07 00:00:00'',''2023-02-07 00:00:00'',''2023-02-07 00:00:00'',''2023-02-08 00:00:00'',''2023-02-07 00:00:00'',''2023-02-08 00:00:00'',''2023-02-07 00:00:00'',''2023-02-08 00:00:00'',''2023-02-07 00:00:00'',''2023-02-08 00:00:00'',''2023-02-09 00:00:00'',''2023-02-07 00:00:00'',''2023-02-08 00:00:00'',''2023-02-07 00:00:00'',''2023-02-07 00:00:00'',''2023-02-08 00:00:00'',''2023-02-08 00:00:00'',''2023-02-08 00:00:00'',''2023-02-07 00:00:00''}",0,0.0,12,4050,1,1,0
android,"1001106",RU,"1.01","1.01",organic,2023-02-07 16:28:35,2023-02-07 16:30:21,"{''2023-02-07 00:00:00'',''2023-02-07 00:00:00'',''2023-02-07 00:00:00'',''2023-02-07 00:00:00''}",0,0.0,0,0,0,0,0
android,"1001107",BY,"1.01","1.01",organic,2023-02-07 16:34:16,2023-02-07 16:39:32,"{''2023-02-07 00:00:00'',''2023-02-07 00:00:00'',''2023-02-07 00:00:00'',''2023-02-07 00:00:00'',''2023-02-07 00:00:00'',''2023-02-07 00:00:00'',''2023-02-07 00:00:00'',''2023-02-07 00:00:00'',''2023-02-07 00:00:00'',''2023-02-07 00:00:00'',''2023-02-07 00:00:00'',''2023-02-07 00:00:00'',''2023-02-07 00:00:00'',''2023-02-07 00:00:00'',''2023-02-07 00:00:00'',''2023-02-07 00:00:00'',''2023-02-07 00:00:00''}",0,0.0,3,850,0,0,0
android,"1001108",RU,"1.01","1.01",organic,2023-02-07 16:43:29,2023-02-07 16:44:54,"{''2023-02-07 00:00:00'',''2023-02-07 00:00:00'',''2023-02-07 00:00:00''}",0,0.0,0,0,0,0,0
android,"1001109",KZ,"1.01","1.01",paid,2023-02-07 16:52:42,2023-02-07 16:54:30,"{''2023-02-07 00:00:00'',''2023-02-07 00:00:00'',''2023-02-07 00:00:00'',''2023-02-07 00:00:00'',''2023-02-07 00:00:00'',''2023-02-07 00:00:00'',''2023-02-07 00:00:00'',''2023-02-07 00:00:00'',''2023-02-07 00:00:00''}",0,0.0,0,0,0,0,0
android,"1001111",BY,"1.01","1.01",organic,2023-02-07 16:59:18,2023-02-07 17:01:24,"{''2023-02-07 00:00:00'',''2023-02-07 00:00:00'',''2023-02-07 00:00:00'',''2023-02-07 00:00:00''}",0,0.0,0,0,0,0,0
android,"1001113",DE,"1.01","1.01",organic,2023-02-07 17:22:06,2023-02-07 17:23:43,"{''2023-02-07 00:00:00'',''2023-02-07 00:00:00'',''2023-02-07 00:00:00''}",0,0.0,0,0,0,0,0
iOS,"1001115",BY,"1.01","1.01",organic,2023-02-07 17:30:09,2023-02-07 17:32:49,"{''2023-02-07 00:00:00'',''2023-02-07 00:00:00'',''2023-02-07 00:00:00'',''2023-02-07 00:00:00'',''2023-02-07 00:00:00'',''2023-02-07 00:00:00'',''2023-02-07 00:00:00'',''2023-02-07 00:00:00'',''2023-02-07 00:00:00'',''2023-02-07 00:00:00''}",0,0.0,0,0,0,0,0
android,"1001116",BY,"1.01","1.01",organic,2023-02-07 17:34:23,2023-02-08 17:25:32,"{''2023-02-07 00:00:00'',''2023-02-08 00:00:00'',''2023-02-07 00:00:00'',''2023-02-07 00:00:00'',''2023-02-07 00:00:00'',''2023-02-07 00:00:00'',''2023-02-08 00:00:00'',''2023-02-07 00:00:00'',''2023-02-08 00:00:00'',''2023-02-08 00:00:00'',''2023-02-08 00:00:00'',''2023-02-07 00:00:00'',''2023-02-07 00:00:00'',''2023-02-07 00:00:00'',''2023-02-07 00:00:00'',''2023-02-07 00:00:00'',''2023-02-07 00:00:00'',''2023-02-07 00:00:00'',''2023-02-07 00:00:00'',''2023-02-08 00:00:00'',''2023-02-07 00:00:00'',''2023-02-08 00:00:00'',''2023-02-08 00:00:00'',''2023-02-08 00:00:00'',''2023-02-07 00:00:00'',''2023-02-07 00:00:00'',''2023-02-08 00:00:00'',''2023-02-07 00:00:00'',''2023-02-07 00:00:00'',''2023-02-08 00:00:00'',''2023-02-07 00:00:00'',''2023-02-07 00:00:00''}",1,299.0,8,4250,1,0,0
android,"1001117",US,"1.01","1.01",organic,2023-02-07 17:47:58,2023-02-07 17:49:39,"{''2023-02-07 00:00:00'',''2023-02-07 00:00:00'',''2023-02-07 00:00:00'',''2023-02-07 00:00:00''}",0,0.0,0,0,0,0,0
android,"1001118",US,"1.01","1.01",organic,2023-02-07 17:57:11,2023-02-07 17:59:52,"{''2023-02-07 00:00:00'',''2023-02-07 00:00:00'',''2023-02-07 00:00:00'',''2023-02-07 00:00:00'',''2023-02-07 00:00:00'',''2023-02-07 00:00:00'',''2023-02-07 00:00:00'',''2023-02-07 00:00:00'',''2023-02-07 00:00:00'',''2023-02-07 00:00:00''}",0,0.0,0,0,0,0,0
android,"1001119",BY,"1.01","1.01",organic,2023-02-07 18:02:52,2023-02-07 18:07:57,"{''2023-02-07 00:00:00'',''2023-02-07 00:00:00'',''2023-02-07 00:00:00'',''2023-02-07 00:00:00'',''2023-02-07 00:00:00'',''2023-02-07 00:00:00'',''2023-02-07 00:00:00'',''2023-02-07 00:00:00'',''2023-02-07 00:00:00'',''2023-02-07 00:00:00'',''2023-02-07 00:00:00'',''2023-02-07 00:00:00'',''2023-02-07 00:00:00'',''2023-02-07 00:00:00'',''2023-02-07 00:00:00'',''2023-02-07 00:00:00'',''2023-02-07 00:00:00''}",0,0.0,4,850,0,0,0
iOS,"1001121",RU,"1.01","1.01",organic,2023-02-07 18:21:18,2023-02-07 18:22:44,"{''2023-02-07 00:00:00'',''2023-02-07 00:00:00'',''2023-02-07 00:00:00''}",0,0.0,0,0,0,0,0
iOS,"1001122",RU,"1.01","1.01",organic,2023-02-07 18:25:32,2023-02-07 18:27:02,"{''2023-02-07 00:00:00'',''2023-02-07 00:00:00'',''2023-02-07 00:00:00'',''2023-02-07 00:00:00'',''2023-02-07 00:00:00'',''2023-02-07 00:00:00''}",0,0.0,0,0,0,0,0
android,"1001123",KZ,"1.01","1.01",paid,2023-02-07 18:27:54,2023-02-07 18:29:59,"{''2023-02-07 00:00:00'',''2023-02-07 00:00:00'',''2023-02-07 00:00:00'',''2023-02-07 00:00:00'',''2023-02-07 00:00:00'',''2023-02-07 00:00:00''}",0,0.0,0,0,0,0,0
iOS,"1001124",GE,"1.01","1.01",organic,2023-02-07 18:41:29,2023-02-07 18:45:30,"{''2023-02-07 00:00:00'',''2023-02-07 00:00:00'',''2023-02-07 00:00:00'',''2023-02-07 00:00:00'',''2023-02-07 00:00:00'',''2023-02-07 00:00:00'',''2023-02-07 00:00:00'',''2023-02-07 00:00:00'',''2023-02-07 00:00:00'',''2023-02-07 00:00:00'',''2023-02-07 00:00:00'',''2023-02-07 00:00:00'',''2023-02-07 00:00:00'',''2023-02-07 00:00:00'',''2023-02-07 00:00:00''}",0,0.0,3,750,0,0,0
iOS,"1001125",BY,"1.01","1.01",paid,2023-02-07 18:47:10,2023-02-07 18:49:16,"{''2023-02-07 00:00:00'',''2023-02-07 00:00:00'',''2023-02-07 00:00:00'',''2023-02-07 00:00:00'',''2023-02-07 00:00:00''}",0,0.0,0,0,0,0,0
android,"1001127",BY,"1.01","1.01",organic,2023-02-07 19:05:36,2023-02-07 19:11:29,"{''2023-02-07 00:00:00'',''2023-02-07 00:00:00'',''2023-02-07 00:00:00'',''2023-02-07 00:00:00'',''2023-02-07 00:00:00'',''2023-02-07 00:00:00'',''2023-02-07 00:00:00'',''2023-02-07 00:00:00'',''2023-02-07 00:00:00'',''2023-02-07 00:00:00'',''2023-02-07 00:00:00'',''2023-02-07 00:00:00'',''2023-02-07 00:00:00'',''2023-02-07 00:00:00'',''2023-02-07 00:00:00'',''2023-02-07 00:00:00'',''2023-02-07 00:00:00'',''2023-02-07 00:00:00'',''2023-02-07 00:00:00''}",0,0.0,4,950,0,0,0
android,"1001131",GE,"1.01","1.01",paid,2023-02-07 19:40:49,2023-02-07 19:42:30,"{''2023-02-07 00:00:00'',''2023-02-07 00:00:00'',''2023-02-07 00:00:00'',''2023-02-07 00:00:00'',''2023-02-07 00:00:00'',''2023-02-07 00:00:00'',''2023-02-07 00:00:00'',''2023-02-07 00:00:00''}",0,0.0,0,0,0,0,0
iOS,"1001132",US,"1.01","1.01",paid,2023-02-07 19:45:03,2023-02-07 19:47:02,"{''2023-02-07 00:00:00'',''2023-02-07 00:00:00'',''2023-02-07 00:00:00'',''2023-02-07 00:00:00'',''2023-02-07 00:00:00'',''2023-02-07 00:00:00'',''2023-02-07 00:00:00'',''2023-02-07 00:00:00'',''2023-02-07 00:00:00''}",0,0.0,0,0,0,0,0
android,"1001133",BY,"1.01","1.01",organic,2023-02-07 19:54:16,2023-02-08 19:40:59,"{''2023-02-08 00:00:00'',''2023-02-08 00:00:00'',''2023-02-07 00:00:00'',''2023-02-07 00:00:00'',''2023-02-07 00:00:00'',''2023-02-08 00:00:00'',''2023-02-08 00:00:00'',''2023-02-07 00:00:00'',''2023-02-07 00:00:00'',''2023-02-07 00:00:00'',''2023-02-08 00:00:00'',''2023-02-07 00:00:00'',''2023-02-08 00:00:00'',''2023-02-07 00:00:00'',''2023-02-07 00:00:00'',''2023-02-07 00:00:00'',''2023-02-07 00:00:00'',''2023-02-07 00:00:00'',''2023-02-08 00:00:00'',''2023-02-08 00:00:00'',''2023-02-07 00:00:00'',''2023-02-08 00:00:00'',''2023-02-08 00:00:00'',''2023-02-07 00:00:00'',''2023-02-08 00:00:00'',''2023-02-07 00:00:00'',''2023-02-07 00:00:00'',''2023-02-07 00:00:00'',''2023-02-07 00:00:00'',''2023-02-07 00:00:00'',''2023-02-07 00:00:00'',''2023-02-07 00:00:00'',''2023-02-08 00:00:00''}",0,0.0,10,3050,1,0,0
android,"1001134",RU,"1.01","1.01",organic,2023-02-07 19:59:57,2023-02-07 20:02:07,"{''2023-02-07 00:00:00'',''2023-02-07 00:00:00'',''2023-02-07 00:00:00'',''2023-02-07 00:00:00'',''2023-02-07 00:00:00'',''2023-02-07 00:00:00''}",0,0.0,0,0,0,0,0
android,"1001135",RU,"1.01","1.01",organic,2023-02-07 20:13:32,2023-02-07 20:17:09,"{''2023-02-07 00:00:00'',''2023-02-07 00:00:00'',''2023-02-07 00:00:00'',''2023-02-07 00:00:00'',''2023-02-07 00:00:00'',''2023-02-07 00:00:00'',''2023-02-07 00:00:00'',''2023-02-07 00:00:00'',''2023-02-07 00:00:00'',''2023-02-07 00:00:00'',''2023-02-07 00:00:00'',''2023-02-07 00:00:00'',''2023-02-07 00:00:00''}",0,0.0,2,650,0,0,0
iOS,"1001136",US,"1.01","1.01",organic,2023-02-07 20:22:45,2023-02-07 20:25:18,"{''2023-02-07 00:00:00'',''2023-02-07 00:00:00'',''2023-02-07 00:00:00'',''2023-02-07 00:00:00'',''2023-02-07 00:00:00'',''2023-02-07 00:00:00'',''2023-02-07 00:00:00'',''2023-02-07 00:00:00'',''2023-02-07 00:00:00''}",0,0.0,0,0,0,0,0
android,"1001138",RU,"1.01","1.01",organic,2023-02-07 20:45:33,2023-02-09 20:18:19,"{''2023-02-07 00:00:00'',''2023-02-07 00:00:00'',''2023-02-07 00:00:00'',''2023-02-07 00:00:00'',''2023-02-09 00:00:00'',''2023-02-08 00:00:00'',''2023-02-07 00:00:00'',''2023-02-07 00:00:00'',''2023-02-08 00:00:00'',''2023-02-07 00:00:00'',''2023-02-09 00:00:00'',''2023-02-07 00:00:00'',''2023-02-07 00:00:00'',''2023-02-08 00:00:00'',''2023-02-08 00:00:00'',''2023-02-08 00:00:00'',''2023-02-08 00:00:00'',''2023-02-07 00:00:00'',''2023-02-09 00:00:00'',''2023-02-07 00:00:00'',''2023-02-08 00:00:00'',''2023-02-07 00:00:00'',''2023-02-07 00:00:00'',''2023-02-07 00:00:00'',''2023-02-08 00:00:00'',''2023-02-08 00:00:00'',''2023-02-07 00:00:00'',''2023-02-08 00:00:00'',''2023-02-09 00:00:00'',''2023-02-07 00:00:00'',''2023-02-07 00:00:00'',''2023-02-07 00:00:00'',''2023-02-07 00:00:00'',''2023-02-07 00:00:00'',''2023-02-08 00:00:00'',''2023-02-08 00:00:00'',''2023-02-07 00:00:00''}",0,0.0,12,4050,1,1,0
iOS,"1001139",GE,"1.01","1.01",organic,2023-02-07 20:54:46,2023-02-07 20:56:22,"{''2023-02-07 00:00:00'',''2023-02-07 00:00:00'',''2023-02-07 00:00:00'',''2023-02-07 00:00:00'',''2023-02-07 00:00:00''}",0,0.0,0,0,0,0,0
android,"1001141",RU,"1.01","1.01",paid,2023-02-07 21:06:21,2023-02-07 21:08:13,"{''2023-02-07 00:00:00'',''2023-02-07 00:00:00'',''2023-02-07 00:00:00'',''2023-02-07 00:00:00'',''2023-02-07 00:00:00'',''2023-02-07 00:00:00'',''2023-02-07 00:00:00'',''2023-02-07 00:00:00'',''2023-02-07 00:00:00''}",0,0.0,0,0,0,0,0
android,"1001142",RU,"1.01","1.01",paid,2023-02-07 21:10:35,2023-02-07 21:12:21,"{''2023-02-07 00:00:00'',''2023-02-07 00:00:00'',''2023-02-07 00:00:00'',''2023-02-07 00:00:00'',''2023-02-07 00:00:00'',''2023-02-07 00:00:00''}",0,0.0,0,0,0,0,0
android,"1001144",DE,"1.01","1.01",organic,2023-02-07 21:24:02,2023-02-07 21:26:25,"{''2023-02-07 00:00:00'',''2023-02-07 00:00:00'',''2023-02-07 00:00:00'',''2023-02-07 00:00:00'',''2023-02-07 00:00:00'',''2023-02-07 00:00:00'',''2023-02-07 00:00:00'',''2023-02-07 00:00:00''}",0,0.0,0,0,0,0,0
iOS,"1001145",ES,"1.01","1.01",organic,2023-02-07 21:26:24,2023-02-07 21:28:10,"{''2023-02-07 00:00:00'',''2023-02-07 00:00:00'',''2023-02-07 00:00:00'',''2023-02-07 00:00:00'',''2023-02-07 00:00:00''}",0,0.0,0,0,0,0,0
iOS,"1001146",BY,"1.01","1.01",organic,2023-02-07 21:39:59,2023-02-07 21:41:59,"{''2023-02-07 00:00:00'',''2023-02-07 00:00:00'',''2023-02-07 00:00:00'',''2023-02-07 00:00:00'',''2023-02-07 00:00:00'',''2023-02-07 00:00:00'',''2023-02-07 00:00:00'',''2023-02-07 00:00:00'',''2023-02-07 00:00:00'',''2023-02-07 00:00:00''}",0,0.0,0,0,0,0,0
iOS,"1001147",KZ,"1.01","1.01",organic,2023-02-07 21:42:21,2023-02-07 21:44:06,"{''2023-02-07 00:00:00'',''2023-02-07 00:00:00'',''2023-02-07 00:00:00'',''2023-02-07 00:00:00'',''2023-02-07 00:00:00'',''2023-02-07 00:00:00'',''2023-02-07 00:00:00'',''2023-02-07 00:00:00'',''2023-02-07 00:00:00'',''2023-02-07 00:00:00''}",0,0.0,1,50,0,0,0
android,"1001149",ES,"1.01","1.01",organic,2023-02-07 21:52:16,2023-02-07 21:57:52,"{''2023-02-07 00:00:00'',''2023-02-07 00:00:00'',''2023-02-07 00:00:00'',''2023-02-07 00:00:00'',''2023-02-07 00:00:00'',''2023-02-07 00:00:00'',''2023-02-07 00:00:00'',''2023-02-07 00:00:00'',''2023-02-07 00:00:00'',''2023-02-07 00:00:00'',''2023-02-07 00:00:00'',''2023-02-07 00:00:00'',''2023-02-07 00:00:00'',''2023-02-07 00:00:00'',''2023-02-07 00:00:00'',''2023-02-07 00:00:00'',''2023-02-07 00:00:00'',''2023-02-07 00:00:00'',''2023-02-07 00:00:00''}",0,0.0,4,950,0,0,0
iOS,"1001151",RU,"1.01","1.01",organic,2023-02-07 22:07:10,2023-02-07 23:10:47,"{''2023-02-07 00:00:00'',''2023-02-07 00:00:00'',''2023-02-07 00:00:00'',''2023-02-07 00:00:00'',''2023-02-07 00:00:00'',''2023-02-07 00:00:00'',''2023-02-07 00:00:00'',''2023-02-07 00:00:00'',''2023-02-07 00:00:00'',''2023-02-07 00:00:00'',''2023-02-07 00:00:00'',''2023-02-07 00:00:00'',''2023-02-07 00:00:00'',''2023-02-07 00:00:00'',''2023-02-07 00:00:00'',''2023-02-07 00:00:00'',''2023-02-07 00:00:00'',''2023-02-07 00:00:00'',''2023-02-07 00:00:00'',''2023-02-07 00:00:00'',''2023-02-07 00:00:00'',''2023-02-07 00:00:00'',''2023-02-07 00:00:00'',''2023-02-07 00:00:00''}",0,0.0,6,1150,1,0,0
iOS,"1001152",US,"1.01","1.01",paid,2023-02-07 22:16:23,2023-02-07 22:18:51,"{''2023-02-07 00:00:00'',''2023-02-07 00:00:00'',''2023-02-07 00:00:00'',''2023-02-07 00:00:00'',''2023-02-07 00:00:00'',''2023-02-07 00:00:00'',''2023-02-07 00:00:00'',''2023-02-07 00:00:00'',''2023-02-07 00:00:00'',''2023-02-07 00:00:00''}",0,0.0,0,0,0,0,0
android,"1001153",US,"1.01","1.01",paid,2023-02-07 22:22:04,2023-02-07 22:28:43,"{''2023-02-07 00:00:00'',''2023-02-07 00:00:00'',''2023-02-07 00:00:00'',''2023-02-07 00:00:00'',''2023-02-07 00:00:00'',''2023-02-07 00:00:00'',''2023-02-07 00:00:00'',''2023-02-07 00:00:00'',''2023-02-07 00:00:00'',''2023-02-07 00:00:00'',''2023-02-07 00:00:00'',''2023-02-07 00:00:00'',''2023-02-07 00:00:00'',''2023-02-07 00:00:00'',''2023-02-07 00:00:00'',''2023-02-07 00:00:00'',''2023-02-07 00:00:00'',''2023-02-07 00:00:00'',''2023-02-07 00:00:00''}",0,0.0,4,950,0,0,0
android,"1001154",RU,"1.01","1.01",organic,2023-02-07 22:27:45,2023-02-07 22:29:38,"{''2023-02-07 00:00:00'',''2023-02-07 00:00:00'',''2023-02-07 00:00:00'',''2023-02-07 00:00:00'',''2023-02-07 00:00:00'',''2023-02-07 00:00:00'',''2023-02-07 00:00:00''}",0,0.0,0,0,0,0,0
android,"1001156",RU,"1.01","1.01",organic,2023-02-07 22:47:01,2023-02-07 22:50:50,"{''2023-02-07 00:00:00'',''2023-02-07 00:00:00'',''2023-02-07 00:00:00'',''2023-02-07 00:00:00'',''2023-02-07 00:00:00'',''2023-02-07 00:00:00'',''2023-02-07 00:00:00'',''2023-02-07 00:00:00'',''2023-02-07 00:00:00'',''2023-02-07 00:00:00'',''2023-02-07 00:00:00'',''2023-02-07 00:00:00'',''2023-02-07 00:00:00'',''2023-02-07 00:00:00'',''2023-02-07 00:00:00''}",0,0.0,3,750,0,0,0
android,"1001158",RU,"1.01","1.01",organic,2023-02-07 23:09:49,2023-02-07 23:11:38,"{''2023-02-07 00:00:00'',''2023-02-07 00:00:00'',''2023-02-07 00:00:00''}",0,0.0,0,0,0,0,0
iOS,"1001159",GE,"1.01","1.01",organic,2023-02-07 23:19:02,2023-02-08 23:27:26,"{''2023-02-07 00:00:00'',''2023-02-07 00:00:00'',''2023-02-08 00:00:00'',''2023-02-07 00:00:00'',''2023-02-07 00:00:00'',''2023-02-08 00:00:00'',''2023-02-08 00:00:00'',''2023-02-08 00:00:00'',''2023-02-07 00:00:00'',''2023-02-07 00:00:00'',''2023-02-07 00:00:00'',''2023-02-07 00:00:00'',''2023-02-07 00:00:00'',''2023-02-08 00:00:00'',''2023-02-08 00:00:00'',''2023-02-07 00:00:00'',''2023-02-08 00:00:00'',''2023-02-07 00:00:00'',''2023-02-07 00:00:00'',''2023-02-08 00:00:00'',''2023-02-07 00:00:00'',''2023-02-07 00:00:00'',''2023-02-07 00:00:00'',''2023-02-08 00:00:00'',''2023-02-07 00:00:00'',''2023-02-07 00:00:00'',''2023-02-08 00:00:00'',''2023-02-07 00:00:00'',''2023-02-07 00:00:00'',''2023-02-07 00:00:00'',''2023-02-07 00:00:00'',''2023-02-08 00:00:00'',''2023-02-08 00:00:00''}",0,0.0,10,3050,1,0,0
android,"1001160",GE,"1.01","1.01",organic,2023-02-07 23:28:15,2023-02-07 23:34:55,"{''2023-02-07 00:00:00'',''2023-02-07 00:00:00'',''2023-02-07 00:00:00'',''2023-02-07 00:00:00'',''2023-02-07 00:00:00'',''2023-02-07 00:00:00'',''2023-02-07 00:00:00'',''2023-02-07 00:00:00'',''2023-02-07 00:00:00'',''2023-02-07 00:00:00'',''2023-02-07 00:00:00'',''2023-02-07 00:00:00'',''2023-02-07 00:00:00'',''2023-02-07 00:00:00'',''2023-02-07 00:00:00'',''2023-02-07 00:00:00'',''2023-02-07 00:00:00'',''2023-02-07 00:00:00'',''2023-02-07 00:00:00''}",0,0.0,4,950,0,0,0
android,"1001161",RU,"1.01","1.01",paid,2023-02-07 23:33:56,2023-02-08 22:57:00,"{''2023-02-08 00:00:00'',''2023-02-07 00:00:00'',''2023-02-07 00:00:00'',''2023-02-07 00:00:00'',''2023-02-08 00:00:00'',''2023-02-07 00:00:00'',''2023-02-08 00:00:00'',''2023-02-08 00:00:00'',''2023-02-07 00:00:00'',''2023-02-07 00:00:00'',''2023-02-07 00:00:00'',''2023-02-07 00:00:00'',''2023-02-07 00:00:00'',''2023-02-08 00:00:00'',''2023-02-08 00:00:00'',''2023-02-08 00:00:00'',''2023-02-08 00:00:00'',''2023-02-07 00:00:00'',''2023-02-07 00:00:00'',''2023-02-07 00:00:00'',''2023-02-07 00:00:00'',''2023-02-08 00:00:00'',''2023-02-07 00:00:00'',''2023-02-08 00:00:00'',''2023-02-07 00:00:00'',''2023-02-07 00:00:00'',''2023-02-07 00:00:00'',''2023-02-07 00:00:00'',''2023-02-07 00:00:00'',''2023-02-07 00:00:00'',''2023-02-08 00:00:00'',''2023-02-07 00:00:00'',''2023-02-08 00:00:00''}",0,0.0,10,3050,1,0,0
iOS,"1001162",DE,"1.01","1.01",organic,2023-02-07 23:38:10,2023-02-07 23:39:18,"{''2023-02-07 00:00:00'',''2023-02-07 00:00:00'',''2023-02-07 00:00:00'',''2023-02-07 00:00:00''}",0,0.0,0,0,0,0,0
android,"1001167",DE,"1.01","1.01",organic,2023-02-08 00:16:47,2023-02-08 00:18:32,"{''2023-02-08 00:00:00'',''2023-02-08 00:00:00'',''2023-02-08 00:00:00'',''2023-02-08 00:00:00'',''2023-02-08 00:00:00'',''2023-02-08 00:00:00'',''2023-02-08 00:00:00'',''2023-02-08 00:00:00''}",0,0.0,0,0,0,0,0
iOS,"1001171",DE,"1.01","1.01",organic,2023-02-08 00:44:06,2023-02-08 00:45:50,"{''2023-02-08 00:00:00'',''2023-02-08 00:00:00'',''2023-02-08 00:00:00'',''2023-02-08 00:00:00'',''2023-02-08 00:00:00'',''2023-02-08 00:00:00''}",0,0.0,0,0,0,0,0
iOS,"1001172",DE,"1.01","1.01",paid,2023-02-08 00:49:47,2023-02-08 00:51:32,"{''2023-02-08 00:00:00'',''2023-02-08 00:00:00'',''2023-02-08 00:00:00'',''2023-02-08 00:00:00''}",0,0.0,0,0,0,0,0
iOS,"1001177",RU,"1.01","1.01",organic,2023-02-08 01:37:45,2023-02-08 01:39:14,"{''2023-02-08 00:00:00'',''2023-02-08 00:00:00'',''2023-02-08 00:00:00'',''2023-02-08 00:00:00'',''2023-02-08 00:00:00'',''2023-02-08 00:00:00''}",0,0.0,0,0,0,0,0
android,"1001178",RU,"1.01","1.01",organic,2023-02-08 01:41:59,2023-02-08 01:43:30,"{''2023-02-08 00:00:00'',''2023-02-08 00:00:00'',''2023-02-08 00:00:00'',''2023-02-08 00:00:00'',''2023-02-08 00:00:00'',''2023-02-08 00:00:00''}",0,0.0,0,0,0,0,0
android,"1001179",RU,"1.01","1.01",organic,2023-02-08 01:51:12,2023-02-08 01:52:42,"{''2023-02-08 00:00:00'',''2023-02-08 00:00:00'',''2023-02-08 00:00:00'',''2023-02-08 00:00:00'',''2023-02-08 00:00:00'',''2023-02-08 00:00:00''}",0,0.0,0,0,0,0,0
iOS,"1001183",DE,"1.01","1.01",organic,2023-02-08 02:22:03,2023-02-08 02:24:40,"{''2023-02-08 00:00:00'',''2023-02-08 00:00:00'',''2023-02-08 00:00:00'',''2023-02-08 00:00:00'',''2023-02-08 00:00:00'',''2023-02-08 00:00:00'',''2023-02-08 00:00:00'',''2023-02-08 00:00:00'',''2023-02-08 00:00:00'',''2023-02-08 00:00:00''}",0,0.0,1,50,0,0,0
android,"1001186",RU,"1.01","1.01",organic,2023-02-08 02:39:19,2023-02-08 02:45:37,"{''2023-02-08 00:00:00'',''2023-02-08 00:00:00'',''2023-02-08 00:00:00'',''2023-02-08 00:00:00'',''2023-02-08 00:00:00'',''2023-02-08 00:00:00'',''2023-02-08 00:00:00'',''2023-02-08 00:00:00'',''2023-02-08 00:00:00'',''2023-02-08 00:00:00'',''2023-02-08 00:00:00'',''2023-02-08 00:00:00'',''2023-02-08 00:00:00'',''2023-02-08 00:00:00'',''2023-02-08 00:00:00'',''2023-02-08 00:00:00'',''2023-02-08 00:00:00'',''2023-02-08 00:00:00'',''2023-02-08 00:00:00''}",0,0.0,4,950,0,0,0
android,"1001187",RU,"1.01","1.01",paid,2023-02-08 02:48:32,2023-02-08 02:50:22,"{''2023-02-08 00:00:00'',''2023-02-08 00:00:00'',''2023-02-08 00:00:00'',''2023-02-08 00:00:00'',''2023-02-08 00:00:00''}",0,0.0,0,0,0,0,0
android,"1001188",ES,"1.01","1.01",organic,2023-02-08 02:57:45,2023-02-08 03:02:41,"{''2023-02-08 00:00:00'',''2023-02-08 00:00:00'',''2023-02-08 00:00:00'',''2023-02-08 00:00:00'',''2023-02-08 00:00:00'',''2023-02-08 00:00:00'',''2023-02-08 00:00:00'',''2023-02-08 00:00:00'',''2023-02-08 00:00:00'',''2023-02-08 00:00:00'',''2023-02-08 00:00:00'',''2023-02-08 00:00:00'',''2023-02-08 00:00:00'',''2023-02-08 00:00:00'',''2023-02-08 00:00:00'',''2023-02-08 00:00:00'',''2023-02-08 00:00:00''}",0,0.0,4,850,0,0,0
android,"1001189",US,"1.01","1.01",paid,2023-02-08 03:11:20,2023-02-08 03:12:53,"{''2023-02-08 00:00:00'',''2023-02-08 00:00:00'',''2023-02-08 00:00:00'',''2023-02-08 00:00:00'',''2023-02-08 00:00:00''}",0,0.0,0,0,0,0,0
android,"1001190",BY,"1.01","1.01",organic,2023-02-08 03:17:01,2023-02-09 03:08:04,"{''2023-02-09 00:00:00'',''2023-02-09 00:00:00'',''2023-02-09 00:00:00'',''2023-02-08 00:00:00'',''2023-02-08 00:00:00'',''2023-02-08 00:00:00'',''2023-02-09 00:00:00'',''2023-02-08 00:00:00'',''2023-02-08 00:00:00'',''2023-02-08 00:00:00'',''2023-02-09 00:00:00'',''2023-02-08 00:00:00'',''2023-02-08 00:00:00'',''2023-02-09 00:00:00'',''2023-02-09 00:00:00'',''2023-02-09 00:00:00'',''2023-02-08 00:00:00'',''2023-02-08 00:00:00'',''2023-02-09 00:00:00'',''2023-02-08 00:00:00'',''2023-02-08 00:00:00'',''2023-02-08 00:00:00'',''2023-02-09 00:00:00'',''2023-02-08 00:00:00'',''2023-02-08 00:00:00'',''2023-02-08 00:00:00'',''2023-02-09 00:00:00'',''2023-02-09 00:00:00'',''2023-02-08 00:00:00'',''2023-02-08 00:00:00'',''2023-02-08 00:00:00'',''2023-02-08 00:00:00'',''2023-02-08 00:00:00''}",0,0.0,10,3050,1,0,0
android,"1001191",RU,"1.01","1.01",organic,2023-02-08 03:26:14,2023-02-09 03:13:16,"{''2023-02-08 00:00:00'',''2023-02-09 00:00:00'',''2023-02-09 00:00:00'',''2023-02-08 00:00:00'',''2023-02-08 00:00:00'',''2023-02-08 00:00:00'',''2023-02-09 00:00:00'',''2023-02-08 00:00:00'',''2023-02-09 00:00:00'',''2023-02-08 00:00:00'',''2023-02-08 00:00:00'',''2023-02-08 00:00:00'',''2023-02-09 00:00:00'',''2023-02-08 00:00:00'',''2023-02-08 00:00:00'',''2023-02-08 00:00:00'',''2023-02-08 00:00:00'',''2023-02-08 00:00:00'',''2023-02-09 00:00:00'',''2023-02-09 00:00:00'',''2023-02-08 00:00:00'',''2023-02-08 00:00:00'',''2023-02-09 00:00:00'',''2023-02-09 00:00:00'',''2023-02-08 00:00:00'',''2023-02-08 00:00:00'',''2023-02-08 00:00:00'',''2023-02-08 00:00:00'',''2023-02-08 00:00:00'',''2023-02-08 00:00:00'',''2023-02-09 00:00:00'',''2023-02-09 00:00:00''}",1,299.0,8,4250,1,0,0
android,"1001193",RU,"1.01","1.01",organic,2023-02-08 03:37:49,2023-02-08 03:39:31,"{''2023-02-08 00:00:00'',''2023-02-08 00:00:00'',''2023-02-08 00:00:00'',''2023-02-08 00:00:00''}",0,0.0,0,0,0,0,0
android,"1001194",NL,"1.01","1.01",organic,2023-02-08 03:42:03,2023-02-08 03:43:49,"{''2023-02-08 00:00:00'',''2023-02-08 00:00:00'',''2023-02-08 00:00:00'',''2023-02-08 00:00:00''}",0,0.0,0,0,0,0,0
android,"1001195",KZ,"1.01","1.01",organic,2023-02-08 03:51:16,2023-02-08 03:52:23,"{''2023-02-08 00:00:00'',''2023-02-08 00:00:00'',''2023-02-08 00:00:00''}",0,0.0,0,0,0,0,0
android,"1001197",ES,"1.01","1.01",organic,2023-02-08 04:09:05,2023-02-08 04:14:16,"{''2023-02-08 00:00:00'',''2023-02-08 00:00:00'',''2023-02-08 00:00:00'',''2023-02-08 00:00:00'',''2023-02-08 00:00:00'',''2023-02-08 00:00:00'',''2023-02-08 00:00:00'',''2023-02-08 00:00:00'',''2023-02-08 00:00:00'',''2023-02-08 00:00:00'',''2023-02-08 00:00:00'',''2023-02-08 00:00:00'',''2023-02-08 00:00:00'',''2023-02-08 00:00:00'',''2023-02-08 00:00:00'',''2023-02-08 00:00:00'',''2023-02-08 00:00:00''}",0,0.0,4,850,0,0,0
iOS,"1001199",IT,"1.01","1.01",paid,2023-02-08 04:36:15,2023-02-08 05:28:51,"{''2023-02-08 00:00:00'',''2023-02-08 00:00:00'',''2023-02-08 00:00:00'',''2023-02-08 00:00:00'',''2023-02-08 00:00:00'',''2023-02-08 00:00:00'',''2023-02-08 00:00:00'',''2023-02-08 00:00:00'',''2023-02-08 00:00:00'',''2023-02-08 00:00:00'',''2023-02-08 00:00:00'',''2023-02-08 00:00:00'',''2023-02-08 00:00:00'',''2023-02-08 00:00:00'',''2023-02-08 00:00:00'',''2023-02-08 00:00:00'',''2023-02-08 00:00:00'',''2023-02-08 00:00:00'',''2023-02-08 00:00:00'',''2023-02-08 00:00:00'',''2023-02-08 00:00:00'',''2023-02-08 00:00:00'',''2023-02-08 00:00:00'',''2023-02-08 00:00:00''}",0,0.0,6,1150,1,0,0
iOS,"1001200",RU,"1.01","1.01",organic,2023-02-08 04:41:56,2023-02-08 04:43:58,"{''2023-02-08 00:00:00'',''2023-02-08 00:00:00'',''2023-02-08 00:00:00'',''2023-02-08 00:00:00'',''2023-02-08 00:00:00''}",0,0.0,0,0,0,0,0
android,"1001201",KZ,"1.01","1.01",organic,2023-02-08 04:47:37,2023-02-08 04:49:05,"{''2023-02-08 00:00:00'',''2023-02-08 00:00:00'',''2023-02-08 00:00:00'',''2023-02-08 00:00:00''}",0,0.0,0,0,0,0,0
android,"1001203",RU,"1.01","1.01",organic,2023-02-08 05:14:47,2023-02-08 05:17:10,"{''2023-02-08 00:00:00'',''2023-02-08 00:00:00'',''2023-02-08 00:00:00'',''2023-02-08 00:00:00'',''2023-02-08 00:00:00'',''2023-02-08 00:00:00'',''2023-02-08 00:00:00'',''2023-02-08 00:00:00'',''2023-02-08 00:00:00'',''2023-02-08 00:00:00''}",0,0.0,1,50,0,0,0
android,"1001205",US,"1.01","1.01",organic,2023-02-08 05:26:22,2023-02-08 05:29:23,"{''2023-02-08 00:00:00'',''2023-02-08 00:00:00'',''2023-02-08 00:00:00'',''2023-02-08 00:00:00'',''2023-02-08 00:00:00'',''2023-02-08 00:00:00'',''2023-02-08 00:00:00'',''2023-02-08 00:00:00'',''2023-02-08 00:00:00'',''2023-02-08 00:00:00'',''2023-02-08 00:00:00'',''2023-02-08 00:00:00'',''2023-02-08 00:00:00''}",0,0.0,2,650,0,0,0
iOS,"1001207",US,"1.01","1.01",organic,2023-02-08 05:45:38,2023-02-08 05:47:41,"{''2023-02-08 00:00:00'',''2023-02-08 00:00:00'',''2023-02-08 00:00:00'',''2023-02-08 00:00:00'',''2023-02-08 00:00:00'',''2023-02-08 00:00:00''}",0,0.0,0,0,0,0,0
android,"1001209",LT,"1.01","1.01",organic,2023-02-08 06:04:54,2023-02-09 06:10:03,"{''2023-02-08 00:00:00'',''2023-02-08 00:00:00'',''2023-02-08 00:00:00'',''2023-02-09 00:00:00'',''2023-02-09 00:00:00'',''2023-02-08 00:00:00'',''2023-02-08 00:00:00'',''2023-02-08 00:00:00'',''2023-02-08 00:00:00'',''2023-02-08 00:00:00'',''2023-02-08 00:00:00'',''2023-02-08 00:00:00'',''2023-02-08 00:00:00'',''2023-02-08 00:00:00'',''2023-02-08 00:00:00'',''2023-02-09 00:00:00'',''2023-02-08 00:00:00'',''2023-02-09 00:00:00'',''2023-02-08 00:00:00'',''2023-02-08 00:00:00'',''2023-02-09 00:00:00'',''2023-02-09 00:00:00'',''2023-02-09 00:00:00'',''2023-02-08 00:00:00'',''2023-02-09 00:00:00'',''2023-02-09 00:00:00'',''2023-02-08 00:00:00'',''2023-02-08 00:00:00'',''2023-02-09 00:00:00'',''2023-02-08 00:00:00'',''2023-02-08 00:00:00''}",1,99.0,9,2750,1,0,0
android,"1001211",DE,"1.01","1.01",organic,2023-02-08 06:19:48,2023-02-08 06:21:39,"{''2023-02-08 00:00:00'',''2023-02-08 00:00:00'',''2023-02-08 00:00:00'',''2023-02-08 00:00:00'',''2023-02-08 00:00:00'',''2023-02-08 00:00:00''}",0,0.0,0,0,0,0,0
iOS,"1001213",CA,"1.01","1.01",organic,2023-02-08 06:39:04,2023-02-09 05:57:46,"{''2023-02-08 00:00:00'',''2023-02-08 00:00:00'',''2023-02-08 00:00:00'',''2023-02-09 00:00:00'',''2023-02-09 00:00:00'',''2023-02-09 00:00:00'',''2023-02-08 00:00:00'',''2023-02-08 00:00:00'',''2023-02-09 00:00:00'',''2023-02-08 00:00:00'',''2023-02-09 00:00:00'',''2023-02-09 00:00:00'',''2023-02-09 00:00:00'',''2023-02-08 00:00:00'',''2023-02-09 00:00:00'',''2023-02-08 00:00:00'',''2023-02-09 00:00:00'',''2023-02-09 00:00:00'',''2023-02-08 00:00:00'',''2023-02-08 00:00:00'',''2023-02-08 00:00:00'',''2023-02-08 00:00:00'',''2023-02-08 00:00:00'',''2023-02-08 00:00:00'',''2023-02-08 00:00:00'',''2023-02-09 00:00:00'',''2023-02-08 00:00:00'',''2023-02-08 00:00:00'',''2023-02-08 00:00:00'',''2023-02-08 00:00:00'',''2023-02-08 00:00:00'',''2023-02-08 00:00:00'',''2023-02-09 00:00:00''}",0,0.0,10,3050,1,0,0
android,"1001215",DE,"1.01","1.01",organic,2023-02-08 06:58:20,2023-02-08 07:01:43,"{''2023-02-08 00:00:00'',''2023-02-08 00:00:00'',''2023-02-08 00:00:00'',''2023-02-08 00:00:00'',''2023-02-08 00:00:00'',''2023-02-08 00:00:00'',''2023-02-08 00:00:00'',''2023-02-08 00:00:00'',''2023-02-08 00:00:00'',''2023-02-08 00:00:00'',''2023-02-08 00:00:00'',''2023-02-08 00:00:00'',''2023-02-08 00:00:00''}",0,0.0,2,650,0,0,0
iOS,"1001220",KZ,"1.01","1.01",paid,2023-02-08 07:58:21,2023-02-08 08:00:27,"{''2023-02-08 00:00:00'',''2023-02-08 00:00:00'',''2023-02-08 00:00:00'',''2023-02-08 00:00:00'',''2023-02-08 00:00:00'',''2023-02-08 00:00:00'',''2023-02-08 00:00:00'',''2023-02-08 00:00:00'',''2023-02-08 00:00:00''}",0,0.0,0,0,0,0,0
iOS,"1001221",CA,"1.02","1.02",organic,2023-02-08 08:07:34,2023-02-08 08:09:42,"{''2023-02-08 00:00:00'',''2023-02-08 00:00:00'',''2023-02-08 00:00:00'',''2023-02-08 00:00:00'',''2023-02-08 00:00:00'',''2023-02-08 00:00:00'',''2023-02-08 00:00:00''}",0,0.0,0,0,0,0,0
android,"1001223",DE,"1.02","1.02",paid,2023-02-08 08:30:22,2023-02-08 08:35:23,"{''2023-02-08 00:00:00'',''2023-02-08 00:00:00'',''2023-02-08 00:00:00'',''2023-02-08 00:00:00'',''2023-02-08 00:00:00'',''2023-02-08 00:00:00'',''2023-02-08 00:00:00'',''2023-02-08 00:00:00'',''2023-02-08 00:00:00'',''2023-02-08 00:00:00'',''2023-02-08 00:00:00'',''2023-02-08 00:00:00'',''2023-02-08 00:00:00'',''2023-02-08 00:00:00'',''2023-02-08 00:00:00''}",0,0.0,3,750,0,0,0
iOS,"1001224",US,"1.02","1.02",organic,2023-02-08 08:32:44,2023-02-08 08:34:53,"{''2023-02-08 00:00:00'',''2023-02-08 00:00:00'',''2023-02-08 00:00:00'',''2023-02-08 00:00:00'',''2023-02-08 00:00:00'',''2023-02-08 00:00:00'',''2023-02-08 00:00:00'',''2023-02-08 00:00:00'',''2023-02-08 00:00:00''}",0,0.0,0,0,0,0,0
android,"1001225",KZ,"1.02","1.02",organic,2023-02-08 08:38:25,2023-02-08 08:40:25,"{''2023-02-08 00:00:00'',''2023-02-08 00:00:00'',''2023-02-08 00:00:00'',''2023-02-08 00:00:00'',''2023-02-08 00:00:00'',''2023-02-08 00:00:00'',''2023-02-08 00:00:00''}",0,0.0,0,0,0,0,0
android,"1001226",PL,"1.02","1.02",organic,2023-02-08 08:44:06,2023-02-08 08:46:04,"{''2023-02-08 00:00:00'',''2023-02-08 00:00:00'',''2023-02-08 00:00:00'',''2023-02-08 00:00:00'',''2023-02-08 00:00:00'',''2023-02-08 00:00:00'',''2023-02-08 00:00:00'',''2023-02-08 00:00:00'',''2023-02-08 00:00:00''}",0,0.0,0,0,0,0,0
android,"1001230",RU,"1.02","1.02",paid,2023-02-08 09:08:55,2023-02-08 09:10:27,"{''2023-02-08 00:00:00'',''2023-02-08 00:00:00'',''2023-02-08 00:00:00''}",0,0.0,0,0,0,0,0
iOS,"1001232",DE,"1.02","1.02",organic,2023-02-08 09:31:43,2023-02-08 09:33:07,"{''2023-02-08 00:00:00'',''2023-02-08 00:00:00'',''2023-02-08 00:00:00'',''2023-02-08 00:00:00''}",0,0.0,0,0,0,0,0
iOS,"1001233",DE,"1.02","1.02",organic,2023-02-08 09:40:56,2023-02-08 09:45:11,"{''2023-02-08 00:00:00'',''2023-02-08 00:00:00'',''2023-02-08 00:00:00'',''2023-02-08 00:00:00'',''2023-02-08 00:00:00'',''2023-02-08 00:00:00'',''2023-02-08 00:00:00'',''2023-02-08 00:00:00'',''2023-02-08 00:00:00'',''2023-02-08 00:00:00'',''2023-02-08 00:00:00'',''2023-02-08 00:00:00'',''2023-02-08 00:00:00'',''2023-02-08 00:00:00'',''2023-02-08 00:00:00''}",0,0.0,3,750,0,0,0
android,"1001234",DE,"1.02","1.02",organic,2023-02-08 09:54:31,2023-02-08 09:55:58,"{''2023-02-08 00:00:00'',''2023-02-08 00:00:00'',''2023-02-08 00:00:00''}",0,0.0,0,0,0,0,0
iOS,"1001235",CA,"1.02","1.02",organic,2023-02-08 10:08:06,2023-02-08 10:09:35,"{''2023-02-08 00:00:00'',''2023-02-08 00:00:00'',''2023-02-08 00:00:00'',''2023-02-08 00:00:00''}",0,0.0,0,0,0,0,0
android,"1001236",NL,"1.02","1.02",organic,2023-02-08 10:12:20,2023-02-09 09:56:50,"{''2023-02-08 00:00:00'',''2023-02-08 00:00:00'',''2023-02-08 00:00:00'',''2023-02-08 00:00:00'',''2023-02-08 00:00:00'',''2023-02-09 00:00:00'',''2023-02-09 00:00:00'',''2023-02-08 00:00:00'',''2023-02-08 00:00:00'',''2023-02-09 00:00:00'',''2023-02-08 00:00:00'',''2023-02-08 00:00:00'',''2023-02-08 00:00:00'',''2023-02-09 00:00:00'',''2023-02-08 00:00:00'',''2023-02-09 00:00:00'',''2023-02-08 00:00:00'',''2023-02-08 00:00:00'',''2023-02-09 00:00:00'',''2023-02-08 00:00:00'',''2023-02-09 00:00:00'',''2023-02-08 00:00:00'',''2023-02-09 00:00:00'',''2023-02-08 00:00:00'',''2023-02-09 00:00:00'',''2023-02-08 00:00:00'',''2023-02-08 00:00:00'',''2023-02-08 00:00:00'',''2023-02-09 00:00:00'',''2023-02-08 00:00:00'',''2023-02-08 00:00:00'',''2023-02-09 00:00:00'',''2023-02-09 00:00:00''}",0,0.0,10,3050,1,0,0
iOS,"1001239",RU,"1.02","1.02",organic,2023-02-08 10:32:55,2023-02-08 10:34:48,"{''2023-02-08 00:00:00'',''2023-02-08 00:00:00'',''2023-02-08 00:00:00'',''2023-02-08 00:00:00'',''2023-02-08 00:00:00''}",0,0.0,0,0,0,0,0
android,"1001243",PL,"1.02","1.02",organic,2023-02-08 11:14:09,2023-02-08 11:14:09,{''2023-02-08 00:00:00''},0,0.0,0,0,0,0,0
android,"1001244",LV,"1.02","1.02",organic,2023-02-08 11:19:50,2023-02-08 11:21:25,"{''2023-02-08 00:00:00'',''2023-02-08 00:00:00'',''2023-02-08 00:00:00'',''2023-02-08 00:00:00'',''2023-02-08 00:00:00'',''2023-02-08 00:00:00'',''2023-02-08 00:00:00''}",0,0.0,0,0,0,0,0
android,"1001245",PL,"1.02","1.02",organic,2023-02-08 11:24:04,2023-02-08 11:30:22,"{''2023-02-08 00:00:00'',''2023-02-08 00:00:00'',''2023-02-08 00:00:00'',''2023-02-08 00:00:00'',''2023-02-08 00:00:00'',''2023-02-08 00:00:00'',''2023-02-08 00:00:00'',''2023-02-08 00:00:00'',''2023-02-08 00:00:00'',''2023-02-08 00:00:00'',''2023-02-08 00:00:00'',''2023-02-08 00:00:00'',''2023-02-08 00:00:00'',''2023-02-08 00:00:00'',''2023-02-08 00:00:00'',''2023-02-08 00:00:00'',''2023-02-08 00:00:00'',''2023-02-08 00:00:00'',''2023-02-08 00:00:00''}",0,0.0,4,950,0,0,0
iOS,"1001247",BY,"1.02","1.02",organic,2023-02-08 11:42:30,2023-02-08 11:54:28,"{''2023-02-08 00:00:00'',''2023-02-08 00:00:00'',''2023-02-08 00:00:00'',''2023-02-08 00:00:00'',''2023-02-08 00:00:00'',''2023-02-08 00:00:00'',''2023-02-08 00:00:00'',''2023-02-08 00:00:00'',''2023-02-08 00:00:00'',''2023-02-08 00:00:00'',''2023-02-08 00:00:00'',''2023-02-08 00:00:00'',''2023-02-08 00:00:00'',''2023-02-08 00:00:00'',''2023-02-08 00:00:00'',''2023-02-08 00:00:00'',''2023-02-08 00:00:00'',''2023-02-08 00:00:00'',''2023-02-08 00:00:00'',''2023-02-08 00:00:00''}",1,399.0,3,950,0,0,0
iOS,"1001248",CA,"1.02","1.02",paid,2023-02-08 11:56:05,2023-02-08 12:01:49,"{''2023-02-08 00:00:00'',''2023-02-08 00:00:00'',''2023-02-08 00:00:00'',''2023-02-08 00:00:00'',''2023-02-08 00:00:00'',''2023-02-08 00:00:00'',''2023-02-08 00:00:00'',''2023-02-08 00:00:00'',''2023-02-08 00:00:00'',''2023-02-08 00:00:00'',''2023-02-08 00:00:00'',''2023-02-08 00:00:00'',''2023-02-08 00:00:00'',''2023-02-08 00:00:00'',''2023-02-08 00:00:00'',''2023-02-08 00:00:00'',''2023-02-08 00:00:00'',''2023-02-08 00:00:00'',''2023-02-08 00:00:00''}",0,0.0,4,950,0,0,0
iOS,"1001250",ES,"1.02","1.02",paid,2023-02-08 12:10:59,2023-02-09 11:58:51,"{''2023-02-08 00:00:00'',''2023-02-08 00:00:00'',''2023-02-08 00:00:00'',''2023-02-08 00:00:00'',''2023-02-09 00:00:00'',''2023-02-09 00:00:00'',''2023-02-09 00:00:00'',''2023-02-08 00:00:00'',''2023-02-08 00:00:00'',''2023-02-08 00:00:00'',''2023-02-08 00:00:00'',''2023-02-09 00:00:00'',''2023-02-09 00:00:00'',''2023-02-09 00:00:00'',''2023-02-09 00:00:00'',''2023-02-08 00:00:00'',''2023-02-08 00:00:00'',''2023-02-08 00:00:00'',''2023-02-08 00:00:00'',''2023-02-09 00:00:00'',''2023-02-09 00:00:00'',''2023-02-08 00:00:00'',''2023-02-08 00:00:00'',''2023-02-08 00:00:00'',''2023-02-09 00:00:00'',''2023-02-08 00:00:00'',''2023-02-09 00:00:00'',''2023-02-08 00:00:00'',''2023-02-08 00:00:00'',''2023-02-08 00:00:00'',''2023-02-08 00:00:00'',''2023-02-09 00:00:00'',''2023-02-08 00:00:00''}",0,0.0,10,3050,1,0,0
iOS,"1001251",US,"1.02","1.02",organic,2023-02-08 12:16:40,2023-02-10 11:34:16,"{''2023-02-08 00:00:00'',''2023-02-09 00:00:00'',''2023-02-08 00:00:00'',''2023-02-08 00:00:00'',''2023-02-08 00:00:00'',''2023-02-08 00:00:00'',''2023-02-10 00:00:00'',''2023-02-08 00:00:00'',''2023-02-10 00:00:00'',''2023-02-08 00:00:00'',''2023-02-08 00:00:00'',''2023-02-10 00:00:00'',''2023-02-08 00:00:00'',''2023-02-08 00:00:00'',''2023-02-09 00:00:00'',''2023-02-08 00:00:00'',''2023-02-08 00:00:00'',''2023-02-09 00:00:00'',''2023-02-09 00:00:00'',''2023-02-09 00:00:00'',''2023-02-09 00:00:00'',''2023-02-09 00:00:00'',''2023-02-08 00:00:00'',''2023-02-09 00:00:00'',''2023-02-08 00:00:00'',''2023-02-08 00:00:00'',''2023-02-08 00:00:00'',''2023-02-08 00:00:00'',''2023-02-08 00:00:00'',''2023-02-08 00:00:00'',''2023-02-09 00:00:00'',''2023-02-09 00:00:00'',''2023-02-09 00:00:00'',''2023-02-08 00:00:00'',''2023-02-08 00:00:00'',''2023-02-10 00:00:00'',''2023-02-09 00:00:00''}",0,0.0,12,4050,1,1,0
android,"1001253",ES,"1.02","1.02",organic,2023-02-08 12:31:34,2023-02-10 12:05:57,"{''2023-02-09 00:00:00'',''2023-02-08 00:00:00'',''2023-02-09 00:00:00'',''2023-02-08 00:00:00'',''2023-02-10 00:00:00'',''2023-02-08 00:00:00'',''2023-02-08 00:00:00'',''2023-02-09 00:00:00'',''2023-02-09 00:00:00'',''2023-02-08 00:00:00'',''2023-02-08 00:00:00'',''2023-02-08 00:00:00'',''2023-02-08 00:00:00'',''2023-02-10 00:00:00'',''2023-02-08 00:00:00'',''2023-02-08 00:00:00'',''2023-02-08 00:00:00'',''2023-02-08 00:00:00'',''2023-02-09 00:00:00'',''2023-02-08 00:00:00'',''2023-02-08 00:00:00'',''2023-02-09 00:00:00'',''2023-02-08 00:00:00'',''2023-02-09 00:00:00'',''2023-02-08 00:00:00'',''2023-02-09 00:00:00'',''2023-02-08 00:00:00'',''2023-02-08 00:00:00'',''2023-02-10 00:00:00'',''2023-02-09 00:00:00'',''2023-02-08 00:00:00'',''2023-02-08 00:00:00'',''2023-02-10 00:00:00'',''2023-02-09 00:00:00'',''2023-02-09 00:00:00'',''2023-02-08 00:00:00'',''2023-02-09 00:00:00''}",0,0.0,11,4050,1,1,0
iOS,"1001254",PL,"1.02","1.02",organic,2023-02-08 12:45:09,2023-02-08 12:47:03,"{''2023-02-08 00:00:00'',''2023-02-08 00:00:00'',''2023-02-08 00:00:00''}",0,0.0,0,0,0,0,0
iOS,"1001257",US,"1.02","1.02",organic,2023-02-08 13:00:58,2023-02-08 13:05:07,"{''2023-02-08 00:00:00'',''2023-02-08 00:00:00'',''2023-02-08 00:00:00'',''2023-02-08 00:00:00'',''2023-02-08 00:00:00'',''2023-02-08 00:00:00'',''2023-02-08 00:00:00'',''2023-02-08 00:00:00'',''2023-02-08 00:00:00'',''2023-02-08 00:00:00'',''2023-02-08 00:00:00'',''2023-02-08 00:00:00'',''2023-02-08 00:00:00'',''2023-02-08 00:00:00'',''2023-02-08 00:00:00''}",0,0.0,3,750,0,0,0
android,"1001258",CA,"1.02","1.02",paid,2023-02-08 13:14:33,2023-02-08 13:16:27,"{''2023-02-08 00:00:00'',''2023-02-08 00:00:00'',''2023-02-08 00:00:00''}",0,0.0,0,0,0,0,0
android,"1001259",ES,"1.02","1.02",paid,2023-02-08 13:23:46,2023-02-08 13:27:39,"{''2023-02-08 00:00:00'',''2023-02-08 00:00:00'',''2023-02-08 00:00:00'',''2023-02-08 00:00:00'',''2023-02-08 00:00:00'',''2023-02-08 00:00:00'',''2023-02-08 00:00:00'',''2023-02-08 00:00:00'',''2023-02-08 00:00:00'',''2023-02-08 00:00:00'',''2023-02-08 00:00:00'',''2023-02-08 00:00:00'',''2023-02-08 00:00:00''}",0,0.0,2,650,0,0,0
android,"1001261",GE,"1.02","1.02",organic,2023-02-08 13:37:13,2023-02-10 12:43:55,"{''2023-02-08 00:00:00'',''2023-02-08 00:00:00'',''2023-02-08 00:00:00'',''2023-02-08 00:00:00'',''2023-02-08 00:00:00'',''2023-02-10 00:00:00'',''2023-02-09 00:00:00'',''2023-02-09 00:00:00'',''2023-02-08 00:00:00'',''2023-02-08 00:00:00'',''2023-02-08 00:00:00'',''2023-02-09 00:00:00'',''2023-02-08 00:00:00'',''2023-02-08 00:00:00'',''2023-02-09 00:00:00'',''2023-02-08 00:00:00'',''2023-02-08 00:00:00'',''2023-02-08 00:00:00'',''2023-02-09 00:00:00'',''2023-02-08 00:00:00'',''2023-02-09 00:00:00'',''2023-02-08 00:00:00'',''2023-02-10 00:00:00'',''2023-02-08 00:00:00'',''2023-02-09 00:00:00'',''2023-02-08 00:00:00'',''2023-02-08 00:00:00'',''2023-02-10 00:00:00'',''2023-02-09 00:00:00'',''2023-02-09 00:00:00'',''2023-02-08 00:00:00'',''2023-02-09 00:00:00'',''2023-02-08 00:00:00'',''2023-02-09 00:00:00'',''2023-02-08 00:00:00'',''2023-02-09 00:00:00'',''2023-02-10 00:00:00''}",0,0.0,11,4050,1,1,0
android,"1001262",US,"1.02","1.02",organic,2023-02-08 13:46:26,2023-02-08 13:48:20,"{''2023-02-08 00:00:00'',''2023-02-08 00:00:00'',''2023-02-08 00:00:00'',''2023-02-08 00:00:00''}",0,0.0,0,0,0,0,0
android,"1001263",US,"1.02","1.02",organic,2023-02-08 13:50:40,2023-02-08 13:52:15,"{''2023-02-08 00:00:00'',''2023-02-08 00:00:00'',''2023-02-08 00:00:00'',''2023-02-08 00:00:00''}",0,0.0,0,0,0,0,0
android,"1001264",US,"1.02","1.02",paid,2023-02-08 14:04:15,2023-02-08 14:06:35,"{''2023-02-08 00:00:00'',''2023-02-08 00:00:00'',''2023-02-08 00:00:00'',''2023-02-08 00:00:00'',''2023-02-08 00:00:00'',''2023-02-08 00:00:00'',''2023-02-08 00:00:00'',''2023-02-08 00:00:00'',''2023-02-08 00:00:00'',''2023-02-08 00:00:00''}",0,0.0,1,50,0,0,0
android,"1001266",GE,"1.02","1.02",organic,2023-02-08 14:15:50,2023-02-08 14:17:39,"{''2023-02-08 00:00:00'',''2023-02-08 00:00:00'',''2023-02-08 00:00:00''}",0,0.0,0,0,0,0,0
android,"1001269",KZ,"1.02","1.02",paid,2023-02-08 14:44:19,2023-02-08 14:46:30,"{''2023-02-08 00:00:00'',''2023-02-08 00:00:00'',''2023-02-08 00:00:00'',''2023-02-08 00:00:00'',''2023-02-08 00:00:00'',''2023-02-08 00:00:00'',''2023-02-08 00:00:00'',''2023-02-08 00:00:00'',''2023-02-08 00:00:00'',''2023-02-08 00:00:00''}",0,0.0,1,50,0,0,0
android,"1001270",IT,"1.02","1.02",organic,2023-02-08 14:57:54,2023-02-08 14:59:34,"{''2023-02-08 00:00:00'',''2023-02-08 00:00:00'',''2023-02-08 00:00:00''}",0,0.0,0,0,0,0,0
iOS,"1001272",PL,"1.02","1.02",paid,2023-02-08 15:17:10,2023-02-08 15:20:44,"{''2023-02-08 00:00:00'',''2023-02-08 00:00:00'',''2023-02-08 00:00:00'',''2023-02-08 00:00:00'',''2023-02-08 00:00:00'',''2023-02-08 00:00:00'',''2023-02-08 00:00:00'',''2023-02-08 00:00:00'',''2023-02-08 00:00:00'',''2023-02-08 00:00:00'',''2023-02-08 00:00:00'',''2023-02-08 00:00:00'',''2023-02-08 00:00:00''}",0,0.0,2,650,0,0,0
iOS,"1001273",PL,"1.02","1.02",organic,2023-02-08 15:30:45,2023-02-08 15:33:25,"{''2023-02-08 00:00:00'',''2023-02-08 00:00:00'',''2023-02-08 00:00:00'',''2023-02-08 00:00:00'',''2023-02-08 00:00:00'',''2023-02-08 00:00:00'',''2023-02-08 00:00:00'',''2023-02-08 00:00:00'',''2023-02-08 00:00:00'',''2023-02-08 00:00:00''}",0,0.0,1,50,0,0,0
android,"1001274",KZ,"1.02","1.02",organic,2023-02-08 15:34:59,2023-02-08 15:37:08,"{''2023-02-08 00:00:00'',''2023-02-08 00:00:00'',''2023-02-08 00:00:00'',''2023-02-08 00:00:00''}",0,0.0,0,0,0,0,0
android,"1001275",KZ,"1.02","1.02",organic,2023-02-08 15:48:34,2023-02-08 15:50:44,"{''2023-02-08 00:00:00'',''2023-02-08 00:00:00'',''2023-02-08 00:00:00'',''2023-02-08 00:00:00''}",0,0.0,0,0,0,0,0
iOS,"1001276",DE,"1.02","1.02",paid,2023-02-08 16:02:09,2023-02-08 16:03:33,"{''2023-02-08 00:00:00'',''2023-02-08 00:00:00'',''2023-02-08 00:00:00'',''2023-02-08 00:00:00''}",0,0.0,0,0,0,0,0
iOS,"1001277",US,"1.02","1.02",organic,2023-02-08 16:06:23,2023-02-08 16:08:13,"{''2023-02-08 00:00:00'',''2023-02-08 00:00:00'',''2023-02-08 00:00:00'',''2023-02-08 00:00:00'',''2023-02-08 00:00:00''}",0,0.0,0,0,0,0,0
iOS,"1001281",GE,"1.02","1.02",organic,2023-02-08 16:56:21,2023-02-08 16:57:50,"{''2023-02-08 00:00:00'',''2023-02-08 00:00:00'',''2023-02-08 00:00:00'',''2023-02-08 00:00:00'',''2023-02-08 00:00:00''}",0,0.0,0,0,0,0,0
iOS,"1001284",IT,"1.02","1.02",paid,2023-02-08 17:28:22,2023-02-08 17:34:55,"{''2023-02-08 00:00:00'',''2023-02-08 00:00:00'',''2023-02-08 00:00:00'',''2023-02-08 00:00:00'',''2023-02-08 00:00:00'',''2023-02-08 00:00:00'',''2023-02-08 00:00:00'',''2023-02-08 00:00:00'',''2023-02-08 00:00:00'',''2023-02-08 00:00:00'',''2023-02-08 00:00:00'',''2023-02-08 00:00:00'',''2023-02-08 00:00:00'',''2023-02-08 00:00:00'',''2023-02-08 00:00:00'',''2023-02-08 00:00:00'',''2023-02-08 00:00:00'',''2023-02-08 00:00:00'',''2023-02-08 00:00:00''}",0,0.0,4,950,0,0,0
iOS,"1001285",BY,"1.02","1.02",organic,2023-02-08 17:37:35,2023-02-08 17:39:06,"{''2023-02-08 00:00:00'',''2023-02-08 00:00:00'',''2023-02-08 00:00:00'',''2023-02-08 00:00:00'',''2023-02-08 00:00:00''}",0,0.0,0,0,0,0,0
iOS,"1001287",RU,"1.02","1.02",organic,2023-02-08 17:56:01,2023-02-08 17:58:11,"{''2023-02-08 00:00:00'',''2023-02-08 00:00:00'',''2023-02-08 00:00:00'',''2023-02-08 00:00:00'',''2023-02-08 00:00:00'',''2023-02-08 00:00:00'',''2023-02-08 00:00:00'',''2023-02-08 00:00:00''}",0,0.0,0,0,0,0,0
android,"1001289",RU,"1.02","1.02",organic,2023-02-08 18:07:36,2023-02-08 18:09:41,"{''2023-02-08 00:00:00'',''2023-02-08 00:00:00'',''2023-02-08 00:00:00'',''2023-02-08 00:00:00'',''2023-02-08 00:00:00'',''2023-02-08 00:00:00'',''2023-02-08 00:00:00'',''2023-02-08 00:00:00'',''2023-02-08 00:00:00'',''2023-02-08 00:00:00''}",0,0.0,0,0,0,0,0
iOS,"1001290",RU,"1.02","1.02",organic,2023-02-08 18:16:49,2023-02-08 18:18:57,"{''2023-02-08 00:00:00'',''2023-02-08 00:00:00'',''2023-02-08 00:00:00'',''2023-02-08 00:00:00'',''2023-02-08 00:00:00'',''2023-02-08 00:00:00'',''2023-02-08 00:00:00'',''2023-02-08 00:00:00'',''2023-02-08 00:00:00'',''2023-02-08 00:00:00''}",0,0.0,1,50,0,0,0
android,"1001291",RU,"1.02","1.02",paid,2023-02-08 18:19:11,2023-02-08 18:20:54,"{''2023-02-08 00:00:00'',''2023-02-08 00:00:00'',''2023-02-08 00:00:00'',''2023-02-08 00:00:00'',''2023-02-08 00:00:00'',''2023-02-08 00:00:00'',''2023-02-08 00:00:00''}",0,0.0,0,0,0,0,0
iOS,"1001292",US,"1.02","1.02",organic,2023-02-08 18:21:33,2023-02-08 18:26:39,"{''2023-02-08 00:00:00'',''2023-02-08 00:00:00'',''2023-02-08 00:00:00'',''2023-02-08 00:00:00'',''2023-02-08 00:00:00'',''2023-02-08 00:00:00'',''2023-02-08 00:00:00'',''2023-02-08 00:00:00'',''2023-02-08 00:00:00'',''2023-02-08 00:00:00'',''2023-02-08 00:00:00'',''2023-02-08 00:00:00'',''2023-02-08 00:00:00'',''2023-02-08 00:00:00'',''2023-02-08 00:00:00'',''2023-02-08 00:00:00'',''2023-02-08 00:00:00''}",0,0.0,4,850,0,0,0
iOS,"1001293",BY,"1.02","1.02",organic,2023-02-08 18:23:55,2023-02-08 18:24:30,"{''2023-02-08 00:00:00'',''2023-02-08 00:00:00''}",0,0.0,0,0,0,0,0
iOS,"1001294",BY,"1.02","1.02",paid,2023-02-08 18:29:36,2023-02-08 18:35:20,"{''2023-02-08 00:00:00'',''2023-02-08 00:00:00'',''2023-02-08 00:00:00'',''2023-02-08 00:00:00'',''2023-02-08 00:00:00'',''2023-02-08 00:00:00'',''2023-02-08 00:00:00'',''2023-02-08 00:00:00'',''2023-02-08 00:00:00'',''2023-02-08 00:00:00'',''2023-02-08 00:00:00'',''2023-02-08 00:00:00'',''2023-02-08 00:00:00'',''2023-02-08 00:00:00'',''2023-02-08 00:00:00'',''2023-02-08 00:00:00'',''2023-02-08 00:00:00''}",0,0.0,4,850,0,0,0
iOS,"1001298",PL,"1.02","1.02",paid,2023-02-08 18:51:06,2023-02-08 18:51:44,"{''2023-02-08 00:00:00'',''2023-02-08 00:00:00''}",0,0.0,0,0,0,0,0
android,"1001299",US,"1.02","1.02",organic,2023-02-08 19:00:19,2023-02-08 19:02:55,"{''2023-02-08 00:00:00'',''2023-02-08 00:00:00'',''2023-02-08 00:00:00'',''2023-02-08 00:00:00'',''2023-02-08 00:00:00'',''2023-02-08 00:00:00'',''2023-02-08 00:00:00'',''2023-02-08 00:00:00'',''2023-02-08 00:00:00''}",0,0.0,0,0,0,0,0
android,"1001300",PL,"1.02","1.02",organic,2023-02-08 19:13:54,2023-02-08 19:17:18,"{''2023-02-08 00:00:00'',''2023-02-08 00:00:00'',''2023-02-08 00:00:00'',''2023-02-08 00:00:00'',''2023-02-08 00:00:00'',''2023-02-08 00:00:00'',''2023-02-08 00:00:00'',''2023-02-08 00:00:00'',''2023-02-08 00:00:00'',''2023-02-08 00:00:00'',''2023-02-08 00:00:00'',''2023-02-08 00:00:00'',''2023-02-08 00:00:00''}",0,0.0,2,650,0,0,0
android,"1001301",KZ,"1.02","1.02",organic,2023-02-08 19:16:16,2023-02-08 19:18:39,"{''2023-02-08 00:00:00'',''2023-02-08 00:00:00'',''2023-02-08 00:00:00'',''2023-02-08 00:00:00'',''2023-02-08 00:00:00'',''2023-02-08 00:00:00'',''2023-02-08 00:00:00''}",0,0.0,0,0,0,0,0
iOS,"1001302",GE,"1.02","1.02",organic,2023-02-08 19:29:51,2023-02-10 18:26:38,"{''2023-02-08 00:00:00'',''2023-02-08 00:00:00'',''2023-02-09 00:00:00'',''2023-02-09 00:00:00'',''2023-02-09 00:00:00'',''2023-02-08 00:00:00'',''2023-02-08 00:00:00'',''2023-02-08 00:00:00'',''2023-02-10 00:00:00'',''2023-02-08 00:00:00'',''2023-02-10 00:00:00'',''2023-02-08 00:00:00'',''2023-02-08 00:00:00'',''2023-02-08 00:00:00'',''2023-02-09 00:00:00'',''2023-02-08 00:00:00'',''2023-02-08 00:00:00'',''2023-02-10 00:00:00'',''2023-02-08 00:00:00'',''2023-02-08 00:00:00'',''2023-02-09 00:00:00'',''2023-02-09 00:00:00'',''2023-02-08 00:00:00'',''2023-02-08 00:00:00'',''2023-02-08 00:00:00'',''2023-02-09 00:00:00'',''2023-02-08 00:00:00'',''2023-02-08 00:00:00'',''2023-02-10 00:00:00'',''2023-02-09 00:00:00'',''2023-02-09 00:00:00'',''2023-02-09 00:00:00'',''2023-02-09 00:00:00'',''2023-02-08 00:00:00'',''2023-02-08 00:00:00'',''2023-02-08 00:00:00'',''2023-02-09 00:00:00''}",0,0.0,11,4050,1,1,0
iOS,"1001303",RU,"1.02","1.02",paid,2023-02-08 19:34:05,2023-02-08 19:37:22,"{''2023-02-08 00:00:00'',''2023-02-08 00:00:00'',''2023-02-08 00:00:00'',''2023-02-08 00:00:00'',''2023-02-08 00:00:00'',''2023-02-08 00:00:00'',''2023-02-08 00:00:00'',''2023-02-08 00:00:00'',''2023-02-08 00:00:00'',''2023-02-08 00:00:00'',''2023-02-08 00:00:00'',''2023-02-08 00:00:00'',''2023-02-08 00:00:00''}",0,0.0,2,650,0,0,0
android,"1001304",DE,"1.02","1.02",organic,2023-02-08 19:39:46,2023-02-08 19:41:08,"{''2023-02-08 00:00:00'',''2023-02-08 00:00:00'',''2023-02-08 00:00:00''}",0,0.0,0,0,0,0,0
android,"1001305",IT,"1.02","1.02",organic,2023-02-08 19:45:27,2023-02-09 19:16:10,"{''2023-02-08 00:00:00'',''2023-02-08 00:00:00'',''2023-02-08 00:00:00'',''2023-02-09 00:00:00'',''2023-02-08 00:00:00'',''2023-02-08 00:00:00'',''2023-02-08 00:00:00'',''2023-02-08 00:00:00'',''2023-02-08 00:00:00'',''2023-02-08 00:00:00'',''2023-02-09 00:00:00'',''2023-02-09 00:00:00'',''2023-02-09 00:00:00'',''2023-02-08 00:00:00'',''2023-02-09 00:00:00'',''2023-02-08 00:00:00'',''2023-02-08 00:00:00'',''2023-02-09 00:00:00'',''2023-02-09 00:00:00'',''2023-02-09 00:00:00'',''2023-02-08 00:00:00'',''2023-02-09 00:00:00'',''2023-02-08 00:00:00'',''2023-02-08 00:00:00'',''2023-02-09 00:00:00'',''2023-02-08 00:00:00'',''2023-02-08 00:00:00'',''2023-02-08 00:00:00'',''2023-02-08 00:00:00'',''2023-02-09 00:00:00'',''2023-02-08 00:00:00'',''2023-02-08 00:00:00'',''2023-02-09 00:00:00''}",0,0.0,10,3050,1,0,0
android,"1001306",IT,"1.02","1.02",organic,2023-02-08 19:54:40,2023-02-08 19:56:15,"{''2023-02-08 00:00:00'',''2023-02-08 00:00:00'',''2023-02-08 00:00:00'',''2023-02-08 00:00:00'',''2023-02-08 00:00:00''}",0,0.0,0,0,0,0,0
iOS,"1001308",PL,"1.02","1.02",paid,2023-02-08 20:17:28,2023-02-08 20:19:06,"{''2023-02-08 00:00:00'',''2023-02-08 00:00:00'',''2023-02-08 00:00:00''}",0,0.0,0,0,0,0,0
android,"1001309",RU,"1.02","1.02",organic,2023-02-08 20:31:03,2023-02-08 20:32:50,"{''2023-02-08 00:00:00'',''2023-02-08 00:00:00'',''2023-02-08 00:00:00'',''2023-02-08 00:00:00'',''2023-02-08 00:00:00'',''2023-02-08 00:00:00''}",0,0.0,0,0,0,0,0
iOS,"1001311",KZ,"1.02","1.02",organic,2023-02-08 20:45:57,2023-02-09 20:46:34,"{''2023-02-09 00:00:00'',''2023-02-09 00:00:00'',''2023-02-08 00:00:00'',''2023-02-08 00:00:00'',''2023-02-09 00:00:00'',''2023-02-09 00:00:00'',''2023-02-08 00:00:00'',''2023-02-08 00:00:00'',''2023-02-08 00:00:00'',''2023-02-09 00:00:00'',''2023-02-09 00:00:00'',''2023-02-08 00:00:00'',''2023-02-08 00:00:00'',''2023-02-09 00:00:00'',''2023-02-09 00:00:00'',''2023-02-08 00:00:00'',''2023-02-08 00:00:00'',''2023-02-08 00:00:00'',''2023-02-08 00:00:00'',''2023-02-08 00:00:00'',''2023-02-08 00:00:00'',''2023-02-09 00:00:00'',''2023-02-08 00:00:00'',''2023-02-09 00:00:00'',''2023-02-08 00:00:00'',''2023-02-08 00:00:00'',''2023-02-08 00:00:00'',''2023-02-09 00:00:00'',''2023-02-08 00:00:00'',''2023-02-09 00:00:00'',''2023-02-08 00:00:00'',''2023-02-08 00:00:00'',''2023-02-08 00:00:00''}",0,0.0,10,3050,1,0,0
android,"1001313",BY,"1.02","1.02",organic,2023-02-08 20:55:52,2023-02-08 20:58:02,"{''2023-02-08 00:00:00'',''2023-02-08 00:00:00'',''2023-02-08 00:00:00'',''2023-02-08 00:00:00'',''2023-02-08 00:00:00'',''2023-02-08 00:00:00'',''2023-02-08 00:00:00'',''2023-02-08 00:00:00''}",0,0.0,0,0,0,0,0
android,"1001314",BY,"1.02","1.02",organic,2023-02-08 21:09:27,2023-02-08 21:11:12,"{''2023-02-08 00:00:00'',''2023-02-08 00:00:00'',''2023-02-08 00:00:00'',''2023-02-08 00:00:00'',''2023-02-08 00:00:00'',''2023-02-08 00:00:00'',''2023-02-08 00:00:00'',''2023-02-08 00:00:00'',''2023-02-08 00:00:00'',''2023-02-08 00:00:00''}",0,0.0,1,50,0,0,0
android,"1001315",KZ,"1.02","1.02",paid,2023-02-08 21:18:40,2023-02-08 21:20:37,"{''2023-02-08 00:00:00'',''2023-02-08 00:00:00'',''2023-02-08 00:00:00'',''2023-02-08 00:00:00'',''2023-02-08 00:00:00''}",0,0.0,0,0,0,0,0
iOS,"1001316",LT,"1.02","1.02",organic,2023-02-08 21:27:53,2023-02-08 21:29:54,"{''2023-02-08 00:00:00'',''2023-02-08 00:00:00'',''2023-02-08 00:00:00''}",0,0.0,0,0,0,0,0
android,"1001317",PL,"1.02","1.02",paid,2023-02-08 21:41:28,2023-02-08 21:43:54,"{''2023-02-08 00:00:00'',''2023-02-08 00:00:00'',''2023-02-08 00:00:00'',''2023-02-08 00:00:00'',''2023-02-08 00:00:00'',''2023-02-08 00:00:00'',''2023-02-08 00:00:00'',''2023-02-08 00:00:00'',''2023-02-08 00:00:00'',''2023-02-08 00:00:00''}",0,0.0,1,50,0,0,0
iOS,"1001322",KZ,"1.02","1.02",organic,2023-02-08 22:26:19,2023-02-08 23:26:29,"{''2023-02-08 00:00:00'',''2023-02-08 00:00:00'',''2023-02-08 00:00:00'',''2023-02-08 00:00:00'',''2023-02-08 00:00:00'',''2023-02-08 00:00:00'',''2023-02-08 00:00:00'',''2023-02-08 00:00:00'',''2023-02-08 00:00:00'',''2023-02-08 00:00:00'',''2023-02-08 00:00:00'',''2023-02-08 00:00:00'',''2023-02-08 00:00:00'',''2023-02-08 00:00:00'',''2023-02-08 00:00:00'',''2023-02-08 00:00:00'',''2023-02-08 00:00:00'',''2023-02-08 00:00:00'',''2023-02-08 00:00:00'',''2023-02-08 00:00:00'',''2023-02-08 00:00:00'',''2023-02-08 00:00:00'',''2023-02-08 00:00:00'',''2023-02-08 00:00:00''}",0,0.0,6,1150,1,0,0
android,"1001323",RU,"1.02","1.02",organic,2023-02-08 22:35:32,2023-02-08 22:35:38,"{''2023-02-08 00:00:00'',''2023-02-08 00:00:00''}",0,0.0,0,0,0,0,0
android,"1001326",IT,"1.02","1.02",paid,2023-02-08 23:11:55,2023-02-08 23:13:25,"{''2023-02-08 00:00:00'',''2023-02-08 00:00:00'',''2023-02-08 00:00:00''}",0,0.0,0,0,0,0,0
android,"1001328",NL,"1.02","1.02",paid,2023-02-08 23:39:05,2023-02-08 23:44:44,"{''2023-02-08 00:00:00'',''2023-02-08 00:00:00'',''2023-02-08 00:00:00'',''2023-02-08 00:00:00'',''2023-02-08 00:00:00'',''2023-02-08 00:00:00'',''2023-02-08 00:00:00'',''2023-02-08 00:00:00'',''2023-02-08 00:00:00'',''2023-02-08 00:00:00'',''2023-02-08 00:00:00'',''2023-02-08 00:00:00'',''2023-02-08 00:00:00'',''2023-02-08 00:00:00'',''2023-02-08 00:00:00'',''2023-02-08 00:00:00'',''2023-02-08 00:00:00''}",0,0.0,3,850,0,0,0
android,"1001330",IT,"1.02","1.02",organic,2023-02-08 23:56:54,2023-02-08 23:58:57,"{''2023-02-08 00:00:00'',''2023-02-08 00:00:00'',''2023-02-08 00:00:00'',''2023-02-08 00:00:00'',''2023-02-08 00:00:00'',''2023-02-08 00:00:00'',''2023-02-08 00:00:00'',''2023-02-08 00:00:00'',''2023-02-08 00:00:00''}",0,0.0,0,0,0,0,0
iOS,"1001331",ES,"1.02","1.02",organic,2023-02-08 23:59:16,2023-02-09 00:00:21,"{''2023-02-09 00:00:00'',''2023-02-08 00:00:00'',''2023-02-09 00:00:00''}",0,0.0,0,0,0,0,0
android,"1001333",KZ,"1.02","1.02",organic,2023-02-09 00:22:04,2023-02-09 00:26:58,"{''2023-02-09 00:00:00'',''2023-02-09 00:00:00'',''2023-02-09 00:00:00'',''2023-02-09 00:00:00'',''2023-02-09 00:00:00'',''2023-02-09 00:00:00'',''2023-02-09 00:00:00'',''2023-02-09 00:00:00'',''2023-02-09 00:00:00'',''2023-02-09 00:00:00'',''2023-02-09 00:00:00'',''2023-02-09 00:00:00'',''2023-02-09 00:00:00'',''2023-02-09 00:00:00'',''2023-02-09 00:00:00'',''2023-02-09 00:00:00'',''2023-02-09 00:00:00''}",0,0.0,2,850,0,0,0
android,"1001335",IT,"1.02","1.02",paid,2023-02-09 00:35:31,2023-02-09 00:40:14,"{''2023-02-09 00:00:00'',''2023-02-09 00:00:00'',''2023-02-09 00:00:00'',''2023-02-09 00:00:00'',''2023-02-09 00:00:00'',''2023-02-09 00:00:00'',''2023-02-09 00:00:00'',''2023-02-09 00:00:00'',''2023-02-09 00:00:00'',''2023-02-09 00:00:00'',''2023-02-09 00:00:00'',''2023-02-09 00:00:00'',''2023-02-09 00:00:00'',''2023-02-09 00:00:00'',''2023-02-09 00:00:00''}",0,0.0,3,750,0,0,0
android,"1001339",BY,"1.02","1.02",organic,2023-02-09 01:17:35,2023-02-09 01:17:35,{''2023-02-09 00:00:00''},0,0.0,0,0,0,0,0
android,"1001342",IT,"1.02","1.02",organic,2023-02-09 01:58:20,2023-02-09 01:58:20,{''2023-02-09 00:00:00''},0,0.0,0,0,0,0,0
android,"1001343",LV,"1.02","1.02",organic,2023-02-09 02:04:01,2023-02-09 02:06:15,"{''2023-02-09 00:00:00'',''2023-02-09 00:00:00'',''2023-02-09 00:00:00'',''2023-02-09 00:00:00'',''2023-02-09 00:00:00'',''2023-02-09 00:00:00'',''2023-02-09 00:00:00''}",0,0.0,0,0,0,0,0
iOS,"1001344",PL,"1.02","1.02",organic,2023-02-09 02:17:36,2023-02-09 02:19:14,"{''2023-02-09 00:00:00'',''2023-02-09 00:00:00'',''2023-02-09 00:00:00'',''2023-02-09 00:00:00'',''2023-02-09 00:00:00'',''2023-02-09 00:00:00'',''2023-02-09 00:00:00''}",0,0.0,0,0,0,0,0
iOS,"1001345",PL,"1.02","1.02",organic,2023-02-09 02:26:49,2023-02-09 02:33:24,"{''2023-02-09 00:00:00'',''2023-02-09 00:00:00'',''2023-02-09 00:00:00'',''2023-02-09 00:00:00'',''2023-02-09 00:00:00'',''2023-02-09 00:00:00'',''2023-02-09 00:00:00'',''2023-02-09 00:00:00'',''2023-02-09 00:00:00'',''2023-02-09 00:00:00'',''2023-02-09 00:00:00'',''2023-02-09 00:00:00'',''2023-02-09 00:00:00'',''2023-02-09 00:00:00'',''2023-02-09 00:00:00'',''2023-02-09 00:00:00'',''2023-02-09 00:00:00'',''2023-02-09 00:00:00'',''2023-02-09 00:00:00''}",0,0.0,4,950,0,0,0
android,"1001346",RU,"1.02","1.02",paid,2023-02-09 02:29:11,2023-02-09 02:31:07,"{''2023-02-09 00:00:00'',''2023-02-09 00:00:00'',''2023-02-09 00:00:00'',''2023-02-09 00:00:00'',''2023-02-09 00:00:00'',''2023-02-09 00:00:00'',''2023-02-09 00:00:00'',''2023-02-09 00:00:00'',''2023-02-09 00:00:00'',''2023-02-09 00:00:00''}",0,0.0,1,50,0,0,0
android,"1001347",NL,"1.02","1.02",organic,2023-02-09 02:34:52,2023-02-10 02:28:47,"{''2023-02-09 00:00:00'',''2023-02-09 00:00:00'',''2023-02-09 00:00:00'',''2023-02-09 00:00:00'',''2023-02-09 00:00:00'',''2023-02-09 00:00:00'',''2023-02-10 00:00:00'',''2023-02-10 00:00:00'',''2023-02-09 00:00:00'',''2023-02-10 00:00:00'',''2023-02-10 00:00:00'',''2023-02-09 00:00:00'',''2023-02-09 00:00:00'',''2023-02-10 00:00:00'',''2023-02-09 00:00:00'',''2023-02-10 00:00:00'',''2023-02-09 00:00:00'',''2023-02-09 00:00:00'',''2023-02-10 00:00:00'',''2023-02-09 00:00:00'',''2023-02-09 00:00:00'',''2023-02-10 00:00:00'',''2023-02-10 00:00:00'',''2023-02-09 00:00:00'',''2023-02-09 00:00:00'',''2023-02-09 00:00:00'',''2023-02-09 00:00:00'',''2023-02-10 00:00:00'',''2023-02-09 00:00:00'',''2023-02-10 00:00:00'',''2023-02-10 00:00:00'',''2023-02-09 00:00:00'',''2023-02-09 00:00:00''}",0,0.0,10,3050,1,0,0
android,"1001350",RU,"1.02","1.02",organic,2023-02-09 03:00:02,2023-02-09 03:01:31,"{''2023-02-09 00:00:00'',''2023-02-09 00:00:00'',''2023-02-09 00:00:00'',''2023-02-09 00:00:00'',''2023-02-09 00:00:00'',''2023-02-09 00:00:00''}",0,0.0,0,0,0,0,0
android,"1001351",RU,"1.02","1.02",organic,2023-02-09 03:02:24,2023-02-09 03:03:36,"{''2023-02-09 00:00:00'',''2023-02-09 00:00:00'',''2023-02-09 00:00:00''}",0,0.0,0,0,0,0,0
android,"1001352",RU,"1.02","1.02",organic,2023-02-09 03:11:37,2023-02-09 03:13:34,"{''2023-02-09 00:00:00'',''2023-02-09 00:00:00'',''2023-02-09 00:00:00'',''2023-02-09 00:00:00'',''2023-02-09 00:00:00'',''2023-02-09 00:00:00''}",0,0.0,0,0,0,0,0
iOS,"1001354",US,"1.02","1.02",organic,2023-02-09 03:26:31,2023-02-09 03:30:54,"{''2023-02-09 00:00:00'',''2023-02-09 00:00:00'',''2023-02-09 00:00:00'',''2023-02-09 00:00:00'',''2023-02-09 00:00:00'',''2023-02-09 00:00:00'',''2023-02-09 00:00:00'',''2023-02-09 00:00:00'',''2023-02-09 00:00:00'',''2023-02-09 00:00:00'',''2023-02-09 00:00:00'',''2023-02-09 00:00:00'',''2023-02-09 00:00:00'',''2023-02-09 00:00:00'',''2023-02-09 00:00:00''}",0,0.0,2,750,0,0,0
android,"1001355",US,"1.02","1.02",organic,2023-02-09 03:35:44,2023-02-09 03:37:01,"{''2023-02-09 00:00:00'',''2023-02-09 00:00:00'',''2023-02-09 00:00:00'',''2023-02-09 00:00:00'',''2023-02-09 00:00:00'',''2023-02-09 00:00:00''}",0,0.0,0,0,0,0,0
iOS,"1001357",RU,"1.02","1.02",organic,2023-02-09 03:51:41,2023-02-09 03:53:59,"{''2023-02-09 00:00:00'',''2023-02-09 00:00:00'',''2023-02-09 00:00:00'',''2023-02-09 00:00:00'',''2023-02-09 00:00:00'',''2023-02-09 00:00:00'',''2023-02-09 00:00:00'',''2023-02-09 00:00:00''}",0,0.0,0,0,0,0,0
android,"1001358",RU,"1.02","1.02",organic,2023-02-09 04:00:54,2023-02-09 04:05:04,"{''2023-02-09 00:00:00'',''2023-02-09 00:00:00'',''2023-02-09 00:00:00'',''2023-02-09 00:00:00'',''2023-02-09 00:00:00'',''2023-02-09 00:00:00'',''2023-02-09 00:00:00'',''2023-02-09 00:00:00'',''2023-02-09 00:00:00'',''2023-02-09 00:00:00'',''2023-02-09 00:00:00'',''2023-02-09 00:00:00'',''2023-02-09 00:00:00'',''2023-02-09 00:00:00'',''2023-02-09 00:00:00''}",0,0.0,3,750,0,0,0
android,"1001360",BY,"1.02","1.02",paid,2023-02-09 04:15:48,2023-02-09 04:20:02,"{''2023-02-09 00:00:00'',''2023-02-09 00:00:00'',''2023-02-09 00:00:00'',''2023-02-09 00:00:00'',''2023-02-09 00:00:00'',''2023-02-09 00:00:00'',''2023-02-09 00:00:00'',''2023-02-09 00:00:00'',''2023-02-09 00:00:00'',''2023-02-09 00:00:00'',''2023-02-09 00:00:00'',''2023-02-09 00:00:00'',''2023-02-09 00:00:00'',''2023-02-09 00:00:00'',''2023-02-09 00:00:00''}",0,0.0,3,750,0,0,0
iOS,"1001361",RU,"1.02","1.02",paid,2023-02-09 04:29:23,2023-02-10 04:26:30,"{''2023-02-10 00:00:00'',''2023-02-09 00:00:00'',''2023-02-09 00:00:00'',''2023-02-09 00:00:00'',''2023-02-09 00:00:00'',''2023-02-10 00:00:00'',''2023-02-09 00:00:00'',''2023-02-09 00:00:00'',''2023-02-09 00:00:00'',''2023-02-10 00:00:00'',''2023-02-09 00:00:00'',''2023-02-09 00:00:00'',''2023-02-10 00:00:00'',''2023-02-09 00:00:00'',''2023-02-10 00:00:00'',''2023-02-09 00:00:00'',''2023-02-10 00:00:00'',''2023-02-09 00:00:00'',''2023-02-10 00:00:00'',''2023-02-10 00:00:00'',''2023-02-10 00:00:00'',''2023-02-09 00:00:00'',''2023-02-09 00:00:00'',''2023-02-09 00:00:00'',''2023-02-09 00:00:00'',''2023-02-09 00:00:00'',''2023-02-10 00:00:00'',''2023-02-09 00:00:00'',''2023-02-09 00:00:00'',''2023-02-09 00:00:00'',''2023-02-10 00:00:00'',''2023-02-09 00:00:00'',''2023-02-10 00:00:00''}",0,0.0,9,3050,1,0,0
iOS,"1001362",RU,"1.02","1.02",organic,2023-02-09 04:38:36,2023-02-09 04:42:27,"{''2023-02-09 00:00:00'',''2023-02-09 00:00:00'',''2023-02-09 00:00:00'',''2023-02-09 00:00:00'',''2023-02-09 00:00:00'',''2023-02-09 00:00:00'',''2023-02-09 00:00:00'',''2023-02-09 00:00:00'',''2023-02-09 00:00:00'',''2023-02-09 00:00:00'',''2023-02-09 00:00:00'',''2023-02-09 00:00:00'',''2023-02-09 00:00:00'',''2023-02-09 00:00:00'',''2023-02-09 00:00:00''}",0,0.0,3,750,0,0,0
iOS,"1001364",PL,"1.02","1.02",organic,2023-02-09 04:56:25,2023-02-09 04:58:37,"{''2023-02-09 00:00:00'',''2023-02-09 00:00:00'',''2023-02-09 00:00:00'',''2023-02-09 00:00:00'',''2023-02-09 00:00:00'',''2023-02-09 00:00:00''}",0,0.0,0,0,0,0,0
android,"1001367",RU,"1.02","1.02",organic,2023-02-09 05:29:16,2023-02-09 05:30:27,"{''2023-02-09 00:00:00'',''2023-02-09 00:00:00'',''2023-02-09 00:00:00''}",0,0.0,0,0,0,0,0
iOS,"1001368",IT,"1.02","1.02",paid,2023-02-09 05:38:29,2023-02-09 05:40:40,"{''2023-02-09 00:00:00'',''2023-02-09 00:00:00'',''2023-02-09 00:00:00'',''2023-02-09 00:00:00'',''2023-02-09 00:00:00'',''2023-02-09 00:00:00'',''2023-02-09 00:00:00'',''2023-02-09 00:00:00''}",0,0.0,0,0,0,0,0
android,"1001371",IT,"1.02","1.02",organic,2023-02-09 06:00:07,2023-02-09 06:01:59,"{''2023-02-09 00:00:00'',''2023-02-09 00:00:00'',''2023-02-09 00:00:00'',''2023-02-09 00:00:00'',''2023-02-09 00:00:00'',''2023-02-09 00:00:00'',''2023-02-09 00:00:00'',''2023-02-09 00:00:00'',''2023-02-09 00:00:00''}",0,0.0,0,0,0,0,0
android,"1001372",RU,"1.02","1.02",organic,2023-02-09 06:13:42,2023-02-09 06:15:15,"{''2023-02-09 00:00:00'',''2023-02-09 00:00:00'',''2023-02-09 00:00:00''}",0,0.0,0,0,0,0,0
android,"1001373",KZ,"1.02","1.02",organic,2023-02-09 06:19:23,2023-02-09 06:23:26,"{''2023-02-09 00:00:00'',''2023-02-09 00:00:00'',''2023-02-09 00:00:00'',''2023-02-09 00:00:00'',''2023-02-09 00:00:00'',''2023-02-09 00:00:00'',''2023-02-09 00:00:00'',''2023-02-09 00:00:00'',''2023-02-09 00:00:00'',''2023-02-09 00:00:00'',''2023-02-09 00:00:00'',''2023-02-09 00:00:00'',''2023-02-09 00:00:00'',''2023-02-09 00:00:00'',''2023-02-09 00:00:00''}",0,0.0,3,750,0,0,0
iOS,"1001374",US,"1.02","1.02",organic,2023-02-09 06:25:04,2023-02-09 06:26:19,"{''2023-02-09 00:00:00'',''2023-02-09 00:00:00'',''2023-02-09 00:00:00''}",0,0.0,0,0,0,0,0
iOS,"1001375",ES,"1.02","1.02",organic,2023-02-09 06:34:17,2023-02-09 06:36:14,"{''2023-02-09 00:00:00'',''2023-02-09 00:00:00'',''2023-02-09 00:00:00'',''2023-02-09 00:00:00''}",0,0.0,0,0,0,0,0
iOS,"1001376",CA,"1.02","1.02",organic,2023-02-09 06:38:31,2023-02-09 06:40:40,"{''2023-02-09 00:00:00'',''2023-02-09 00:00:00'',''2023-02-09 00:00:00'',''2023-02-09 00:00:00'',''2023-02-09 00:00:00'',''2023-02-09 00:00:00''}",0,0.0,0,0,0,0,0
android,"1001378",RU,"1.02","1.02",organic,2023-02-09 06:56:20,2023-02-09 06:58:04,"{''2023-02-09 00:00:00'',''2023-02-09 00:00:00'',''2023-02-09 00:00:00''}",0,0.0,0,0,0,0,0
iOS,"1001379",ES,"1.02","1.02",organic,2023-02-09 07:09:55,2023-02-09 07:11:17,"{''2023-02-09 00:00:00'',''2023-02-09 00:00:00'',''2023-02-09 00:00:00''}",0,0.0,0,0,0,0,0
android,"1001381",PL,"1.02","1.02",organic,2023-02-09 07:28:21,2023-02-09 07:30:13,"{''2023-02-09 00:00:00'',''2023-02-09 00:00:00'',''2023-02-09 00:00:00'',''2023-02-09 00:00:00'',''2023-02-09 00:00:00''}",0,0.0,0,0,0,0,0
iOS,"1001382",RU,"1.02","1.02",organic,2023-02-09 07:37:34,2023-02-09 07:39:36,"{''2023-02-09 00:00:00'',''2023-02-09 00:00:00'',''2023-02-09 00:00:00'',''2023-02-09 00:00:00'',''2023-02-09 00:00:00'',''2023-02-09 00:00:00'',''2023-02-09 00:00:00'',''2023-02-09 00:00:00'',''2023-02-09 00:00:00'',''2023-02-09 00:00:00''}",0,0.0,1,50,0,0,0
android,"1001385",US,"1.02","1.02",organic,2023-02-09 07:53:23,2023-02-09 07:54:53,"{''2023-02-09 00:00:00'',''2023-02-09 00:00:00'',''2023-02-09 00:00:00'',''2023-02-09 00:00:00''}",0,0.0,0,0,0,0,0
android,"1001386",LV,"1.02","1.02",organic,2023-02-09 07:59:04,2023-02-11 07:29:47,"{''2023-02-09 00:00:00'',''2023-02-10 00:00:00'',''2023-02-09 00:00:00'',''2023-02-10 00:00:00'',''2023-02-09 00:00:00'',''2023-02-09 00:00:00'',''2023-02-09 00:00:00'',''2023-02-10 00:00:00'',''2023-02-10 00:00:00'',''2023-02-10 00:00:00'',''2023-02-09 00:00:00'',''2023-02-11 00:00:00'',''2023-02-09 00:00:00'',''2023-02-09 00:00:00'',''2023-02-10 00:00:00'',''2023-02-09 00:00:00'',''2023-02-09 00:00:00'',''2023-02-10 00:00:00'',''2023-02-09 00:00:00'',''2023-02-10 00:00:00'',''2023-02-11 00:00:00'',''2023-02-09 00:00:00'',''2023-02-09 00:00:00'',''2023-02-11 00:00:00'',''2023-02-09 00:00:00'',''2023-02-09 00:00:00'',''2023-02-09 00:00:00'',''2023-02-09 00:00:00'',''2023-02-09 00:00:00'',''2023-02-09 00:00:00'',''2023-02-10 00:00:00'',''2023-02-09 00:00:00'',''2023-02-09 00:00:00'',''2023-02-10 00:00:00'',''2023-02-11 00:00:00'',''2023-02-10 00:00:00'',''2023-02-10 00:00:00''}",0,0.0,12,4050,1,1,0
android,"1001389",US,"1.02","1.02",organic,2023-02-09 08:16:20,2023-02-09 08:18:39,"{''2023-02-09 00:00:00'',''2023-02-09 00:00:00'',''2023-02-09 00:00:00'',''2023-02-09 00:00:00'',''2023-02-09 00:00:00'',''2023-02-09 00:00:00'',''2023-02-09 00:00:00'',''2023-02-09 00:00:00''}",0,0.0,0,0,0,0,0
android,"1001391",GE,"1.02","1.02",organic,2023-02-09 08:26:15,2023-02-09 08:28:17,"{''2023-02-09 00:00:00'',''2023-02-09 00:00:00'',''2023-02-09 00:00:00''}",0,0.0,0,0,0,0,0
android,"1001394",NL,"1.02","1.02",organic,2023-02-09 08:53:17,2023-02-09 08:55:17,"{''2023-02-09 00:00:00'',''2023-02-09 00:00:00'',''2023-02-09 00:00:00'',''2023-02-09 00:00:00'',''2023-02-09 00:00:00'',''2023-02-09 00:00:00'',''2023-02-09 00:00:00'',''2023-02-09 00:00:00'',''2023-02-09 00:00:00'',''2023-02-09 00:00:00''}",0,0.0,1,50,0,0,0
android,"1001396",IT,"1.02","1.02",organic,2023-02-09 09:04:39,2023-02-09 09:08:02,"{''2023-02-09 00:00:00'',''2023-02-09 00:00:00'',''2023-02-09 00:00:00'',''2023-02-09 00:00:00'',''2023-02-09 00:00:00'',''2023-02-09 00:00:00'',''2023-02-09 00:00:00'',''2023-02-09 00:00:00'',''2023-02-09 00:00:00'',''2023-02-09 00:00:00'',''2023-02-09 00:00:00'',''2023-02-09 00:00:00'',''2023-02-09 00:00:00''}",0,0.0,2,650,0,0,0
android,"1001397",RU,"1.02","1.02",paid,2023-02-09 09:18:14,2023-02-09 09:20:20,"{''2023-02-09 00:00:00'',''2023-02-09 00:00:00'',''2023-02-09 00:00:00'',''2023-02-09 00:00:00'',''2023-02-09 00:00:00''}",0,0.0,0,0,0,0,0
iOS,"1001398",KZ,"1.02","1.02",paid,2023-02-09 09:27:27,2023-02-09 09:28:58,"{''2023-02-09 00:00:00'',''2023-02-09 00:00:00'',''2023-02-09 00:00:00''}",0,0.0,0,0,0,0,0
android,"1001399",IT,"1.02","1.02",paid,2023-02-09 09:41:02,2023-02-09 09:42:52,"{''2023-02-09 00:00:00'',''2023-02-09 00:00:00'',''2023-02-09 00:00:00'',''2023-02-09 00:00:00'',''2023-02-09 00:00:00'',''2023-02-09 00:00:00''}",0,0.0,0,0,0,0,0
iOS,"1001400",GE,"1.02","1.02",organic,2023-02-09 09:43:24,2023-02-09 09:47:24,"{''2023-02-09 00:00:00'',''2023-02-09 00:00:00'',''2023-02-09 00:00:00'',''2023-02-09 00:00:00'',''2023-02-09 00:00:00'',''2023-02-09 00:00:00'',''2023-02-09 00:00:00'',''2023-02-09 00:00:00'',''2023-02-09 00:00:00'',''2023-02-09 00:00:00'',''2023-02-09 00:00:00'',''2023-02-09 00:00:00'',''2023-02-09 00:00:00'',''2023-02-09 00:00:00'',''2023-02-09 00:00:00''}",0,0.0,3,750,0,0,0
android,"1001401",RU,"1.02","1.02",paid,2023-02-09 09:45:46,2023-02-09 09:48:22,"{''2023-02-09 00:00:00'',''2023-02-09 00:00:00'',''2023-02-09 00:00:00'',''2023-02-09 00:00:00'',''2023-02-09 00:00:00'',''2023-02-09 00:00:00'',''2023-02-09 00:00:00'',''2023-02-09 00:00:00'',''2023-02-09 00:00:00''}",0,0.0,0,0,0,0,0
android,"1001404",KZ,"1.02","1.02",organic,2023-02-09 10:07:24,2023-02-09 10:07:24,{''2023-02-09 00:00:00''},0,0.0,0,0,0,0,0
iOS,"1001407",PL,"1.02","1.02",paid,2023-02-09 10:39:25,2023-02-09 10:41:03,"{''2023-02-09 00:00:00'',''2023-02-09 00:00:00'',''2023-02-09 00:00:00'',''2023-02-09 00:00:00'',''2023-02-09 00:00:00''}",0,0.0,0,0,0,0,0
iOS,"1001409",RU,"1.02","1.02",organic,2023-02-09 10:58:41,2023-02-09 11:00:55,"{''2023-02-09 00:00:00'',''2023-02-09 00:00:00'',''2023-02-09 00:00:00'',''2023-02-09 00:00:00'',''2023-02-09 00:00:00'',''2023-02-09 00:00:00'',''2023-02-09 00:00:00'',''2023-02-09 00:00:00''}",0,0.0,0,0,0,0,0
android,"1001412",KZ,"1.02","1.02",paid,2023-02-09 11:14:30,2023-02-09 11:16:21,"{''2023-02-09 00:00:00'',''2023-02-09 00:00:00'',''2023-02-09 00:00:00'',''2023-02-09 00:00:00'',''2023-02-09 00:00:00'',''2023-02-09 00:00:00'',''2023-02-09 00:00:00''}",0,0.0,0,0,0,0,0
iOS,"1001415",RU,"1.02","1.02",organic,2023-02-09 11:39:40,2023-02-09 11:41:40,"{''2023-02-09 00:00:00'',''2023-02-09 00:00:00'',''2023-02-09 00:00:00'',''2023-02-09 00:00:00'',''2023-02-09 00:00:00'',''2023-02-09 00:00:00''}",0,0.0,0,0,0,0,0
iOS,"1001417",DE,"1.02","1.02",organic,2023-02-09 11:55:37,2023-02-09 11:57:48,"{''2023-02-09 00:00:00'',''2023-02-09 00:00:00'',''2023-02-09 00:00:00'',''2023-02-09 00:00:00'',''2023-02-09 00:00:00'',''2023-02-09 00:00:00''}",0,0.0,0,0,0,0,0
iOS,"1001421",ES,"1.02","1.02",organic,2023-02-09 12:33:19,2023-02-09 12:35:16,"{''2023-02-09 00:00:00'',''2023-02-09 00:00:00'',''2023-02-09 00:00:00'',''2023-02-09 00:00:00'',''2023-02-09 00:00:00'',''2023-02-09 00:00:00'',''2023-02-09 00:00:00'',''2023-02-09 00:00:00'',''2023-02-09 00:00:00''}",0,0.0,0,0,0,0,0
android,"1001424",DE,"1.02","1.02",paid,2023-02-09 12:53:54,2023-02-09 12:55:57,"{''2023-02-09 00:00:00'',''2023-02-09 00:00:00'',''2023-02-09 00:00:00'',''2023-02-09 00:00:00'',''2023-02-09 00:00:00'',''2023-02-09 00:00:00'',''2023-02-09 00:00:00'',''2023-02-09 00:00:00'',''2023-02-09 00:00:00''}",0,0.0,0,0,0,0,0
iOS,"1001425",RU,"1.02","1.02",organic,2023-02-09 12:56:16,2023-02-09 12:57:27,"{''2023-02-09 00:00:00'',''2023-02-09 00:00:00'',''2023-02-09 00:00:00'',''2023-02-09 00:00:00''}",0,0.0,0,0,0,0,0
android,"1001426",GE,"1.02","1.02",organic,2023-02-09 12:58:38,2023-02-09 13:01:07,"{''2023-02-09 00:00:00'',''2023-02-09 00:00:00'',''2023-02-09 00:00:00'',''2023-02-09 00:00:00'',''2023-02-09 00:00:00'',''2023-02-09 00:00:00'',''2023-02-09 00:00:00'',''2023-02-09 00:00:00''}",0,0.0,0,0,0,0,0
android,"1001427",US,"1.02","1.02",paid,2023-02-09 13:01:00,2023-02-09 13:04:24,"{''2023-02-09 00:00:00'',''2023-02-09 00:00:00'',''2023-02-09 00:00:00'',''2023-02-09 00:00:00'',''2023-02-09 00:00:00'',''2023-02-09 00:00:00'',''2023-02-09 00:00:00'',''2023-02-09 00:00:00'',''2023-02-09 00:00:00'',''2023-02-09 00:00:00'',''2023-02-09 00:00:00'',''2023-02-09 00:00:00'',''2023-02-09 00:00:00''}",0,0.0,2,650,0,0,0
iOS,"1001430",NL,"1.02","1.02",organic,2023-02-09 13:33:51,2023-02-09 13:34:04,"{''2023-02-09 00:00:00'',''2023-02-09 00:00:00''}",0,0.0,0,0,0,0,0
android,"1001433",ES,"1.02","1.02",organic,2023-02-09 14:06:42,2023-02-09 14:08:11,"{''2023-02-09 00:00:00'',''2023-02-09 00:00:00'',''2023-02-09 00:00:00'',''2023-02-09 00:00:00'',''2023-02-09 00:00:00'',''2023-02-09 00:00:00'',''2023-02-09 00:00:00''}",0,0.0,0,0,0,0,0
android,"1001434",US,"1.02","1.02",organic,2023-02-09 14:12:23,2023-02-09 14:23:06,"{''2023-02-09 00:00:00'',''2023-02-09 00:00:00'',''2023-02-09 00:00:00'',''2023-02-09 00:00:00'',''2023-02-09 00:00:00'',''2023-02-09 00:00:00'',''2023-02-09 00:00:00'',''2023-02-09 00:00:00'',''2023-02-09 00:00:00'',''2023-02-09 00:00:00'',''2023-02-09 00:00:00'',''2023-02-09 00:00:00'',''2023-02-09 00:00:00'',''2023-02-09 00:00:00'',''2023-02-09 00:00:00'',''2023-02-09 00:00:00'',''2023-02-09 00:00:00'',''2023-02-09 00:00:00'',''2023-02-09 00:00:00'',''2023-02-09 00:00:00''}",1,399.0,3,950,0,0,0
iOS,"1001435",US,"1.02","1.02",organic,2023-02-09 14:21:36,2023-02-09 14:23:41,"{''2023-02-09 00:00:00'',''2023-02-09 00:00:00'',''2023-02-09 00:00:00'',''2023-02-09 00:00:00'',''2023-02-09 00:00:00'',''2023-02-09 00:00:00'',''2023-02-09 00:00:00'',''2023-02-09 00:00:00''}",0,0.0,0,0,0,0,0
android,"1001436",RU,"1.02","1.02",organic,2023-02-09 14:30:49,2023-02-09 15:13:08,"{''2023-02-09 00:00:00'',''2023-02-09 00:00:00'',''2023-02-09 00:00:00'',''2023-02-09 00:00:00'',''2023-02-09 00:00:00'',''2023-02-09 00:00:00'',''2023-02-09 00:00:00'',''2023-02-09 00:00:00'',''2023-02-09 00:00:00'',''2023-02-09 00:00:00'',''2023-02-09 00:00:00'',''2023-02-09 00:00:00'',''2023-02-09 00:00:00'',''2023-02-09 00:00:00'',''2023-02-09 00:00:00'',''2023-02-09 00:00:00'',''2023-02-09 00:00:00'',''2023-02-09 00:00:00'',''2023-02-09 00:00:00'',''2023-02-09 00:00:00'',''2023-02-09 00:00:00'',''2023-02-09 00:00:00'',''2023-02-09 00:00:00'',''2023-02-09 00:00:00''}",0,0.0,6,1150,1,0,0
android,"1001439",IT,"1.02","1.02",organic,2023-02-09 14:59:18,2023-02-09 15:01:31,"{''2023-02-09 00:00:00'',''2023-02-09 00:00:00'',''2023-02-09 00:00:00'',''2023-02-09 00:00:00'',''2023-02-09 00:00:00'',''2023-02-09 00:00:00'',''2023-02-09 00:00:00'',''2023-02-09 00:00:00''}",0,0.0,0,0,0,0,0
iOS,"1001441",RU,"1.02","1.02",organic,2023-02-09 15:14:12,2023-02-09 15:16:40,"{''2023-02-09 00:00:00'',''2023-02-09 00:00:00'',''2023-02-09 00:00:00'',''2023-02-09 00:00:00'',''2023-02-09 00:00:00'',''2023-02-09 00:00:00'',''2023-02-09 00:00:00'',''2023-02-09 00:00:00'',''2023-02-09 00:00:00''}",0,0.0,0,0,0,0,0
iOS,"1001442",KZ,"1.02","1.02",organic,2023-02-09 15:27:47,2023-02-09 15:29:41,"{''2023-02-09 00:00:00'',''2023-02-09 00:00:00'',''2023-02-09 00:00:00'',''2023-02-09 00:00:00'',''2023-02-09 00:00:00'',''2023-02-09 00:00:00''}",0,0.0,0,0,0,0,0
android,"1001444",LT,"1.02","1.02",organic,2023-02-09 15:46:13,2023-02-09 15:48:05,"{''2023-02-09 00:00:00'',''2023-02-09 00:00:00'',''2023-02-09 00:00:00'',''2023-02-09 00:00:00''}",0,0.0,0,0,0,0,0
android,"1001445",US,"1.02","1.02",organic,2023-02-09 15:48:35,2023-02-09 16:35:14,"{''2023-02-09 00:00:00'',''2023-02-09 00:00:00'',''2023-02-09 00:00:00'',''2023-02-09 00:00:00'',''2023-02-09 00:00:00'',''2023-02-09 00:00:00'',''2023-02-09 00:00:00'',''2023-02-09 00:00:00'',''2023-02-09 00:00:00'',''2023-02-09 00:00:00'',''2023-02-09 00:00:00'',''2023-02-09 00:00:00'',''2023-02-09 00:00:00'',''2023-02-09 00:00:00'',''2023-02-09 00:00:00'',''2023-02-09 00:00:00'',''2023-02-09 00:00:00'',''2023-02-09 00:00:00'',''2023-02-09 00:00:00'',''2023-02-09 00:00:00'',''2023-02-09 00:00:00'',''2023-02-09 00:00:00'',''2023-02-09 00:00:00'',''2023-02-09 00:00:00''}",0,0.0,6,1150,1,0,0
iOS,"1001447",DE,"1.02","1.02",organic,2023-02-09 16:00:10,2023-02-09 16:01:51,"{''2023-02-09 00:00:00'',''2023-02-09 00:00:00'',''2023-02-09 00:00:00''}",0,0.0,0,0,0,0,0
iOS,"1001448",PL,"1.02","1.02",organic,2023-02-09 16:09:23,2023-02-09 16:13:01,"{''2023-02-09 00:00:00'',''2023-02-09 00:00:00'',''2023-02-09 00:00:00'',''2023-02-09 00:00:00'',''2023-02-09 00:00:00'',''2023-02-09 00:00:00'',''2023-02-09 00:00:00'',''2023-02-09 00:00:00'',''2023-02-09 00:00:00'',''2023-02-09 00:00:00'',''2023-02-09 00:00:00'',''2023-02-09 00:00:00'',''2023-02-09 00:00:00''}",0,0.0,1,650,0,0,0
iOS,"1001449",RU,"1.02","1.02",organic,2023-02-09 16:18:36,2023-02-09 16:19:58,"{''2023-02-09 00:00:00'',''2023-02-09 00:00:00'',''2023-02-09 00:00:00'',''2023-02-09 00:00:00''}",0,0.0,0,0,0,0,0
android,"1001453",US,"1.02","1.02",organic,2023-02-09 16:46:57,2023-02-09 16:48:51,"{''2023-02-09 00:00:00'',''2023-02-09 00:00:00'',''2023-02-09 00:00:00'',''2023-02-09 00:00:00'',''2023-02-09 00:00:00'',''2023-02-09 00:00:00'',''2023-02-09 00:00:00'',''2023-02-09 00:00:00''}",0,0.0,0,0,0,0,0
android,"1001454",US,"1.02","1.02",organic,2023-02-09 17:00:32,2023-02-09 17:02:34,"{''2023-02-09 00:00:00'',''2023-02-09 00:00:00'',''2023-02-09 00:00:00'',''2023-02-09 00:00:00'',''2023-02-09 00:00:00'',''2023-02-09 00:00:00''}",0,0.0,0,0,0,0,0
android,"1001455",US,"1.02","1.02",organic,2023-02-09 17:14:07,2023-02-09 17:15:36,"{''2023-02-09 00:00:00'',''2023-02-09 00:00:00'',''2023-02-09 00:00:00'',''2023-02-09 00:00:00'',''2023-02-09 00:00:00''}",0,0.0,0,0,0,0,0
android,"1001457",PL,"1.02","1.02",organic,2023-02-09 17:36:55,2023-02-09 17:38:56,"{''2023-02-09 00:00:00'',''2023-02-09 00:00:00'',''2023-02-09 00:00:00'',''2023-02-09 00:00:00'',''2023-02-09 00:00:00'',''2023-02-09 00:00:00''}",0,0.0,0,0,0,0,0
android,"1001458",RU,"1.02","1.02",paid,2023-02-09 17:42:36,2023-02-09 17:44:51,"{''2023-02-09 00:00:00'',''2023-02-09 00:00:00'',''2023-02-09 00:00:00'',''2023-02-09 00:00:00'',''2023-02-09 00:00:00'',''2023-02-09 00:00:00'',''2023-02-09 00:00:00'',''2023-02-09 00:00:00'',''2023-02-09 00:00:00'',''2023-02-09 00:00:00''}",0,0.0,1,50,0,0,0
android,"1001459",KZ,"1.02","1.02",paid,2023-02-09 17:46:50,2023-02-09 17:47:11,"{''2023-02-09 00:00:00'',''2023-02-09 00:00:00''}",0,0.0,0,0,0,0,0
android,"1001460",LT,"1.02","1.02",organic,2023-02-09 17:56:03,2023-02-10 17:22:10,"{''2023-02-10 00:00:00'',''2023-02-09 00:00:00'',''2023-02-09 00:00:00'',''2023-02-09 00:00:00'',''2023-02-09 00:00:00'',''2023-02-09 00:00:00'',''2023-02-10 00:00:00'',''2023-02-09 00:00:00'',''2023-02-09 00:00:00'',''2023-02-09 00:00:00'',''2023-02-10 00:00:00'',''2023-02-09 00:00:00'',''2023-02-09 00:00:00'',''2023-02-09 00:00:00'',''2023-02-10 00:00:00'',''2023-02-09 00:00:00'',''2023-02-09 00:00:00'',''2023-02-10 00:00:00'',''2023-02-10 00:00:00'',''2023-02-09 00:00:00'',''2023-02-09 00:00:00'',''2023-02-10 00:00:00'',''2023-02-09 00:00:00'',''2023-02-09 00:00:00'',''2023-02-10 00:00:00'',''2023-02-09 00:00:00'',''2023-02-10 00:00:00'',''2023-02-09 00:00:00'',''2023-02-09 00:00:00'',''2023-02-10 00:00:00'',''2023-02-10 00:00:00'',''2023-02-10 00:00:00'',''2023-02-09 00:00:00''}",0,0.0,10,3050,1,0,0
android,"1001461",BY,"1.02","1.02",organic,2023-02-09 18:01:44,2023-02-09 18:04:49,"{''2023-02-09 00:00:00'',''2023-02-09 00:00:00'',''2023-02-09 00:00:00'',''2023-02-09 00:00:00'',''2023-02-09 00:00:00'',''2023-02-09 00:00:00'',''2023-02-09 00:00:00'',''2023-02-09 00:00:00'',''2023-02-09 00:00:00'',''2023-02-09 00:00:00'',''2023-02-09 00:00:00'',''2023-02-09 00:00:00'',''2023-02-09 00:00:00''}",0,0.0,2,650,0,0,0
iOS,"1001462",NL,"1.02","1.02",paid,2023-02-09 18:04:06,2023-02-09 18:07:47,"{''2023-02-09 00:00:00'',''2023-02-09 00:00:00'',''2023-02-09 00:00:00'',''2023-02-09 00:00:00'',''2023-02-09 00:00:00'',''2023-02-09 00:00:00'',''2023-02-09 00:00:00'',''2023-02-09 00:00:00'',''2023-02-09 00:00:00'',''2023-02-09 00:00:00'',''2023-02-09 00:00:00'',''2023-02-09 00:00:00'',''2023-02-09 00:00:00''}",0,0.0,2,650,0,0,0
android,"1001463",RU,"1.02","1.02",paid,2023-02-09 18:17:41,2023-02-09 18:19:16,"{''2023-02-09 00:00:00'',''2023-02-09 00:00:00'',''2023-02-09 00:00:00''}",0,0.0,0,0,0,0,0
android,"1001464",RU,"1.02","1.02",organic,2023-02-09 18:26:54,2023-02-09 18:34:12,"{''2023-02-09 00:00:00'',''2023-02-09 00:00:00'',''2023-02-09 00:00:00'',''2023-02-09 00:00:00'',''2023-02-09 00:00:00'',''2023-02-09 00:00:00'',''2023-02-09 00:00:00'',''2023-02-09 00:00:00'',''2023-02-09 00:00:00'',''2023-02-09 00:00:00'',''2023-02-09 00:00:00'',''2023-02-09 00:00:00'',''2023-02-09 00:00:00'',''2023-02-09 00:00:00'',''2023-02-09 00:00:00'',''2023-02-09 00:00:00'',''2023-02-09 00:00:00'',''2023-02-09 00:00:00'',''2023-02-09 00:00:00''}",0,0.0,4,950,0,0,0
android,"1001466",RU,"1.02","1.02",organic,2023-02-09 18:34:57,2023-02-09 18:36:52,"{''2023-02-09 00:00:00'',''2023-02-09 00:00:00'',''2023-02-09 00:00:00'',''2023-02-09 00:00:00'',''2023-02-09 00:00:00'',''2023-02-09 00:00:00''}",0,0.0,0,0,0,0,0
android,"1001467",NL,"1.02","1.02",organic,2023-02-09 18:44:10,2023-02-09 19:26:47,"{''2023-02-09 00:00:00'',''2023-02-09 00:00:00'',''2023-02-09 00:00:00'',''2023-02-09 00:00:00'',''2023-02-09 00:00:00'',''2023-02-09 00:00:00'',''2023-02-09 00:00:00'',''2023-02-09 00:00:00'',''2023-02-09 00:00:00'',''2023-02-09 00:00:00'',''2023-02-09 00:00:00'',''2023-02-09 00:00:00'',''2023-02-09 00:00:00'',''2023-02-09 00:00:00'',''2023-02-09 00:00:00'',''2023-02-09 00:00:00'',''2023-02-09 00:00:00'',''2023-02-09 00:00:00'',''2023-02-09 00:00:00'',''2023-02-09 00:00:00'',''2023-02-09 00:00:00'',''2023-02-09 00:00:00'',''2023-02-09 00:00:00'',''2023-02-09 00:00:00''}",0,0.0,6,1150,1,0,0
android,"1001469",RU,"1.02","1.02",organic,2023-02-09 19:06:58,2023-02-11 18:40:30,"{''2023-02-10 00:00:00'',''2023-02-09 00:00:00'',''2023-02-11 00:00:00'',''2023-02-09 00:00:00'',''2023-02-09 00:00:00'',''2023-02-09 00:00:00'',''2023-02-09 00:00:00'',''2023-02-10 00:00:00'',''2023-02-09 00:00:00'',''2023-02-09 00:00:00'',''2023-02-10 00:00:00'',''2023-02-11 00:00:00'',''2023-02-09 00:00:00'',''2023-02-11 00:00:00'',''2023-02-10 00:00:00'',''2023-02-10 00:00:00'',''2023-02-10 00:00:00'',''2023-02-09 00:00:00'',''2023-02-09 00:00:00'',''2023-02-09 00:00:00'',''2023-02-09 00:00:00'',''2023-02-10 00:00:00'',''2023-02-09 00:00:00'',''2023-02-09 00:00:00'',''2023-02-09 00:00:00'',''2023-02-10 00:00:00'',''2023-02-09 00:00:00'',''2023-02-10 00:00:00'',''2023-02-10 00:00:00'',''2023-02-09 00:00:00'',''2023-02-11 00:00:00'',''2023-02-10 00:00:00'',''2023-02-09 00:00:00'',''2023-02-09 00:00:00'',''2023-02-09 00:00:00'',''2023-02-09 00:00:00'',''2023-02-10 00:00:00''}",0,0.0,12,4050,1,1,0
android,"1001471",NL,"1.02","1.02",organic,2023-02-09 19:25:24,2023-02-09 19:31:03,"{''2023-02-09 00:00:00'',''2023-02-09 00:00:00'',''2023-02-09 00:00:00'',''2023-02-09 00:00:00'',''2023-02-09 00:00:00'',''2023-02-09 00:00:00'',''2023-02-09 00:00:00'',''2023-02-09 00:00:00'',''2023-02-09 00:00:00'',''2023-02-09 00:00:00'',''2023-02-09 00:00:00'',''2023-02-09 00:00:00'',''2023-02-09 00:00:00'',''2023-02-09 00:00:00'',''2023-02-09 00:00:00'',''2023-02-09 00:00:00'',''2023-02-09 00:00:00''}",0,0.0,4,850,0,0,0
android,"1001472",PL,"1.02","1.02",organic,2023-02-09 19:31:05,2023-02-09 19:32:07,"{''2023-02-09 00:00:00'',''2023-02-09 00:00:00'',''2023-02-09 00:00:00''}",0,0.0,0,0,0,0,0
iOS,"1001475",GE,"1.02","1.02",organic,2023-02-09 19:48:21,2023-02-09 19:49:59,"{''2023-02-09 00:00:00'',''2023-02-09 00:00:00'',''2023-02-09 00:00:00'',''2023-02-09 00:00:00'',''2023-02-09 00:00:00'',''2023-02-09 00:00:00'',''2023-02-09 00:00:00''}",0,0.0,0,0,0,0,0
android,"1001476",RU,"1.02","1.02",organic,2023-02-09 20:01:56,2023-02-09 20:03:27,"{''2023-02-09 00:00:00'',''2023-02-09 00:00:00'',''2023-02-09 00:00:00'',''2023-02-09 00:00:00''}",0,0.0,0,0,0,0,0
iOS,"1001478",GE,"1.02","1.02",paid,2023-02-09 20:29:06,2023-02-09 20:30:25,"{''2023-02-09 00:00:00'',''2023-02-09 00:00:00'',''2023-02-09 00:00:00'',''2023-02-09 00:00:00'',''2023-02-09 00:00:00''}",0,0.0,0,0,0,0,0
iOS,"1001482",DE,"1.02","1.02",organic,2023-02-09 21:01:00,2023-02-09 21:03:03,"{''2023-02-09 00:00:00'',''2023-02-09 00:00:00'',''2023-02-09 00:00:00'',''2023-02-09 00:00:00''}",0,0.0,0,0,0,0,0
android,"1001483",US,"1.02","1.02",paid,2023-02-09 21:10:13,2023-02-09 21:12:43,"{''2023-02-09 00:00:00'',''2023-02-09 00:00:00'',''2023-02-09 00:00:00'',''2023-02-09 00:00:00'',''2023-02-09 00:00:00'',''2023-02-09 00:00:00'',''2023-02-09 00:00:00'',''2023-02-09 00:00:00'',''2023-02-09 00:00:00'',''2023-02-09 00:00:00''}",0,0.0,1,50,0,0,0
android,"1001485",BY,"1.02","1.02",organic,2023-02-09 21:29:29,2023-02-09 21:31:39,"{''2023-02-09 00:00:00'',''2023-02-09 00:00:00'',''2023-02-09 00:00:00'',''2023-02-09 00:00:00'',''2023-02-09 00:00:00'',''2023-02-09 00:00:00'',''2023-02-09 00:00:00'',''2023-02-09 00:00:00'',''2023-02-09 00:00:00''}",0,0.0,0,0,0,0,0
iOS,"1001486",RU,"1.02","1.02",paid,2023-02-09 21:38:42,2023-02-09 21:38:42,{''2023-02-09 00:00:00''},0,0.0,0,0,0,0,0
android,"1001487",DE,"1.02","1.02",organic,2023-02-09 21:44:23,2023-02-09 21:46:01,"{''2023-02-09 00:00:00'',''2023-02-09 00:00:00'',''2023-02-09 00:00:00'',''2023-02-09 00:00:00'',''2023-02-09 00:00:00''}",0,0.0,0,0,0,0,0
iOS,"1001488",KZ,"1.02","1.02",organic,2023-02-09 21:57:58,2023-02-09 22:00:00,"{''2023-02-09 00:00:00'',''2023-02-09 00:00:00'',''2023-02-09 00:00:00'',''2023-02-09 00:00:00'',''2023-02-09 00:00:00'',''2023-02-09 00:00:00'',''2023-02-09 00:00:00''}",0,0.0,0,0,0,0,0
iOS,"1001489",IT,"1.02","1.02",paid,2023-02-09 22:02:12,2023-02-09 22:04:07,"{''2023-02-09 00:00:00'',''2023-02-09 00:00:00'',''2023-02-09 00:00:00'',''2023-02-09 00:00:00'',''2023-02-09 00:00:00'',''2023-02-09 00:00:00'',''2023-02-09 00:00:00''}",0,0.0,0,0,0,0,0
android,"1001490",GE,"1.02","1.02",organic,2023-02-09 22:07:53,2023-02-09 22:09:23,"{''2023-02-09 00:00:00'',''2023-02-09 00:00:00'',''2023-02-09 00:00:00'',''2023-02-09 00:00:00''}",0,0.0,0,0,0,0,0
android,"1001491",RU,"1.02","1.02",organic,2023-02-09 22:12:07,2023-02-09 22:14:02,"{''2023-02-09 00:00:00'',''2023-02-09 00:00:00'',''2023-02-09 00:00:00'',''2023-02-09 00:00:00'',''2023-02-09 00:00:00''}",0,0.0,0,0,0,0,0
iOS,"1001496",BY,"1.02","1.02",paid,2023-02-09 22:59:52,2023-02-09 23:04:30,"{''2023-02-09 00:00:00'',''2023-02-09 00:00:00'',''2023-02-09 00:00:00'',''2023-02-09 00:00:00'',''2023-02-09 00:00:00'',''2023-02-09 00:00:00'',''2023-02-09 00:00:00'',''2023-02-09 00:00:00'',''2023-02-09 00:00:00'',''2023-02-09 00:00:00'',''2023-02-09 00:00:00'',''2023-02-09 00:00:00'',''2023-02-09 00:00:00'',''2023-02-09 00:00:00'',''2023-02-09 00:00:00'',''2023-02-09 00:00:00'',''2023-02-09 00:00:00''}",0,0.0,4,850,0,0,0
android,"1001498",CA,"1.02","1.02",paid,2023-02-09 23:22:40,2023-02-09 23:24:15,"{''2023-02-09 00:00:00'',''2023-02-09 00:00:00'',''2023-02-09 00:00:00''}",0,0.0,0,0,0,0,0
android,"1001501",KZ,"1.02","1.02",organic,2023-02-09 23:59:03,2023-02-10 00:00:21,"{''2023-02-10 00:00:00'',''2023-02-09 00:00:00'',''2023-02-10 00:00:00''}",0,0.0,0,0,0,0,0
android,"1001502",RU,"1.02","1.02",paid,2023-02-10 00:08:16,2023-02-10 00:13:39,"{''2023-02-10 00:00:00'',''2023-02-10 00:00:00'',''2023-02-10 00:00:00'',''2023-02-10 00:00:00'',''2023-02-10 00:00:00'',''2023-02-10 00:00:00'',''2023-02-10 00:00:00'',''2023-02-10 00:00:00'',''2023-02-10 00:00:00'',''2023-02-10 00:00:00'',''2023-02-10 00:00:00'',''2023-02-10 00:00:00'',''2023-02-10 00:00:00'',''2023-02-10 00:00:00'',''2023-02-10 00:00:00'',''2023-02-10 00:00:00'',''2023-02-10 00:00:00''}",0,0.0,3,850,0,0,0
android,"1001503",LT,"1.02","1.02",organic,2023-02-10 00:17:29,2023-02-10 00:20:04,"{''2023-02-10 00:00:00'',''2023-02-10 00:00:00'',''2023-02-10 00:00:00'',''2023-02-10 00:00:00'',''2023-02-10 00:00:00'',''2023-02-10 00:00:00'',''2023-02-10 00:00:00'',''2023-02-10 00:00:00'',''2023-02-10 00:00:00''}",0,0.0,0,0,0,0,0
iOS,"1001505",US,"1.02","1.02",paid,2023-02-10 00:32:23,2023-02-10 00:35:00,"{''2023-02-10 00:00:00'',''2023-02-10 00:00:00'',''2023-02-10 00:00:00'',''2023-02-10 00:00:00'',''2023-02-10 00:00:00'',''2023-02-10 00:00:00'',''2023-02-10 00:00:00'',''2023-02-10 00:00:00'',''2023-02-10 00:00:00'',''2023-02-10 00:00:00'',''2023-02-10 00:00:00'',''2023-02-10 00:00:00'',''2023-02-10 00:00:00''}",0,0.0,2,650,0,0,0
iOS,"1001506",RU,"1.02","1.02",organic,2023-02-10 00:45:58,2023-02-10 00:57:45,"{''2023-02-10 00:00:00'',''2023-02-10 00:00:00'',''2023-02-10 00:00:00'',''2023-02-10 00:00:00'',''2023-02-10 00:00:00'',''2023-02-10 00:00:00'',''2023-02-10 00:00:00'',''2023-02-10 00:00:00'',''2023-02-10 00:00:00'',''2023-02-10 00:00:00'',''2023-02-10 00:00:00'',''2023-02-10 00:00:00'',''2023-02-10 00:00:00'',''2023-02-10 00:00:00'',''2023-02-10 00:00:00'',''2023-02-10 00:00:00'',''2023-02-10 00:00:00'',''2023-02-10 00:00:00'',''2023-02-10 00:00:00'',''2023-02-10 00:00:00''}",1,499.0,2,950,0,0,0
iOS,"1001509",NL,"1.02","1.02",paid,2023-02-10 01:14:27,2023-02-10 01:16:32,"{''2023-02-10 00:00:00'',''2023-02-10 00:00:00'',''2023-02-10 00:00:00'',''2023-02-10 00:00:00''}",0,0.0,0,0,0,0,0
android,"1001510",GE,"1.02","1.02",organic,2023-02-10 01:28:02,2023-02-12 00:40:11,"{''2023-02-11 00:00:00'',''2023-02-10 00:00:00'',''2023-02-10 00:00:00'',''2023-02-11 00:00:00'',''2023-02-12 00:00:00'',''2023-02-11 00:00:00'',''2023-02-10 00:00:00'',''2023-02-10 00:00:00'',''2023-02-10 00:00:00'',''2023-02-10 00:00:00'',''2023-02-10 00:00:00'',''2023-02-10 00:00:00'',''2023-02-11 00:00:00'',''2023-02-11 00:00:00'',''2023-02-11 00:00:00'',''2023-02-10 00:00:00'',''2023-02-11 00:00:00'',''2023-02-10 00:00:00'',''2023-02-10 00:00:00'',''2023-02-10 00:00:00'',''2023-02-11 00:00:00'',''2023-02-10 00:00:00'',''2023-02-10 00:00:00'',''2023-02-11 00:00:00'',''2023-02-10 00:00:00'',''2023-02-12 00:00:00'',''2023-02-11 00:00:00'',''2023-02-11 00:00:00'',''2023-02-10 00:00:00'',''2023-02-10 00:00:00'',''2023-02-10 00:00:00'',''2023-02-12 00:00:00'',''2023-02-12 00:00:00'',''2023-02-10 00:00:00'',''2023-02-11 00:00:00'',''2023-02-10 00:00:00'',''2023-02-10 00:00:00''}",0,0.0,11,4050,1,1,0
android,"1001511",RU,"1.02","1.02",organic,2023-02-10 01:37:15,2023-02-10 01:38:37,"{''2023-02-10 00:00:00'',''2023-02-10 00:00:00'',''2023-02-10 00:00:00''}",0,0.0,0,0,0,0,0
iOS,"1001513",US,"1.02","1.02",organic,2023-02-10 02:00:03,2023-02-10 02:02:30,"{''2023-02-10 00:00:00'',''2023-02-10 00:00:00'',''2023-02-10 00:00:00'',''2023-02-10 00:00:00'',''2023-02-10 00:00:00'',''2023-02-10 00:00:00'',''2023-02-10 00:00:00'',''2023-02-10 00:00:00'',''2023-02-10 00:00:00'',''2023-02-10 00:00:00''}",0,0.0,1,50,0,0,0
iOS,"1001514",ES,"1.02","1.02",organic,2023-02-10 02:05:44,2023-02-10 02:09:52,"{''2023-02-10 00:00:00'',''2023-02-10 00:00:00'',''2023-02-10 00:00:00'',''2023-02-10 00:00:00'',''2023-02-10 00:00:00'',''2023-02-10 00:00:00'',''2023-02-10 00:00:00'',''2023-02-10 00:00:00'',''2023-02-10 00:00:00'',''2023-02-10 00:00:00'',''2023-02-10 00:00:00'',''2023-02-10 00:00:00'',''2023-02-10 00:00:00'',''2023-02-10 00:00:00'',''2023-02-10 00:00:00''}",0,0.0,3,750,0,0,0
android,"1001515",US,"1.02","1.02",organic,2023-02-10 02:09:58,2023-02-10 02:11:24,"{''2023-02-10 00:00:00'',''2023-02-10 00:00:00'',''2023-02-10 00:00:00'',''2023-02-10 00:00:00'',''2023-02-10 00:00:00'',''2023-02-10 00:00:00''}",0,0.0,0,0,0,0,0
iOS,"1001516",KZ,"1.02","1.02",organic,2023-02-10 02:19:11,2023-02-10 02:21:24,"{''2023-02-10 00:00:00'',''2023-02-10 00:00:00'',''2023-02-10 00:00:00'',''2023-02-10 00:00:00'',''2023-02-10 00:00:00'',''2023-02-10 00:00:00'',''2023-02-10 00:00:00'',''2023-02-10 00:00:00''}",0,0.0,0,0,0,0,0
iOS,"1001518",KZ,"1.02","1.02",paid,2023-02-10 02:38:27,2023-02-11 02:40:15,"{''2023-02-10 00:00:00'',''2023-02-10 00:00:00'',''2023-02-11 00:00:00'',''2023-02-10 00:00:00'',''2023-02-11 00:00:00'',''2023-02-10 00:00:00'',''2023-02-11 00:00:00'',''2023-02-10 00:00:00'',''2023-02-10 00:00:00'',''2023-02-10 00:00:00'',''2023-02-10 00:00:00'',''2023-02-10 00:00:00'',''2023-02-10 00:00:00'',''2023-02-10 00:00:00'',''2023-02-11 00:00:00'',''2023-02-10 00:00:00'',''2023-02-10 00:00:00'',''2023-02-10 00:00:00'',''2023-02-10 00:00:00'',''2023-02-10 00:00:00'',''2023-02-10 00:00:00'',''2023-02-10 00:00:00'',''2023-02-10 00:00:00'',''2023-02-11 00:00:00'',''2023-02-10 00:00:00'',''2023-02-10 00:00:00'',''2023-02-11 00:00:00'',''2023-02-11 00:00:00'',''2023-02-11 00:00:00'',''2023-02-11 00:00:00'',''2023-02-11 00:00:00'',''2023-02-11 00:00:00'',''2023-02-11 00:00:00''}",0,0.0,10,3050,1,0,0
android,"1001519",DE,"1.02","1.02",organic,2023-02-10 02:47:40,2023-02-10 02:49:55,"{''2023-02-10 00:00:00'',''2023-02-10 00:00:00'',''2023-02-10 00:00:00'',''2023-02-10 00:00:00'',''2023-02-10 00:00:00'',''2023-02-10 00:00:00'',''2023-02-10 00:00:00'',''2023-02-10 00:00:00'',''2023-02-10 00:00:00'',''2023-02-10 00:00:00''}",0,0.0,0,0,0,0,0
android,"1001520",ES,"1.02","1.02",organic,2023-02-10 02:56:53,2023-02-10 02:58:28,"{''2023-02-10 00:00:00'',''2023-02-10 00:00:00'',''2023-02-10 00:00:00''}",0,0.0,0,0,0,0,0
android,"1001521",PL,"1.02","1.02",organic,2023-02-10 03:01:07,2023-02-10 03:02:58,"{''2023-02-10 00:00:00'',''2023-02-10 00:00:00'',''2023-02-10 00:00:00''}",0,0.0,0,0,0,0,0
android,"1001522",GE,"1.02","1.02",paid,2023-02-10 03:14:42,2023-02-10 03:16:29,"{''2023-02-10 00:00:00'',''2023-02-10 00:00:00'',''2023-02-10 00:00:00'',''2023-02-10 00:00:00''}",0,0.0,0,0,0,0,0
android,"1001523",RU,"1.02","1.02",organic,2023-02-10 03:20:23,2023-02-10 03:22:08,"{''2023-02-10 00:00:00'',''2023-02-10 00:00:00'',''2023-02-10 00:00:00'',''2023-02-10 00:00:00'',''2023-02-10 00:00:00'',''2023-02-10 00:00:00''}",0,0.0,0,0,0,0,0
android,"1001524",KZ,"1.02","1.02",organic,2023-02-10 03:24:37,2023-02-10 03:27:28,"{''2023-02-10 00:00:00'',''2023-02-10 00:00:00'',''2023-02-10 00:00:00'',''2023-02-10 00:00:00'',''2023-02-10 00:00:00'',''2023-02-10 00:00:00'',''2023-02-10 00:00:00'',''2023-02-10 00:00:00'',''2023-02-10 00:00:00'',''2023-02-10 00:00:00'',''2023-02-10 00:00:00'',''2023-02-10 00:00:00'',''2023-02-10 00:00:00''}",0,0.0,2,650,0,0,0
iOS,"1001525",RU,"1.02","1.02",organic,2023-02-10 03:38:12,2023-02-10 03:40:11,"{''2023-02-10 00:00:00'',''2023-02-10 00:00:00'',''2023-02-10 00:00:00'',''2023-02-10 00:00:00'',''2023-02-10 00:00:00''}",0,0.0,0,0,0,0,0
android,"1001526",ES,"1.02","1.02",organic,2023-02-10 03:47:25,2023-02-10 03:49:16,"{''2023-02-10 00:00:00'',''2023-02-10 00:00:00'',''2023-02-10 00:00:00'',''2023-02-10 00:00:00'',''2023-02-10 00:00:00''}",0,0.0,0,0,0,0,0
android,"1001528",BY,"1.02","1.02",paid,2023-02-10 04:06:41,2023-02-10 04:08:39,"{''2023-02-10 00:00:00'',''2023-02-10 00:00:00'',''2023-02-10 00:00:00'',''2023-02-10 00:00:00''}",0,0.0,0,0,0,0,0
android,"1001535",KZ,"1.02","1.02",organic,2023-02-10 04:54:23,2023-02-10 04:56:18,"{''2023-02-10 00:00:00'',''2023-02-10 00:00:00'',''2023-02-10 00:00:00'',''2023-02-10 00:00:00'',''2023-02-10 00:00:00'',''2023-02-10 00:00:00'',''2023-02-10 00:00:00'',''2023-02-10 00:00:00'',''2023-02-10 00:00:00''}",0,0.0,0,0,0,0,0
android,"1001536",US,"1.02","1.02",organic,2023-02-10 05:07:58,2023-02-10 05:09:45,"{''2023-02-10 00:00:00'',''2023-02-10 00:00:00'',''2023-02-10 00:00:00'',''2023-02-10 00:00:00'',''2023-02-10 00:00:00'',''2023-02-10 00:00:00''}",0,0.0,0,0,0,0,0
iOS,"1001537",PL,"1.02","1.02",organic,2023-02-10 05:21:33,2023-02-10 05:23:05,"{''2023-02-10 00:00:00'',''2023-02-10 00:00:00'',''2023-02-10 00:00:00'',''2023-02-10 00:00:00'',''2023-02-10 00:00:00'',''2023-02-10 00:00:00'',''2023-02-10 00:00:00''}",0,0.0,0,0,0,0,0
android,"1001539",DE,"1.02","1.02",organic,2023-02-10 05:36:27,2023-02-10 05:38:18,"{''2023-02-10 00:00:00'',''2023-02-10 00:00:00'',''2023-02-10 00:00:00'',''2023-02-10 00:00:00'',''2023-02-10 00:00:00'',''2023-02-10 00:00:00'',''2023-02-10 00:00:00''}",0,0.0,0,0,0,0,0
iOS,"1001540",RU,"1.02","1.02",paid,2023-02-10 05:45:40,2023-02-10 05:47:32,"{''2023-02-10 00:00:00'',''2023-02-10 00:00:00'',''2023-02-10 00:00:00'',''2023-02-10 00:00:00'',''2023-02-10 00:00:00'',''2023-02-10 00:00:00'',''2023-02-10 00:00:00'',''2023-02-10 00:00:00'',''2023-02-10 00:00:00'',''2023-02-10 00:00:00''}",0,0.0,1,50,0,0,0
android,"1001541",DE,"1.02","1.02",organic,2023-02-10 05:59:15,2023-02-10 06:02:01,"{''2023-02-10 00:00:00'',''2023-02-10 00:00:00'',''2023-02-10 00:00:00'',''2023-02-10 00:00:00'',''2023-02-10 00:00:00'',''2023-02-10 00:00:00'',''2023-02-10 00:00:00'',''2023-02-10 00:00:00'',''2023-02-10 00:00:00'',''2023-02-10 00:00:00''}",0,0.0,0,0,0,0,0
android,"1001544",ES,"1.02","1.02",organic,2023-02-10 06:19:50,2023-02-10 06:21:29,"{''2023-02-10 00:00:00'',''2023-02-10 00:00:00'',''2023-02-10 00:00:00'',''2023-02-10 00:00:00'',''2023-02-10 00:00:00'',''2023-02-10 00:00:00'',''2023-02-10 00:00:00''}",0,0.0,0,0,0,0,0
iOS,"1001545",RU,"1.02","1.02",paid,2023-02-10 06:29:03,2023-02-10 06:33:32,"{''2023-02-10 00:00:00'',''2023-02-10 00:00:00'',''2023-02-10 00:00:00'',''2023-02-10 00:00:00'',''2023-02-10 00:00:00'',''2023-02-10 00:00:00'',''2023-02-10 00:00:00'',''2023-02-10 00:00:00'',''2023-02-10 00:00:00'',''2023-02-10 00:00:00'',''2023-02-10 00:00:00'',''2023-02-10 00:00:00'',''2023-02-10 00:00:00'',''2023-02-10 00:00:00'',''2023-02-10 00:00:00''}",0,0.0,3,750,0,0,0
android,"1001546",US,"1.02","1.02",organic,2023-02-10 06:38:16,2023-02-10 06:44:04,"{''2023-02-10 00:00:00'',''2023-02-10 00:00:00'',''2023-02-10 00:00:00'',''2023-02-10 00:00:00'',''2023-02-10 00:00:00'',''2023-02-10 00:00:00'',''2023-02-10 00:00:00'',''2023-02-10 00:00:00'',''2023-02-10 00:00:00'',''2023-02-10 00:00:00'',''2023-02-10 00:00:00'',''2023-02-10 00:00:00'',''2023-02-10 00:00:00'',''2023-02-10 00:00:00'',''2023-02-10 00:00:00'',''2023-02-10 00:00:00'',''2023-02-10 00:00:00'',''2023-02-10 00:00:00'',''2023-02-10 00:00:00''}",0,0.0,4,950,0,0,0
android,"1001548",CA,"1.02","1.02",paid,2023-02-10 06:56:42,2023-02-10 07:01:45,"{''2023-02-10 00:00:00'',''2023-02-10 00:00:00'',''2023-02-10 00:00:00'',''2023-02-10 00:00:00'',''2023-02-10 00:00:00'',''2023-02-10 00:00:00'',''2023-02-10 00:00:00'',''2023-02-10 00:00:00'',''2023-02-10 00:00:00'',''2023-02-10 00:00:00'',''2023-02-10 00:00:00'',''2023-02-10 00:00:00'',''2023-02-10 00:00:00'',''2023-02-10 00:00:00'',''2023-02-10 00:00:00'',''2023-02-10 00:00:00'',''2023-02-10 00:00:00''}",0,0.0,3,850,0,0,0
iOS,"1001549",US,"1.02","1.02",organic,2023-02-10 07:02:23,2023-02-10 07:41:56,"{''2023-02-10 00:00:00'',''2023-02-10 00:00:00'',''2023-02-10 00:00:00'',''2023-02-10 00:00:00'',''2023-02-10 00:00:00'',''2023-02-10 00:00:00'',''2023-02-10 00:00:00'',''2023-02-10 00:00:00'',''2023-02-10 00:00:00'',''2023-02-10 00:00:00'',''2023-02-10 00:00:00'',''2023-02-10 00:00:00'',''2023-02-10 00:00:00'',''2023-02-10 00:00:00'',''2023-02-10 00:00:00'',''2023-02-10 00:00:00'',''2023-02-10 00:00:00'',''2023-02-10 00:00:00'',''2023-02-10 00:00:00'',''2023-02-10 00:00:00'',''2023-02-10 00:00:00'',''2023-02-10 00:00:00'',''2023-02-10 00:00:00'',''2023-02-10 00:00:00''}",0,0.0,6,1150,1,0,0
android,"1001555",RU,"1.02","1.02",organic,2023-02-10 07:49:23,2023-02-10 07:51:45,"{''2023-02-10 00:00:00'',''2023-02-10 00:00:00'',''2023-02-10 00:00:00'',''2023-02-10 00:00:00'',''2023-02-10 00:00:00'',''2023-02-10 00:00:00'',''2023-02-10 00:00:00'',''2023-02-10 00:00:00''}",0,0.0,0,0,0,0,0
android,"1001558",US,"1.02","1.02",organic,2023-02-10 08:10:11,2023-02-11 07:40:07,"{''2023-02-11 00:00:00'',''2023-02-10 00:00:00'',''2023-02-11 00:00:00'',''2023-02-10 00:00:00'',''2023-02-10 00:00:00'',''2023-02-10 00:00:00'',''2023-02-10 00:00:00'',''2023-02-10 00:00:00'',''2023-02-10 00:00:00'',''2023-02-11 00:00:00'',''2023-02-10 00:00:00'',''2023-02-10 00:00:00'',''2023-02-10 00:00:00'',''2023-02-11 00:00:00'',''2023-02-10 00:00:00'',''2023-02-11 00:00:00'',''2023-02-10 00:00:00'',''2023-02-11 00:00:00'',''2023-02-11 00:00:00'',''2023-02-10 00:00:00'',''2023-02-10 00:00:00'',''2023-02-10 00:00:00'',''2023-02-11 00:00:00'',''2023-02-11 00:00:00'',''2023-02-10 00:00:00'',''2023-02-10 00:00:00'',''2023-02-11 00:00:00'',''2023-02-10 00:00:00'',''2023-02-11 00:00:00'',''2023-02-10 00:00:00'',''2023-02-10 00:00:00'',''2023-02-10 00:00:00''}",1,299.0,8,4250,1,0,0
android,"1001559",LV,"1.02","1.02",organic,2023-02-10 08:23:46,2023-02-10 08:27:25,"{''2023-02-10 00:00:00'',''2023-02-10 00:00:00'',''2023-02-10 00:00:00'',''2023-02-10 00:00:00'',''2023-02-10 00:00:00'',''2023-02-10 00:00:00'',''2023-02-10 00:00:00'',''2023-02-10 00:00:00'',''2023-02-10 00:00:00'',''2023-02-10 00:00:00'',''2023-02-10 00:00:00'',''2023-02-10 00:00:00'',''2023-02-10 00:00:00''}",0,0.0,2,650,0,0,0
iOS,"1001560",ES,"1.02","1.02",organic,2023-02-10 08:29:27,2023-02-10 08:31:09,"{''2023-02-10 00:00:00'',''2023-02-10 00:00:00'',''2023-02-10 00:00:00''}",0,0.0,0,0,0,0,0
android,"1001563",KZ,"1.02","1.02",organic,2023-02-10 08:47:08,2023-02-10 08:50:58,"{''2023-02-10 00:00:00'',''2023-02-10 00:00:00'',''2023-02-10 00:00:00'',''2023-02-10 00:00:00'',''2023-02-10 00:00:00'',''2023-02-10 00:00:00'',''2023-02-10 00:00:00'',''2023-02-10 00:00:00'',''2023-02-10 00:00:00'',''2023-02-10 00:00:00'',''2023-02-10 00:00:00'',''2023-02-10 00:00:00'',''2023-02-10 00:00:00'',''2023-02-10 00:00:00'',''2023-02-10 00:00:00''}",0,0.0,2,750,0,0,0
android,"1001565",RU,"1.02","1.02",organic,2023-02-10 08:58:43,2023-02-10 09:04:09,"{''2023-02-10 00:00:00'',''2023-02-10 00:00:00'',''2023-02-10 00:00:00'',''2023-02-10 00:00:00'',''2023-02-10 00:00:00'',''2023-02-10 00:00:00'',''2023-02-10 00:00:00'',''2023-02-10 00:00:00'',''2023-02-10 00:00:00'',''2023-02-10 00:00:00'',''2023-02-10 00:00:00'',''2023-02-10 00:00:00'',''2023-02-10 00:00:00'',''2023-02-10 00:00:00'',''2023-02-10 00:00:00'',''2023-02-10 00:00:00'',''2023-02-10 00:00:00''}",0,0.0,4,850,0,0,0
iOS,"1001566",ES,"1.02","1.02",organic,2023-02-10 09:04:24,2023-02-10 09:07:04,"{''2023-02-10 00:00:00'',''2023-02-10 00:00:00'',''2023-02-10 00:00:00'',''2023-02-10 00:00:00'',''2023-02-10 00:00:00'',''2023-02-10 00:00:00'',''2023-02-10 00:00:00'',''2023-02-10 00:00:00'',''2023-02-10 00:00:00'',''2023-02-10 00:00:00''}",0,0.0,0,0,0,0,0
android,"1001567",US,"1.02","1.02",paid,2023-02-10 09:06:46,2023-02-10 09:08:54,"{''2023-02-10 00:00:00'',''2023-02-10 00:00:00'',''2023-02-10 00:00:00'',''2023-02-10 00:00:00'',''2023-02-10 00:00:00'',''2023-02-10 00:00:00''}",0,0.0,0,0,0,0,0
iOS,"1001568",RU,"1.02","1.02",organic,2023-02-10 09:09:08,2023-02-10 09:10:58,"{''2023-02-10 00:00:00'',''2023-02-10 00:00:00'',''2023-02-10 00:00:00'',''2023-02-10 00:00:00'',''2023-02-10 00:00:00'',''2023-02-10 00:00:00'',''2023-02-10 00:00:00'',''2023-02-10 00:00:00''}",0,0.0,0,0,0,0,0
android,"1001569",BY,"1.02","1.02",paid,2023-02-10 09:22:43,2023-02-10 09:23:55,"{''2023-02-10 00:00:00'',''2023-02-10 00:00:00'',''2023-02-10 00:00:00''}",0,0.0,0,0,0,0,0
android,"1001572",RU,"1.02","1.02",organic,2023-02-10 09:36:27,2023-02-10 09:38:16,"{''2023-02-10 00:00:00'',''2023-02-10 00:00:00'',''2023-02-10 00:00:00'',''2023-02-10 00:00:00'',''2023-02-10 00:00:00''}",0,0.0,0,0,0,0,0
android,"1001574",CA,"1.02","1.02",paid,2023-02-10 10:03:37,2023-02-10 10:05:10,"{''2023-02-10 00:00:00'',''2023-02-10 00:00:00'',''2023-02-10 00:00:00'',''2023-02-10 00:00:00'',''2023-02-10 00:00:00'',''2023-02-10 00:00:00'',''2023-02-10 00:00:00''}",0,0.0,0,0,0,0,0
android,"1001577",US,"1.02","1.02",organic,2023-02-10 10:22:45,2023-02-10 10:22:45,{''2023-02-10 00:00:00''},0,0.0,0,0,0,0,0
android,"1001578",LT,"1.02","1.02",organic,2023-02-10 10:31:58,2023-02-10 10:34:01,"{''2023-02-10 00:00:00'',''2023-02-10 00:00:00'',''2023-02-10 00:00:00'',''2023-02-10 00:00:00'',''2023-02-10 00:00:00'',''2023-02-10 00:00:00'',''2023-02-10 00:00:00'',''2023-02-10 00:00:00''}",0,0.0,0,0,0,0,0
android,"1001579",RU,"1.02","1.02",paid,2023-02-10 10:41:11,2023-02-10 10:42:46,"{''2023-02-10 00:00:00'',''2023-02-10 00:00:00'',''2023-02-10 00:00:00'',''2023-02-10 00:00:00'',''2023-02-10 00:00:00'',''2023-02-10 00:00:00''}",0,0.0,0,0,0,0,0
android,"1001581",US,"1.02","1.02",paid,2023-02-10 10:59:00,2023-02-10 11:00:27,"{''2023-02-10 00:00:00'',''2023-02-10 00:00:00'',''2023-02-10 00:00:00'',''2023-02-10 00:00:00'',''2023-02-10 00:00:00''}",0,0.0,0,0,0,0,0
android,"1001582",US,"1.02","1.02",organic,2023-02-10 11:08:13,2023-02-12 10:26:58,"{''2023-02-10 00:00:00'',''2023-02-10 00:00:00'',''2023-02-10 00:00:00'',''2023-02-11 00:00:00'',''2023-02-11 00:00:00'',''2023-02-12 00:00:00'',''2023-02-11 00:00:00'',''2023-02-11 00:00:00'',''2023-02-11 00:00:00'',''2023-02-10 00:00:00'',''2023-02-11 00:00:00'',''2023-02-10 00:00:00'',''2023-02-10 00:00:00'',''2023-02-10 00:00:00'',''2023-02-10 00:00:00'',''2023-02-10 00:00:00'',''2023-02-10 00:00:00'',''2023-02-11 00:00:00'',''2023-02-10 00:00:00'',''2023-02-12 00:00:00'',''2023-02-10 00:00:00'',''2023-02-11 00:00:00'',''2023-02-12 00:00:00'',''2023-02-10 00:00:00'',''2023-02-10 00:00:00'',''2023-02-11 00:00:00'',''2023-02-10 00:00:00'',''2023-02-12 00:00:00'',''2023-02-10 00:00:00'',''2023-02-11 00:00:00'',''2023-02-10 00:00:00'',''2023-02-10 00:00:00'',''2023-02-10 00:00:00'',''2023-02-11 00:00:00'',''2023-02-10 00:00:00'',''2023-02-10 00:00:00'',''2023-02-11 00:00:00''}",0,0.0,12,4050,1,1,0
iOS,"1001583",RU,"1.02","1.02",organic,2023-02-10 11:13:54,2023-02-10 11:15:53,"{''2023-02-10 00:00:00'',''2023-02-10 00:00:00'',''2023-02-10 00:00:00'',''2023-02-10 00:00:00'',''2023-02-10 00:00:00'',''2023-02-10 00:00:00'',''2023-02-10 00:00:00''}",0,0.0,0,0,0,0,0
android,"1001585",RU,"1.02","1.02",organic,2023-02-10 11:28:48,2023-02-10 11:30:57,"{''2023-02-10 00:00:00'',''2023-02-10 00:00:00'',''2023-02-10 00:00:00'',''2023-02-10 00:00:00'',''2023-02-10 00:00:00'',''2023-02-10 00:00:00'',''2023-02-10 00:00:00'',''2023-02-10 00:00:00''}",0,0.0,0,0,0,0,0
android,"1001586",BY,"1.02","1.02",organic,2023-02-10 11:38:01,2023-02-10 11:40:05,"{''2023-02-10 00:00:00'',''2023-02-10 00:00:00'',''2023-02-10 00:00:00'',''2023-02-10 00:00:00'',''2023-02-10 00:00:00'',''2023-02-10 00:00:00'',''2023-02-10 00:00:00'',''2023-02-10 00:00:00''}",0,0.0,0,0,0,0,0
android,"1001587",US,"1.02","1.02",organic,2023-02-10 11:40:23,2023-02-10 11:40:23,{''2023-02-10 00:00:00''},0,0.0,0,0,0,0,0
iOS,"1001589",RU,"1.02","1.02",organic,2023-02-10 11:55:17,2023-02-10 12:01:17,"{''2023-02-10 00:00:00'',''2023-02-10 00:00:00'',''2023-02-10 00:00:00'',''2023-02-10 00:00:00'',''2023-02-10 00:00:00'',''2023-02-10 00:00:00'',''2023-02-10 00:00:00'',''2023-02-10 00:00:00'',''2023-02-10 00:00:00'',''2023-02-10 00:00:00'',''2023-02-10 00:00:00'',''2023-02-10 00:00:00'',''2023-02-10 00:00:00'',''2023-02-10 00:00:00'',''2023-02-10 00:00:00'',''2023-02-10 00:00:00'',''2023-02-10 00:00:00'',''2023-02-10 00:00:00'',''2023-02-10 00:00:00''}",0,0.0,4,950,0,0,0
iOS,"1001590",GE,"1.02","1.02",paid,2023-02-10 12:00:58,2023-02-10 12:03:03,"{''2023-02-10 00:00:00'',''2023-02-10 00:00:00'',''2023-02-10 00:00:00'',''2023-02-10 00:00:00'',''2023-02-10 00:00:00'',''2023-02-10 00:00:00''}",0,0.0,0,0,0,0,0
android,"1001591",KZ,"1.02","1.02",organic,2023-02-10 12:14:33,2023-02-10 12:16:41,"{''2023-02-10 00:00:00'',''2023-02-10 00:00:00'',''2023-02-10 00:00:00'',''2023-02-10 00:00:00'',''2023-02-10 00:00:00'',''2023-02-10 00:00:00''}",0,0.0,0,0,0,0,0
iOS,"1001592",KZ,"1.02","1.02",paid,2023-02-10 12:18:47,2023-02-10 12:21:35,"{''2023-02-10 00:00:00'',''2023-02-10 00:00:00'',''2023-02-10 00:00:00'',''2023-02-10 00:00:00'',''2023-02-10 00:00:00'',''2023-02-10 00:00:00'',''2023-02-10 00:00:00'',''2023-02-10 00:00:00'',''2023-02-10 00:00:00'',''2023-02-10 00:00:00''}",0,0.0,0,0,0,0,0
iOS,"1001594",US,"1.02","1.02",organic,2023-02-10 12:33:41,2023-02-10 12:33:41,{''2023-02-10 00:00:00''},0,0.0,0,0,0,0,0
android,"1001596",DE,"1.02","1.02",organic,2023-02-10 12:52:57,2023-02-12 11:56:18,"{''2023-02-10 00:00:00'',''2023-02-11 00:00:00'',''2023-02-11 00:00:00'',''2023-02-11 00:00:00'',''2023-02-11 00:00:00'',''2023-02-10 00:00:00'',''2023-02-10 00:00:00'',''2023-02-10 00:00:00'',''2023-02-11 00:00:00'',''2023-02-10 00:00:00'',''2023-02-10 00:00:00'',''2023-02-10 00:00:00'',''2023-02-11 00:00:00'',''2023-02-11 00:00:00'',''2023-02-10 00:00:00'',''2023-02-10 00:00:00'',''2023-02-11 00:00:00'',''2023-02-11 00:00:00'',''2023-02-10 00:00:00'',''2023-02-10 00:00:00'',''2023-02-10 00:00:00'',''2023-02-10 00:00:00'',''2023-02-12 00:00:00'',''2023-02-10 00:00:00'',''2023-02-11 00:00:00'',''2023-02-12 00:00:00'',''2023-02-10 00:00:00'',''2023-02-12 00:00:00'',''2023-02-10 00:00:00'',''2023-02-10 00:00:00'',''2023-02-10 00:00:00'',''2023-02-10 00:00:00'',''2023-02-11 00:00:00'',''2023-02-11 00:00:00'',''2023-02-10 00:00:00'',''2023-02-10 00:00:00'',''2023-02-12 00:00:00''}",0,0.0,12,4050,1,1,0
android,"1001600",US,"1.02","1.02",organic,2023-02-10 13:23:48,2023-02-10 13:25:34,"{''2023-02-10 00:00:00'',''2023-02-10 00:00:00'',''2023-02-10 00:00:00'',''2023-02-10 00:00:00''}",0,0.0,0,0,0,0,0
android,"1001607",RU,"1.02","1.02",organic,2023-02-10 14:12:57,2023-02-10 14:14:39,"{''2023-02-10 00:00:00'',''2023-02-10 00:00:00'',''2023-02-10 00:00:00'',''2023-02-10 00:00:00'',''2023-02-10 00:00:00''}",0,0.0,0,0,0,0,0
iOS,"1001608",GE,"1.02","1.02",organic,2023-02-10 14:26:32,2023-02-10 14:28:49,"{''2023-02-10 00:00:00'',''2023-02-10 00:00:00'',''2023-02-10 00:00:00'',''2023-02-10 00:00:00'',''2023-02-10 00:00:00'',''2023-02-10 00:00:00'',''2023-02-10 00:00:00'',''2023-02-10 00:00:00'',''2023-02-10 00:00:00''}",0,0.0,0,0,0,0,0
iOS,"1001609",PL,"1.02","1.02",paid,2023-02-10 14:40:07,2023-02-10 14:41:26,"{''2023-02-10 00:00:00'',''2023-02-10 00:00:00'',''2023-02-10 00:00:00'',''2023-02-10 00:00:00'',''2023-02-10 00:00:00''}",0,0.0,0,0,0,0,0
iOS,"1001610",US,"1.02","1.02",organic,2023-02-10 14:49:20,2023-02-10 14:51:09,"{''2023-02-10 00:00:00'',''2023-02-10 00:00:00'',''2023-02-10 00:00:00''}",0,0.0,0,0,0,0,0
iOS,"1001611",ES,"1.02","1.02",paid,2023-02-10 14:53:34,2023-02-12 14:23:55,"{''2023-02-11 00:00:00'',''2023-02-10 00:00:00'',''2023-02-10 00:00:00'',''2023-02-11 00:00:00'',''2023-02-10 00:00:00'',''2023-02-12 00:00:00'',''2023-02-12 00:00:00'',''2023-02-10 00:00:00'',''2023-02-10 00:00:00'',''2023-02-10 00:00:00'',''2023-02-10 00:00:00'',''2023-02-10 00:00:00'',''2023-02-11 00:00:00'',''2023-02-10 00:00:00'',''2023-02-12 00:00:00'',''2023-02-10 00:00:00'',''2023-02-11 00:00:00'',''2023-02-11 00:00:00'',''2023-02-11 00:00:00'',''2023-02-11 00:00:00'',''2023-02-11 00:00:00'',''2023-02-10 00:00:00'',''2023-02-10 00:00:00'',''2023-02-11 00:00:00'',''2023-02-10 00:00:00'',''2023-02-12 00:00:00'',''2023-02-11 00:00:00'',''2023-02-10 00:00:00'',''2023-02-10 00:00:00'',''2023-02-10 00:00:00'',''2023-02-10 00:00:00'',''2023-02-11 00:00:00'',''2023-02-10 00:00:00'',''2023-02-10 00:00:00'',''2023-02-10 00:00:00'',''2023-02-11 00:00:00'',''2023-02-10 00:00:00''}",0,0.0,12,4050,1,1,0
iOS,"1001613",ES,"1.02","1.02",organic,2023-02-10 15:07:01,2023-02-11 14:39:57,"{''2023-02-11 00:00:00'',''2023-02-10 00:00:00'',''2023-02-10 00:00:00'',''2023-02-11 00:00:00'',''2023-02-10 00:00:00'',''2023-02-11 00:00:00'',''2023-02-10 00:00:00'',''2023-02-10 00:00:00'',''2023-02-11 00:00:00'',''2023-02-10 00:00:00'',''2023-02-11 00:00:00'',''2023-02-11 00:00:00'',''2023-02-10 00:00:00'',''2023-02-11 00:00:00'',''2023-02-10 00:00:00'',''2023-02-10 00:00:00'',''2023-02-10 00:00:00'',''2023-02-11 00:00:00'',''2023-02-11 00:00:00'',''2023-02-10 00:00:00'',''2023-02-10 00:00:00'',''2023-02-10 00:00:00'',''2023-02-10 00:00:00'',''2023-02-11 00:00:00'',''2023-02-10 00:00:00'',''2023-02-10 00:00:00'',''2023-02-10 00:00:00'',''2023-02-10 00:00:00'',''2023-02-10 00:00:00'',''2023-02-11 00:00:00'',''2023-02-10 00:00:00'',''2023-02-11 00:00:00'',''2023-02-10 00:00:00''}",0,0.0,10,3050,1,0,0
iOS,"1001615",GE,"1.02","1.02",organic,2023-02-10 15:20:28,2023-02-10 15:22:52,"{''2023-02-10 00:00:00'',''2023-02-10 00:00:00'',''2023-02-10 00:00:00'',''2023-02-10 00:00:00'',''2023-02-10 00:00:00'',''2023-02-10 00:00:00'',''2023-02-10 00:00:00''}",0,0.0,0,0,0,0,0
android,"1001617",RU,"1.02","1.02",organic,2023-02-10 15:31:50,2023-02-10 15:34:07,"{''2023-02-10 00:00:00'',''2023-02-10 00:00:00'',''2023-02-10 00:00:00'',''2023-02-10 00:00:00'',''2023-02-10 00:00:00'',''2023-02-10 00:00:00'',''2023-02-10 00:00:00'',''2023-02-10 00:00:00'',''2023-02-10 00:00:00'',''2023-02-10 00:00:00''}",0,0.0,0,0,0,0,0
android,"1001619",US,"1.02","1.02",organic,2023-02-10 15:45:17,2023-02-10 15:46:58,"{''2023-02-10 00:00:00'',''2023-02-10 00:00:00'',''2023-02-10 00:00:00'',''2023-02-10 00:00:00'',''2023-02-10 00:00:00''}",0,0.0,0,0,0,0,0
iOS,"1001621",DE,"1.02","1.02",organic,2023-02-10 15:56:52,2023-02-10 15:59:37,"{''2023-02-10 00:00:00'',''2023-02-10 00:00:00'',''2023-02-10 00:00:00'',''2023-02-10 00:00:00'',''2023-02-10 00:00:00'',''2023-02-10 00:00:00'',''2023-02-10 00:00:00'',''2023-02-10 00:00:00'',''2023-02-10 00:00:00'',''2023-02-10 00:00:00'',''2023-02-10 00:00:00'',''2023-02-10 00:00:00'',''2023-02-10 00:00:00''}",0,0.0,1,650,0,0,0
android,"1001622",LV,"1.02","1.02",organic,2023-02-10 16:10:27,2023-02-10 16:12:36,"{''2023-02-10 00:00:00'',''2023-02-10 00:00:00'',''2023-02-10 00:00:00'',''2023-02-10 00:00:00'',''2023-02-10 00:00:00'',''2023-02-10 00:00:00''}",0,0.0,0,0,0,0,0
android,"1001623",KZ,"1.02","1.02",organic,2023-02-10 16:16:08,2023-02-10 16:19:13,"{''2023-02-10 00:00:00'',''2023-02-10 00:00:00'',''2023-02-10 00:00:00'',''2023-02-10 00:00:00'',''2023-02-10 00:00:00'',''2023-02-10 00:00:00'',''2023-02-10 00:00:00'',''2023-02-10 00:00:00'',''2023-02-10 00:00:00'',''2023-02-10 00:00:00'',''2023-02-10 00:00:00'',''2023-02-10 00:00:00'',''2023-02-10 00:00:00''}",0,0.0,2,650,0,0,0
iOS,"1001624",RU,"1.02","1.02",organic,2023-02-10 16:18:30,2023-02-10 16:22:33,"{''2023-02-10 00:00:00'',''2023-02-10 00:00:00'',''2023-02-10 00:00:00'',''2023-02-10 00:00:00'',''2023-02-10 00:00:00'',''2023-02-10 00:00:00'',''2023-02-10 00:00:00'',''2023-02-10 00:00:00'',''2023-02-10 00:00:00'',''2023-02-10 00:00:00'',''2023-02-10 00:00:00'',''2023-02-10 00:00:00'',''2023-02-10 00:00:00'',''2023-02-10 00:00:00'',''2023-02-10 00:00:00''}",0,0.0,2,750,0,0,0
iOS,"1001627",RU,"1.02","1.02",paid,2023-02-10 16:39:18,2023-02-10 16:41:04,"{''2023-02-10 00:00:00'',''2023-02-10 00:00:00'',''2023-02-10 00:00:00'',''2023-02-10 00:00:00''}",0,0.0,0,0,0,0,0
android,"1001628",RU,"1.02","1.02",organic,2023-02-10 16:44:59,2023-02-10 16:49:58,"{''2023-02-10 00:00:00'',''2023-02-10 00:00:00'',''2023-02-10 00:00:00'',''2023-02-10 00:00:00'',''2023-02-10 00:00:00'',''2023-02-10 00:00:00'',''2023-02-10 00:00:00'',''2023-02-10 00:00:00'',''2023-02-10 00:00:00'',''2023-02-10 00:00:00'',''2023-02-10 00:00:00'',''2023-02-10 00:00:00'',''2023-02-10 00:00:00'',''2023-02-10 00:00:00'',''2023-02-10 00:00:00'',''2023-02-10 00:00:00'',''2023-02-10 00:00:00''}",0,0.0,4,850,0,0,0
iOS,"1001629",LT,"1.02","1.02",organic,2023-02-10 16:50:40,2023-02-10 16:52:11,"{''2023-02-10 00:00:00'',''2023-02-10 00:00:00'',''2023-02-10 00:00:00'',''2023-02-10 00:00:00''}",0,0.0,0,0,0,0,0
iOS,"1001633",RU,"1.02","1.02",organic,2023-02-10 17:26:55,2023-02-10 17:28:10,"{''2023-02-10 00:00:00'',''2023-02-10 00:00:00'',''2023-02-10 00:00:00'',''2023-02-10 00:00:00''}",0,0.0,0,0,0,0,0
iOS,"1001635",US,"1.02","1.02",paid,2023-02-10 17:49:43,2023-02-10 17:52:20,"{''2023-02-10 00:00:00'',''2023-02-10 00:00:00'',''2023-02-10 00:00:00'',''2023-02-10 00:00:00'',''2023-02-10 00:00:00'',''2023-02-10 00:00:00'',''2023-02-10 00:00:00'',''2023-02-10 00:00:00'',''2023-02-10 00:00:00''}",0,0.0,0,0,0,0,0
iOS,"1001636",IT,"1.02","1.02",organic,2023-02-10 17:58:56,2023-02-10 17:58:56,{''2023-02-10 00:00:00''},0,0.0,0,0,0,0,0
android,"1001639",KZ,"1.02","1.02",organic,2023-02-10 18:21:36,2023-02-10 18:23:24,"{''2023-02-10 00:00:00'',''2023-02-10 00:00:00'',''2023-02-10 00:00:00''}",0,0.0,0,0,0,0,0
android,"1001640",GE,"1.02","1.02",organic,2023-02-10 18:30:49,2023-02-11 18:02:50,"{''2023-02-10 00:00:00'',''2023-02-11 00:00:00'',''2023-02-10 00:00:00'',''2023-02-10 00:00:00'',''2023-02-10 00:00:00'',''2023-02-11 00:00:00'',''2023-02-10 00:00:00'',''2023-02-10 00:00:00'',''2023-02-10 00:00:00'',''2023-02-10 00:00:00'',''2023-02-11 00:00:00'',''2023-02-11 00:00:00'',''2023-02-10 00:00:00'',''2023-02-10 00:00:00'',''2023-02-10 00:00:00'',''2023-02-10 00:00:00'',''2023-02-11 00:00:00'',''2023-02-10 00:00:00'',''2023-02-10 00:00:00'',''2023-02-10 00:00:00'',''2023-02-10 00:00:00'',''2023-02-11 00:00:00'',''2023-02-10 00:00:00'',''2023-02-11 00:00:00'',''2023-02-11 00:00:00'',''2023-02-11 00:00:00'',''2023-02-11 00:00:00'',''2023-02-10 00:00:00'',''2023-02-10 00:00:00'',''2023-02-11 00:00:00'',''2023-02-10 00:00:00'',''2023-02-11 00:00:00'',''2023-02-10 00:00:00''}",0,0.0,10,3050,1,0,0
android,"1001642",ES,"1.02","1.02",organic,2023-02-10 18:40:44,2023-02-10 18:41:48,"{''2023-02-10 00:00:00'',''2023-02-10 00:00:00'',''2023-02-10 00:00:00''}",0,0.0,0,0,0,0,0
iOS,"1001645",RU,"1.02","1.02",organic,2023-02-10 19:12:45,2023-02-10 19:14:49,"{''2023-02-10 00:00:00'',''2023-02-10 00:00:00'',''2023-02-10 00:00:00'',''2023-02-10 00:00:00'',''2023-02-10 00:00:00'',''2023-02-10 00:00:00''}",0,0.0,0,0,0,0,0
iOS,"1001647",RU,"1.02","1.02",organic,2023-02-10 19:31:11,2023-02-10 19:33:47,"{''2023-02-10 00:00:00'',''2023-02-10 00:00:00'',''2023-02-10 00:00:00'',''2023-02-10 00:00:00'',''2023-02-10 00:00:00'',''2023-02-10 00:00:00'',''2023-02-10 00:00:00'',''2023-02-10 00:00:00'',''2023-02-10 00:00:00''}",0,0.0,0,0,0,0,0
android,"1001649",CA,"1.02","1.02",organic,2023-02-10 19:41:06,2023-02-10 19:42:57,"{''2023-02-10 00:00:00'',''2023-02-10 00:00:00'',''2023-02-10 00:00:00'',''2023-02-10 00:00:00'',''2023-02-10 00:00:00'',''2023-02-10 00:00:00'',''2023-02-10 00:00:00'',''2023-02-10 00:00:00''}",0,0.0,0,0,0,0,0
iOS,"1001651",RU,"1.02","1.02",organic,2023-02-10 19:56:00,2023-02-10 19:57:22,"{''2023-02-10 00:00:00'',''2023-02-10 00:00:00'',''2023-02-10 00:00:00'',''2023-02-10 00:00:00''}",0,0.0,0,0,0,0,0
android,"1001652",RU,"1.02","1.02",organic,2023-02-10 20:05:13,2023-02-10 20:07:30,"{''2023-02-10 00:00:00'',''2023-02-10 00:00:00'',''2023-02-10 00:00:00'',''2023-02-10 00:00:00'',''2023-02-10 00:00:00'',''2023-02-10 00:00:00'',''2023-02-10 00:00:00''}",0,0.0,0,0,0,0,0
iOS,"1001653",KZ,"1.02","1.02",organic,2023-02-10 20:14:26,2023-02-10 20:16:38,"{''2023-02-10 00:00:00'',''2023-02-10 00:00:00'',''2023-02-10 00:00:00'',''2023-02-10 00:00:00'',''2023-02-10 00:00:00'',''2023-02-10 00:00:00'',''2023-02-10 00:00:00'',''2023-02-10 00:00:00'',''2023-02-10 00:00:00'',''2023-02-10 00:00:00''}",0,0.0,1,50,0,0,0
android,"1001656",GE,"1.02","1.02",organic,2023-02-10 20:37:06,2023-02-10 20:42:44,"{''2023-02-10 00:00:00'',''2023-02-10 00:00:00'',''2023-02-10 00:00:00'',''2023-02-10 00:00:00'',''2023-02-10 00:00:00'',''2023-02-10 00:00:00'',''2023-02-10 00:00:00'',''2023-02-10 00:00:00'',''2023-02-10 00:00:00'',''2023-02-10 00:00:00'',''2023-02-10 00:00:00'',''2023-02-10 00:00:00'',''2023-02-10 00:00:00'',''2023-02-10 00:00:00'',''2023-02-10 00:00:00'',''2023-02-10 00:00:00'',''2023-02-10 00:00:00''}",0,0.0,4,850,0,0,0
iOS,"1001661",US,"1.02","1.02",paid,2023-02-10 21:14:03,2023-02-10 21:26:08,"{''2023-02-10 00:00:00'',''2023-02-10 00:00:00'',''2023-02-10 00:00:00'',''2023-02-10 00:00:00'',''2023-02-10 00:00:00'',''2023-02-10 00:00:00'',''2023-02-10 00:00:00'',''2023-02-10 00:00:00'',''2023-02-10 00:00:00'',''2023-02-10 00:00:00'',''2023-02-10 00:00:00'',''2023-02-10 00:00:00'',''2023-02-10 00:00:00'',''2023-02-10 00:00:00'',''2023-02-10 00:00:00'',''2023-02-10 00:00:00'',''2023-02-10 00:00:00'',''2023-02-10 00:00:00'',''2023-02-10 00:00:00'',''2023-02-10 00:00:00''}",1,399.0,3,950,0,0,0
iOS,"1001664",RU,"1.02","1.02",organic,2023-02-10 21:46:04,2023-02-10 21:48:09,"{''2023-02-10 00:00:00'',''2023-02-10 00:00:00'',''2023-02-10 00:00:00'',''2023-02-10 00:00:00'',''2023-02-10 00:00:00''}",0,0.0,0,0,0,0,0
android,"1001665",PL,"1.02","1.02",organic,2023-02-10 21:50:18,2023-02-11 21:21:19,"{''2023-02-10 00:00:00'',''2023-02-11 00:00:00'',''2023-02-11 00:00:00'',''2023-02-11 00:00:00'',''2023-02-10 00:00:00'',''2023-02-10 00:00:00'',''2023-02-11 00:00:00'',''2023-02-10 00:00:00'',''2023-02-10 00:00:00'',''2023-02-10 00:00:00'',''2023-02-10 00:00:00'',''2023-02-11 00:00:00'',''2023-02-10 00:00:00'',''2023-02-10 00:00:00'',''2023-02-10 00:00:00'',''2023-02-10 00:00:00'',''2023-02-10 00:00:00'',''2023-02-11 00:00:00'',''2023-02-11 00:00:00'',''2023-02-11 00:00:00'',''2023-02-10 00:00:00'',''2023-02-10 00:00:00'',''2023-02-11 00:00:00'',''2023-02-10 00:00:00'',''2023-02-10 00:00:00'',''2023-02-11 00:00:00'',''2023-02-10 00:00:00'',''2023-02-10 00:00:00'',''2023-02-10 00:00:00'',''2023-02-10 00:00:00'',''2023-02-10 00:00:00''}",1,99.0,9,2750,1,0,0
iOS,"1001667",US,"1.02","1.02",organic,2023-02-10 22:05:12,2023-02-10 22:06:37,"{''2023-02-10 00:00:00'',''2023-02-10 00:00:00'',''2023-02-10 00:00:00''}",0,0.0,0,0,0,0,0
android,"1001668",BY,"1.02","1.02",organic,2023-02-10 22:10:53,2023-02-10 22:12:14,"{''2023-02-10 00:00:00'',''2023-02-10 00:00:00'',''2023-02-10 00:00:00'',''2023-02-10 00:00:00''}",0,0.0,0,0,0,0,0
android,"1001669",PL,"1.02","1.02",paid,2023-02-10 22:16:34,2023-02-10 22:18:16,"{''2023-02-10 00:00:00'',''2023-02-10 00:00:00'',''2023-02-10 00:00:00'',''2023-02-10 00:00:00'',''2023-02-10 00:00:00'',''2023-02-10 00:00:00''}",0,0.0,0,0,0,0,0
android,"1001670",GE,"1.02","1.02",organic,2023-02-10 22:25:47,2023-02-10 22:27:21,"{''2023-02-10 00:00:00'',''2023-02-10 00:00:00'',''2023-02-10 00:00:00'',''2023-02-10 00:00:00'',''2023-02-10 00:00:00'',''2023-02-10 00:00:00'',''2023-02-10 00:00:00'',''2023-02-10 00:00:00'',''2023-02-10 00:00:00''}",0,0.0,0,0,0,0,0
android,"1001672",RU,"1.02","1.02",paid,2023-02-10 22:35:42,2023-02-10 22:39:54,"{''2023-02-10 00:00:00'',''2023-02-10 00:00:00'',''2023-02-10 00:00:00'',''2023-02-10 00:00:00'',''2023-02-10 00:00:00'',''2023-02-10 00:00:00'',''2023-02-10 00:00:00'',''2023-02-10 00:00:00'',''2023-02-10 00:00:00'',''2023-02-10 00:00:00'',''2023-02-10 00:00:00'',''2023-02-10 00:00:00'',''2023-02-10 00:00:00'',''2023-02-10 00:00:00'',''2023-02-10 00:00:00''}",0,0.0,2,750,0,0,0
iOS,"1001673",RU,"1.02","1.02",organic,2023-02-10 22:44:55,2023-02-12 22:06:18,"{''2023-02-10 00:00:00'',''2023-02-10 00:00:00'',''2023-02-11 00:00:00'',''2023-02-10 00:00:00'',''2023-02-11 00:00:00'',''2023-02-11 00:00:00'',''2023-02-10 00:00:00'',''2023-02-10 00:00:00'',''2023-02-11 00:00:00'',''2023-02-10 00:00:00'',''2023-02-12 00:00:00'',''2023-02-12 00:00:00'',''2023-02-10 00:00:00'',''2023-02-10 00:00:00'',''2023-02-10 00:00:00'',''2023-02-10 00:00:00'',''2023-02-10 00:00:00'',''2023-02-11 00:00:00'',''2023-02-12 00:00:00'',''2023-02-10 00:00:00'',''2023-02-10 00:00:00'',''2023-02-10 00:00:00'',''2023-02-10 00:00:00'',''2023-02-11 00:00:00'',''2023-02-11 00:00:00'',''2023-02-11 00:00:00'',''2023-02-11 00:00:00'',''2023-02-10 00:00:00'',''2023-02-10 00:00:00'',''2023-02-10 00:00:00'',''2023-02-12 00:00:00'',''2023-02-10 00:00:00'',''2023-02-11 00:00:00'',''2023-02-11 00:00:00'',''2023-02-10 00:00:00'',''2023-02-11 00:00:00'',''2023-02-10 00:00:00''}",0,0.0,12,4050,1,1,0
android,"1001674",RU,"1.02","1.02",paid,2023-02-10 22:54:08,2023-02-10 23:42:17,"{''2023-02-10 00:00:00'',''2023-02-10 00:00:00'',''2023-02-10 00:00:00'',''2023-02-10 00:00:00'',''2023-02-10 00:00:00'',''2023-02-10 00:00:00'',''2023-02-10 00:00:00'',''2023-02-10 00:00:00'',''2023-02-10 00:00:00'',''2023-02-10 00:00:00'',''2023-02-10 00:00:00'',''2023-02-10 00:00:00'',''2023-02-10 00:00:00'',''2023-02-10 00:00:00'',''2023-02-10 00:00:00'',''2023-02-10 00:00:00'',''2023-02-10 00:00:00'',''2023-02-10 00:00:00'',''2023-02-10 00:00:00'',''2023-02-10 00:00:00'',''2023-02-10 00:00:00'',''2023-02-10 00:00:00'',''2023-02-10 00:00:00'',''2023-02-10 00:00:00''}",0,0.0,6,1150,1,0,0
android,"1001675",US,"1.02","1.02",organic,2023-02-10 22:58:22,2023-02-10 23:03:31,"{''2023-02-10 00:00:00'',''2023-02-10 00:00:00'',''2023-02-10 00:00:00'',''2023-02-10 00:00:00'',''2023-02-10 00:00:00'',''2023-02-10 00:00:00'',''2023-02-10 00:00:00'',''2023-02-10 00:00:00'',''2023-02-10 00:00:00'',''2023-02-10 00:00:00'',''2023-02-10 00:00:00'',''2023-02-10 00:00:00'',''2023-02-10 00:00:00'',''2023-02-10 00:00:00'',''2023-02-10 00:00:00'',''2023-02-10 00:00:00'',''2023-02-10 00:00:00''}",0,0.0,3,850,0,0,0
android,"1001677",RU,"1.02","1.02",organic,2023-02-10 23:09:44,2023-02-10 23:12:13,"{''2023-02-10 00:00:00'',''2023-02-10 00:00:00'',''2023-02-10 00:00:00'',''2023-02-10 00:00:00'',''2023-02-10 00:00:00'',''2023-02-10 00:00:00'',''2023-02-10 00:00:00'',''2023-02-10 00:00:00'',''2023-02-10 00:00:00'',''2023-02-10 00:00:00''}",0,0.0,0,0,0,0,0
android,"1001679",KZ,"1.02","1.02",organic,2023-02-10 23:29:00,2023-02-11 00:23:08,"{''2023-02-10 00:00:00'',''2023-02-10 00:00:00'',''2023-02-10 00:00:00'',''2023-02-11 00:00:00'',''2023-02-10 00:00:00'',''2023-02-10 00:00:00'',''2023-02-11 00:00:00'',''2023-02-10 00:00:00'',''2023-02-10 00:00:00'',''2023-02-10 00:00:00'',''2023-02-11 00:00:00'',''2023-02-10 00:00:00'',''2023-02-10 00:00:00'',''2023-02-10 00:00:00'',''2023-02-10 00:00:00'',''2023-02-10 00:00:00'',''2023-02-10 00:00:00'',''2023-02-10 00:00:00'',''2023-02-10 00:00:00'',''2023-02-10 00:00:00'',''2023-02-10 00:00:00'',''2023-02-10 00:00:00'',''2023-02-10 00:00:00'',''2023-02-10 00:00:00''}",0,0.0,6,1150,1,0,0
android,"1001683",RU,"1.02","1.02",organic,2023-02-11 00:03:10,2023-02-11 00:05:42,"{''2023-02-11 00:00:00'',''2023-02-11 00:00:00'',''2023-02-11 00:00:00'',''2023-02-11 00:00:00'',''2023-02-11 00:00:00'',''2023-02-11 00:00:00'',''2023-02-11 00:00:00'',''2023-02-11 00:00:00''}",0,0.0,0,0,0,0,0
android,"1001684",ES,"1.02","1.02",paid,2023-02-11 00:08:51,2023-02-11 00:11:02,"{''2023-02-11 00:00:00'',''2023-02-11 00:00:00'',''2023-02-11 00:00:00'',''2023-02-11 00:00:00''}",0,0.0,0,0,0,0,0
iOS,"1001686",DE,"1.02","1.02",paid,2023-02-11 00:18:46,2023-02-11 00:20:39,"{''2023-02-11 00:00:00'',''2023-02-11 00:00:00'',''2023-02-11 00:00:00'',''2023-02-11 00:00:00'',''2023-02-11 00:00:00'',''2023-02-11 00:00:00'',''2023-02-11 00:00:00'',''2023-02-11 00:00:00'',''2023-02-11 00:00:00''}",0,0.0,0,0,0,0,0
iOS,"1001688",DE,"1.02","1.02",organic,2023-02-11 00:33:40,2023-02-11 00:35:49,"{''2023-02-11 00:00:00'',''2023-02-11 00:00:00'',''2023-02-11 00:00:00'',''2023-02-11 00:00:00'',''2023-02-11 00:00:00'',''2023-02-11 00:00:00'',''2023-02-11 00:00:00''}",0,0.0,0,0,0,0,0
android,"1001690",IT,"1.02","1.02",organic,2023-02-11 00:52:06,2023-02-11 00:53:42,"{''2023-02-11 00:00:00'',''2023-02-11 00:00:00'',''2023-02-11 00:00:00'',''2023-02-11 00:00:00'',''2023-02-11 00:00:00''}",0,0.0,0,0,0,0,0
iOS,"1001692",RU,"1.02","1.02",organic,2023-02-11 01:10:32,2023-02-11 01:12:36,"{''2023-02-11 00:00:00'',''2023-02-11 00:00:00'',''2023-02-11 00:00:00'',''2023-02-11 00:00:00'',''2023-02-11 00:00:00'',''2023-02-11 00:00:00'',''2023-02-11 00:00:00''}",0,0.0,0,0,0,0,0
android,"1001693",ES,"1.02","1.02",organic,2023-02-11 01:16:13,2023-02-11 01:17:46,"{''2023-02-11 00:00:00'',''2023-02-11 00:00:00'',''2023-02-11 00:00:00'',''2023-02-11 00:00:00'',''2023-02-11 00:00:00''}",0,0.0,0,0,0,0,0
android,"1001695",DE,"1.02","1.02",organic,2023-02-11 01:34:02,2023-02-11 01:35:43,"{''2023-02-11 00:00:00'',''2023-02-11 00:00:00'',''2023-02-11 00:00:00'',''2023-02-11 00:00:00'',''2023-02-11 00:00:00'',''2023-02-11 00:00:00''}",0,0.0,0,0,0,0,0
iOS,"1001696",GE,"1.02","1.02",organic,2023-02-11 01:38:16,2023-02-11 01:39:47,"{''2023-02-11 00:00:00'',''2023-02-11 00:00:00'',''2023-02-11 00:00:00'',''2023-02-11 00:00:00''}",0,0.0,0,0,0,0,0
iOS,"1001697",ES,"1.02","1.02",organic,2023-02-11 01:42:30,2023-02-11 01:48:34,"{''2023-02-11 00:00:00'',''2023-02-11 00:00:00'',''2023-02-11 00:00:00'',''2023-02-11 00:00:00'',''2023-02-11 00:00:00'',''2023-02-11 00:00:00'',''2023-02-11 00:00:00'',''2023-02-11 00:00:00'',''2023-02-11 00:00:00'',''2023-02-11 00:00:00'',''2023-02-11 00:00:00'',''2023-02-11 00:00:00'',''2023-02-11 00:00:00'',''2023-02-11 00:00:00'',''2023-02-11 00:00:00'',''2023-02-11 00:00:00'',''2023-02-11 00:00:00'',''2023-02-11 00:00:00'',''2023-02-11 00:00:00''}",0,0.0,4,950,0,0,0
android,"1001699",PL,"1.02","1.02",paid,2023-02-11 01:52:25,2023-02-11 01:54:45,"{''2023-02-11 00:00:00'',''2023-02-11 00:00:00'',''2023-02-11 00:00:00'',''2023-02-11 00:00:00'',''2023-02-11 00:00:00'',''2023-02-11 00:00:00'',''2023-02-11 00:00:00'',''2023-02-11 00:00:00'',''2023-02-11 00:00:00'',''2023-02-11 00:00:00''}",0,0.0,1,50,0,0,0
iOS,"1001701",IT,"1.02","1.02",organic,2023-02-11 02:11:41,2023-02-11 02:14:21,"{''2023-02-11 00:00:00'',''2023-02-11 00:00:00'',''2023-02-11 00:00:00'',''2023-02-11 00:00:00'',''2023-02-11 00:00:00'',''2023-02-11 00:00:00'',''2023-02-11 00:00:00'',''2023-02-11 00:00:00'',''2023-02-11 00:00:00'',''2023-02-11 00:00:00''}",0,0.0,1,50,0,0,0
android,"1001702",BY,"1.02","1.02",paid,2023-02-11 02:20:54,2023-02-11 02:22:46,"{''2023-02-11 00:00:00'',''2023-02-11 00:00:00'',''2023-02-11 00:00:00'',''2023-02-11 00:00:00'',''2023-02-11 00:00:00''}",0,0.0,0,0,0,0,0
iOS,"1001705",RU,"1.02","1.02",organic,2023-02-11 02:50:26,2023-02-11 03:21:23,"{''2023-02-11 00:00:00'',''2023-02-11 00:00:00'',''2023-02-11 00:00:00'',''2023-02-11 00:00:00'',''2023-02-11 00:00:00'',''2023-02-11 00:00:00'',''2023-02-11 00:00:00'',''2023-02-11 00:00:00'',''2023-02-11 00:00:00'',''2023-02-11 00:00:00'',''2023-02-11 00:00:00'',''2023-02-11 00:00:00'',''2023-02-11 00:00:00'',''2023-02-11 00:00:00'',''2023-02-11 00:00:00'',''2023-02-11 00:00:00'',''2023-02-11 00:00:00'',''2023-02-11 00:00:00'',''2023-02-11 00:00:00'',''2023-02-11 00:00:00'',''2023-02-11 00:00:00'',''2023-02-11 00:00:00'',''2023-02-11 00:00:00'',''2023-02-11 00:00:00''}",0,0.0,6,1150,1,0,0
android,"1001707",DE,"1.02","1.02",paid,2023-02-11 03:13:14,2023-02-11 03:14:33,"{''2023-02-11 00:00:00'',''2023-02-11 00:00:00'',''2023-02-11 00:00:00'',''2023-02-11 00:00:00'',''2023-02-11 00:00:00''}",0,0.0,0,0,0,0,0
android,"1001710",NL,"1.02","1.02",organic,2023-02-11 03:38:24,2023-02-12 03:25:41,"{''2023-02-11 00:00:00'',''2023-02-11 00:00:00'',''2023-02-11 00:00:00'',''2023-02-11 00:00:00'',''2023-02-12 00:00:00'',''2023-02-12 00:00:00'',''2023-02-11 00:00:00'',''2023-02-11 00:00:00'',''2023-02-11 00:00:00'',''2023-02-11 00:00:00'',''2023-02-11 00:00:00'',''2023-02-11 00:00:00'',''2023-02-12 00:00:00'',''2023-02-11 00:00:00'',''2023-02-11 00:00:00'',''2023-02-11 00:00:00'',''2023-02-11 00:00:00'',''2023-02-12 00:00:00'',''2023-02-11 00:00:00'',''2023-02-12 00:00:00'',''2023-02-11 00:00:00'',''2023-02-12 00:00:00'',''2023-02-11 00:00:00'',''2023-02-11 00:00:00'',''2023-02-12 00:00:00'',''2023-02-12 00:00:00'',''2023-02-12 00:00:00'',''2023-02-11 00:00:00'',''2023-02-12 00:00:00'',''2023-02-12 00:00:00'',''2023-02-11 00:00:00'',''2023-02-12 00:00:00'',''2023-02-11 00:00:00''}",0,0.0,10,3050,1,0,0
android,"1001711",RU,"1.02","1.02",organic,2023-02-11 03:44:05,2023-02-11 03:46:06,"{''2023-02-11 00:00:00'',''2023-02-11 00:00:00'',''2023-02-11 00:00:00'',''2023-02-11 00:00:00'',''2023-02-11 00:00:00'',''2023-02-11 00:00:00'',''2023-02-11 00:00:00'',''2023-02-11 00:00:00'',''2023-02-11 00:00:00''}",0,0.0,0,0,0,0,0
iOS,"1001712",IT,"1.02","1.02",paid,2023-02-11 03:57:40,2023-02-11 04:10:40,"{''2023-02-11 00:00:00'',''2023-02-11 00:00:00'',''2023-02-11 00:00:00'',''2023-02-11 00:00:00'',''2023-02-11 00:00:00'',''2023-02-11 00:00:00'',''2023-02-11 00:00:00'',''2023-02-11 00:00:00'',''2023-02-11 00:00:00'',''2023-02-11 00:00:00'',''2023-02-11 00:00:00'',''2023-02-11 00:00:00'',''2023-02-11 00:00:00'',''2023-02-11 00:00:00'',''2023-02-11 00:00:00'',''2023-02-11 00:00:00'',''2023-02-11 00:00:00'',''2023-02-11 00:00:00'',''2023-02-11 00:00:00'',''2023-02-11 00:00:00''}",1,399.0,3,950,0,0,0
android,"1001714",LV,"1.02","1.02",organic,2023-02-11 04:11:07,2023-02-11 04:12:49,"{''2023-02-11 00:00:00'',''2023-02-11 00:00:00'',''2023-02-11 00:00:00'',''2023-02-11 00:00:00'',''2023-02-11 00:00:00'',''2023-02-11 00:00:00''}",0,0.0,0,0,0,0,0
android,"1001719",RU,"1.02","1.02",organic,2023-02-11 04:36:38,2023-02-11 04:38:13,"{''2023-02-11 00:00:00'',''2023-02-11 00:00:00'',''2023-02-11 00:00:00'',''2023-02-11 00:00:00''}",0,0.0,0,0,0,0,0
android,"1001721",RU,"1.02","1.02",organic,2023-02-11 04:59:26,2023-02-11 05:00:56,"{''2023-02-11 00:00:00'',''2023-02-11 00:00:00'',''2023-02-11 00:00:00'',''2023-02-11 00:00:00''}",0,0.0,0,0,0,0,0
android,"1001722",KZ,"1.02","1.02",organic,2023-02-11 05:08:39,2023-02-11 05:11:00,"{''2023-02-11 00:00:00'',''2023-02-11 00:00:00'',''2023-02-11 00:00:00'',''2023-02-11 00:00:00'',''2023-02-11 00:00:00'',''2023-02-11 00:00:00'',''2023-02-11 00:00:00''}",0,0.0,0,0,0,0,0
android,"1001724",IT,"1.02","1.02",organic,2023-02-11 05:18:34,2023-02-11 05:20:24,"{''2023-02-11 00:00:00'',''2023-02-11 00:00:00'',''2023-02-11 00:00:00''}",0,0.0,0,0,0,0,0
android,"1001725",RU,"1.02","1.02",organic,2023-02-11 05:24:15,2023-02-11 05:26:13,"{''2023-02-11 00:00:00'',''2023-02-11 00:00:00'',''2023-02-11 00:00:00'',''2023-02-11 00:00:00'',''2023-02-11 00:00:00'',''2023-02-11 00:00:00'',''2023-02-11 00:00:00'',''2023-02-11 00:00:00'',''2023-02-11 00:00:00''}",0,0.0,0,0,0,0,0
iOS,"1001726",PL,"1.02","1.02",organic,2023-02-11 05:29:56,2023-02-12 05:35:35,"{''2023-02-11 00:00:00'',''2023-02-12 00:00:00'',''2023-02-12 00:00:00'',''2023-02-12 00:00:00'',''2023-02-11 00:00:00'',''2023-02-11 00:00:00'',''2023-02-11 00:00:00'',''2023-02-12 00:00:00'',''2023-02-12 00:00:00'',''2023-02-11 00:00:00'',''2023-02-11 00:00:00'',''2023-02-12 00:00:00'',''2023-02-12 00:00:00'',''2023-02-12 00:00:00'',''2023-02-11 00:00:00'',''2023-02-11 00:00:00'',''2023-02-11 00:00:00'',''2023-02-11 00:00:00'',''2023-02-12 00:00:00'',''2023-02-11 00:00:00'',''2023-02-11 00:00:00'',''2023-02-11 00:00:00'',''2023-02-11 00:00:00'',''2023-02-11 00:00:00'',''2023-02-11 00:00:00'',''2023-02-11 00:00:00'',''2023-02-11 00:00:00'',''2023-02-11 00:00:00'',''2023-02-12 00:00:00'',''2023-02-11 00:00:00'',''2023-02-12 00:00:00'',''2023-02-11 00:00:00'',''2023-02-12 00:00:00''}",0,0.0,10,3050,1,0,0
android,"1001727",US,"1.02","1.02",organic,2023-02-11 05:39:09,2023-02-11 05:41:05,"{''2023-02-11 00:00:00'',''2023-02-11 00:00:00'',''2023-02-11 00:00:00'',''2023-02-11 00:00:00'',''2023-02-11 00:00:00'',''2023-02-11 00:00:00'',''2023-02-11 00:00:00'',''2023-02-11 00:00:00''}",0,0.0,0,0,0,0,0
android,"1001728",NL,"1.02","1.02",organic,2023-02-11 05:52:44,2023-02-11 05:56:43,"{''2023-02-11 00:00:00'',''2023-02-11 00:00:00'',''2023-02-11 00:00:00'',''2023-02-11 00:00:00'',''2023-02-11 00:00:00'',''2023-02-11 00:00:00'',''2023-02-11 00:00:00'',''2023-02-11 00:00:00'',''2023-02-11 00:00:00'',''2023-02-11 00:00:00'',''2023-02-11 00:00:00'',''2023-02-11 00:00:00'',''2023-02-11 00:00:00''}",0,0.0,2,650,0,0,0
android,"1001736",KZ,"1.02","1.02",organic,2023-02-11 06:49:27,2023-02-11 06:51:31,"{''2023-02-11 00:00:00'',''2023-02-11 00:00:00'',''2023-02-11 00:00:00'',''2023-02-11 00:00:00'',''2023-02-11 00:00:00'',''2023-02-11 00:00:00'',''2023-02-11 00:00:00'',''2023-02-11 00:00:00'',''2023-02-11 00:00:00''}",0,0.0,0,0,0,0,0
android,"1001739",PL,"1.02","1.02",paid,2023-02-11 07:16:29,2023-02-11 07:22:04,"{''2023-02-11 00:00:00'',''2023-02-11 00:00:00'',''2023-02-11 00:00:00'',''2023-02-11 00:00:00'',''2023-02-11 00:00:00'',''2023-02-11 00:00:00'',''2023-02-11 00:00:00'',''2023-02-11 00:00:00'',''2023-02-11 00:00:00'',''2023-02-11 00:00:00'',''2023-02-11 00:00:00'',''2023-02-11 00:00:00'',''2023-02-11 00:00:00'',''2023-02-11 00:00:00'',''2023-02-11 00:00:00'',''2023-02-11 00:00:00'',''2023-02-11 00:00:00'',''2023-02-11 00:00:00'',''2023-02-11 00:00:00''}",0,0.0,4,950,0,0,0
iOS,"1001743",ES,"1.02","1.02",organic,2023-02-11 07:29:41,2023-02-11 07:31:56,"{''2023-02-11 00:00:00'',''2023-02-11 00:00:00'',''2023-02-11 00:00:00'',''2023-02-11 00:00:00'',''2023-02-11 00:00:00'',''2023-02-11 00:00:00'',''2023-02-11 00:00:00'',''2023-02-11 00:00:00'',''2023-02-11 00:00:00''}",0,0.0,0,0,0,0,0
android,"1001745",IT,"1.02","1.02",organic,2023-02-11 07:48:57,2023-02-11 07:50:33,"{''2023-02-11 00:00:00'',''2023-02-11 00:00:00'',''2023-02-11 00:00:00'',''2023-02-11 00:00:00''}",0,0.0,0,0,0,0,0
iOS,"1001746",KZ,"1.02","1.02",organic,2023-02-11 07:58:10,2023-02-13 06:48:37,"{''2023-02-12 00:00:00'',''2023-02-11 00:00:00'',''2023-02-11 00:00:00'',''2023-02-11 00:00:00'',''2023-02-12 00:00:00'',''2023-02-13 00:00:00'',''2023-02-11 00:00:00'',''2023-02-12 00:00:00'',''2023-02-13 00:00:00'',''2023-02-12 00:00:00'',''2023-02-12 00:00:00'',''2023-02-12 00:00:00'',''2023-02-12 00:00:00'',''2023-02-11 00:00:00'',''2023-02-13 00:00:00'',''2023-02-11 00:00:00'',''2023-02-12 00:00:00'',''2023-02-11 00:00:00'',''2023-02-12 00:00:00'',''2023-02-11 00:00:00'',''2023-02-11 00:00:00'',''2023-02-11 00:00:00'',''2023-02-13 00:00:00'',''2023-02-11 00:00:00'',''2023-02-12 00:00:00'',''2023-02-11 00:00:00'',''2023-02-11 00:00:00'',''2023-02-12 00:00:00'',''2023-02-12 00:00:00'',''2023-02-11 00:00:00'',''2023-02-11 00:00:00'',''2023-02-11 00:00:00'',''2023-02-11 00:00:00'',''2023-02-11 00:00:00'',''2023-02-11 00:00:00'',''2023-02-11 00:00:00'',''2023-02-11 00:00:00''}",0,0.0,12,4050,1,1,0
android,"1001748",KZ,"1.02","1.02",organic,2023-02-11 08:17:26,2023-02-11 08:19:38,"{''2023-02-11 00:00:00'',''2023-02-11 00:00:00'',''2023-02-11 00:00:00'',''2023-02-11 00:00:00'',''2023-02-11 00:00:00'',''2023-02-11 00:00:00'',''2023-02-11 00:00:00'',''2023-02-11 00:00:00'',''2023-02-11 00:00:00'',''2023-02-11 00:00:00''}",0,0.0,0,0,0,0,0
android,"1001749",CA,"1.02","1.02",organic,2023-02-11 08:21:40,2023-02-11 08:24:04,"{''2023-02-11 00:00:00'',''2023-02-11 00:00:00'',''2023-02-11 00:00:00'',''2023-02-11 00:00:00'',''2023-02-11 00:00:00'',''2023-02-11 00:00:00'',''2023-02-11 00:00:00'',''2023-02-11 00:00:00'',''2023-02-11 00:00:00''}",0,0.0,0,0,0,0,0
iOS,"1001751",US,"1.02","1.02",organic,2023-02-11 08:44:28,2023-02-11 08:45:40,"{''2023-02-11 00:00:00'',''2023-02-11 00:00:00'',''2023-02-11 00:00:00'',''2023-02-11 00:00:00'',''2023-02-11 00:00:00''}",0,0.0,0,0,0,0,0
android,"1001756",US,"1.02","1.02",organic,2023-02-11 09:33:16,2023-02-11 09:34:35,"{''2023-02-11 00:00:00'',''2023-02-11 00:00:00'',''2023-02-11 00:00:00''}",0,0.0,0,0,0,0,0
iOS,"1001757",CA,"1.02","1.02",organic,2023-02-11 09:37:30,2023-02-12 09:33:58,"{''2023-02-11 00:00:00'',''2023-02-11 00:00:00'',''2023-02-12 00:00:00'',''2023-02-11 00:00:00'',''2023-02-12 00:00:00'',''2023-02-11 00:00:00'',''2023-02-11 00:00:00'',''2023-02-11 00:00:00'',''2023-02-11 00:00:00'',''2023-02-12 00:00:00'',''2023-02-11 00:00:00'',''2023-02-11 00:00:00'',''2023-02-11 00:00:00'',''2023-02-12 00:00:00'',''2023-02-12 00:00:00'',''2023-02-11 00:00:00'',''2023-02-12 00:00:00'',''2023-02-12 00:00:00'',''2023-02-11 00:00:00'',''2023-02-11 00:00:00'',''2023-02-11 00:00:00'',''2023-02-11 00:00:00'',''2023-02-12 00:00:00'',''2023-02-11 00:00:00'',''2023-02-11 00:00:00'',''2023-02-12 00:00:00'',''2023-02-11 00:00:00'',''2023-02-11 00:00:00'',''2023-02-12 00:00:00'',''2023-02-12 00:00:00'',''2023-02-11 00:00:00'',''2023-02-11 00:00:00'',''2023-02-12 00:00:00''}",0,0.0,10,3050,1,0,0
android,"1001758",US,"1.02","1.02",organic,2023-02-11 09:43:11,2023-02-11 09:44:27,"{''2023-02-11 00:00:00'',''2023-02-11 00:00:00'',''2023-02-11 00:00:00''}",0,0.0,0,0,0,0,0
iOS,"1001759",PL,"1.02","1.02",organic,2023-02-11 09:52:24,2023-02-11 09:54:39,"{''2023-02-11 00:00:00'',''2023-02-11 00:00:00'',''2023-02-11 00:00:00'',''2023-02-11 00:00:00'',''2023-02-11 00:00:00'',''2023-02-11 00:00:00''}",0,0.0,0,0,0,0,0
android,"1001760",DE,"1.02","1.02",paid,2023-02-11 10:05:59,2023-02-11 10:06:17,"{''2023-02-11 00:00:00'',''2023-02-11 00:00:00''}",0,0.0,0,0,0,0,0
android,"1001762",PL,"1.02","1.02",organic,2023-02-11 10:25:15,2023-02-11 10:26:34,"{''2023-02-11 00:00:00'',''2023-02-11 00:00:00'',''2023-02-11 00:00:00''}",0,0.0,0,0,0,0,0
android,"1001763",RU,"1.02","1.02",paid,2023-02-11 10:30:56,2023-02-11 10:33:34,"{''2023-02-11 00:00:00'',''2023-02-11 00:00:00'',''2023-02-11 00:00:00'',''2023-02-11 00:00:00'',''2023-02-11 00:00:00'',''2023-02-11 00:00:00'',''2023-02-11 00:00:00'',''2023-02-11 00:00:00'',''2023-02-11 00:00:00'',''2023-02-11 00:00:00''}",0,0.0,0,0,0,0,0
android,"1001764",PL,"1.02","1.02",organic,2023-02-11 10:44:31,2023-02-11 10:46:18,"{''2023-02-11 00:00:00'',''2023-02-11 00:00:00'',''2023-02-11 00:00:00'',''2023-02-11 00:00:00'',''2023-02-11 00:00:00''}",0,0.0,0,0,0,0,0
iOS,"1001765",CA,"1.02","1.02",organic,2023-02-11 10:58:06,2023-02-11 10:59:41,"{''2023-02-11 00:00:00'',''2023-02-11 00:00:00'',''2023-02-11 00:00:00''}",0,0.0,0,0,0,0,0
iOS,"1001766",RU,"1.02","1.02",organic,2023-02-11 11:03:47,2023-02-11 11:05:29,"{''2023-02-11 00:00:00'',''2023-02-11 00:00:00'',''2023-02-11 00:00:00'',''2023-02-11 00:00:00''}",0,0.0,0,0,0,0,0
iOS,"1001768",CA,"1.02","1.02",organic,2023-02-11 11:30:57,2023-02-11 11:32:47,"{''2023-02-11 00:00:00'',''2023-02-11 00:00:00'',''2023-02-11 00:00:00'',''2023-02-11 00:00:00'',''2023-02-11 00:00:00'',''2023-02-11 00:00:00''}",0,0.0,0,0,0,0,0
android,"1001769",RU,"1.02","1.02",organic,2023-02-11 11:40:10,2023-02-11 11:46:29,"{''2023-02-11 00:00:00'',''2023-02-11 00:00:00'',''2023-02-11 00:00:00'',''2023-02-11 00:00:00'',''2023-02-11 00:00:00'',''2023-02-11 00:00:00'',''2023-02-11 00:00:00'',''2023-02-11 00:00:00'',''2023-02-11 00:00:00'',''2023-02-11 00:00:00'',''2023-02-11 00:00:00'',''2023-02-11 00:00:00'',''2023-02-11 00:00:00'',''2023-02-11 00:00:00'',''2023-02-11 00:00:00'',''2023-02-11 00:00:00'',''2023-02-11 00:00:00'',''2023-02-11 00:00:00'',''2023-02-11 00:00:00''}",0,0.0,4,950,0,0,0
iOS,"1001770",US,"1.02","1.02",organic,2023-02-11 11:49:23,2023-02-11 11:50:42,"{''2023-02-11 00:00:00'',''2023-02-11 00:00:00'',''2023-02-11 00:00:00'',''2023-02-11 00:00:00''}",0,0.0,0,0,0,0,0
android,"1001773",DE,"1.02","1.02",organic,2023-02-11 12:18:55,2023-02-11 12:20:47,"{''2023-02-11 00:00:00'',''2023-02-11 00:00:00'',''2023-02-11 00:00:00'',''2023-02-11 00:00:00'',''2023-02-11 00:00:00''}",0,0.0,0,0,0,0,0
android,"1001774",GE,"1.02","1.02",paid,2023-02-11 12:32:30,2023-02-11 12:38:03,"{''2023-02-11 00:00:00'',''2023-02-11 00:00:00'',''2023-02-11 00:00:00'',''2023-02-11 00:00:00'',''2023-02-11 00:00:00'',''2023-02-11 00:00:00'',''2023-02-11 00:00:00'',''2023-02-11 00:00:00'',''2023-02-11 00:00:00'',''2023-02-11 00:00:00'',''2023-02-11 00:00:00'',''2023-02-11 00:00:00'',''2023-02-11 00:00:00'',''2023-02-11 00:00:00'',''2023-02-11 00:00:00'',''2023-02-11 00:00:00'',''2023-02-11 00:00:00'',''2023-02-11 00:00:00'',''2023-02-11 00:00:00''}",0,0.0,4,950,0,0,0
iOS,"1001775",PL,"1.02","1.02",organic,2023-02-11 12:46:05,2023-02-12 12:09:50,"{''2023-02-11 00:00:00'',''2023-02-11 00:00:00'',''2023-02-12 00:00:00'',''2023-02-12 00:00:00'',''2023-02-12 00:00:00'',''2023-02-11 00:00:00'',''2023-02-12 00:00:00'',''2023-02-11 00:00:00'',''2023-02-11 00:00:00'',''2023-02-11 00:00:00'',''2023-02-11 00:00:00'',''2023-02-12 00:00:00'',''2023-02-11 00:00:00'',''2023-02-11 00:00:00'',''2023-02-11 00:00:00'',''2023-02-11 00:00:00'',''2023-02-12 00:00:00'',''2023-02-12 00:00:00'',''2023-02-12 00:00:00'',''2023-02-11 00:00:00'',''2023-02-11 00:00:00'',''2023-02-11 00:00:00'',''2023-02-11 00:00:00'',''2023-02-11 00:00:00'',''2023-02-11 00:00:00'',''2023-02-11 00:00:00'',''2023-02-11 00:00:00'',''2023-02-12 00:00:00'',''2023-02-12 00:00:00'',''2023-02-11 00:00:00'',''2023-02-11 00:00:00'',''2023-02-12 00:00:00'',''2023-02-12 00:00:00''}",0,0.0,10,3050,1,0,0
android,"1001776",US,"1.02","1.02",organic,2023-02-11 12:59:40,2023-02-11 13:01:33,"{''2023-02-11 00:00:00'',''2023-02-11 00:00:00'',''2023-02-11 00:00:00'',''2023-02-11 00:00:00''}",0,0.0,0,0,0,0,0
iOS,"1001778",CA,"1.02","1.02",organic,2023-02-11 13:26:50,2023-02-11 13:29:37,"{''2023-02-11 00:00:00'',''2023-02-11 00:00:00'',''2023-02-11 00:00:00'',''2023-02-11 00:00:00'',''2023-02-11 00:00:00'',''2023-02-11 00:00:00'',''2023-02-11 00:00:00'',''2023-02-11 00:00:00'',''2023-02-11 00:00:00'',''2023-02-11 00:00:00'',''2023-02-11 00:00:00'',''2023-02-11 00:00:00'',''2023-02-11 00:00:00''}",0,0.0,2,650,0,0,0
iOS,"1001780",RU,"1.02","1.02",paid,2023-02-11 13:41:44,2023-02-11 13:43:37,"{''2023-02-11 00:00:00'',''2023-02-11 00:00:00'',''2023-02-11 00:00:00''}",0,0.0,0,0,0,0,0
android,"1001781",RU,"1.02","1.02",organic,2023-02-11 13:50:57,2023-02-11 13:52:59,"{''2023-02-11 00:00:00'',''2023-02-11 00:00:00'',''2023-02-11 00:00:00'',''2023-02-11 00:00:00'',''2023-02-11 00:00:00'',''2023-02-11 00:00:00'',''2023-02-11 00:00:00''}",0,0.0,0,0,0,0,0
iOS,"1001782",KZ,"1.02","1.02",organic,2023-02-11 13:53:19,2023-02-11 13:54:24,"{''2023-02-11 00:00:00'',''2023-02-11 00:00:00'',''2023-02-11 00:00:00''}",0,0.0,0,0,0,0,0
android,"1001783",DE,"1.02","1.02",organic,2023-02-11 13:55:41,2023-02-11 13:57:36,"{''2023-02-11 00:00:00'',''2023-02-11 00:00:00'',''2023-02-11 00:00:00'',''2023-02-11 00:00:00'',''2023-02-11 00:00:00''}",0,0.0,0,0,0,0,0
iOS,"1001786",IT,"1.02","1.02",organic,2023-02-11 14:14:49,2023-02-11 14:16:52,"{''2023-02-11 00:00:00'',''2023-02-11 00:00:00'',''2023-02-11 00:00:00'',''2023-02-11 00:00:00'',''2023-02-11 00:00:00'',''2023-02-11 00:00:00''}",0,0.0,0,0,0,0,0
android,"1001787",CA,"1.02","1.02",organic,2023-02-11 14:24:02,2023-02-11 14:26:30,"{''2023-02-11 00:00:00'',''2023-02-11 00:00:00'',''2023-02-11 00:00:00'',''2023-02-11 00:00:00'',''2023-02-11 00:00:00'',''2023-02-11 00:00:00'',''2023-02-11 00:00:00'',''2023-02-11 00:00:00'',''2023-02-11 00:00:00''}",0,0.0,0,0,0,0,0
iOS,"1001789",US,"1.02","1.02",organic,2023-02-11 14:42:28,2023-02-11 14:44:16,"{''2023-02-11 00:00:00'',''2023-02-11 00:00:00'',''2023-02-11 00:00:00'',''2023-02-11 00:00:00'',''2023-02-11 00:00:00'',''2023-02-11 00:00:00'',''2023-02-11 00:00:00'',''2023-02-11 00:00:00''}",0,0.0,0,0,0,0,0
iOS,"1001790",RU,"1.02","1.02",paid,2023-02-11 14:51:41,2023-02-11 14:53:22,"{''2023-02-11 00:00:00'',''2023-02-11 00:00:00'',''2023-02-11 00:00:00''}",0,0.0,0,0,0,0,0
android,"1001793",PL,"1.02","1.02",organic,2023-02-11 15:13:19,2023-02-12 15:21:15,"{''2023-02-11 00:00:00'',''2023-02-11 00:00:00'',''2023-02-11 00:00:00'',''2023-02-11 00:00:00'',''2023-02-12 00:00:00'',''2023-02-11 00:00:00'',''2023-02-11 00:00:00'',''2023-02-12 00:00:00'',''2023-02-12 00:00:00'',''2023-02-11 00:00:00'',''2023-02-12 00:00:00'',''2023-02-11 00:00:00'',''2023-02-11 00:00:00'',''2023-02-12 00:00:00'',''2023-02-12 00:00:00'',''2023-02-11 00:00:00'',''2023-02-11 00:00:00'',''2023-02-11 00:00:00'',''2023-02-11 00:00:00'',''2023-02-12 00:00:00'',''2023-02-11 00:00:00'',''2023-02-12 00:00:00'',''2023-02-11 00:00:00'',''2023-02-12 00:00:00'',''2023-02-11 00:00:00'',''2023-02-11 00:00:00'',''2023-02-11 00:00:00'',''2023-02-12 00:00:00'',''2023-02-12 00:00:00'',''2023-02-12 00:00:00'',''2023-02-11 00:00:00'',''2023-02-11 00:00:00'',''2023-02-11 00:00:00''}",0,0.0,10,3050,1,0,0
android,"1001794",US,"1.02","1.02",organic,2023-02-11 15:26:54,2023-02-11 15:28:41,"{''2023-02-11 00:00:00'',''2023-02-11 00:00:00'',''2023-02-11 00:00:00'',''2023-02-11 00:00:00'',''2023-02-11 00:00:00'',''2023-02-11 00:00:00'',''2023-02-11 00:00:00'',''2023-02-11 00:00:00''}",0,0.0,0,0,0,0,0
iOS,"1001795",RU,"1.02","1.02",organic,2023-02-11 15:31:08,2023-02-11 15:33:03,"{''2023-02-11 00:00:00'',''2023-02-11 00:00:00'',''2023-02-11 00:00:00'',''2023-02-11 00:00:00'',''2023-02-11 00:00:00''}",0,0.0,0,0,0,0,0
android,"1001797",BY,"1.02","1.02",organic,2023-02-11 15:53:56,2023-02-11 15:56:56,"{''2023-02-11 00:00:00'',''2023-02-11 00:00:00'',''2023-02-11 00:00:00'',''2023-02-11 00:00:00'',''2023-02-11 00:00:00'',''2023-02-11 00:00:00'',''2023-02-11 00:00:00'',''2023-02-11 00:00:00'',''2023-02-11 00:00:00'',''2023-02-11 00:00:00'',''2023-02-11 00:00:00'',''2023-02-11 00:00:00'',''2023-02-11 00:00:00''}",0,0.0,2,650,0,0,0
android,"1001799",RU,"1.02","1.02",organic,2023-02-11 16:12:22,2023-02-11 16:16:39,"{''2023-02-11 00:00:00'',''2023-02-11 00:00:00'',''2023-02-11 00:00:00'',''2023-02-11 00:00:00'',''2023-02-11 00:00:00'',''2023-02-11 00:00:00'',''2023-02-11 00:00:00'',''2023-02-11 00:00:00'',''2023-02-11 00:00:00'',''2023-02-11 00:00:00'',''2023-02-11 00:00:00'',''2023-02-11 00:00:00'',''2023-02-11 00:00:00'',''2023-02-11 00:00:00'',''2023-02-11 00:00:00''}",0,0.0,3,750,0,0,0
android,"1001803",KZ,"1.02","1.02",paid,2023-02-11 16:50:54,2023-02-11 16:52:33,"{''2023-02-11 00:00:00'',''2023-02-11 00:00:00'',''2023-02-11 00:00:00'',''2023-02-11 00:00:00''}",0,0.0,0,0,0,0,0
android,"1001804",ES,"1.02","1.02",organic,2023-02-11 16:55:08,2023-02-11 17:05:41,"{''2023-02-11 00:00:00'',''2023-02-11 00:00:00'',''2023-02-11 00:00:00'',''2023-02-11 00:00:00'',''2023-02-11 00:00:00'',''2023-02-11 00:00:00'',''2023-02-11 00:00:00'',''2023-02-11 00:00:00'',''2023-02-11 00:00:00'',''2023-02-11 00:00:00'',''2023-02-11 00:00:00'',''2023-02-11 00:00:00'',''2023-02-11 00:00:00'',''2023-02-11 00:00:00'',''2023-02-11 00:00:00'',''2023-02-11 00:00:00'',''2023-02-11 00:00:00'',''2023-02-11 00:00:00'',''2023-02-11 00:00:00'',''2023-02-11 00:00:00''}",1,399.0,3,950,0,0,0
android,"1001806",IT,"1.02","1.02",organic,2023-02-11 17:14:24,2023-02-11 17:16:22,"{''2023-02-11 00:00:00'',''2023-02-11 00:00:00'',''2023-02-11 00:00:00'',''2023-02-11 00:00:00'',''2023-02-11 00:00:00'',''2023-02-11 00:00:00'',''2023-02-11 00:00:00''}",0,0.0,0,0,0,0,0
iOS,"1001809",US,"1.02","1.02",organic,2023-02-11 17:42:53,2023-02-11 17:44:43,"{''2023-02-11 00:00:00'',''2023-02-11 00:00:00'',''2023-02-11 00:00:00'',''2023-02-11 00:00:00'',''2023-02-11 00:00:00'',''2023-02-11 00:00:00''}",0,0.0,0,0,0,0,0
android,"1001810",US,"1.02","1.02",paid,2023-02-11 17:52:06,2023-02-11 17:58:47,"{''2023-02-11 00:00:00'',''2023-02-11 00:00:00'',''2023-02-11 00:00:00'',''2023-02-11 00:00:00'',''2023-02-11 00:00:00'',''2023-02-11 00:00:00'',''2023-02-11 00:00:00'',''2023-02-11 00:00:00'',''2023-02-11 00:00:00'',''2023-02-11 00:00:00'',''2023-02-11 00:00:00'',''2023-02-11 00:00:00'',''2023-02-11 00:00:00'',''2023-02-11 00:00:00'',''2023-02-11 00:00:00'',''2023-02-11 00:00:00'',''2023-02-11 00:00:00'',''2023-02-11 00:00:00'',''2023-02-11 00:00:00''}",0,0.0,4,950,0,0,0
android,"1001811",DE,"1.02","1.02",organic,2023-02-11 17:57:47,2023-02-11 17:57:47,{''2023-02-11 00:00:00''},0,0.0,0,0,0,0,0
iOS,"1001815",DE,"1.02","1.02",organic,2023-02-11 18:39:01,2023-02-11 18:40:52,"{''2023-02-11 00:00:00'',''2023-02-11 00:00:00'',''2023-02-11 00:00:00'',''2023-02-11 00:00:00'',''2023-02-11 00:00:00'',''2023-02-11 00:00:00'',''2023-02-11 00:00:00''}",0,0.0,0,0,0,0,0
android,"1001817",RU,"1.02","1.02",organic,2023-02-11 18:53:55,2023-02-11 18:59:13,"{''2023-02-11 00:00:00'',''2023-02-11 00:00:00'',''2023-02-11 00:00:00'',''2023-02-11 00:00:00'',''2023-02-11 00:00:00'',''2023-02-11 00:00:00'',''2023-02-11 00:00:00'',''2023-02-11 00:00:00'',''2023-02-11 00:00:00'',''2023-02-11 00:00:00'',''2023-02-11 00:00:00'',''2023-02-11 00:00:00'',''2023-02-11 00:00:00'',''2023-02-11 00:00:00'',''2023-02-11 00:00:00'',''2023-02-11 00:00:00'',''2023-02-11 00:00:00''}",0,0.0,4,850,0,0,0
android,"1001818",US,"1.02","1.02",organic,2023-02-11 18:56:17,2023-02-12 18:56:55,"{''2023-02-11 00:00:00'',''2023-02-12 00:00:00'',''2023-02-11 00:00:00'',''2023-02-11 00:00:00'',''2023-02-12 00:00:00'',''2023-02-11 00:00:00'',''2023-02-12 00:00:00'',''2023-02-12 00:00:00'',''2023-02-12 00:00:00'',''2023-02-11 00:00:00'',''2023-02-11 00:00:00'',''2023-02-11 00:00:00'',''2023-02-11 00:00:00'',''2023-02-11 00:00:00'',''2023-02-11 00:00:00'',''2023-02-11 00:00:00'',''2023-02-11 00:00:00'',''2023-02-12 00:00:00'',''2023-02-12 00:00:00'',''2023-02-11 00:00:00'',''2023-02-11 00:00:00'',''2023-02-11 00:00:00'',''2023-02-11 00:00:00'',''2023-02-12 00:00:00'',''2023-02-11 00:00:00'',''2023-02-12 00:00:00'',''2023-02-11 00:00:00'',''2023-02-11 00:00:00'',''2023-02-12 00:00:00'',''2023-02-12 00:00:00'',''2023-02-11 00:00:00'',''2023-02-11 00:00:00''}",1,299.0,8,4250,1,0,0
android,"1001819",DE,"1.02","1.02",organic,2023-02-11 19:05:30,2023-02-11 19:07:34,"{''2023-02-11 00:00:00'',''2023-02-11 00:00:00'',''2023-02-11 00:00:00'',''2023-02-11 00:00:00'',''2023-02-11 00:00:00'',''2023-02-11 00:00:00'',''2023-02-11 00:00:00'',''2023-02-11 00:00:00''}",0,0.0,0,0,0,0,0
iOS,"1001820",GE,"1.02","1.02",organic,2023-02-11 19:14:43,2023-02-11 19:21:33,"{''2023-02-11 00:00:00'',''2023-02-11 00:00:00'',''2023-02-11 00:00:00'',''2023-02-11 00:00:00'',''2023-02-11 00:00:00'',''2023-02-11 00:00:00'',''2023-02-11 00:00:00'',''2023-02-11 00:00:00'',''2023-02-11 00:00:00'',''2023-02-11 00:00:00'',''2023-02-11 00:00:00'',''2023-02-11 00:00:00'',''2023-02-11 00:00:00'',''2023-02-11 00:00:00'',''2023-02-11 00:00:00'',''2023-02-11 00:00:00'',''2023-02-11 00:00:00'',''2023-02-11 00:00:00'',''2023-02-11 00:00:00''}",0,0.0,4,950,0,0,0
android,"1001821",DE,"1.02","1.02",organic,2023-02-11 19:17:05,2023-02-11 19:20:17,"{''2023-02-11 00:00:00'',''2023-02-11 00:00:00'',''2023-02-11 00:00:00'',''2023-02-11 00:00:00'',''2023-02-11 00:00:00'',''2023-02-11 00:00:00'',''2023-02-11 00:00:00'',''2023-02-11 00:00:00'',''2023-02-11 00:00:00'',''2023-02-11 00:00:00'',''2023-02-11 00:00:00'',''2023-02-11 00:00:00'',''2023-02-11 00:00:00''}",0,0.0,2,650,0,0,0
android,"1001822",RU,"1.02","1.02",paid,2023-02-11 19:30:40,2023-02-11 19:32:38,"{''2023-02-11 00:00:00'',''2023-02-11 00:00:00'',''2023-02-11 00:00:00'',''2023-02-11 00:00:00'',''2023-02-11 00:00:00''}",0,0.0,0,0,0,0,0
iOS,"1001823",KZ,"1.02","1.02",organic,2023-02-11 19:34:54,2023-02-11 19:37:06,"{''2023-02-11 00:00:00'',''2023-02-11 00:00:00'',''2023-02-11 00:00:00'',''2023-02-11 00:00:00'',''2023-02-11 00:00:00'',''2023-02-11 00:00:00'',''2023-02-11 00:00:00'',''2023-02-11 00:00:00'',''2023-02-11 00:00:00''}",0,0.0,0,0,0,0,0
android,"1001825",PL,"1.02","1.02",paid,2023-02-11 19:48:21,2023-02-12 19:52:01,"{''2023-02-11 00:00:00'',''2023-02-12 00:00:00'',''2023-02-11 00:00:00'',''2023-02-11 00:00:00'',''2023-02-11 00:00:00'',''2023-02-12 00:00:00'',''2023-02-11 00:00:00'',''2023-02-11 00:00:00'',''2023-02-11 00:00:00'',''2023-02-11 00:00:00'',''2023-02-11 00:00:00'',''2023-02-11 00:00:00'',''2023-02-11 00:00:00'',''2023-02-12 00:00:00'',''2023-02-11 00:00:00'',''2023-02-11 00:00:00'',''2023-02-12 00:00:00'',''2023-02-12 00:00:00'',''2023-02-11 00:00:00'',''2023-02-11 00:00:00'',''2023-02-11 00:00:00'',''2023-02-12 00:00:00'',''2023-02-12 00:00:00'',''2023-02-12 00:00:00'',''2023-02-11 00:00:00'',''2023-02-11 00:00:00'',''2023-02-11 00:00:00'',''2023-02-12 00:00:00'',''2023-02-12 00:00:00'',''2023-02-12 00:00:00'',''2023-02-11 00:00:00'',''2023-02-11 00:00:00'',''2023-02-12 00:00:00''}",0,0.0,10,3050,1,0,0
iOS,"1001826",US,"1.02","1.02",organic,2023-02-11 19:57:34,2023-02-11 19:59:41,"{''2023-02-11 00:00:00'',''2023-02-11 00:00:00'',''2023-02-11 00:00:00'',''2023-02-11 00:00:00'',''2023-02-11 00:00:00'',''2023-02-11 00:00:00'',''2023-02-11 00:00:00''}",0,0.0,0,0,0,0,0
android,"1001827",RU,"1.02","1.02",organic,2023-02-11 20:06:47,2023-02-12 20:04:01,"{''2023-02-12 00:00:00'',''2023-02-11 00:00:00'',''2023-02-11 00:00:00'',''2023-02-11 00:00:00'',''2023-02-12 00:00:00'',''2023-02-11 00:00:00'',''2023-02-12 00:00:00'',''2023-02-11 00:00:00'',''2023-02-11 00:00:00'',''2023-02-12 00:00:00'',''2023-02-11 00:00:00'',''2023-02-11 00:00:00'',''2023-02-11 00:00:00'',''2023-02-12 00:00:00'',''2023-02-12 00:00:00'',''2023-02-12 00:00:00'',''2023-02-12 00:00:00'',''2023-02-11 00:00:00'',''2023-02-11 00:00:00'',''2023-02-11 00:00:00'',''2023-02-12 00:00:00'',''2023-02-11 00:00:00'',''2023-02-11 00:00:00'',''2023-02-11 00:00:00'',''2023-02-11 00:00:00'',''2023-02-11 00:00:00'',''2023-02-11 00:00:00'',''2023-02-12 00:00:00'',''2023-02-12 00:00:00'',''2023-02-11 00:00:00'',''2023-02-11 00:00:00'',''2023-02-12 00:00:00'',''2023-02-11 00:00:00''}",0,0.0,10,3050,1,0,0
android,"1001828",RU,"1.02","1.02",organic,2023-02-11 20:16:00,2023-02-11 20:17:42,"{''2023-02-11 00:00:00'',''2023-02-11 00:00:00'',''2023-02-11 00:00:00'',''2023-02-11 00:00:00''}",0,0.0,0,0,0,0,0
iOS,"1001830",RU,"1.02","1.02",organic,2023-02-11 20:27:22,2023-02-11 20:28:35,"{''2023-02-11 00:00:00'',''2023-02-11 00:00:00'',''2023-02-11 00:00:00''}",0,0.0,0,0,0,0,0
android,"1001832",RU,"1.02","1.02",paid,2023-02-11 20:54:32,2023-02-11 20:56:15,"{''2023-02-11 00:00:00'',''2023-02-11 00:00:00'',''2023-02-11 00:00:00''}",0,0.0,0,0,0,0,0
android,"1001834",RU,"1.02","1.02",organic,2023-02-11 21:13:48,2023-02-11 21:16:15,"{''2023-02-11 00:00:00'',''2023-02-11 00:00:00'',''2023-02-11 00:00:00'',''2023-02-11 00:00:00'',''2023-02-11 00:00:00'',''2023-02-11 00:00:00''}",0,0.0,0,0,0,0,0
android,"1001838",CA,"1.02","1.02",organic,2023-02-11 21:54:25,2023-02-11 21:55:58,"{''2023-02-11 00:00:00'',''2023-02-11 00:00:00'',''2023-02-11 00:00:00'',''2023-02-11 00:00:00'',''2023-02-11 00:00:00'',''2023-02-11 00:00:00''}",0,0.0,0,0,0,0,0
iOS,"1001840",RU,"1.02","1.02",organic,2023-02-11 22:17:13,2023-02-11 22:18:43,"{''2023-02-11 00:00:00'',''2023-02-11 00:00:00'',''2023-02-11 00:00:00'',''2023-02-11 00:00:00'',''2023-02-11 00:00:00''}",0,0.0,0,0,0,0,0
android,"1001841",CA,"1.02","1.02",organic,2023-02-11 22:19:35,2023-02-11 22:23:53,"{''2023-02-11 00:00:00'',''2023-02-11 00:00:00'',''2023-02-11 00:00:00'',''2023-02-11 00:00:00'',''2023-02-11 00:00:00'',''2023-02-11 00:00:00'',''2023-02-11 00:00:00'',''2023-02-11 00:00:00'',''2023-02-11 00:00:00'',''2023-02-11 00:00:00'',''2023-02-11 00:00:00'',''2023-02-11 00:00:00'',''2023-02-11 00:00:00'',''2023-02-11 00:00:00'',''2023-02-11 00:00:00''}",0,0.0,3,750,0,0,0
iOS,"1001850",IT,"1.02","1.02",organic,2023-02-11 23:33:49,2023-02-11 23:35:31,"{''2023-02-11 00:00:00'',''2023-02-11 00:00:00'',''2023-02-11 00:00:00'',''2023-02-11 00:00:00''}",0,0.0,0,0,0,0,0
android,"1001851",US,"1.02","1.02",organic,2023-02-11 23:39:30,2023-02-11 23:45:01,"{''2023-02-11 00:00:00'',''2023-02-11 00:00:00'',''2023-02-11 00:00:00'',''2023-02-11 00:00:00'',''2023-02-11 00:00:00'',''2023-02-11 00:00:00'',''2023-02-11 00:00:00'',''2023-02-11 00:00:00'',''2023-02-11 00:00:00'',''2023-02-11 00:00:00'',''2023-02-11 00:00:00'',''2023-02-11 00:00:00'',''2023-02-11 00:00:00'',''2023-02-11 00:00:00'',''2023-02-11 00:00:00'',''2023-02-11 00:00:00'',''2023-02-11 00:00:00''}",0,0.0,4,850,0,0,0
android,"1001852",US,"1.02","1.02",organic,2023-02-11 23:43:44,2023-02-11 23:46:16,"{''2023-02-11 00:00:00'',''2023-02-11 00:00:00'',''2023-02-11 00:00:00'',''2023-02-11 00:00:00'',''2023-02-11 00:00:00'',''2023-02-11 00:00:00'',''2023-02-11 00:00:00'',''2023-02-11 00:00:00'',''2023-02-11 00:00:00''}",0,0.0,0,0,0,0,0
iOS,"1001853",US,"1.02","1.02",organic,2023-02-11 23:52:57,2023-02-11 23:59:22,"{''2023-02-11 00:00:00'',''2023-02-11 00:00:00'',''2023-02-11 00:00:00'',''2023-02-11 00:00:00'',''2023-02-11 00:00:00'',''2023-02-11 00:00:00'',''2023-02-11 00:00:00'',''2023-02-11 00:00:00'',''2023-02-11 00:00:00'',''2023-02-11 00:00:00'',''2023-02-11 00:00:00'',''2023-02-11 00:00:00'',''2023-02-11 00:00:00'',''2023-02-11 00:00:00'',''2023-02-11 00:00:00'',''2023-02-11 00:00:00'',''2023-02-11 00:00:00'',''2023-02-11 00:00:00'',''2023-02-11 00:00:00''}",0,0.0,4,950,0,0,0
iOS,"1001855",NL,"1.02","1.02",paid,2023-02-12 00:02:52,2023-02-12 00:05:19,"{''2023-02-12 00:00:00'',''2023-02-12 00:00:00'',''2023-02-12 00:00:00'',''2023-02-12 00:00:00'',''2023-02-12 00:00:00'',''2023-02-12 00:00:00'',''2023-02-12 00:00:00'',''2023-02-12 00:00:00'',''2023-02-12 00:00:00''}",0,0.0,0,0,0,0,0
iOS,"1001856",RU,"1.02","1.02",organic,2023-02-12 00:12:05,2023-02-12 00:14:17,"{''2023-02-12 00:00:00'',''2023-02-12 00:00:00'',''2023-02-12 00:00:00'',''2023-02-12 00:00:00'',''2023-02-12 00:00:00''}",0,0.0,0,0,0,0,0
iOS,"1001859",RU,"1.02","1.02",organic,2023-02-12 00:39:07,2023-02-13 00:42:34,"{''2023-02-12 00:00:00'',''2023-02-13 00:00:00'',''2023-02-12 00:00:00'',''2023-02-12 00:00:00'',''2023-02-12 00:00:00'',''2023-02-12 00:00:00'',''2023-02-12 00:00:00'',''2023-02-12 00:00:00'',''2023-02-13 00:00:00'',''2023-02-12 00:00:00'',''2023-02-12 00:00:00'',''2023-02-13 00:00:00'',''2023-02-13 00:00:00'',''2023-02-12 00:00:00'',''2023-02-12 00:00:00'',''2023-02-13 00:00:00'',''2023-02-12 00:00:00'',''2023-02-12 00:00:00'',''2023-02-12 00:00:00'',''2023-02-12 00:00:00'',''2023-02-12 00:00:00'',''2023-02-12 00:00:00'',''2023-02-13 00:00:00'',''2023-02-12 00:00:00'',''2023-02-12 00:00:00'',''2023-02-13 00:00:00'',''2023-02-13 00:00:00'',''2023-02-13 00:00:00'',''2023-02-13 00:00:00'',''2023-02-12 00:00:00'',''2023-02-12 00:00:00'',''2023-02-13 00:00:00''}",1,299.0,8,4250,1,0,0
iOS,"1001860",RU,"1.02","1.02",organic,2023-02-12 00:52:42,2023-02-12 00:54:25,"{''2023-02-12 00:00:00'',''2023-02-12 00:00:00'',''2023-02-12 00:00:00'',''2023-02-12 00:00:00''}",0,0.0,0,0,0,0,0
android,"1001861",RU,"1.02","1.02",organic,2023-02-12 01:01:55,2023-02-12 01:04:59,"{''2023-02-12 00:00:00'',''2023-02-12 00:00:00'',''2023-02-12 00:00:00'',''2023-02-12 00:00:00'',''2023-02-12 00:00:00'',''2023-02-12 00:00:00'',''2023-02-12 00:00:00'',''2023-02-12 00:00:00'',''2023-02-12 00:00:00'',''2023-02-12 00:00:00'',''2023-02-12 00:00:00'',''2023-02-12 00:00:00'',''2023-02-12 00:00:00''}",0,0.0,2,650,0,0,0
android,"1001863",BY,"1.02","1.02",paid,2023-02-12 01:21:11,2023-02-12 01:25:26,"{''2023-02-12 00:00:00'',''2023-02-12 00:00:00'',''2023-02-12 00:00:00'',''2023-02-12 00:00:00'',''2023-02-12 00:00:00'',''2023-02-12 00:00:00'',''2023-02-12 00:00:00'',''2023-02-12 00:00:00'',''2023-02-12 00:00:00'',''2023-02-12 00:00:00'',''2023-02-12 00:00:00'',''2023-02-12 00:00:00'',''2023-02-12 00:00:00'',''2023-02-12 00:00:00'',''2023-02-12 00:00:00''}",0,0.0,3,750,0,0,0
iOS,"1001865",PL,"1.02","1.02",organic,2023-02-12 01:29:14,2023-02-12 01:31:51,"{''2023-02-12 00:00:00'',''2023-02-12 00:00:00'',''2023-02-12 00:00:00'',''2023-02-12 00:00:00'',''2023-02-12 00:00:00'',''2023-02-12 00:00:00'',''2023-02-12 00:00:00'',''2023-02-12 00:00:00'',''2023-02-12 00:00:00'',''2023-02-12 00:00:00''}",0,0.0,1,50,0,0,0
iOS,"1001867",RU,"1.02","1.02",paid,2023-02-12 01:33:58,2023-02-12 01:38:18,"{''2023-02-12 00:00:00'',''2023-02-12 00:00:00'',''2023-02-12 00:00:00'',''2023-02-12 00:00:00'',''2023-02-12 00:00:00'',''2023-02-12 00:00:00'',''2023-02-12 00:00:00'',''2023-02-12 00:00:00'',''2023-02-12 00:00:00'',''2023-02-12 00:00:00'',''2023-02-12 00:00:00'',''2023-02-12 00:00:00'',''2023-02-12 00:00:00'',''2023-02-12 00:00:00'',''2023-02-12 00:00:00''}",0,0.0,2,750,0,0,0
android,"1001868",GE,"1.02","1.02",paid,2023-02-12 01:47:33,2023-02-12 01:50:52,"{''2023-02-12 00:00:00'',''2023-02-12 00:00:00'',''2023-02-12 00:00:00'',''2023-02-12 00:00:00'',''2023-02-12 00:00:00'',''2023-02-12 00:00:00'',''2023-02-12 00:00:00'',''2023-02-12 00:00:00'',''2023-02-12 00:00:00'',''2023-02-12 00:00:00'',''2023-02-12 00:00:00'',''2023-02-12 00:00:00'',''2023-02-12 00:00:00''}",0,0.0,2,650,0,0,0
android,"1001869",ES,"1.02","1.02",paid,2023-02-12 01:49:55,2023-02-13 01:39:59,"{''2023-02-12 00:00:00'',''2023-02-12 00:00:00'',''2023-02-12 00:00:00'',''2023-02-12 00:00:00'',''2023-02-13 00:00:00'',''2023-02-13 00:00:00'',''2023-02-13 00:00:00'',''2023-02-13 00:00:00'',''2023-02-12 00:00:00'',''2023-02-13 00:00:00'',''2023-02-13 00:00:00'',''2023-02-13 00:00:00'',''2023-02-12 00:00:00'',''2023-02-13 00:00:00'',''2023-02-12 00:00:00'',''2023-02-12 00:00:00'',''2023-02-12 00:00:00'',''2023-02-12 00:00:00'',''2023-02-12 00:00:00'',''2023-02-12 00:00:00'',''2023-02-13 00:00:00'',''2023-02-13 00:00:00'',''2023-02-12 00:00:00'',''2023-02-12 00:00:00'',''2023-02-12 00:00:00'',''2023-02-12 00:00:00'',''2023-02-12 00:00:00'',''2023-02-12 00:00:00'',''2023-02-13 00:00:00'',''2023-02-12 00:00:00'',''2023-02-12 00:00:00'',''2023-02-13 00:00:00'',''2023-02-12 00:00:00''}",0,0.0,10,3050,1,0,0
iOS,"1001871",US,"1.02","1.02",organic,2023-02-12 02:09:11,2023-02-12 02:13:23,"{''2023-02-12 00:00:00'',''2023-02-12 00:00:00'',''2023-02-12 00:00:00'',''2023-02-12 00:00:00'',''2023-02-12 00:00:00'',''2023-02-12 00:00:00'',''2023-02-12 00:00:00'',''2023-02-12 00:00:00'',''2023-02-12 00:00:00'',''2023-02-12 00:00:00'',''2023-02-12 00:00:00'',''2023-02-12 00:00:00'',''2023-02-12 00:00:00'',''2023-02-12 00:00:00'',''2023-02-12 00:00:00''}",0,0.0,3,750,0,0,0
iOS,"1001874",KZ,"1.02","1.02",organic,2023-02-12 02:32:41,2023-02-12 02:34:40,"{''2023-02-12 00:00:00'',''2023-02-12 00:00:00'',''2023-02-12 00:00:00'',''2023-02-12 00:00:00'',''2023-02-12 00:00:00'',''2023-02-12 00:00:00'',''2023-02-12 00:00:00'',''2023-02-12 00:00:00'',''2023-02-12 00:00:00''}",0,0.0,0,0,0,0,0
iOS,"1001876",DE,"1.02","1.02",organic,2023-02-12 02:40:44,2023-02-12 02:43:56,"{''2023-02-12 00:00:00'',''2023-02-12 00:00:00'',''2023-02-12 00:00:00'',''2023-02-12 00:00:00'',''2023-02-12 00:00:00'',''2023-02-12 00:00:00'',''2023-02-12 00:00:00'',''2023-02-12 00:00:00'',''2023-02-12 00:00:00'',''2023-02-12 00:00:00'',''2023-02-12 00:00:00'',''2023-02-12 00:00:00'',''2023-02-12 00:00:00''}",0,0.0,2,650,0,0,0
android,"1001877",ES,"1.02","1.02",paid,2023-02-12 02:49:57,2023-02-13 02:38:46,"{''2023-02-13 00:00:00'',''2023-02-12 00:00:00'',''2023-02-13 00:00:00'',''2023-02-12 00:00:00'',''2023-02-12 00:00:00'',''2023-02-12 00:00:00'',''2023-02-13 00:00:00'',''2023-02-12 00:00:00'',''2023-02-12 00:00:00'',''2023-02-12 00:00:00'',''2023-02-13 00:00:00'',''2023-02-12 00:00:00'',''2023-02-12 00:00:00'',''2023-02-12 00:00:00'',''2023-02-12 00:00:00'',''2023-02-12 00:00:00'',''2023-02-12 00:00:00'',''2023-02-12 00:00:00'',''2023-02-12 00:00:00'',''2023-02-12 00:00:00'',''2023-02-13 00:00:00'',''2023-02-13 00:00:00'',''2023-02-13 00:00:00'',''2023-02-13 00:00:00'',''2023-02-12 00:00:00'',''2023-02-12 00:00:00'',''2023-02-13 00:00:00'',''2023-02-13 00:00:00'',''2023-02-12 00:00:00'',''2023-02-13 00:00:00'',''2023-02-13 00:00:00'',''2023-02-12 00:00:00'',''2023-02-12 00:00:00''}",0,0.0,10,3050,1,0,0
android,"1001878",DE,"1.02","1.02",organic,2023-02-12 02:52:19,2023-02-12 02:59:24,"{''2023-02-12 00:00:00'',''2023-02-12 00:00:00'',''2023-02-12 00:00:00'',''2023-02-12 00:00:00'',''2023-02-12 00:00:00'',''2023-02-12 00:00:00'',''2023-02-12 00:00:00'',''2023-02-12 00:00:00'',''2023-02-12 00:00:00'',''2023-02-12 00:00:00'',''2023-02-12 00:00:00'',''2023-02-12 00:00:00'',''2023-02-12 00:00:00'',''2023-02-12 00:00:00'',''2023-02-12 00:00:00'',''2023-02-12 00:00:00'',''2023-02-12 00:00:00'',''2023-02-12 00:00:00'',''2023-02-12 00:00:00''}",0,0.0,4,950,0,0,0
android,"1001879",PL,"1.02","1.02",organic,2023-02-12 02:54:41,2023-02-12 03:00:36,"{''2023-02-12 00:00:00'',''2023-02-12 00:00:00'',''2023-02-12 00:00:00'',''2023-02-12 00:00:00'',''2023-02-12 00:00:00'',''2023-02-12 00:00:00'',''2023-02-12 00:00:00'',''2023-02-12 00:00:00'',''2023-02-12 00:00:00'',''2023-02-12 00:00:00'',''2023-02-12 00:00:00'',''2023-02-12 00:00:00'',''2023-02-12 00:00:00'',''2023-02-12 00:00:00'',''2023-02-12 00:00:00'',''2023-02-12 00:00:00'',''2023-02-12 00:00:00'',''2023-02-12 00:00:00'',''2023-02-12 00:00:00''}",0,0.0,4,950,0,0,0
android,"1001880",RU,"1.02","1.02",paid,2023-02-12 03:08:16,2023-02-12 03:09:39,"{''2023-02-12 00:00:00'',''2023-02-12 00:00:00'',''2023-02-12 00:00:00'',''2023-02-12 00:00:00'',''2023-02-12 00:00:00''}",0,0.0,0,0,0,0,0
android,"1001882",GE,"1.02","1.02",organic,2023-02-12 03:24:13,2023-02-13 03:27:41,"{''2023-02-13 00:00:00'',''2023-02-12 00:00:00'',''2023-02-13 00:00:00'',''2023-02-13 00:00:00'',''2023-02-12 00:00:00'',''2023-02-13 00:00:00'',''2023-02-13 00:00:00'',''2023-02-12 00:00:00'',''2023-02-13 00:00:00'',''2023-02-12 00:00:00'',''2023-02-13 00:00:00'',''2023-02-13 00:00:00'',''2023-02-12 00:00:00'',''2023-02-12 00:00:00'',''2023-02-12 00:00:00'',''2023-02-12 00:00:00'',''2023-02-12 00:00:00'',''2023-02-12 00:00:00'',''2023-02-12 00:00:00'',''2023-02-13 00:00:00'',''2023-02-13 00:00:00'',''2023-02-12 00:00:00'',''2023-02-12 00:00:00'',''2023-02-12 00:00:00'',''2023-02-12 00:00:00'',''2023-02-12 00:00:00'',''2023-02-12 00:00:00'',''2023-02-12 00:00:00'',''2023-02-12 00:00:00'',''2023-02-12 00:00:00'',''2023-02-12 00:00:00'',''2023-02-13 00:00:00'',''2023-02-13 00:00:00''}",0,0.0,10,3050,1,0,0
iOS,"1001883",RU,"1.02","1.02",organic,2023-02-12 03:33:26,2023-02-12 03:34:41,"{''2023-02-12 00:00:00'',''2023-02-12 00:00:00'',''2023-02-12 00:00:00''}",0,0.0,0,0,0,0,0
iOS,"1001885",US,"1.02","1.02",organic,2023-02-12 03:51:52,2023-02-12 03:54:01,"{''2023-02-12 00:00:00'',''2023-02-12 00:00:00'',''2023-02-12 00:00:00'',''2023-02-12 00:00:00'',''2023-02-12 00:00:00''}",0,0.0,0,0,0,0,0
iOS,"1001890",RU,"1.02","1.02",organic,2023-02-12 04:38:47,2023-02-12 04:41:18,"{''2023-02-12 00:00:00'',''2023-02-12 00:00:00'',''2023-02-12 00:00:00'',''2023-02-12 00:00:00'',''2023-02-12 00:00:00'',''2023-02-12 00:00:00'',''2023-02-12 00:00:00'',''2023-02-12 00:00:00'',''2023-02-12 00:00:00'',''2023-02-12 00:00:00''}",0,0.0,1,50,0,0,0
iOS,"1001892",ES,"1.02","1.02",organic,2023-02-12 04:58:03,2023-02-12 04:59:26,"{''2023-02-12 00:00:00'',''2023-02-12 00:00:00'',''2023-02-12 00:00:00''}",0,0.0,0,0,0,0,0
iOS,"1001893",RU,"1.02","1.02",organic,2023-02-12 05:07:16,2023-02-12 05:09:18,"{''2023-02-12 00:00:00'',''2023-02-12 00:00:00'',''2023-02-12 00:00:00'',''2023-02-12 00:00:00'',''2023-02-12 00:00:00'',''2023-02-12 00:00:00'',''2023-02-12 00:00:00'',''2023-02-12 00:00:00'',''2023-02-12 00:00:00'',''2023-02-12 00:00:00''}",0,0.0,1,50,0,0,0
iOS,"1001894",KZ,"1.02","1.02",organic,2023-02-12 05:12:57,2023-02-12 05:15:57,"{''2023-02-12 00:00:00'',''2023-02-12 00:00:00'',''2023-02-12 00:00:00'',''2023-02-12 00:00:00'',''2023-02-12 00:00:00'',''2023-02-12 00:00:00'',''2023-02-12 00:00:00'',''2023-02-12 00:00:00'',''2023-02-12 00:00:00'',''2023-02-12 00:00:00'',''2023-02-12 00:00:00'',''2023-02-12 00:00:00'',''2023-02-12 00:00:00''}",0,0.0,2,650,0,0,0
iOS,"1001899",PL,"1.02","1.02",organic,2023-02-12 05:54:16,2023-02-12 05:56:03,"{''2023-02-12 00:00:00'',''2023-02-12 00:00:00'',''2023-02-12 00:00:00'',''2023-02-12 00:00:00''}",0,0.0,0,0,0,0,0
android,"1001901",IT,"1.02","1.02",organic,2023-02-12 06:17:04,2023-02-12 06:19:11,"{''2023-02-12 00:00:00'',''2023-02-12 00:00:00'',''2023-02-12 00:00:00''}",0,0.0,0,0,0,0,0
iOS,"1001902",PL,"1.02","1.02",paid,2023-02-12 06:30:39,2023-02-12 06:32:31,"{''2023-02-12 00:00:00'',''2023-02-12 00:00:00'',''2023-02-12 00:00:00'',''2023-02-12 00:00:00'',''2023-02-12 00:00:00''}",0,0.0,0,0,0,0,0
android,"1001904",CA,"1.02","1.02",organic,2023-02-12 06:49:05,2023-02-12 06:51:27,"{''2023-02-12 00:00:00'',''2023-02-12 00:00:00'',''2023-02-12 00:00:00'',''2023-02-12 00:00:00'',''2023-02-12 00:00:00'',''2023-02-12 00:00:00'',''2023-02-12 00:00:00''}",0,0.0,0,0,0,0,0
iOS,"1001908",KZ,"1.02","1.02",organic,2023-02-12 07:23:28,2023-02-12 07:26:05,"{''2023-02-12 00:00:00'',''2023-02-12 00:00:00'',''2023-02-12 00:00:00'',''2023-02-12 00:00:00'',''2023-02-12 00:00:00'',''2023-02-12 00:00:00'',''2023-02-12 00:00:00'',''2023-02-12 00:00:00'',''2023-02-12 00:00:00'',''2023-02-12 00:00:00''}",0,0.0,1,50,0,0,0
android,"1001909",CA,"1.02","1.02",organic,2023-02-12 07:27:42,2023-02-12 07:29:37,"{''2023-02-12 00:00:00'',''2023-02-12 00:00:00'',''2023-02-12 00:00:00'',''2023-02-12 00:00:00'',''2023-02-12 00:00:00'',''2023-02-12 00:00:00'',''2023-02-12 00:00:00''}",0,0.0,0,0,0,0,0
android,"1001912",RU,"1.02","1.02",organic,2023-02-12 07:47:53,2023-02-12 07:50:13,"{''2023-02-12 00:00:00'',''2023-02-12 00:00:00'',''2023-02-12 00:00:00'',''2023-02-12 00:00:00'',''2023-02-12 00:00:00'',''2023-02-12 00:00:00''}",0,0.0,0,0,0,0,0
android,"1001913",US,"1.02","1.02",organic,2023-02-12 07:52:07,2023-02-12 07:55:06,"{''2023-02-12 00:00:00'',''2023-02-12 00:00:00'',''2023-02-12 00:00:00'',''2023-02-12 00:00:00'',''2023-02-12 00:00:00'',''2023-02-12 00:00:00'',''2023-02-12 00:00:00'',''2023-02-12 00:00:00'',''2023-02-12 00:00:00'',''2023-02-12 00:00:00'',''2023-02-12 00:00:00'',''2023-02-12 00:00:00'',''2023-02-12 00:00:00''}",0,0.0,2,650,0,0,0
iOS,"1001915",DE,"1.02","1.02",paid,2023-02-12 08:10:33,2023-02-12 08:14:42,"{''2023-02-12 00:00:00'',''2023-02-12 00:00:00'',''2023-02-12 00:00:00'',''2023-02-12 00:00:00'',''2023-02-12 00:00:00'',''2023-02-12 00:00:00'',''2023-02-12 00:00:00'',''2023-02-12 00:00:00'',''2023-02-12 00:00:00'',''2023-02-12 00:00:00'',''2023-02-12 00:00:00'',''2023-02-12 00:00:00'',''2023-02-12 00:00:00'',''2023-02-12 00:00:00'',''2023-02-12 00:00:00''}",0,0.0,3,750,0,0,0
android,"1001916",RU,"1.02","1.02",organic,2023-02-12 08:24:08,2023-02-12 08:26:01,"{''2023-02-12 00:00:00'',''2023-02-12 00:00:00'',''2023-02-12 00:00:00'',''2023-02-12 00:00:00'',''2023-02-12 00:00:00'',''2023-02-12 00:00:00'',''2023-02-12 00:00:00'',''2023-02-12 00:00:00''}",0,0.0,0,0,0,0,0
android,"1001917",GE,"1.02","1.02",organic,2023-02-12 08:33:21,2023-02-12 08:35:00,"{''2023-02-12 00:00:00'',''2023-02-12 00:00:00'',''2023-02-12 00:00:00'',''2023-02-12 00:00:00''}",0,0.0,0,0,0,0,0
iOS,"1001920",RU,"1.02","1.02",organic,2023-02-12 09:06:12,2023-02-12 09:08:12,"{''2023-02-12 00:00:00'',''2023-02-12 00:00:00'',''2023-02-12 00:00:00'',''2023-02-12 00:00:00''}",0,0.0,0,0,0,0,0
iOS,"1001925",US,"1.02","1.02",organic,2023-02-12 09:52:30,2023-02-12 09:54:11,"{''2023-02-12 00:00:00'',''2023-02-12 00:00:00'',''2023-02-12 00:00:00'',''2023-02-12 00:00:00'',''2023-02-12 00:00:00'',''2023-02-12 00:00:00'',''2023-02-12 00:00:00''}",0,0.0,0,0,0,0,0
iOS,"1001927",RU,"1.02","1.02",paid,2023-02-12 10:11:46,2023-02-12 10:13:46,"{''2023-02-12 00:00:00'',''2023-02-12 00:00:00'',''2023-02-12 00:00:00'',''2023-02-12 00:00:00'',''2023-02-12 00:00:00'',''2023-02-12 00:00:00''}",0,0.0,0,0,0,0,0
android,"1001928",RU,"1.02","1.02",organic,2023-02-12 10:17:27,2023-02-12 10:22:51,"{''2023-02-12 00:00:00'',''2023-02-12 00:00:00'',''2023-02-12 00:00:00'',''2023-02-12 00:00:00'',''2023-02-12 00:00:00'',''2023-02-12 00:00:00'',''2023-02-12 00:00:00'',''2023-02-12 00:00:00'',''2023-02-12 00:00:00'',''2023-02-12 00:00:00'',''2023-02-12 00:00:00'',''2023-02-12 00:00:00'',''2023-02-12 00:00:00'',''2023-02-12 00:00:00'',''2023-02-12 00:00:00'',''2023-02-12 00:00:00'',''2023-02-12 00:00:00''}",0,0.0,4,850,0,0,0
android,"1001929",BY,"1.02","1.02",organic,2023-02-12 10:23:08,2023-02-12 10:25:37,"{''2023-02-12 00:00:00'',''2023-02-12 00:00:00'',''2023-02-12 00:00:00'',''2023-02-12 00:00:00'',''2023-02-12 00:00:00'',''2023-02-12 00:00:00'',''2023-02-12 00:00:00'',''2023-02-12 00:00:00'',''2023-02-12 00:00:00''}",0,0.0,0,0,0,0,0
iOS,"1001930",KZ,"1.02","1.02",paid,2023-02-12 10:36:43,2023-02-12 10:38:42,"{''2023-02-12 00:00:00'',''2023-02-12 00:00:00'',''2023-02-12 00:00:00'',''2023-02-12 00:00:00'',''2023-02-12 00:00:00'',''2023-02-12 00:00:00''}",0,0.0,0,0,0,0,0
android,"1001933",KZ,"1.02","1.02",organic,2023-02-12 10:58:21,2023-02-12 11:02:16,"{''2023-02-12 00:00:00'',''2023-02-12 00:00:00'',''2023-02-12 00:00:00'',''2023-02-12 00:00:00'',''2023-02-12 00:00:00'',''2023-02-12 00:00:00'',''2023-02-12 00:00:00'',''2023-02-12 00:00:00'',''2023-02-12 00:00:00'',''2023-02-12 00:00:00'',''2023-02-12 00:00:00'',''2023-02-12 00:00:00'',''2023-02-12 00:00:00'',''2023-02-12 00:00:00'',''2023-02-12 00:00:00''}",0,0.0,3,750,0,0,0
android,"1001934",RU,"1.02","1.02",organic,2023-02-12 11:07:34,2023-02-12 11:08:52,"{''2023-02-12 00:00:00'',''2023-02-12 00:00:00'',''2023-02-12 00:00:00''}",0,0.0,0,0,0,0,0
android,"1001937",PL,"1.02","1.02",paid,2023-02-12 11:40:25,2023-02-12 11:42:03,"{''2023-02-12 00:00:00'',''2023-02-12 00:00:00'',''2023-02-12 00:00:00'',''2023-02-12 00:00:00''}",0,0.0,0,0,0,0,0
iOS,"1001938",CA,"1.02","1.02",organic,2023-02-12 11:49:38,2023-02-12 11:54:41,"{''2023-02-12 00:00:00'',''2023-02-12 00:00:00'',''2023-02-12 00:00:00'',''2023-02-12 00:00:00'',''2023-02-12 00:00:00'',''2023-02-12 00:00:00'',''2023-02-12 00:00:00'',''2023-02-12 00:00:00'',''2023-02-12 00:00:00'',''2023-02-12 00:00:00'',''2023-02-12 00:00:00'',''2023-02-12 00:00:00'',''2023-02-12 00:00:00'',''2023-02-12 00:00:00'',''2023-02-12 00:00:00'',''2023-02-12 00:00:00'',''2023-02-12 00:00:00''}",0,0.0,4,850,0,0,0
android,"1001939",RU,"1.02","1.02",organic,2023-02-12 11:58:51,2023-02-12 12:01:18,"{''2023-02-12 00:00:00'',''2023-02-12 00:00:00'',''2023-02-12 00:00:00'',''2023-02-12 00:00:00'',''2023-02-12 00:00:00'',''2023-02-12 00:00:00'',''2023-02-12 00:00:00'',''2023-02-12 00:00:00''}",0,0.0,0,0,0,0,0
iOS,"1001940",KZ,"1.02","1.02",paid,2023-02-12 12:12:26,2023-02-12 12:14:16,"{''2023-02-12 00:00:00'',''2023-02-12 00:00:00'',''2023-02-12 00:00:00'',''2023-02-12 00:00:00'',''2023-02-12 00:00:00'',''2023-02-12 00:00:00'',''2023-02-12 00:00:00'',''2023-02-12 00:00:00''}",0,0.0,0,0,0,0,0
android,"1001941",US,"1.02","1.02",organic,2023-02-12 12:16:40,2023-02-12 12:19:01,"{''2023-02-12 00:00:00'',''2023-02-12 00:00:00'',''2023-02-12 00:00:00'',''2023-02-12 00:00:00'',''2023-02-12 00:00:00'',''2023-02-12 00:00:00'',''2023-02-12 00:00:00''}",0,0.0,0,0,0,0,0
android,"1001942",BY,"1.02","1.02",paid,2023-02-12 12:22:21,2023-02-12 12:26:25,"{''2023-02-12 00:00:00'',''2023-02-12 00:00:00'',''2023-02-12 00:00:00'',''2023-02-12 00:00:00'',''2023-02-12 00:00:00'',''2023-02-12 00:00:00'',''2023-02-12 00:00:00'',''2023-02-12 00:00:00'',''2023-02-12 00:00:00'',''2023-02-12 00:00:00'',''2023-02-12 00:00:00'',''2023-02-12 00:00:00'',''2023-02-12 00:00:00'',''2023-02-12 00:00:00'',''2023-02-12 00:00:00''}",0,0.0,3,750,0,0,0
android,"1001943",NL,"1.02","1.02",organic,2023-02-12 12:31:34,2023-02-12 12:35:55,"{''2023-02-12 00:00:00'',''2023-02-12 00:00:00'',''2023-02-12 00:00:00'',''2023-02-12 00:00:00'',''2023-02-12 00:00:00'',''2023-02-12 00:00:00'',''2023-02-12 00:00:00'',''2023-02-12 00:00:00'',''2023-02-12 00:00:00'',''2023-02-12 00:00:00'',''2023-02-12 00:00:00'',''2023-02-12 00:00:00'',''2023-02-12 00:00:00'',''2023-02-12 00:00:00'',''2023-02-12 00:00:00''}",0,0.0,3,750,0,0,0
android,"1001945",PL,"1.02","1.02",organic,2023-02-12 12:50:50,2023-02-12 12:52:18,"{''2023-02-12 00:00:00'',''2023-02-12 00:00:00'',''2023-02-12 00:00:00'',''2023-02-12 00:00:00'',''2023-02-12 00:00:00''}",0,0.0,0,0,0,0,0
iOS,"1001948",US,"1.02","1.02",paid,2023-02-12 13:27:13,2023-02-13 13:11:40,"{''2023-02-12 00:00:00'',''2023-02-13 00:00:00'',''2023-02-12 00:00:00'',''2023-02-12 00:00:00'',''2023-02-13 00:00:00'',''2023-02-13 00:00:00'',''2023-02-12 00:00:00'',''2023-02-13 00:00:00'',''2023-02-13 00:00:00'',''2023-02-12 00:00:00'',''2023-02-12 00:00:00'',''2023-02-12 00:00:00'',''2023-02-13 00:00:00'',''2023-02-12 00:00:00'',''2023-02-13 00:00:00'',''2023-02-13 00:00:00'',''2023-02-12 00:00:00'',''2023-02-12 00:00:00'',''2023-02-12 00:00:00'',''2023-02-12 00:00:00'',''2023-02-13 00:00:00'',''2023-02-12 00:00:00'',''2023-02-13 00:00:00'',''2023-02-12 00:00:00'',''2023-02-13 00:00:00'',''2023-02-12 00:00:00'',''2023-02-12 00:00:00'',''2023-02-12 00:00:00'',''2023-02-13 00:00:00'',''2023-02-12 00:00:00'',''2023-02-12 00:00:00'',''2023-02-12 00:00:00'',''2023-02-12 00:00:00''}",0,0.0,10,3050,1,0,0
android,"1001949",BY,"1.02","1.02",paid,2023-02-12 13:40:48,2023-02-12 13:42:42,"{''2023-02-12 00:00:00'',''2023-02-12 00:00:00'',''2023-02-12 00:00:00''}",0,0.0,0,0,0,0,0
android,"1001950",US,"1.02","1.02",organic,2023-02-12 13:54:23,2023-02-12 13:56:06,"{''2023-02-12 00:00:00'',''2023-02-12 00:00:00'',''2023-02-12 00:00:00'',''2023-02-12 00:00:00''}",0,0.0,0,0,0,0,0
android,"1001952",RU,"1.02","1.02",organic,2023-02-12 14:05:58,2023-02-12 14:08:53,"{''2023-02-12 00:00:00'',''2023-02-12 00:00:00'',''2023-02-12 00:00:00'',''2023-02-12 00:00:00'',''2023-02-12 00:00:00'',''2023-02-12 00:00:00'',''2023-02-12 00:00:00'',''2023-02-12 00:00:00'',''2023-02-12 00:00:00''}",0,0.0,0,0,0,0,0
android,"1001953",RU,"1.02","1.02",organic,2023-02-12 14:11:39,2023-02-12 14:13:01,"{''2023-02-12 00:00:00'',''2023-02-12 00:00:00'',''2023-02-12 00:00:00'',''2023-02-12 00:00:00'',''2023-02-12 00:00:00''}",0,0.0,0,0,0,0,0
android,"1001955",DE,"1.02","1.02",organic,2023-02-12 14:34:27,2023-02-13 14:08:50,"{''2023-02-12 00:00:00'',''2023-02-12 00:00:00'',''2023-02-12 00:00:00'',''2023-02-13 00:00:00'',''2023-02-13 00:00:00'',''2023-02-12 00:00:00'',''2023-02-12 00:00:00'',''2023-02-12 00:00:00'',''2023-02-12 00:00:00'',''2023-02-12 00:00:00'',''2023-02-12 00:00:00'',''2023-02-12 00:00:00'',''2023-02-12 00:00:00'',''2023-02-12 00:00:00'',''2023-02-12 00:00:00'',''2023-02-13 00:00:00'',''2023-02-13 00:00:00'',''2023-02-12 00:00:00'',''2023-02-12 00:00:00'',''2023-02-12 00:00:00'',''2023-02-13 00:00:00'',''2023-02-13 00:00:00'',''2023-02-12 00:00:00'',''2023-02-13 00:00:00'',''2023-02-12 00:00:00'',''2023-02-13 00:00:00'',''2023-02-12 00:00:00'',''2023-02-13 00:00:00'',''2023-02-13 00:00:00'',''2023-02-12 00:00:00'',''2023-02-12 00:00:00''}",1,99.0,9,2750,1,0,0
iOS,"1001960",RU,"1.02","1.02",organic,2023-02-12 15:16:23,2023-02-12 15:18:19,"{''2023-02-12 00:00:00'',''2023-02-12 00:00:00'',''2023-02-12 00:00:00'',''2023-02-12 00:00:00'',''2023-02-12 00:00:00''}",0,0.0,0,0,0,0,0
iOS,"1001961",DE,"1.02","1.02",organic,2023-02-12 15:29:58,2023-02-12 15:35:55,"{''2023-02-12 00:00:00'',''2023-02-12 00:00:00'',''2023-02-12 00:00:00'',''2023-02-12 00:00:00'',''2023-02-12 00:00:00'',''2023-02-12 00:00:00'',''2023-02-12 00:00:00'',''2023-02-12 00:00:00'',''2023-02-12 00:00:00'',''2023-02-12 00:00:00'',''2023-02-12 00:00:00'',''2023-02-12 00:00:00'',''2023-02-12 00:00:00'',''2023-02-12 00:00:00'',''2023-02-12 00:00:00'',''2023-02-12 00:00:00'',''2023-02-12 00:00:00'',''2023-02-12 00:00:00'',''2023-02-12 00:00:00''}",0,0.0,4,950,0,0,0
iOS,"1001964",US,"1.02","1.02",paid,2023-02-12 15:57:00,2023-02-14 15:00:36,"{''2023-02-13 00:00:00'',''2023-02-12 00:00:00'',''2023-02-12 00:00:00'',''2023-02-12 00:00:00'',''2023-02-13 00:00:00'',''2023-02-12 00:00:00'',''2023-02-12 00:00:00'',''2023-02-13 00:00:00'',''2023-02-12 00:00:00'',''2023-02-12 00:00:00'',''2023-02-13 00:00:00'',''2023-02-14 00:00:00'',''2023-02-14 00:00:00'',''2023-02-12 00:00:00'',''2023-02-12 00:00:00'',''2023-02-13 00:00:00'',''2023-02-12 00:00:00'',''2023-02-13 00:00:00'',''2023-02-14 00:00:00'',''2023-02-12 00:00:00'',''2023-02-12 00:00:00'',''2023-02-13 00:00:00'',''2023-02-13 00:00:00'',''2023-02-13 00:00:00'',''2023-02-12 00:00:00'',''2023-02-12 00:00:00'',''2023-02-13 00:00:00'',''2023-02-12 00:00:00'',''2023-02-12 00:00:00'',''2023-02-13 00:00:00'',''2023-02-12 00:00:00'',''2023-02-12 00:00:00'',''2023-02-12 00:00:00'',''2023-02-12 00:00:00'',''2023-02-13 00:00:00'',''2023-02-12 00:00:00'',''2023-02-14 00:00:00''}",0,0.0,11,4050,1,1,0
iOS,"1001965",IT,"1.02","1.02",organic,2023-02-12 16:06:13,2023-02-12 16:06:13,{''2023-02-12 00:00:00''},0,0.0,0,0,0,0,0
android,"1001966",RU,"1.02","1.02",organic,2023-02-12 16:15:26,2023-02-12 16:17:22,"{''2023-02-12 00:00:00'',''2023-02-12 00:00:00'',''2023-02-12 00:00:00'',''2023-02-12 00:00:00'',''2023-02-12 00:00:00'',''2023-02-12 00:00:00'',''2023-02-12 00:00:00'',''2023-02-12 00:00:00''}",0,0.0,0,0,0,0,0
iOS,"1001967",ES,"1.02","1.02",organic,2023-02-12 16:24:39,2023-02-12 16:27:00,"{''2023-02-12 00:00:00'',''2023-02-12 00:00:00'',''2023-02-12 00:00:00'',''2023-02-12 00:00:00'',''2023-02-12 00:00:00'',''2023-02-12 00:00:00'',''2023-02-12 00:00:00'',''2023-02-12 00:00:00'',''2023-02-12 00:00:00'',''2023-02-12 00:00:00''}",0,0.0,1,50,0,0,0
android,"1001968",CA,"1.02","1.02",organic,2023-02-12 16:28:53,2023-02-12 16:30:23,"{''2023-02-12 00:00:00'',''2023-02-12 00:00:00'',''2023-02-12 00:00:00''}",0,0.0,0,0,0,0,0
android,"1001970",US,"1.02","1.02",organic,2023-02-12 16:44:50,2023-02-12 16:46:23,"{''2023-02-12 00:00:00'',''2023-02-12 00:00:00'',''2023-02-12 00:00:00'',''2023-02-12 00:00:00''}",0,0.0,0,0,0,0,0
iOS,"1001972",RU,"1.02","1.02",organic,2023-02-12 17:07:38,2023-02-13 16:45:01,"{''2023-02-13 00:00:00'',''2023-02-12 00:00:00'',''2023-02-12 00:00:00'',''2023-02-12 00:00:00'',''2023-02-12 00:00:00'',''2023-02-12 00:00:00'',''2023-02-13 00:00:00'',''2023-02-12 00:00:00'',''2023-02-13 00:00:00'',''2023-02-13 00:00:00'',''2023-02-12 00:00:00'',''2023-02-12 00:00:00'',''2023-02-13 00:00:00'',''2023-02-12 00:00:00'',''2023-02-12 00:00:00'',''2023-02-12 00:00:00'',''2023-02-13 00:00:00'',''2023-02-13 00:00:00'',''2023-02-12 00:00:00'',''2023-02-12 00:00:00'',''2023-02-13 00:00:00'',''2023-02-12 00:00:00'',''2023-02-12 00:00:00'',''2023-02-12 00:00:00'',''2023-02-13 00:00:00'',''2023-02-12 00:00:00'',''2023-02-12 00:00:00'',''2023-02-13 00:00:00'',''2023-02-13 00:00:00'',''2023-02-12 00:00:00'',''2023-02-12 00:00:00'',''2023-02-12 00:00:00'',''2023-02-13 00:00:00''}",0,0.0,10,3050,1,0,0
iOS,"1001973",CA,"1.02","1.02",organic,2023-02-12 17:16:51,2023-02-12 17:18:20,"{''2023-02-12 00:00:00'',''2023-02-12 00:00:00'',''2023-02-12 00:00:00'',''2023-02-12 00:00:00''}",0,0.0,0,0,0,0,0
iOS,"1001976",RU,"1.02","1.02",organic,2023-02-12 17:32:40,2023-02-12 17:36:13,"{''2023-02-12 00:00:00'',''2023-02-12 00:00:00'',''2023-02-12 00:00:00'',''2023-02-12 00:00:00'',''2023-02-12 00:00:00'',''2023-02-12 00:00:00'',''2023-02-12 00:00:00'',''2023-02-12 00:00:00'',''2023-02-12 00:00:00'',''2023-02-12 00:00:00'',''2023-02-12 00:00:00'',''2023-02-12 00:00:00'',''2023-02-12 00:00:00''}",0,0.0,2,650,0,0,0
android,"1001978",KZ,"1.02","1.02",organic,2023-02-12 17:50:29,2023-02-12 17:52:34,"{''2023-02-12 00:00:00'',''2023-02-12 00:00:00'',''2023-02-12 00:00:00'',''2023-02-12 00:00:00'',''2023-02-12 00:00:00'',''2023-02-12 00:00:00'',''2023-02-12 00:00:00'',''2023-02-12 00:00:00'',''2023-02-12 00:00:00''}",0,0.0,0,0,0,0,0
android,"1001979",PL,"1.02","1.02",paid,2023-02-12 17:56:10,2023-02-12 18:01:51,"{''2023-02-12 00:00:00'',''2023-02-12 00:00:00'',''2023-02-12 00:00:00'',''2023-02-12 00:00:00'',''2023-02-12 00:00:00'',''2023-02-12 00:00:00'',''2023-02-12 00:00:00'',''2023-02-12 00:00:00'',''2023-02-12 00:00:00'',''2023-02-12 00:00:00'',''2023-02-12 00:00:00'',''2023-02-12 00:00:00'',''2023-02-12 00:00:00'',''2023-02-12 00:00:00'',''2023-02-12 00:00:00'',''2023-02-12 00:00:00'',''2023-02-12 00:00:00''}",0,0.0,4,850,0,0,0
android,"1001980",PL,"1.02","1.02",organic,2023-02-12 18:01:51,2023-02-12 18:08:06,"{''2023-02-12 00:00:00'',''2023-02-12 00:00:00'',''2023-02-12 00:00:00'',''2023-02-12 00:00:00'',''2023-02-12 00:00:00'',''2023-02-12 00:00:00'',''2023-02-12 00:00:00'',''2023-02-12 00:00:00'',''2023-02-12 00:00:00'',''2023-02-12 00:00:00'',''2023-02-12 00:00:00'',''2023-02-12 00:00:00'',''2023-02-12 00:00:00'',''2023-02-12 00:00:00'',''2023-02-12 00:00:00'',''2023-02-12 00:00:00'',''2023-02-12 00:00:00'',''2023-02-12 00:00:00'',''2023-02-12 00:00:00''}",0,0.0,4,950,0,0,0
android,"1001981",NL,"1.02","1.02",organic,2023-02-12 18:15:26,2023-02-12 18:17:03,"{''2023-02-12 00:00:00'',''2023-02-12 00:00:00'',''2023-02-12 00:00:00'',''2023-02-12 00:00:00'',''2023-02-12 00:00:00''}",0,0.0,0,0,0,0,0
iOS,"1001982",RU,"1.02","1.02",organic,2023-02-12 18:19:40,2023-02-12 18:21:20,"{''2023-02-12 00:00:00'',''2023-02-12 00:00:00'',''2023-02-12 00:00:00'',''2023-02-12 00:00:00'',''2023-02-12 00:00:00''}",0,0.0,0,0,0,0,0
iOS,"1001984",PL,"1.02","1.02",organic,2023-02-12 18:33:07,2023-02-12 18:34:49,"{''2023-02-12 00:00:00'',''2023-02-12 00:00:00'',''2023-02-12 00:00:00''}",0,0.0,0,0,0,0,0
iOS,"1001986",DE,"1.02","1.02",organic,2023-02-12 18:46:34,2023-02-14 18:25:09,"{''2023-02-14 00:00:00'',''2023-02-13 00:00:00'',''2023-02-12 00:00:00'',''2023-02-12 00:00:00'',''2023-02-13 00:00:00'',''2023-02-12 00:00:00'',''2023-02-12 00:00:00'',''2023-02-12 00:00:00'',''2023-02-12 00:00:00'',''2023-02-14 00:00:00'',''2023-02-13 00:00:00'',''2023-02-12 00:00:00'',''2023-02-12 00:00:00'',''2023-02-14 00:00:00'',''2023-02-13 00:00:00'',''2023-02-13 00:00:00'',''2023-02-14 00:00:00'',''2023-02-12 00:00:00'',''2023-02-12 00:00:00'',''2023-02-12 00:00:00'',''2023-02-12 00:00:00'',''2023-02-12 00:00:00'',''2023-02-12 00:00:00'',''2023-02-12 00:00:00'',''2023-02-13 00:00:00'',''2023-02-12 00:00:00'',''2023-02-13 00:00:00'',''2023-02-13 00:00:00'',''2023-02-12 00:00:00'',''2023-02-12 00:00:00'',''2023-02-13 00:00:00'',''2023-02-12 00:00:00'',''2023-02-13 00:00:00'',''2023-02-12 00:00:00'',''2023-02-12 00:00:00'',''2023-02-13 00:00:00'',''2023-02-13 00:00:00''}",0,0.0,12,4050,1,1,0
iOS,"1001987",US,"1.02","1.02",paid,2023-02-12 18:55:47,2023-02-14 18:45:58,"{''2023-02-14 00:00:00'',''2023-02-13 00:00:00'',''2023-02-12 00:00:00'',''2023-02-12 00:00:00'',''2023-02-13 00:00:00'',''2023-02-12 00:00:00'',''2023-02-14 00:00:00'',''2023-02-12 00:00:00'',''2023-02-12 00:00:00'',''2023-02-13 00:00:00'',''2023-02-13 00:00:00'',''2023-02-13 00:00:00'',''2023-02-13 00:00:00'',''2023-02-12 00:00:00'',''2023-02-12 00:00:00'',''2023-02-12 00:00:00'',''2023-02-12 00:00:00'',''2023-02-12 00:00:00'',''2023-02-12 00:00:00'',''2023-02-12 00:00:00'',''2023-02-12 00:00:00'',''2023-02-13 00:00:00'',''2023-02-12 00:00:00'',''2023-02-12 00:00:00'',''2023-02-12 00:00:00'',''2023-02-13 00:00:00'',''2023-02-12 00:00:00'',''2023-02-13 00:00:00'',''2023-02-14 00:00:00'',''2023-02-12 00:00:00'',''2023-02-13 00:00:00'',''2023-02-14 00:00:00'',''2023-02-13 00:00:00'',''2023-02-12 00:00:00'',''2023-02-12 00:00:00'',''2023-02-12 00:00:00'',''2023-02-13 00:00:00''}",0,0.0,12,4050,1,1,0
android,"1001988",NL,"1.02","1.02",organic,2023-02-12 18:58:09,2023-02-12 19:00:09,"{''2023-02-12 00:00:00'',''2023-02-12 00:00:00'',''2023-02-12 00:00:00'',''2023-02-12 00:00:00''}",0,0.0,0,0,0,0,0
android,"1001992",PL,"1.02","1.02",organic,2023-02-12 19:43:45,2023-02-13 19:26:46,"{''2023-02-13 00:00:00'',''2023-02-13 00:00:00'',''2023-02-12 00:00:00'',''2023-02-13 00:00:00'',''2023-02-13 00:00:00'',''2023-02-12 00:00:00'',''2023-02-13 00:00:00'',''2023-02-12 00:00:00'',''2023-02-12 00:00:00'',''2023-02-12 00:00:00'',''2023-02-13 00:00:00'',''2023-02-13 00:00:00'',''2023-02-12 00:00:00'',''2023-02-12 00:00:00'',''2023-02-12 00:00:00'',''2023-02-12 00:00:00'',''2023-02-13 00:00:00'',''2023-02-12 00:00:00'',''2023-02-12 00:00:00'',''2023-02-13 00:00:00'',''2023-02-12 00:00:00'',''2023-02-12 00:00:00'',''2023-02-13 00:00:00'',''2023-02-12 00:00:00'',''2023-02-13 00:00:00'',''2023-02-12 00:00:00'',''2023-02-12 00:00:00'',''2023-02-12 00:00:00'',''2023-02-12 00:00:00'',''2023-02-12 00:00:00'',''2023-02-13 00:00:00'',''2023-02-12 00:00:00'',''2023-02-12 00:00:00''}",0,0.0,9,3050,1,0,0
iOS,"1001993",LV,"1.02","1.02",organic,2023-02-12 19:52:58,2023-02-12 19:54:47,"{''2023-02-12 00:00:00'',''2023-02-12 00:00:00'',''2023-02-12 00:00:00''}",0,0.0,0,0,0,0,0
android,"1001998",US,"1.02","1.02",paid,2023-02-12 20:39:53,2023-02-12 20:41:49,"{''2023-02-12 00:00:00'',''2023-02-12 00:00:00'',''2023-02-12 00:00:00'',''2023-02-12 00:00:00'',''2023-02-12 00:00:00'',''2023-02-12 00:00:00'',''2023-02-12 00:00:00''}",0,0.0,0,0,0,0,0
android,"1002000",NL,"1.02","1.02",organic,2023-02-12 20:59:09,2023-02-12 21:01:08,"{''2023-02-12 00:00:00'',''2023-02-12 00:00:00'',''2023-02-12 00:00:00'',''2023-02-12 00:00:00'',''2023-02-12 00:00:00''}",0,0.0,0,0,0,0,0
iOS,"1002002",BY,"1.02","1.02",paid,2023-02-12 21:26:19,2023-02-12 21:32:18,"{''2023-02-12 00:00:00'',''2023-02-12 00:00:00'',''2023-02-12 00:00:00'',''2023-02-12 00:00:00'',''2023-02-12 00:00:00'',''2023-02-12 00:00:00'',''2023-02-12 00:00:00'',''2023-02-12 00:00:00'',''2023-02-12 00:00:00'',''2023-02-12 00:00:00'',''2023-02-12 00:00:00'',''2023-02-12 00:00:00'',''2023-02-12 00:00:00'',''2023-02-12 00:00:00'',''2023-02-12 00:00:00'',''2023-02-12 00:00:00'',''2023-02-12 00:00:00''}",0,0.0,4,850,0,0,0
iOS,"1002005",RU,"1.02","1.02",organic,2023-02-12 21:48:22,2023-02-12 21:50:14,"{''2023-02-12 00:00:00'',''2023-02-12 00:00:00'',''2023-02-12 00:00:00'',''2023-02-12 00:00:00'',''2023-02-12 00:00:00''}",0,0.0,0,0,0,0,0
android,"1002006",KZ,"1.02","1.02",organic,2023-02-12 21:54:03,2023-02-12 21:59:28,"{''2023-02-12 00:00:00'',''2023-02-12 00:00:00'',''2023-02-12 00:00:00'',''2023-02-12 00:00:00'',''2023-02-12 00:00:00'',''2023-02-12 00:00:00'',''2023-02-12 00:00:00'',''2023-02-12 00:00:00'',''2023-02-12 00:00:00'',''2023-02-12 00:00:00'',''2023-02-12 00:00:00'',''2023-02-12 00:00:00'',''2023-02-12 00:00:00'',''2023-02-12 00:00:00'',''2023-02-12 00:00:00'',''2023-02-12 00:00:00'',''2023-02-12 00:00:00''}",0,0.0,4,850,0,0,0
iOS,"1002007",DE,"1.02","1.02",organic,2023-02-12 22:07:38,2023-02-12 22:11:39,"{''2023-02-12 00:00:00'',''2023-02-12 00:00:00'',''2023-02-12 00:00:00'',''2023-02-12 00:00:00'',''2023-02-12 00:00:00'',''2023-02-12 00:00:00'',''2023-02-12 00:00:00'',''2023-02-12 00:00:00'',''2023-02-12 00:00:00'',''2023-02-12 00:00:00'',''2023-02-12 00:00:00'',''2023-02-12 00:00:00'',''2023-02-12 00:00:00'',''2023-02-12 00:00:00'',''2023-02-12 00:00:00''}",0,0.0,2,750,0,0,0
iOS,"1002010",DE,"1.02","1.02",paid,2023-02-12 22:30:18,2023-02-12 22:31:30,"{''2023-02-12 00:00:00'',''2023-02-12 00:00:00'',''2023-02-12 00:00:00''}",0,0.0,0,0,0,0,0
iOS,"1002013",LT,"1.02","1.02",organic,2023-02-12 22:52:58,2023-02-12 22:54:55,"{''2023-02-12 00:00:00'',''2023-02-12 00:00:00'',''2023-02-12 00:00:00'',''2023-02-12 00:00:00''}",0,0.0,0,0,0,0,0
android,"1002014",CA,"1.02","1.02",organic,2023-02-12 22:58:39,2023-02-12 23:00:34,"{''2023-02-12 00:00:00'',''2023-02-12 00:00:00'',''2023-02-12 00:00:00'',''2023-02-12 00:00:00'',''2023-02-12 00:00:00''}",0,0.0,0,0,0,0,0
iOS,"1002016",US,"1.02","1.02",organic,2023-02-12 23:10:01,2023-02-12 23:11:11,"{''2023-02-12 00:00:00'',''2023-02-12 00:00:00'',''2023-02-12 00:00:00'',''2023-02-12 00:00:00'',''2023-02-12 00:00:00''}",0,0.0,0,0,0,0,0
iOS,"1002019",BY,"1.02","1.02",organic,2023-02-12 23:34:58,2023-02-12 23:36:02,"{''2023-02-12 00:00:00'',''2023-02-12 00:00:00'',''2023-02-12 00:00:00''}",0,0.0,0,0,0,0,0
iOS,"1002020",BY,"1.02","1.02",organic,2023-02-12 23:40:39,2023-02-13 00:28:28,"{''2023-02-12 00:00:00'',''2023-02-12 00:00:00'',''2023-02-12 00:00:00'',''2023-02-13 00:00:00'',''2023-02-12 00:00:00'',''2023-02-12 00:00:00'',''2023-02-12 00:00:00'',''2023-02-12 00:00:00'',''2023-02-12 00:00:00'',''2023-02-12 00:00:00'',''2023-02-12 00:00:00'',''2023-02-12 00:00:00'',''2023-02-12 00:00:00'',''2023-02-12 00:00:00'',''2023-02-12 00:00:00'',''2023-02-12 00:00:00'',''2023-02-12 00:00:00'',''2023-02-12 00:00:00'',''2023-02-12 00:00:00'',''2023-02-13 00:00:00'',''2023-02-13 00:00:00'',''2023-02-12 00:00:00'',''2023-02-12 00:00:00'',''2023-02-12 00:00:00''}",0,0.0,6,1150,1,0,0
android,"1002022",IT,"1.02","1.02",organic,2023-02-12 23:55:33,2023-02-12 23:57:24,"{''2023-02-12 00:00:00'',''2023-02-12 00:00:00'',''2023-02-12 00:00:00''}",0,0.0,0,0,0,0,0
android,"1002028",DE,"1.02","1.02",organic,2023-02-13 00:42:21,2023-02-13 00:44:39,"{''2023-02-13 00:00:00'',''2023-02-13 00:00:00'',''2023-02-13 00:00:00'',''2023-02-13 00:00:00'',''2023-02-13 00:00:00'',''2023-02-13 00:00:00''}",0,0.0,0,0,0,0,0
iOS,"1002029",US,"1.02","1.02",paid,2023-02-13 00:44:43,2023-02-15 00:01:53,"{''2023-02-14 00:00:00'',''2023-02-15 00:00:00'',''2023-02-14 00:00:00'',''2023-02-13 00:00:00'',''2023-02-13 00:00:00'',''2023-02-14 00:00:00'',''2023-02-14 00:00:00'',''2023-02-13 00:00:00'',''2023-02-13 00:00:00'',''2023-02-13 00:00:00'',''2023-02-14 00:00:00'',''2023-02-14 00:00:00'',''2023-02-14 00:00:00'',''2023-02-13 00:00:00'',''2023-02-13 00:00:00'',''2023-02-13 00:00:00'',''2023-02-13 00:00:00'',''2023-02-15 00:00:00'',''2023-02-13 00:00:00'',''2023-02-13 00:00:00'',''2023-02-14 00:00:00'',''2023-02-14 00:00:00'',''2023-02-13 00:00:00'',''2023-02-15 00:00:00'',''2023-02-13 00:00:00'',''2023-02-15 00:00:00'',''2023-02-14 00:00:00'',''2023-02-13 00:00:00'',''2023-02-13 00:00:00'',''2023-02-13 00:00:00'',''2023-02-13 00:00:00'',''2023-02-13 00:00:00'',''2023-02-13 00:00:00'',''2023-02-13 00:00:00'',''2023-02-14 00:00:00'',''2023-02-14 00:00:00'',''2023-02-13 00:00:00''}",0,0.0,12,4050,1,1,0
iOS,"1002030",US,"1.02","1.02",organic,2023-02-13 00:47:05,2023-02-13 00:49:19,"{''2023-02-13 00:00:00'',''2023-02-13 00:00:00'',''2023-02-13 00:00:00'',''2023-02-13 00:00:00'',''2023-02-13 00:00:00'',''2023-02-13 00:00:00'',''2023-02-13 00:00:00''}",0,0.0,0,0,0,0,0
iOS,"1002031",US,"1.02","1.02",organic,2023-02-13 00:56:18,2023-02-13 00:58:03,"{''2023-02-13 00:00:00'',''2023-02-13 00:00:00'',''2023-02-13 00:00:00'',''2023-02-13 00:00:00'',''2023-02-13 00:00:00'',''2023-02-13 00:00:00'',''2023-02-13 00:00:00''}",0,0.0,0,0,0,0,0
android,"1002032",US,"1.02","1.02",organic,2023-02-13 01:05:31,2023-02-13 01:07:04,"{''2023-02-13 00:00:00'',''2023-02-13 00:00:00'',''2023-02-13 00:00:00'',''2023-02-13 00:00:00'',''2023-02-13 00:00:00'',''2023-02-13 00:00:00'',''2023-02-13 00:00:00''}",0,0.0,0,0,0,0,0
iOS,"1002033",NL,"1.02","1.02",organic,2023-02-13 01:09:45,2023-02-13 01:11:30,"{''2023-02-13 00:00:00'',''2023-02-13 00:00:00'',''2023-02-13 00:00:00'',''2023-02-13 00:00:00''}",0,0.0,0,0,0,0,0
iOS,"1002034",US,"1.02","1.02",paid,2023-02-13 01:12:07,2023-02-13 01:14:04,"{''2023-02-13 00:00:00'',''2023-02-13 00:00:00'',''2023-02-13 00:00:00'',''2023-02-13 00:00:00''}",0,0.0,0,0,0,0,0
iOS,"1002040",ES,"1.02","1.02",organic,2023-02-13 02:03:16,2023-02-13 02:05:20,"{''2023-02-13 00:00:00'',''2023-02-13 00:00:00'',''2023-02-13 00:00:00'',''2023-02-13 00:00:00'',''2023-02-13 00:00:00'',''2023-02-13 00:00:00''}",0,0.0,0,0,0,0,0
iOS,"1002041",KZ,"1.02","1.02",organic,2023-02-13 02:12:29,2023-02-13 02:14:47,"{''2023-02-13 00:00:00'',''2023-02-13 00:00:00'',''2023-02-13 00:00:00'',''2023-02-13 00:00:00'',''2023-02-13 00:00:00'',''2023-02-13 00:00:00'',''2023-02-13 00:00:00''}",0,0.0,0,0,0,0,0
android,"1002043",RU,"1.02","1.02",organic,2023-02-13 02:30:55,2023-02-13 02:32:22,"{''2023-02-13 00:00:00'',''2023-02-13 00:00:00'',''2023-02-13 00:00:00'',''2023-02-13 00:00:00'',''2023-02-13 00:00:00''}",0,0.0,0,0,0,0,0
android,"1002044",RU,"1.02","1.02",organic,2023-02-13 02:40:08,2023-02-13 02:41:55,"{''2023-02-13 00:00:00'',''2023-02-13 00:00:00'',''2023-02-13 00:00:00''}",0,0.0,0,0,0,0,0
iOS,"1002045",KZ,"1.02","1.02",organic,2023-02-13 02:44:22,2023-02-13 02:45:50,"{''2023-02-13 00:00:00'',''2023-02-13 00:00:00'',''2023-02-13 00:00:00'',''2023-02-13 00:00:00'',''2023-02-13 00:00:00'',''2023-02-13 00:00:00'',''2023-02-13 00:00:00''}",0,0.0,0,0,0,0,0
iOS,"1002046",KZ,"1.02","1.02",organic,2023-02-13 02:57:57,2023-02-13 02:59:36,"{''2023-02-13 00:00:00'',''2023-02-13 00:00:00'',''2023-02-13 00:00:00''}",0,0.0,0,0,0,0,0
iOS,"1002051",RU,"1.02","1.02",organic,2023-02-13 03:49:14,2023-02-13 03:51:13,"{''2023-02-13 00:00:00'',''2023-02-13 00:00:00'',''2023-02-13 00:00:00'',''2023-02-13 00:00:00'',''2023-02-13 00:00:00'',''2023-02-13 00:00:00'',''2023-02-13 00:00:00'',''2023-02-13 00:00:00'',''2023-02-13 00:00:00'',''2023-02-13 00:00:00''}",0,0.0,1,50,0,0,0
android,"1002052",US,"1.02","1.02",organic,2023-02-13 04:02:49,2023-02-13 04:04:40,"{''2023-02-13 00:00:00'',''2023-02-13 00:00:00'',''2023-02-13 00:00:00'',''2023-02-13 00:00:00''}",0,0.0,0,0,0,0,0
iOS,"1002055",CA,"1.02","1.02",paid,2023-02-13 04:26:56,2023-02-13 04:30:17,"{''2023-02-13 00:00:00'',''2023-02-13 00:00:00'',''2023-02-13 00:00:00'',''2023-02-13 00:00:00'',''2023-02-13 00:00:00'',''2023-02-13 00:00:00'',''2023-02-13 00:00:00'',''2023-02-13 00:00:00'',''2023-02-13 00:00:00'',''2023-02-13 00:00:00'',''2023-02-13 00:00:00'',''2023-02-13 00:00:00'',''2023-02-13 00:00:00''}",0,0.0,2,650,0,0,0
iOS,"1002056",IT,"1.02","1.02",organic,2023-02-13 04:29:18,2023-02-13 04:31:51,"{''2023-02-13 00:00:00'',''2023-02-13 00:00:00'',''2023-02-13 00:00:00'',''2023-02-13 00:00:00'',''2023-02-13 00:00:00'',''2023-02-13 00:00:00'',''2023-02-13 00:00:00'',''2023-02-13 00:00:00'',''2023-02-13 00:00:00''}",0,0.0,0,0,0,0,0
iOS,"1002057",PL,"1.02","1.02",organic,2023-02-13 04:33:32,2023-02-13 04:35:17,"{''2023-02-13 00:00:00'',''2023-02-13 00:00:00'',''2023-02-13 00:00:00'',''2023-02-13 00:00:00''}",0,0.0,0,0,0,0,0
iOS,"1002058",CA,"1.02","1.02",organic,2023-02-13 04:42:45,2023-02-14 04:13:50,"{''2023-02-14 00:00:00'',''2023-02-14 00:00:00'',''2023-02-13 00:00:00'',''2023-02-14 00:00:00'',''2023-02-14 00:00:00'',''2023-02-14 00:00:00'',''2023-02-13 00:00:00'',''2023-02-13 00:00:00'',''2023-02-13 00:00:00'',''2023-02-13 00:00:00'',''2023-02-13 00:00:00'',''2023-02-13 00:00:00'',''2023-02-13 00:00:00'',''2023-02-13 00:00:00'',''2023-02-13 00:00:00'',''2023-02-13 00:00:00'',''2023-02-14 00:00:00'',''2023-02-13 00:00:00'',''2023-02-14 00:00:00'',''2023-02-14 00:00:00'',''2023-02-14 00:00:00'',''2023-02-13 00:00:00'',''2023-02-14 00:00:00'',''2023-02-13 00:00:00'',''2023-02-13 00:00:00'',''2023-02-14 00:00:00'',''2023-02-13 00:00:00'',''2023-02-13 00:00:00'',''2023-02-13 00:00:00'',''2023-02-14 00:00:00'',''2023-02-13 00:00:00'',''2023-02-13 00:00:00'',''2023-02-13 00:00:00''}",0,0.0,10,3050,1,0,0
android,"1002060",KZ,"1.02","1.02",paid,2023-02-13 04:56:12,2023-02-13 04:58:18,"{''2023-02-13 00:00:00'',''2023-02-13 00:00:00'',''2023-02-13 00:00:00''}",0,0.0,0,0,0,0,0
iOS,"1002062",PL,"1.02","1.02",organic,2023-02-13 05:14:01,2023-02-13 05:15:24,"{''2023-02-13 00:00:00'',''2023-02-13 00:00:00'',''2023-02-13 00:00:00'',''2023-02-13 00:00:00''}",0,0.0,0,0,0,0,0
iOS,"1002063",RU,"1.02","1.02",paid,2023-02-13 05:23:14,2023-02-13 05:25:29,"{''2023-02-13 00:00:00'',''2023-02-13 00:00:00'',''2023-02-13 00:00:00'',''2023-02-13 00:00:00'',''2023-02-13 00:00:00'',''2023-02-13 00:00:00''}",0,0.0,0,0,0,0,0
android,"1002065",US,"1.02","1.02",organic,2023-02-13 05:41:03,2023-02-13 05:43:17,"{''2023-02-13 00:00:00'',''2023-02-13 00:00:00'',''2023-02-13 00:00:00'',''2023-02-13 00:00:00'',''2023-02-13 00:00:00'',''2023-02-13 00:00:00'',''2023-02-13 00:00:00'',''2023-02-13 00:00:00'',''2023-02-13 00:00:00''}",0,0.0,0,0,0,0,0
android,"1002066",RU,"1.02","1.02",organic,2023-02-13 05:43:25,2023-02-13 05:45:16,"{''2023-02-13 00:00:00'',''2023-02-13 00:00:00'',''2023-02-13 00:00:00''}",0,0.0,0,0,0,0,0
iOS,"1002068",RU,"1.02","1.02",organic,2023-02-13 06:06:13,2023-02-13 06:11:30,"{''2023-02-13 00:00:00'',''2023-02-13 00:00:00'',''2023-02-13 00:00:00'',''2023-02-13 00:00:00'',''2023-02-13 00:00:00'',''2023-02-13 00:00:00'',''2023-02-13 00:00:00'',''2023-02-13 00:00:00'',''2023-02-13 00:00:00'',''2023-02-13 00:00:00'',''2023-02-13 00:00:00'',''2023-02-13 00:00:00'',''2023-02-13 00:00:00'',''2023-02-13 00:00:00'',''2023-02-13 00:00:00'',''2023-02-13 00:00:00'',''2023-02-13 00:00:00''}",0,0.0,3,850,0,0,0
android,"1002069",KZ,"1.02","1.02",organic,2023-02-13 06:11:54,2023-02-13 06:14:04,"{''2023-02-13 00:00:00'',''2023-02-13 00:00:00'',''2023-02-13 00:00:00'',''2023-02-13 00:00:00'',''2023-02-13 00:00:00''}",0,0.0,0,0,0,0,0
android,"1002070",KZ,"1.02","1.02",organic,2023-02-13 06:25:29,2023-02-13 06:26:56,"{''2023-02-13 00:00:00'',''2023-02-13 00:00:00'',''2023-02-13 00:00:00''}",0,0.0,0,0,0,0,0
iOS,"1002073",KZ,"1.02","1.02",organic,2023-02-13 06:53:58,2023-02-13 06:55:32,"{''2023-02-13 00:00:00'',''2023-02-13 00:00:00'',''2023-02-13 00:00:00'',''2023-02-13 00:00:00'',''2023-02-13 00:00:00''}",0,0.0,0,0,0,0,0
iOS,"1002074",RU,"1.02","1.02",paid,2023-02-13 07:03:11,2023-02-13 07:05:18,"{''2023-02-13 00:00:00'',''2023-02-13 00:00:00'',''2023-02-13 00:00:00'',''2023-02-13 00:00:00'',''2023-02-13 00:00:00''}",0,0.0,0,0,0,0,0
android,"1002077",RU,"1.02","1.02",organic,2023-02-13 07:27:18,2023-02-13 07:31:19,"{''2023-02-13 00:00:00'',''2023-02-13 00:00:00'',''2023-02-13 00:00:00'',''2023-02-13 00:00:00'',''2023-02-13 00:00:00'',''2023-02-13 00:00:00'',''2023-02-13 00:00:00'',''2023-02-13 00:00:00'',''2023-02-13 00:00:00'',''2023-02-13 00:00:00'',''2023-02-13 00:00:00'',''2023-02-13 00:00:00'',''2023-02-13 00:00:00'',''2023-02-13 00:00:00'',''2023-02-13 00:00:00''}",0,0.0,3,750,0,0,0
android,"1002081",RU,"1.02","1.02",paid,2023-02-13 08:01:41,2023-02-13 08:03:59,"{''2023-02-13 00:00:00'',''2023-02-13 00:00:00'',''2023-02-13 00:00:00'',''2023-02-13 00:00:00'',''2023-02-13 00:00:00'',''2023-02-13 00:00:00'',''2023-02-13 00:00:00'',''2023-02-13 00:00:00'',''2023-02-13 00:00:00'',''2023-02-13 00:00:00''}",0,0.0,0,0,0,0,0
iOS,"1002085",KZ,"1.02","1.02",organic,2023-02-13 08:43:45,2023-02-13 08:45:17,"{''2023-02-13 00:00:00'',''2023-02-13 00:00:00'',''2023-02-13 00:00:00''}",0,0.0,0,0,0,0,0
android,"1002086",KZ,"1.02","1.02",paid,2023-02-13 08:57:20,2023-02-13 08:59:31,"{''2023-02-13 00:00:00'',''2023-02-13 00:00:00'',''2023-02-13 00:00:00'',''2023-02-13 00:00:00'',''2023-02-13 00:00:00'',''2023-02-13 00:00:00'',''2023-02-13 00:00:00'',''2023-02-13 00:00:00''}",0,0.0,0,0,0,0,0
android,"1002089",US,"1.02","1.02",organic,2023-02-13 09:17:55,2023-02-13 09:24:46,"{''2023-02-13 00:00:00'',''2023-02-13 00:00:00'',''2023-02-13 00:00:00'',''2023-02-13 00:00:00'',''2023-02-13 00:00:00'',''2023-02-13 00:00:00'',''2023-02-13 00:00:00'',''2023-02-13 00:00:00'',''2023-02-13 00:00:00'',''2023-02-13 00:00:00'',''2023-02-13 00:00:00'',''2023-02-13 00:00:00'',''2023-02-13 00:00:00'',''2023-02-13 00:00:00'',''2023-02-13 00:00:00'',''2023-02-13 00:00:00'',''2023-02-13 00:00:00'',''2023-02-13 00:00:00'',''2023-02-13 00:00:00''}",0,0.0,4,950,0,0,0
iOS,"1002092",RU,"1.02","1.02",paid,2023-02-13 09:34:58,2023-02-13 09:36:48,"{''2023-02-13 00:00:00'',''2023-02-13 00:00:00'',''2023-02-13 00:00:00'',''2023-02-13 00:00:00''}",0,0.0,0,0,0,0,0
android,"1002093",ES,"1.02","1.02",organic,2023-02-13 09:39:12,2023-02-13 09:41:34,"{''2023-02-13 00:00:00'',''2023-02-13 00:00:00'',''2023-02-13 00:00:00'',''2023-02-13 00:00:00'',''2023-02-13 00:00:00'',''2023-02-13 00:00:00'',''2023-02-13 00:00:00'',''2023-02-13 00:00:00'',''2023-02-13 00:00:00''}",0,0.0,0,0,0,0,0
android,"1002095",RU,"1.02","1.02",organic,2023-02-13 09:58:28,2023-02-13 10:00:50,"{''2023-02-13 00:00:00'',''2023-02-13 00:00:00'',''2023-02-13 00:00:00'',''2023-02-13 00:00:00'',''2023-02-13 00:00:00'',''2023-02-13 00:00:00'',''2023-02-13 00:00:00'',''2023-02-13 00:00:00'',''2023-02-13 00:00:00''}",0,0.0,0,0,0,0,0
iOS,"1002097",US,"1.02","1.02",organic,2023-02-13 10:21:16,2023-02-15 09:37:51,"{''2023-02-13 00:00:00'',''2023-02-13 00:00:00'',''2023-02-13 00:00:00'',''2023-02-13 00:00:00'',''2023-02-15 00:00:00'',''2023-02-14 00:00:00'',''2023-02-13 00:00:00'',''2023-02-14 00:00:00'',''2023-02-14 00:00:00'',''2023-02-13 00:00:00'',''2023-02-14 00:00:00'',''2023-02-13 00:00:00'',''2023-02-13 00:00:00'',''2023-02-14 00:00:00'',''2023-02-13 00:00:00'',''2023-02-14 00:00:00'',''2023-02-15 00:00:00'',''2023-02-13 00:00:00'',''2023-02-13 00:00:00'',''2023-02-13 00:00:00'',''2023-02-13 00:00:00'',''2023-02-13 00:00:00'',''2023-02-13 00:00:00'',''2023-02-15 00:00:00'',''2023-02-13 00:00:00'',''2023-02-14 00:00:00'',''2023-02-13 00:00:00'',''2023-02-14 00:00:00'',''2023-02-15 00:00:00'',''2023-02-14 00:00:00'',''2023-02-14 00:00:00'',''2023-02-14 00:00:00'',''2023-02-13 00:00:00'',''2023-02-13 00:00:00'',''2023-02-13 00:00:00'',''2023-02-13 00:00:00'',''2023-02-14 00:00:00''}",0,0.0,12,4050,1,1,0
iOS,"1002105",IT,"1.02","1.02",paid,2023-02-13 11:31:04,2023-02-13 11:33:02,"{''2023-02-13 00:00:00'',''2023-02-13 00:00:00'',''2023-02-13 00:00:00'',''2023-02-13 00:00:00'',''2023-02-13 00:00:00''}",0,0.0,0,0,0,0,0
android,"1002107",US,"1.02","1.02",paid,2023-02-13 11:49:30,2023-02-13 11:51:26,"{''2023-02-13 00:00:00'',''2023-02-13 00:00:00'',''2023-02-13 00:00:00''}",0,0.0,0,0,0,0,0
iOS,"1002108",RU,"1.02","1.02",organic,2023-02-13 12:03:05,2023-02-13 12:08:18,"{''2023-02-13 00:00:00'',''2023-02-13 00:00:00'',''2023-02-13 00:00:00'',''2023-02-13 00:00:00'',''2023-02-13 00:00:00'',''2023-02-13 00:00:00'',''2023-02-13 00:00:00'',''2023-02-13 00:00:00'',''2023-02-13 00:00:00'',''2023-02-13 00:00:00'',''2023-02-13 00:00:00'',''2023-02-13 00:00:00'',''2023-02-13 00:00:00'',''2023-02-13 00:00:00'',''2023-02-13 00:00:00'',''2023-02-13 00:00:00'',''2023-02-13 00:00:00''}",0,0.0,4,850,0,0,0
android,"1002109",RU,"1.02","1.02",paid,2023-02-13 12:16:40,2023-02-13 12:21:17,"{''2023-02-13 00:00:00'',''2023-02-13 00:00:00'',''2023-02-13 00:00:00'',''2023-02-13 00:00:00'',''2023-02-13 00:00:00'',''2023-02-13 00:00:00'',''2023-02-13 00:00:00'',''2023-02-13 00:00:00'',''2023-02-13 00:00:00'',''2023-02-13 00:00:00'',''2023-02-13 00:00:00'',''2023-02-13 00:00:00'',''2023-02-13 00:00:00'',''2023-02-13 00:00:00'',''2023-02-13 00:00:00''}",0,0.0,2,750,0,0,0
android,"1002110",KZ,"1.02","1.02",organic,2023-02-13 12:22:21,2023-02-15 11:36:01,"{''2023-02-15 00:00:00'',''2023-02-13 00:00:00'',''2023-02-13 00:00:00'',''2023-02-13 00:00:00'',''2023-02-13 00:00:00'',''2023-02-13 00:00:00'',''2023-02-13 00:00:00'',''2023-02-13 00:00:00'',''2023-02-14 00:00:00'',''2023-02-13 00:00:00'',''2023-02-14 00:00:00'',''2023-02-13 00:00:00'',''2023-02-14 00:00:00'',''2023-02-14 00:00:00'',''2023-02-13 00:00:00'',''2023-02-14 00:00:00'',''2023-02-13 00:00:00'',''2023-02-14 00:00:00'',''2023-02-15 00:00:00'',''2023-02-14 00:00:00'',''2023-02-14 00:00:00'',''2023-02-15 00:00:00'',''2023-02-13 00:00:00'',''2023-02-13 00:00:00'',''2023-02-14 00:00:00'',''2023-02-13 00:00:00'',''2023-02-13 00:00:00'',''2023-02-13 00:00:00'',''2023-02-13 00:00:00'',''2023-02-13 00:00:00'',''2023-02-14 00:00:00'',''2023-02-13 00:00:00'',''2023-02-13 00:00:00'',''2023-02-13 00:00:00'',''2023-02-14 00:00:00'',''2023-02-14 00:00:00'',''2023-02-15 00:00:00''}",0,0.0,11,4050,1,1,0
android,"1002111",KZ,"1.02","1.02",organic,2023-02-13 12:24:43,2023-02-13 12:30:44,"{''2023-02-13 00:00:00'',''2023-02-13 00:00:00'',''2023-02-13 00:00:00'',''2023-02-13 00:00:00'',''2023-02-13 00:00:00'',''2023-02-13 00:00:00'',''2023-02-13 00:00:00'',''2023-02-13 00:00:00'',''2023-02-13 00:00:00'',''2023-02-13 00:00:00'',''2023-02-13 00:00:00'',''2023-02-13 00:00:00'',''2023-02-13 00:00:00'',''2023-02-13 00:00:00'',''2023-02-13 00:00:00'',''2023-02-13 00:00:00'',''2023-02-13 00:00:00'',''2023-02-13 00:00:00'',''2023-02-13 00:00:00''}",0,0.0,4,950,0,0,0
iOS,"1002112",US,"1.02","1.02",organic,2023-02-13 12:33:56,2023-02-13 12:35:34,"{''2023-02-13 00:00:00'',''2023-02-13 00:00:00'',''2023-02-13 00:00:00'',''2023-02-13 00:00:00'',''2023-02-13 00:00:00'',''2023-02-13 00:00:00''}",0,0.0,0,0,0,0,0
iOS,"1002113",BY,"1.02","1.02",organic,2023-02-13 12:47:31,2023-02-14 12:27:54,"{''2023-02-14 00:00:00'',''2023-02-14 00:00:00'',''2023-02-14 00:00:00'',''2023-02-13 00:00:00'',''2023-02-13 00:00:00'',''2023-02-13 00:00:00'',''2023-02-14 00:00:00'',''2023-02-14 00:00:00'',''2023-02-13 00:00:00'',''2023-02-13 00:00:00'',''2023-02-13 00:00:00'',''2023-02-14 00:00:00'',''2023-02-14 00:00:00'',''2023-02-14 00:00:00'',''2023-02-13 00:00:00'',''2023-02-14 00:00:00'',''2023-02-14 00:00:00'',''2023-02-13 00:00:00'',''2023-02-14 00:00:00'',''2023-02-13 00:00:00'',''2023-02-13 00:00:00'',''2023-02-13 00:00:00'',''2023-02-13 00:00:00'',''2023-02-13 00:00:00'',''2023-02-13 00:00:00'',''2023-02-13 00:00:00'',''2023-02-13 00:00:00'',''2023-02-13 00:00:00'',''2023-02-13 00:00:00'',''2023-02-13 00:00:00'',''2023-02-13 00:00:00'',''2023-02-14 00:00:00'',''2023-02-13 00:00:00''}",0,0.0,10,3050,1,0,0
iOS,"1002116",IT,"1.02","1.02",organic,2023-02-13 13:15:10,2023-02-13 13:17:40,"{''2023-02-13 00:00:00'',''2023-02-13 00:00:00'',''2023-02-13 00:00:00'',''2023-02-13 00:00:00'',''2023-02-13 00:00:00'',''2023-02-13 00:00:00'',''2023-02-13 00:00:00'',''2023-02-13 00:00:00''}",0,0.0,0,0,0,0,0
android,"1002119",RU,"1.02","1.02",paid,2023-02-13 13:35:21,2023-02-13 13:37:04,"{''2023-02-13 00:00:00'',''2023-02-13 00:00:00'',''2023-02-13 00:00:00'',''2023-02-13 00:00:00''}",0,0.0,0,0,0,0,0
android,"1002120",KZ,"1.02","1.02",organic,2023-02-13 13:48:56,2023-02-13 13:50:51,"{''2023-02-13 00:00:00'',''2023-02-13 00:00:00'',''2023-02-13 00:00:00'',''2023-02-13 00:00:00'',''2023-02-13 00:00:00'',''2023-02-13 00:00:00'',''2023-02-13 00:00:00''}",0,0.0,0,0,0,0,0
iOS,"1002121",PL,"1.02","1.02",organic,2023-02-13 13:58:09,2023-02-13 14:03:53,"{''2023-02-13 00:00:00'',''2023-02-13 00:00:00'',''2023-02-13 00:00:00'',''2023-02-13 00:00:00'',''2023-02-13 00:00:00'',''2023-02-13 00:00:00'',''2023-02-13 00:00:00'',''2023-02-13 00:00:00'',''2023-02-13 00:00:00'',''2023-02-13 00:00:00'',''2023-02-13 00:00:00'',''2023-02-13 00:00:00'',''2023-02-13 00:00:00'',''2023-02-13 00:00:00'',''2023-02-13 00:00:00'',''2023-02-13 00:00:00'',''2023-02-13 00:00:00'',''2023-02-13 00:00:00'',''2023-02-13 00:00:00''}",0,0.0,4,950,0,0,0
iOS,"1002122",ES,"1.02","1.02",paid,2023-02-13 14:11:44,2023-02-14 13:39:39,"{''2023-02-14 00:00:00'',''2023-02-13 00:00:00'',''2023-02-13 00:00:00'',''2023-02-13 00:00:00'',''2023-02-13 00:00:00'',''2023-02-13 00:00:00'',''2023-02-13 00:00:00'',''2023-02-13 00:00:00'',''2023-02-13 00:00:00'',''2023-02-14 00:00:00'',''2023-02-13 00:00:00'',''2023-02-13 00:00:00'',''2023-02-13 00:00:00'',''2023-02-13 00:00:00'',''2023-02-14 00:00:00'',''2023-02-13 00:00:00'',''2023-02-13 00:00:00'',''2023-02-14 00:00:00'',''2023-02-13 00:00:00'',''2023-02-14 00:00:00'',''2023-02-14 00:00:00'',''2023-02-14 00:00:00'',''2023-02-13 00:00:00'',''2023-02-14 00:00:00'',''2023-02-13 00:00:00'',''2023-02-14 00:00:00'',''2023-02-13 00:00:00'',''2023-02-13 00:00:00'',''2023-02-14 00:00:00'',''2023-02-13 00:00:00'',''2023-02-13 00:00:00'',''2023-02-14 00:00:00''}",1,299.0,8,4250,1,0,0
android,"1002123",KZ,"1.02","1.02",organic,2023-02-13 14:20:57,2023-02-13 14:22:33,"{''2023-02-13 00:00:00'',''2023-02-13 00:00:00'',''2023-02-13 00:00:00'',''2023-02-13 00:00:00'',''2023-02-13 00:00:00'',''2023-02-13 00:00:00'',''2023-02-13 00:00:00''}",0,0.0,0,0,0,0,0
android,"1002124",PL,"1.02","1.02",organic,2023-02-13 14:30:10,2023-02-13 14:32:31,"{''2023-02-13 00:00:00'',''2023-02-13 00:00:00'',''2023-02-13 00:00:00'',''2023-02-13 00:00:00'',''2023-02-13 00:00:00'',''2023-02-13 00:00:00'',''2023-02-13 00:00:00'',''2023-02-13 00:00:00'',''2023-02-13 00:00:00'',''2023-02-13 00:00:00''}",0,0.0,1,50,0,0,0
android,"1002127",LV,"1.02","1.02",organic,2023-02-13 15:06:33,2023-02-13 15:10:48,"{''2023-02-13 00:00:00'',''2023-02-13 00:00:00'',''2023-02-13 00:00:00'',''2023-02-13 00:00:00'',''2023-02-13 00:00:00'',''2023-02-13 00:00:00'',''2023-02-13 00:00:00'',''2023-02-13 00:00:00'',''2023-02-13 00:00:00'',''2023-02-13 00:00:00'',''2023-02-13 00:00:00'',''2023-02-13 00:00:00'',''2023-02-13 00:00:00'',''2023-02-13 00:00:00'',''2023-02-13 00:00:00''}",0,0.0,1,750,0,0,0
iOS,"1002128",PL,"1.02","1.02",organic,2023-02-13 15:15:46,2023-02-13 15:18:05,"{''2023-02-13 00:00:00'',''2023-02-13 00:00:00'',''2023-02-13 00:00:00'',''2023-02-13 00:00:00'',''2023-02-13 00:00:00'',''2023-02-13 00:00:00''}",0,0.0,0,0,0,0,0
iOS,"1002129",KZ,"1.02","1.02",organic,2023-02-13 15:21:27,2023-02-13 15:22:54,"{''2023-02-13 00:00:00'',''2023-02-13 00:00:00'',''2023-02-13 00:00:00'',''2023-02-13 00:00:00'',''2023-02-13 00:00:00'',''2023-02-13 00:00:00''}",0,0.0,0,0,0,0,0
android,"1002133",RU,"1.02","1.02",organic,2023-02-13 15:44:24,2023-02-13 15:46:19,"{''2023-02-13 00:00:00'',''2023-02-13 00:00:00'',''2023-02-13 00:00:00'',''2023-02-13 00:00:00'',''2023-02-13 00:00:00''}",0,0.0,0,0,0,0,0
iOS,"1002134",RU,"1.02","1.02",organic,2023-02-13 15:53:37,2023-02-13 15:55:00,"{''2023-02-13 00:00:00'',''2023-02-13 00:00:00'',''2023-02-13 00:00:00'',''2023-02-13 00:00:00'',''2023-02-13 00:00:00''}",0,0.0,0,0,0,0,0
iOS,"1002135",NL,"1.02","1.02",organic,2023-02-13 16:02:50,2023-02-13 16:04:16,"{''2023-02-13 00:00:00'',''2023-02-13 00:00:00'',''2023-02-13 00:00:00'',''2023-02-13 00:00:00'',''2023-02-13 00:00:00''}",0,0.0,0,0,0,0,0
android,"1002136",GE,"1.02","1.02",organic,2023-02-13 16:08:31,2023-02-13 16:10:30,"{''2023-02-13 00:00:00'',''2023-02-13 00:00:00'',''2023-02-13 00:00:00'',''2023-02-13 00:00:00'',''2023-02-13 00:00:00''}",0,0.0,0,0,0,0,0
android,"1002137",RU,"1.02","1.02",paid,2023-02-13 16:22:06,2023-02-13 16:23:55,"{''2023-02-13 00:00:00'',''2023-02-13 00:00:00'',''2023-02-13 00:00:00''}",0,0.0,0,0,0,0,0
android,"1002138",IT,"1.02","1.02",paid,2023-02-13 16:26:20,2023-02-13 16:28:33,"{''2023-02-13 00:00:00'',''2023-02-13 00:00:00'',''2023-02-13 00:00:00'',''2023-02-13 00:00:00'',''2023-02-13 00:00:00'',''2023-02-13 00:00:00'',''2023-02-13 00:00:00'',''2023-02-13 00:00:00'',''2023-02-13 00:00:00''}",0,0.0,0,0,0,0,0
iOS,"1002140",KZ,"1.02","1.02",paid,2023-02-13 16:44:09,2023-02-13 16:45:43,"{''2023-02-13 00:00:00'',''2023-02-13 00:00:00'',''2023-02-13 00:00:00''}",0,0.0,0,0,0,0,0
android,"1002143",RU,"1.02","1.02",organic,2023-02-13 17:11:48,2023-02-13 17:15:17,"{''2023-02-13 00:00:00'',''2023-02-13 00:00:00'',''2023-02-13 00:00:00'',''2023-02-13 00:00:00'',''2023-02-13 00:00:00'',''2023-02-13 00:00:00'',''2023-02-13 00:00:00'',''2023-02-13 00:00:00'',''2023-02-13 00:00:00'',''2023-02-13 00:00:00'',''2023-02-13 00:00:00'',''2023-02-13 00:00:00'',''2023-02-13 00:00:00''}",0,0.0,2,650,0,0,0
android,"1002144",ES,"1.02","1.02",organic,2023-02-13 17:21:01,2023-02-13 17:26:43,"{''2023-02-13 00:00:00'',''2023-02-13 00:00:00'',''2023-02-13 00:00:00'',''2023-02-13 00:00:00'',''2023-02-13 00:00:00'',''2023-02-13 00:00:00'',''2023-02-13 00:00:00'',''2023-02-13 00:00:00'',''2023-02-13 00:00:00'',''2023-02-13 00:00:00'',''2023-02-13 00:00:00'',''2023-02-13 00:00:00'',''2023-02-13 00:00:00'',''2023-02-13 00:00:00'',''2023-02-13 00:00:00'',''2023-02-13 00:00:00'',''2023-02-13 00:00:00''}",0,0.0,3,850,0,0,0
android,"1002146",RU,"1.02","1.02",organic,2023-02-13 17:36:58,2023-02-13 17:40:22,"{''2023-02-13 00:00:00'',''2023-02-13 00:00:00'',''2023-02-13 00:00:00'',''2023-02-13 00:00:00'',''2023-02-13 00:00:00'',''2023-02-13 00:00:00'',''2023-02-13 00:00:00'',''2023-02-13 00:00:00'',''2023-02-13 00:00:00'',''2023-02-13 00:00:00'',''2023-02-13 00:00:00'',''2023-02-13 00:00:00'',''2023-02-13 00:00:00''}",0,0.0,2,650,0,0,0
iOS,"1002147",PL,"1.02","1.02",organic,2023-02-13 17:46:11,2023-02-13 17:48:29,"{''2023-02-13 00:00:00'',''2023-02-13 00:00:00'',''2023-02-13 00:00:00'',''2023-02-13 00:00:00'',''2023-02-13 00:00:00'',''2023-02-13 00:00:00'',''2023-02-13 00:00:00'',''2023-02-13 00:00:00''}",0,0.0,0,0,0,0,0
iOS,"1002148",RU,"1.02","1.02",organic,2023-02-13 17:55:24,2023-02-13 18:00:04,"{''2023-02-13 00:00:00'',''2023-02-13 00:00:00'',''2023-02-13 00:00:00'',''2023-02-13 00:00:00'',''2023-02-13 00:00:00'',''2023-02-13 00:00:00'',''2023-02-13 00:00:00'',''2023-02-13 00:00:00'',''2023-02-13 00:00:00'',''2023-02-13 00:00:00'',''2023-02-13 00:00:00'',''2023-02-13 00:00:00'',''2023-02-13 00:00:00'',''2023-02-13 00:00:00'',''2023-02-13 00:00:00''}",0,0.0,3,750,0,0,0
android,"1002152",DE,"1.02","1.02",organic,2023-02-13 18:22:56,2023-02-13 18:25:05,"{''2023-02-13 00:00:00'',''2023-02-13 00:00:00'',''2023-02-13 00:00:00'',''2023-02-13 00:00:00''}",0,0.0,0,0,0,0,0
iOS,"1002153",ES,"1.02","1.02",organic,2023-02-13 18:32:09,2023-02-13 19:24:49,"{''2023-02-13 00:00:00'',''2023-02-13 00:00:00'',''2023-02-13 00:00:00'',''2023-02-13 00:00:00'',''2023-02-13 00:00:00'',''2023-02-13 00:00:00'',''2023-02-13 00:00:00'',''2023-02-13 00:00:00'',''2023-02-13 00:00:00'',''2023-02-13 00:00:00'',''2023-02-13 00:00:00'',''2023-02-13 00:00:00'',''2023-02-13 00:00:00'',''2023-02-13 00:00:00'',''2023-02-13 00:00:00'',''2023-02-13 00:00:00'',''2023-02-13 00:00:00'',''2023-02-13 00:00:00'',''2023-02-13 00:00:00'',''2023-02-13 00:00:00'',''2023-02-13 00:00:00'',''2023-02-13 00:00:00'',''2023-02-13 00:00:00'',''2023-02-13 00:00:00''}",0,0.0,6,1150,1,0,0
android,"1002154",GE,"1.02","1.02",organic,2023-02-13 18:36:23,2023-02-13 18:36:23,{''2023-02-13 00:00:00''},0,0.0,0,0,0,0,0
android,"1002158",GE,"1.02","1.02",paid,2023-02-13 18:51:02,2023-02-13 18:57:12,"{''2023-02-13 00:00:00'',''2023-02-13 00:00:00'',''2023-02-13 00:00:00'',''2023-02-13 00:00:00'',''2023-02-13 00:00:00'',''2023-02-13 00:00:00'',''2023-02-13 00:00:00'',''2023-02-13 00:00:00'',''2023-02-13 00:00:00'',''2023-02-13 00:00:00'',''2023-02-13 00:00:00'',''2023-02-13 00:00:00'',''2023-02-13 00:00:00'',''2023-02-13 00:00:00'',''2023-02-13 00:00:00'',''2023-02-13 00:00:00'',''2023-02-13 00:00:00'',''2023-02-13 00:00:00'',''2023-02-13 00:00:00''}",0,0.0,4,950,0,0,0
iOS,"1002159",DE,"1.02","1.02",paid,2023-02-13 19:00:15,2023-02-13 19:01:53,"{''2023-02-13 00:00:00'',''2023-02-13 00:00:00'',''2023-02-13 00:00:00'',''2023-02-13 00:00:00''}",0,0.0,0,0,0,0,0
android,"1002160",KZ,"1.02","1.02",organic,2023-02-13 19:02:37,2023-02-13 19:04:30,"{''2023-02-13 00:00:00'',''2023-02-13 00:00:00'',''2023-02-13 00:00:00'',''2023-02-13 00:00:00'',''2023-02-13 00:00:00'',''2023-02-13 00:00:00''}",0,0.0,0,0,0,0,0
android,"1002164",RU,"1.02","1.02",organic,2023-02-13 19:40:19,2023-02-13 19:40:19,{''2023-02-13 00:00:00''},0,0.0,0,0,0,0,0
iOS,"1002167",PL,"1.02","1.02",organic,2023-02-13 20:08:48,2023-02-13 20:10:43,"{''2023-02-13 00:00:00'',''2023-02-13 00:00:00'',''2023-02-13 00:00:00'',''2023-02-13 00:00:00'',''2023-02-13 00:00:00'',''2023-02-13 00:00:00'',''2023-02-13 00:00:00'',''2023-02-13 00:00:00''}",0,0.0,0,0,0,0,0
android,"1002170",KZ,"1.02","1.02",organic,2023-02-13 20:32:55,2023-02-13 20:35:03,"{''2023-02-13 00:00:00'',''2023-02-13 00:00:00'',''2023-02-13 00:00:00'',''2023-02-13 00:00:00'',''2023-02-13 00:00:00'',''2023-02-13 00:00:00'',''2023-02-13 00:00:00'',''2023-02-13 00:00:00''}",0,0.0,0,0,0,0,0
android,"1002171",RU,"1.02","1.02",organic,2023-02-13 20:46:30,2023-02-13 20:49:02,"{''2023-02-13 00:00:00'',''2023-02-13 00:00:00'',''2023-02-13 00:00:00'',''2023-02-13 00:00:00'',''2023-02-13 00:00:00'',''2023-02-13 00:00:00'',''2023-02-13 00:00:00'',''2023-02-13 00:00:00'',''2023-02-13 00:00:00'',''2023-02-13 00:00:00''}",0,0.0,1,50,0,0,0
android,"1002172",DE,"1.02","1.02",organic,2023-02-13 20:52:11,2023-02-13 20:54:13,"{''2023-02-13 00:00:00'',''2023-02-13 00:00:00'',''2023-02-13 00:00:00'',''2023-02-13 00:00:00'',''2023-02-13 00:00:00'',''2023-02-13 00:00:00'',''2023-02-13 00:00:00''}",0,0.0,0,0,0,0,0
android,"1002173",RU,"1.02","1.02",organic,2023-02-13 20:57:52,2023-02-13 21:01:24,"{''2023-02-13 00:00:00'',''2023-02-13 00:00:00'',''2023-02-13 00:00:00'',''2023-02-13 00:00:00'',''2023-02-13 00:00:00'',''2023-02-13 00:00:00'',''2023-02-13 00:00:00'',''2023-02-13 00:00:00'',''2023-02-13 00:00:00'',''2023-02-13 00:00:00'',''2023-02-13 00:00:00'',''2023-02-13 00:00:00'',''2023-02-13 00:00:00''}",0,0.0,2,650,0,0,0
android,"1002175",RU,"1.02","1.02",organic,2023-02-13 21:09:14,2023-02-13 21:11:06,"{''2023-02-13 00:00:00'',''2023-02-13 00:00:00'',''2023-02-13 00:00:00'',''2023-02-13 00:00:00'',''2023-02-13 00:00:00'',''2023-02-13 00:00:00'',''2023-02-13 00:00:00'',''2023-02-13 00:00:00'',''2023-02-13 00:00:00'',''2023-02-13 00:00:00''}",0,0.0,1,50,0,0,0
iOS,"1002177",CA,"1.02","1.02",organic,2023-02-13 21:24:08,2023-02-13 21:30:18,"{''2023-02-13 00:00:00'',''2023-02-13 00:00:00'',''2023-02-13 00:00:00'',''2023-02-13 00:00:00'',''2023-02-13 00:00:00'',''2023-02-13 00:00:00'',''2023-02-13 00:00:00'',''2023-02-13 00:00:00'',''2023-02-13 00:00:00'',''2023-02-13 00:00:00'',''2023-02-13 00:00:00'',''2023-02-13 00:00:00'',''2023-02-13 00:00:00'',''2023-02-13 00:00:00'',''2023-02-13 00:00:00'',''2023-02-13 00:00:00'',''2023-02-13 00:00:00'',''2023-02-13 00:00:00'',''2023-02-13 00:00:00''}",0,0.0,4,950,0,0,0
iOS,"1002178",ES,"1.02","1.02",organic,2023-02-13 21:29:49,2023-02-13 21:34:15,"{''2023-02-13 00:00:00'',''2023-02-13 00:00:00'',''2023-02-13 00:00:00'',''2023-02-13 00:00:00'',''2023-02-13 00:00:00'',''2023-02-13 00:00:00'',''2023-02-13 00:00:00'',''2023-02-13 00:00:00'',''2023-02-13 00:00:00'',''2023-02-13 00:00:00'',''2023-02-13 00:00:00'',''2023-02-13 00:00:00'',''2023-02-13 00:00:00'',''2023-02-13 00:00:00'',''2023-02-13 00:00:00''}",0,0.0,3,750,0,0,0
android,"1002179",PL,"1.02","1.02",paid,2023-02-13 21:34:03,2023-02-13 21:36:17,"{''2023-02-13 00:00:00'',''2023-02-13 00:00:00'',''2023-02-13 00:00:00'',''2023-02-13 00:00:00'',''2023-02-13 00:00:00'',''2023-02-13 00:00:00'',''2023-02-13 00:00:00'',''2023-02-13 00:00:00'',''2023-02-13 00:00:00''}",0,0.0,0,0,0,0,0
iOS,"1002180",DE,"1.02","1.02",organic,2023-02-13 21:39:44,2023-02-13 21:41:45,"{''2023-02-13 00:00:00'',''2023-02-13 00:00:00'',''2023-02-13 00:00:00'',''2023-02-13 00:00:00'',''2023-02-13 00:00:00'',''2023-02-13 00:00:00'',''2023-02-13 00:00:00'',''2023-02-13 00:00:00''}",0,0.0,0,0,0,0,0
android,"1002181",RU,"1.02","1.02",organic,2023-02-13 21:48:57,2023-02-13 21:51:07,"{''2023-02-13 00:00:00'',''2023-02-13 00:00:00'',''2023-02-13 00:00:00'',''2023-02-13 00:00:00'',''2023-02-13 00:00:00'',''2023-02-13 00:00:00''}",0,0.0,0,0,0,0,0
iOS,"1002182",RU,"1.02","1.02",organic,2023-02-13 21:58:10,2023-02-13 22:02:32,"{''2023-02-13 00:00:00'',''2023-02-13 00:00:00'',''2023-02-13 00:00:00'',''2023-02-13 00:00:00'',''2023-02-13 00:00:00'',''2023-02-13 00:00:00'',''2023-02-13 00:00:00'',''2023-02-13 00:00:00'',''2023-02-13 00:00:00'',''2023-02-13 00:00:00'',''2023-02-13 00:00:00'',''2023-02-13 00:00:00'',''2023-02-13 00:00:00'',''2023-02-13 00:00:00'',''2023-02-13 00:00:00''}",0,0.0,3,750,0,0,0
iOS,"1002183",NL,"1.02","1.02",organic,2023-02-13 22:11:45,2023-02-13 22:13:56,"{''2023-02-13 00:00:00'',''2023-02-13 00:00:00'',''2023-02-13 00:00:00'',''2023-02-13 00:00:00'',''2023-02-13 00:00:00'',''2023-02-13 00:00:00'',''2023-02-13 00:00:00''}",0,0.0,0,0,0,0,0
iOS,"1002184",PL,"1.02","1.02",organic,2023-02-13 22:17:26,2023-02-13 23:17:32,"{''2023-02-13 00:00:00'',''2023-02-13 00:00:00'',''2023-02-13 00:00:00'',''2023-02-13 00:00:00'',''2023-02-13 00:00:00'',''2023-02-13 00:00:00'',''2023-02-13 00:00:00'',''2023-02-13 00:00:00'',''2023-02-13 00:00:00'',''2023-02-13 00:00:00'',''2023-02-13 00:00:00'',''2023-02-13 00:00:00'',''2023-02-13 00:00:00'',''2023-02-13 00:00:00'',''2023-02-13 00:00:00'',''2023-02-13 00:00:00'',''2023-02-13 00:00:00'',''2023-02-13 00:00:00'',''2023-02-13 00:00:00'',''2023-02-13 00:00:00'',''2023-02-13 00:00:00'',''2023-02-13 00:00:00'',''2023-02-13 00:00:00'',''2023-02-13 00:00:00''}",0,0.0,6,1150,1,0,0
android,"1002185",PL,"1.02","1.02",paid,2023-02-13 22:26:39,2023-02-13 22:27:10,"{''2023-02-13 00:00:00'',''2023-02-13 00:00:00''}",0,0.0,0,0,0,0,0
iOS,"1002186",RU,"1.02","1.02",paid,2023-02-13 22:35:52,2023-02-13 22:38:07,"{''2023-02-13 00:00:00'',''2023-02-13 00:00:00'',''2023-02-13 00:00:00'',''2023-02-13 00:00:00'',''2023-02-13 00:00:00'',''2023-02-13 00:00:00'',''2023-02-13 00:00:00'',''2023-02-13 00:00:00'',''2023-02-13 00:00:00''}",0,0.0,0,0,0,0,0
iOS,"1002188",DE,"1.02","1.02",organic,2023-02-13 22:50:46,2023-02-14 22:49:36,"{''2023-02-14 00:00:00'',''2023-02-13 00:00:00'',''2023-02-13 00:00:00'',''2023-02-13 00:00:00'',''2023-02-14 00:00:00'',''2023-02-13 00:00:00'',''2023-02-13 00:00:00'',''2023-02-13 00:00:00'',''2023-02-13 00:00:00'',''2023-02-13 00:00:00'',''2023-02-14 00:00:00'',''2023-02-13 00:00:00'',''2023-02-13 00:00:00'',''2023-02-13 00:00:00'',''2023-02-14 00:00:00'',''2023-02-13 00:00:00'',''2023-02-14 00:00:00'',''2023-02-13 00:00:00'',''2023-02-14 00:00:00'',''2023-02-14 00:00:00'',''2023-02-14 00:00:00'',''2023-02-13 00:00:00'',''2023-02-13 00:00:00'',''2023-02-13 00:00:00'',''2023-02-13 00:00:00'',''2023-02-13 00:00:00'',''2023-02-13 00:00:00'',''2023-02-14 00:00:00'',''2023-02-14 00:00:00'',''2023-02-13 00:00:00'',''2023-02-13 00:00:00'',''2023-02-14 00:00:00'',''2023-02-14 00:00:00''}",0,0.0,10,3050,1,0,0
android,"1002189",RU,"1.02","1.02",organic,2023-02-13 22:56:27,2023-02-13 22:58:00,"{''2023-02-13 00:00:00'',''2023-02-13 00:00:00'',''2023-02-13 00:00:00'',''2023-02-13 00:00:00''}",0,0.0,0,0,0,0,0
android,"1002192",RU,"1.02","1.02",paid,2023-02-13 23:19:57,2023-02-13 23:21:23,"{''2023-02-13 00:00:00'',''2023-02-13 00:00:00'',''2023-02-13 00:00:00'',''2023-02-13 00:00:00'',''2023-02-13 00:00:00'',''2023-02-13 00:00:00''}",0,0.0,0,0,0,0,0
iOS,"1002196",US,"1.02","1.02",organic,2023-02-13 23:52:40,2023-02-13 23:54:49,"{''2023-02-13 00:00:00'',''2023-02-13 00:00:00'',''2023-02-13 00:00:00'',''2023-02-13 00:00:00''}",0,0.0,0,0,0,0,0
iOS,"1002197",DE,"1.02","1.02",organic,2023-02-13 23:55:02,2023-02-13 23:56:35,"{''2023-02-13 00:00:00'',''2023-02-13 00:00:00'',''2023-02-13 00:00:00'',''2023-02-13 00:00:00'',''2023-02-13 00:00:00'',''2023-02-13 00:00:00''}",0,0.0,0,0,0,0,0
android,"1002198",RU,"1.02","1.02",organic,2023-02-14 00:08:37,2023-02-14 00:11:16,"{''2023-02-14 00:00:00'',''2023-02-14 00:00:00'',''2023-02-14 00:00:00'',''2023-02-14 00:00:00'',''2023-02-14 00:00:00'',''2023-02-14 00:00:00'',''2023-02-14 00:00:00'',''2023-02-14 00:00:00'',''2023-02-14 00:00:00'',''2023-02-14 00:00:00''}",0,0.0,1,50,0,0,0
iOS,"1002199",DE,"1.02","1.02",paid,2023-02-14 00:14:18,2023-02-14 00:16:08,"{''2023-02-14 00:00:00'',''2023-02-14 00:00:00'',''2023-02-14 00:00:00'',''2023-02-14 00:00:00'',''2023-02-14 00:00:00'',''2023-02-14 00:00:00''}",0,0.0,0,0,0,0,0
iOS,"1002200",US,"1.02","1.02",organic,2023-02-14 00:23:31,2023-02-14 00:27:32,"{''2023-02-14 00:00:00'',''2023-02-14 00:00:00'',''2023-02-14 00:00:00'',''2023-02-14 00:00:00'',''2023-02-14 00:00:00'',''2023-02-14 00:00:00'',''2023-02-14 00:00:00'',''2023-02-14 00:00:00'',''2023-02-14 00:00:00'',''2023-02-14 00:00:00'',''2023-02-14 00:00:00'',''2023-02-14 00:00:00'',''2023-02-14 00:00:00'',''2023-02-14 00:00:00'',''2023-02-14 00:00:00''}",0,0.0,3,750,0,0,0
android,"1002202",BY,"1.02","1.02",paid,2023-02-14 00:41:20,2023-02-14 00:46:34,"{''2023-02-14 00:00:00'',''2023-02-14 00:00:00'',''2023-02-14 00:00:00'',''2023-02-14 00:00:00'',''2023-02-14 00:00:00'',''2023-02-14 00:00:00'',''2023-02-14 00:00:00'',''2023-02-14 00:00:00'',''2023-02-14 00:00:00'',''2023-02-14 00:00:00'',''2023-02-14 00:00:00'',''2023-02-14 00:00:00'',''2023-02-14 00:00:00'',''2023-02-14 00:00:00'',''2023-02-14 00:00:00'',''2023-02-14 00:00:00'',''2023-02-14 00:00:00''}",0,0.0,4,850,0,0,0
android,"1002203",RU,"1.02","1.02",organic,2023-02-14 00:54:55,2023-02-14 00:57:48,"{''2023-02-14 00:00:00'',''2023-02-14 00:00:00'',''2023-02-14 00:00:00'',''2023-02-14 00:00:00'',''2023-02-14 00:00:00'',''2023-02-14 00:00:00'',''2023-02-14 00:00:00'',''2023-02-14 00:00:00'',''2023-02-14 00:00:00'',''2023-02-14 00:00:00'',''2023-02-14 00:00:00'',''2023-02-14 00:00:00'',''2023-02-14 00:00:00''}",0,0.0,2,650,0,0,0
iOS,"1002204",RU,"1.02","1.02",organic,2023-02-14 01:00:36,2023-02-14 01:04:29,"{''2023-02-14 00:00:00'',''2023-02-14 00:00:00'',''2023-02-14 00:00:00'',''2023-02-14 00:00:00'',''2023-02-14 00:00:00'',''2023-02-14 00:00:00'',''2023-02-14 00:00:00'',''2023-02-14 00:00:00'',''2023-02-14 00:00:00'',''2023-02-14 00:00:00'',''2023-02-14 00:00:00'',''2023-02-14 00:00:00'',''2023-02-14 00:00:00'',''2023-02-14 00:00:00'',''2023-02-14 00:00:00''}",0,0.0,2,750,0,0,0
android,"1002205",RU,"1.02","1.02",organic,2023-02-14 01:14:11,2023-02-16 00:04:56,"{''2023-02-15 00:00:00'',''2023-02-15 00:00:00'',''2023-02-14 00:00:00'',''2023-02-15 00:00:00'',''2023-02-16 00:00:00'',''2023-02-16 00:00:00'',''2023-02-14 00:00:00'',''2023-02-14 00:00:00'',''2023-02-14 00:00:00'',''2023-02-15 00:00:00'',''2023-02-14 00:00:00'',''2023-02-14 00:00:00'',''2023-02-16 00:00:00'',''2023-02-14 00:00:00'',''2023-02-15 00:00:00'',''2023-02-14 00:00:00'',''2023-02-14 00:00:00'',''2023-02-15 00:00:00'',''2023-02-15 00:00:00'',''2023-02-14 00:00:00'',''2023-02-15 00:00:00'',''2023-02-14 00:00:00'',''2023-02-14 00:00:00'',''2023-02-14 00:00:00'',''2023-02-15 00:00:00'',''2023-02-15 00:00:00'',''2023-02-16 00:00:00'',''2023-02-14 00:00:00'',''2023-02-14 00:00:00'',''2023-02-14 00:00:00'',''2023-02-14 00:00:00'',''2023-02-14 00:00:00'',''2023-02-14 00:00:00'',''2023-02-15 00:00:00'',''2023-02-14 00:00:00'',''2023-02-14 00:00:00'',''2023-02-15 00:00:00''}",0,0.0,12,4050,1,1,0
android,"1002206",RU,"1.02","1.02",organic,2023-02-14 01:18:25,2023-02-14 01:20:48,"{''2023-02-14 00:00:00'',''2023-02-14 00:00:00'',''2023-02-14 00:00:00'',''2023-02-14 00:00:00'',''2023-02-14 00:00:00'',''2023-02-14 00:00:00'',''2023-02-14 00:00:00'',''2023-02-14 00:00:00''}",0,0.0,0,0,0,0,0
android,"1002207",RU,"1.02","1.02",organic,2023-02-14 01:22:39,2023-02-14 01:24:35,"{''2023-02-14 00:00:00'',''2023-02-14 00:00:00'',''2023-02-14 00:00:00''}",0,0.0,0,0,0,0,0
iOS,"1002208",KZ,"1.02","1.02",organic,2023-02-14 01:28:20,2023-02-14 01:29:53,"{''2023-02-14 00:00:00'',''2023-02-14 00:00:00'',''2023-02-14 00:00:00'',''2023-02-14 00:00:00'',''2023-02-14 00:00:00'',''2023-02-14 00:00:00''}",0,0.0,0,0,0,0,0
iOS,"1002211",KZ,"1.02","1.02",organic,2023-02-14 01:52:27,2023-02-14 01:53:59,"{''2023-02-14 00:00:00'',''2023-02-14 00:00:00'',''2023-02-14 00:00:00'',''2023-02-14 00:00:00'',''2023-02-14 00:00:00''}",0,0.0,0,0,0,0,0
android,"1002214",KZ,"1.02","1.02",organic,2023-02-14 02:25:18,2023-02-14 02:26:35,"{''2023-02-14 00:00:00'',''2023-02-14 00:00:00'',''2023-02-14 00:00:00'',''2023-02-14 00:00:00'',''2023-02-14 00:00:00''}",0,0.0,0,0,0,0,0
android,"1002216",RU,"1.02","1.02",organic,2023-02-14 02:35:13,2023-02-14 02:37:18,"{''2023-02-14 00:00:00'',''2023-02-14 00:00:00'',''2023-02-14 00:00:00''}",0,0.0,0,0,0,0,0
android,"1002219",RU,"1.02","1.02",organic,2023-02-14 02:58:43,2023-02-14 03:03:21,"{''2023-02-14 00:00:00'',''2023-02-14 00:00:00'',''2023-02-14 00:00:00'',''2023-02-14 00:00:00'',''2023-02-14 00:00:00'',''2023-02-14 00:00:00'',''2023-02-14 00:00:00'',''2023-02-14 00:00:00'',''2023-02-14 00:00:00'',''2023-02-14 00:00:00'',''2023-02-14 00:00:00'',''2023-02-14 00:00:00'',''2023-02-14 00:00:00'',''2023-02-14 00:00:00'',''2023-02-14 00:00:00'',''2023-02-14 00:00:00'',''2023-02-14 00:00:00''}",0,0.0,4,850,0,0,0
iOS,"1002220",KZ,"1.02","1.02",organic,2023-02-14 03:02:57,2023-02-14 03:05:03,"{''2023-02-14 00:00:00'',''2023-02-14 00:00:00'',''2023-02-14 00:00:00'',''2023-02-14 00:00:00'',''2023-02-14 00:00:00'',''2023-02-14 00:00:00'',''2023-02-14 00:00:00''}",0,0.0,0,0,0,0,0
android,"1002221",RU,"1.02","1.02",organic,2023-02-14 03:07:11,2023-02-14 03:09:27,"{''2023-02-14 00:00:00'',''2023-02-14 00:00:00'',''2023-02-14 00:00:00'',''2023-02-14 00:00:00'',''2023-02-14 00:00:00'',''2023-02-14 00:00:00'',''2023-02-14 00:00:00'',''2023-02-14 00:00:00'',''2023-02-14 00:00:00''}",0,0.0,0,0,0,0,0
android,"1002223",PL,"1.02","1.02",paid,2023-02-14 03:22:05,2023-02-14 03:23:37,"{''2023-02-14 00:00:00'',''2023-02-14 00:00:00'',''2023-02-14 00:00:00''}",0,0.0,0,0,0,0,0
android,"1002224",DE,"1.02","1.02",organic,2023-02-14 03:31:18,2023-02-14 03:33:06,"{''2023-02-14 00:00:00'',''2023-02-14 00:00:00'',''2023-02-14 00:00:00''}",0,0.0,0,0,0,0,0
android,"1002225",RU,"1.02","1.02",organic,2023-02-14 03:33:40,2023-02-14 03:35:09,"{''2023-02-14 00:00:00'',''2023-02-14 00:00:00'',''2023-02-14 00:00:00''}",0,0.0,0,0,0,0,0
android,"1002228",DE,"1.02","1.02",organic,2023-02-14 03:54:15,2023-02-14 03:55:39,"{''2023-02-14 00:00:00'',''2023-02-14 00:00:00'',''2023-02-14 00:00:00''}",0,0.0,0,0,0,0,0
android,"1002229",CA,"1.02","1.02",organic,2023-02-14 04:03:28,2023-02-14 04:10:11,"{''2023-02-14 00:00:00'',''2023-02-14 00:00:00'',''2023-02-14 00:00:00'',''2023-02-14 00:00:00'',''2023-02-14 00:00:00'',''2023-02-14 00:00:00'',''2023-02-14 00:00:00'',''2023-02-14 00:00:00'',''2023-02-14 00:00:00'',''2023-02-14 00:00:00'',''2023-02-14 00:00:00'',''2023-02-14 00:00:00'',''2023-02-14 00:00:00'',''2023-02-14 00:00:00'',''2023-02-14 00:00:00'',''2023-02-14 00:00:00'',''2023-02-14 00:00:00'',''2023-02-14 00:00:00'',''2023-02-14 00:00:00''}",0,0.0,4,950,0,0,0
android,"1002231",RU,"1.02","1.02",organic,2023-02-14 04:30:38,2023-02-14 04:32:17,"{''2023-02-14 00:00:00'',''2023-02-14 00:00:00'',''2023-02-14 00:00:00'',''2023-02-14 00:00:00'',''2023-02-14 00:00:00'',''2023-02-14 00:00:00''}",0,0.0,0,0,0,0,0
iOS,"1002232",US,"1.02","1.02",organic,2023-02-14 04:33:00,2023-02-14 04:39:27,"{''2023-02-14 00:00:00'',''2023-02-14 00:00:00'',''2023-02-14 00:00:00'',''2023-02-14 00:00:00'',''2023-02-14 00:00:00'',''2023-02-14 00:00:00'',''2023-02-14 00:00:00'',''2023-02-14 00:00:00'',''2023-02-14 00:00:00'',''2023-02-14 00:00:00'',''2023-02-14 00:00:00'',''2023-02-14 00:00:00'',''2023-02-14 00:00:00'',''2023-02-14 00:00:00'',''2023-02-14 00:00:00'',''2023-02-14 00:00:00'',''2023-02-14 00:00:00'',''2023-02-14 00:00:00'',''2023-02-14 00:00:00''}",0,0.0,4,950,0,0,0
android,"1002233",RU,"1.02","1.02",organic,2023-02-14 04:37:14,2023-02-14 04:43:18,"{''2023-02-14 00:00:00'',''2023-02-14 00:00:00'',''2023-02-14 00:00:00'',''2023-02-14 00:00:00'',''2023-02-14 00:00:00'',''2023-02-14 00:00:00'',''2023-02-14 00:00:00'',''2023-02-14 00:00:00'',''2023-02-14 00:00:00'',''2023-02-14 00:00:00'',''2023-02-14 00:00:00'',''2023-02-14 00:00:00'',''2023-02-14 00:00:00'',''2023-02-14 00:00:00'',''2023-02-14 00:00:00'',''2023-02-14 00:00:00'',''2023-02-14 00:00:00'',''2023-02-14 00:00:00'',''2023-02-14 00:00:00''}",0,0.0,4,950,0,0,0
android,"1002236",ES,"1.02","1.02",organic,2023-02-14 05:00:44,2023-02-14 05:06:52,"{''2023-02-14 00:00:00'',''2023-02-14 00:00:00'',''2023-02-14 00:00:00'',''2023-02-14 00:00:00'',''2023-02-14 00:00:00'',''2023-02-14 00:00:00'',''2023-02-14 00:00:00'',''2023-02-14 00:00:00'',''2023-02-14 00:00:00'',''2023-02-14 00:00:00'',''2023-02-14 00:00:00'',''2023-02-14 00:00:00'',''2023-02-14 00:00:00'',''2023-02-14 00:00:00'',''2023-02-14 00:00:00'',''2023-02-14 00:00:00'',''2023-02-14 00:00:00''}",0,0.0,4,850,0,0,0
android,"1002239",US,"1.02","1.02",organic,2023-02-14 05:19:52,2023-02-14 05:21:38,"{''2023-02-14 00:00:00'',''2023-02-14 00:00:00'',''2023-02-14 00:00:00'',''2023-02-14 00:00:00'',''2023-02-14 00:00:00'',''2023-02-14 00:00:00''}",0,0.0,0,0,0,0,0
iOS,"1002240",RU,"1.02","1.02",paid,2023-02-14 05:25:33,2023-02-14 05:30:48,"{''2023-02-14 00:00:00'',''2023-02-14 00:00:00'',''2023-02-14 00:00:00'',''2023-02-14 00:00:00'',''2023-02-14 00:00:00'',''2023-02-14 00:00:00'',''2023-02-14 00:00:00'',''2023-02-14 00:00:00'',''2023-02-14 00:00:00'',''2023-02-14 00:00:00'',''2023-02-14 00:00:00'',''2023-02-14 00:00:00'',''2023-02-14 00:00:00'',''2023-02-14 00:00:00'',''2023-02-14 00:00:00'',''2023-02-14 00:00:00'',''2023-02-14 00:00:00''}",0,0.0,2,850,0,0,0
android,"1002241",PL,"1.02","1.02",paid,2023-02-14 05:34:46,2023-02-14 05:36:25,"{''2023-02-14 00:00:00'',''2023-02-14 00:00:00'',''2023-02-14 00:00:00'',''2023-02-14 00:00:00'',''2023-02-14 00:00:00'',''2023-02-14 00:00:00''}",0,0.0,0,0,0,0,0
android,"1002243",ES,"1.02","1.02",organic,2023-02-14 05:41:22,2023-02-14 05:47:29,"{''2023-02-14 00:00:00'',''2023-02-14 00:00:00'',''2023-02-14 00:00:00'',''2023-02-14 00:00:00'',''2023-02-14 00:00:00'',''2023-02-14 00:00:00'',''2023-02-14 00:00:00'',''2023-02-14 00:00:00'',''2023-02-14 00:00:00'',''2023-02-14 00:00:00'',''2023-02-14 00:00:00'',''2023-02-14 00:00:00'',''2023-02-14 00:00:00'',''2023-02-14 00:00:00'',''2023-02-14 00:00:00'',''2023-02-14 00:00:00'',''2023-02-14 00:00:00'',''2023-02-14 00:00:00'',''2023-02-14 00:00:00''}",0,0.0,4,950,0,0,0
android,"1002244",US,"1.02","1.02",organic,2023-02-14 05:54:57,2023-02-14 05:57:00,"{''2023-02-14 00:00:00'',''2023-02-14 00:00:00'',''2023-02-14 00:00:00'',''2023-02-14 00:00:00''}",0,0.0,0,0,0,0,0
android,"1002246",CA,"1.02","1.02",paid,2023-02-14 06:14:13,2023-02-14 06:16:45,"{''2023-02-14 00:00:00'',''2023-02-14 00:00:00'',''2023-02-14 00:00:00'',''2023-02-14 00:00:00'',''2023-02-14 00:00:00'',''2023-02-14 00:00:00'',''2023-02-14 00:00:00'',''2023-02-14 00:00:00'',''2023-02-14 00:00:00''}",0,0.0,0,0,0,0,0
iOS,"1002247",DE,"1.02","1.02",organic,2023-02-14 06:27:48,2023-02-14 06:30:30,"{''2023-02-14 00:00:00'',''2023-02-14 00:00:00'',''2023-02-14 00:00:00'',''2023-02-14 00:00:00'',''2023-02-14 00:00:00'',''2023-02-14 00:00:00'',''2023-02-14 00:00:00'',''2023-02-14 00:00:00'',''2023-02-14 00:00:00'',''2023-02-14 00:00:00''}",0,0.0,1,50,0,0,0
android,"1002252",KZ,"1.02","1.02",organic,2023-02-14 06:57:04,2023-02-14 06:58:11,"{''2023-02-14 00:00:00'',''2023-02-14 00:00:00'',''2023-02-14 00:00:00'',''2023-02-14 00:00:00''}",0,0.0,0,0,0,0,0
iOS,"1002253",RU,"1.02","1.02",organic,2023-02-14 07:06:17,2023-02-14 07:08:11,"{''2023-02-14 00:00:00'',''2023-02-14 00:00:00'',''2023-02-14 00:00:00'',''2023-02-14 00:00:00'',''2023-02-14 00:00:00''}",0,0.0,0,0,0,0,0
iOS,"1002256",DE,"1.02","1.02",organic,2023-02-14 07:42:40,2023-02-14 07:49:17,"{''2023-02-14 00:00:00'',''2023-02-14 00:00:00'',''2023-02-14 00:00:00'',''2023-02-14 00:00:00'',''2023-02-14 00:00:00'',''2023-02-14 00:00:00'',''2023-02-14 00:00:00'',''2023-02-14 00:00:00'',''2023-02-14 00:00:00'',''2023-02-14 00:00:00'',''2023-02-14 00:00:00'',''2023-02-14 00:00:00'',''2023-02-14 00:00:00'',''2023-02-14 00:00:00'',''2023-02-14 00:00:00'',''2023-02-14 00:00:00'',''2023-02-14 00:00:00'',''2023-02-14 00:00:00'',''2023-02-14 00:00:00''}",0,0.0,4,950,0,0,0
iOS,"1002257",RU,"1.02","1.02",organic,2023-02-14 07:48:21,2023-02-14 07:49:43,"{''2023-02-14 00:00:00'',''2023-02-14 00:00:00'',''2023-02-14 00:00:00''}",0,0.0,0,0,0,0,0
iOS,"1002258",RU,"1.02","1.02",organic,2023-02-14 07:54:02,2023-02-14 07:56:45,"{''2023-02-14 00:00:00'',''2023-02-14 00:00:00'',''2023-02-14 00:00:00'',''2023-02-14 00:00:00'',''2023-02-14 00:00:00'',''2023-02-14 00:00:00'',''2023-02-14 00:00:00'',''2023-02-14 00:00:00'',''2023-02-14 00:00:00''}",0,0.0,0,0,0,0,0
android,"1002261",RU,"1.02","1.02",organic,2023-02-14 08:04:27,2023-02-14 08:06:22,"{''2023-02-14 00:00:00'',''2023-02-14 00:00:00'',''2023-02-14 00:00:00'',''2023-02-14 00:00:00'',''2023-02-14 00:00:00'',''2023-02-14 00:00:00'',''2023-02-14 00:00:00''}",0,0.0,0,0,0,0,0
android,"1002262",CA,"1.02","1.02",organic,2023-02-14 08:06:49,2023-02-14 08:09:19,"{''2023-02-14 00:00:00'',''2023-02-14 00:00:00'',''2023-02-14 00:00:00'',''2023-02-14 00:00:00'',''2023-02-14 00:00:00'',''2023-02-14 00:00:00'',''2023-02-14 00:00:00'',''2023-02-14 00:00:00''}",0,0.0,0,0,0,0,0
android,"1002264",KZ,"1.02","1.02",organic,2023-02-14 08:25:15,2023-02-14 08:27:03,"{''2023-02-14 00:00:00'',''2023-02-14 00:00:00'',''2023-02-14 00:00:00'',''2023-02-14 00:00:00''}",0,0.0,0,0,0,0,0
android,"1002266",RU,"1.02","1.02",organic,2023-02-14 08:52:25,2023-02-14 08:54:13,"{''2023-02-14 00:00:00'',''2023-02-14 00:00:00'',''2023-02-14 00:00:00'',''2023-02-14 00:00:00'',''2023-02-14 00:00:00''}",0,0.0,0,0,0,0,0
iOS,"1002267",GE,"1.02","1.02",organic,2023-02-14 09:01:38,2023-02-14 09:04:17,"{''2023-02-14 00:00:00'',''2023-02-14 00:00:00'',''2023-02-14 00:00:00'',''2023-02-14 00:00:00'',''2023-02-14 00:00:00'',''2023-02-14 00:00:00'',''2023-02-14 00:00:00'',''2023-02-14 00:00:00'',''2023-02-14 00:00:00'',''2023-02-14 00:00:00''}",0,0.0,1,50,0,0,0
iOS,"1002275",GE,"1.02","1.02",organic,2023-02-14 10:19:08,2023-02-14 10:21:13,"{''2023-02-14 00:00:00'',''2023-02-14 00:00:00'',''2023-02-14 00:00:00'',''2023-02-14 00:00:00'',''2023-02-14 00:00:00'',''2023-02-14 00:00:00'',''2023-02-14 00:00:00'',''2023-02-14 00:00:00'',''2023-02-14 00:00:00''}",0,0.0,0,0,0,0,0
iOS,"1002277",KZ,"1.02","1.02",organic,2023-02-14 10:41:56,2023-02-14 10:44:27,"{''2023-02-14 00:00:00'',''2023-02-14 00:00:00'',''2023-02-14 00:00:00'',''2023-02-14 00:00:00'',''2023-02-14 00:00:00'',''2023-02-14 00:00:00'',''2023-02-14 00:00:00'',''2023-02-14 00:00:00'',''2023-02-14 00:00:00''}",0,0.0,0,0,0,0,0
iOS,"1002280",KZ,"1.02","1.02",organic,2023-02-14 11:03:59,2023-02-14 11:05:36,"{''2023-02-14 00:00:00'',''2023-02-14 00:00:00'',''2023-02-14 00:00:00'',''2023-02-14 00:00:00'',''2023-02-14 00:00:00''}",0,0.0,0,0,0,0,0
android,"1002281",KZ,"1.02","1.02",organic,2023-02-14 11:09:40,2023-02-14 11:09:40,{''2023-02-14 00:00:00''},0,0.0,0,0,0,0,0
android,"1002282",IT,"1.02","1.02",organic,2023-02-14 11:23:15,2023-02-14 11:25:11,"{''2023-02-14 00:00:00'',''2023-02-14 00:00:00'',''2023-02-14 00:00:00'',''2023-02-14 00:00:00''}",0,0.0,0,0,0,0,0
android,"1002283",NL,"1.02","1.02",paid,2023-02-14 11:36:50,2023-02-14 11:40:55,"{''2023-02-14 00:00:00'',''2023-02-14 00:00:00'',''2023-02-14 00:00:00'',''2023-02-14 00:00:00'',''2023-02-14 00:00:00'',''2023-02-14 00:00:00'',''2023-02-14 00:00:00'',''2023-02-14 00:00:00'',''2023-02-14 00:00:00'',''2023-02-14 00:00:00'',''2023-02-14 00:00:00'',''2023-02-14 00:00:00'',''2023-02-14 00:00:00''}",0,0.0,2,650,0,0,0
android,"1002285",DE,"1.02","1.02",organic,2023-02-14 11:59:38,2023-02-14 12:01:49,"{''2023-02-14 00:00:00'',''2023-02-14 00:00:00'',''2023-02-14 00:00:00'',''2023-02-14 00:00:00'',''2023-02-14 00:00:00'',''2023-02-14 00:00:00'',''2023-02-14 00:00:00'',''2023-02-14 00:00:00'',''2023-02-14 00:00:00''}",0,0.0,0,0,0,0,0
android,"1002289",US,"1.02","1.02",paid,2023-02-14 12:19:28,2023-02-14 12:21:40,"{''2023-02-14 00:00:00'',''2023-02-14 00:00:00'',''2023-02-14 00:00:00'',''2023-02-14 00:00:00'',''2023-02-14 00:00:00'',''2023-02-14 00:00:00'',''2023-02-14 00:00:00'',''2023-02-14 00:00:00''}",0,0.0,0,0,0,0,0
iOS,"1002293",BY,"1.02","1.02",organic,2023-02-14 12:49:16,2023-02-14 12:52:37,"{''2023-02-14 00:00:00'',''2023-02-14 00:00:00'',''2023-02-14 00:00:00'',''2023-02-14 00:00:00'',''2023-02-14 00:00:00'',''2023-02-14 00:00:00'',''2023-02-14 00:00:00'',''2023-02-14 00:00:00'',''2023-02-14 00:00:00'',''2023-02-14 00:00:00'',''2023-02-14 00:00:00'',''2023-02-14 00:00:00'',''2023-02-14 00:00:00''}",0,0.0,2,650,0,0,0
iOS,"1002294",RU,"1.02","1.02",organic,2023-02-14 12:51:38,2023-02-14 12:53:09,"{''2023-02-14 00:00:00'',''2023-02-14 00:00:00'',''2023-02-14 00:00:00''}",0,0.0,0,0,0,0,0
android,"1002296",RU,"1.02","1.02",organic,2023-02-14 13:14:26,2023-02-14 13:16:10,"{''2023-02-14 00:00:00'',''2023-02-14 00:00:00'',''2023-02-14 00:00:00'',''2023-02-14 00:00:00'',''2023-02-14 00:00:00'',''2023-02-14 00:00:00''}",0,0.0,0,0,0,0,0
android,"1002297",RU,"1.02","1.02",organic,2023-02-14 13:28:01,2023-02-14 13:30:18,"{''2023-02-14 00:00:00'',''2023-02-14 00:00:00'',''2023-02-14 00:00:00'',''2023-02-14 00:00:00'',''2023-02-14 00:00:00'',''2023-02-14 00:00:00''}",0,0.0,0,0,0,0,0
iOS,"1002300",DE,"1.02","1.02",organic,2023-02-14 13:43:37,2023-02-14 13:48:54,"{''2023-02-14 00:00:00'',''2023-02-14 00:00:00'',''2023-02-14 00:00:00'',''2023-02-14 00:00:00'',''2023-02-14 00:00:00'',''2023-02-14 00:00:00'',''2023-02-14 00:00:00'',''2023-02-14 00:00:00'',''2023-02-14 00:00:00'',''2023-02-14 00:00:00'',''2023-02-14 00:00:00'',''2023-02-14 00:00:00'',''2023-02-14 00:00:00'',''2023-02-14 00:00:00'',''2023-02-14 00:00:00'',''2023-02-14 00:00:00'',''2023-02-14 00:00:00''}",0,0.0,4,850,0,0,0
android,"1002301",DE,"1.02","1.02",organic,2023-02-14 13:49:18,2023-02-14 13:54:01,"{''2023-02-14 00:00:00'',''2023-02-14 00:00:00'',''2023-02-14 00:00:00'',''2023-02-14 00:00:00'',''2023-02-14 00:00:00'',''2023-02-14 00:00:00'',''2023-02-14 00:00:00'',''2023-02-14 00:00:00'',''2023-02-14 00:00:00'',''2023-02-14 00:00:00'',''2023-02-14 00:00:00'',''2023-02-14 00:00:00'',''2023-02-14 00:00:00'',''2023-02-14 00:00:00'',''2023-02-14 00:00:00''}",0,0.0,2,750,0,0,0
android,"1002302",US,"1.02","1.02",organic,2023-02-14 13:58:31,2023-02-14 14:00:54,"{''2023-02-14 00:00:00'',''2023-02-14 00:00:00'',''2023-02-14 00:00:00'',''2023-02-14 00:00:00'',''2023-02-14 00:00:00'',''2023-02-14 00:00:00''}",0,0.0,0,0,0,0,0
android,"1002305",RU,"1.02","1.02",paid,2023-02-14 14:27:00,2023-02-14 14:29:05,"{''2023-02-14 00:00:00'',''2023-02-14 00:00:00'',''2023-02-14 00:00:00'',''2023-02-14 00:00:00'',''2023-02-14 00:00:00'',''2023-02-14 00:00:00'',''2023-02-14 00:00:00'',''2023-02-14 00:00:00'',''2023-02-14 00:00:00''}",0,0.0,0,0,0,0,0
iOS,"1002308",KZ,"1.02","1.02",organic,2023-02-14 14:59:01,2023-02-14 15:01:05,"{''2023-02-14 00:00:00'',''2023-02-14 00:00:00'',''2023-02-14 00:00:00'',''2023-02-14 00:00:00'',''2023-02-14 00:00:00'',''2023-02-14 00:00:00''}",0,0.0,0,0,0,0,0
iOS,"1002309",BY,"1.02","1.02",organic,2023-02-14 15:12:36,2023-02-14 15:16:45,"{''2023-02-14 00:00:00'',''2023-02-14 00:00:00'',''2023-02-14 00:00:00'',''2023-02-14 00:00:00'',''2023-02-14 00:00:00'',''2023-02-14 00:00:00'',''2023-02-14 00:00:00'',''2023-02-14 00:00:00'',''2023-02-14 00:00:00'',''2023-02-14 00:00:00'',''2023-02-14 00:00:00'',''2023-02-14 00:00:00'',''2023-02-14 00:00:00'',''2023-02-14 00:00:00'',''2023-02-14 00:00:00''}",0,0.0,2,750,0,0,0
android,"1002311",IT,"1.02","1.02",organic,2023-02-14 15:31:52,2023-02-14 15:33:54,"{''2023-02-14 00:00:00'',''2023-02-14 00:00:00'',''2023-02-14 00:00:00'',''2023-02-14 00:00:00'',''2023-02-14 00:00:00'',''2023-02-14 00:00:00''}",0,0.0,0,0,0,0,0
android,"1002312",KZ,"1.02","1.02",organic,2023-02-14 15:41:05,2023-02-14 15:42:37,"{''2023-02-14 00:00:00'',''2023-02-14 00:00:00'',''2023-02-14 00:00:00'',''2023-02-14 00:00:00''}",0,0.0,0,0,0,0,0
android,"1002313",GE,"1.02","1.02",organic,2023-02-14 15:46:46,2023-02-14 15:48:22,"{''2023-02-14 00:00:00'',''2023-02-14 00:00:00'',''2023-02-14 00:00:00'',''2023-02-14 00:00:00'',''2023-02-14 00:00:00'',''2023-02-14 00:00:00''}",0,0.0,0,0,0,0,0
android,"1002315",KZ,"1.02","1.02",organic,2023-02-14 16:01:40,2023-02-14 17:04:11,"{''2023-02-14 00:00:00'',''2023-02-14 00:00:00'',''2023-02-14 00:00:00'',''2023-02-14 00:00:00'',''2023-02-14 00:00:00'',''2023-02-14 00:00:00'',''2023-02-14 00:00:00'',''2023-02-14 00:00:00'',''2023-02-14 00:00:00'',''2023-02-14 00:00:00'',''2023-02-14 00:00:00'',''2023-02-14 00:00:00'',''2023-02-14 00:00:00'',''2023-02-14 00:00:00'',''2023-02-14 00:00:00'',''2023-02-14 00:00:00'',''2023-02-14 00:00:00'',''2023-02-14 00:00:00'',''2023-02-14 00:00:00'',''2023-02-14 00:00:00'',''2023-02-14 00:00:00'',''2023-02-14 00:00:00'',''2023-02-14 00:00:00'',''2023-02-14 00:00:00'',''2023-02-14 00:00:00''}",1,199.0,5,1150,0,0,0
iOS,"1002316",PL,"1.02","1.02",organic,2023-02-14 16:05:54,2023-02-14 16:12:22,"{''2023-02-14 00:00:00'',''2023-02-14 00:00:00'',''2023-02-14 00:00:00'',''2023-02-14 00:00:00'',''2023-02-14 00:00:00'',''2023-02-14 00:00:00'',''2023-02-14 00:00:00'',''2023-02-14 00:00:00'',''2023-02-14 00:00:00'',''2023-02-14 00:00:00'',''2023-02-14 00:00:00'',''2023-02-14 00:00:00'',''2023-02-14 00:00:00'',''2023-02-14 00:00:00'',''2023-02-14 00:00:00'',''2023-02-14 00:00:00'',''2023-02-14 00:00:00'',''2023-02-14 00:00:00'',''2023-02-14 00:00:00''}",0,0.0,4,950,0,0,0
android,"1002317",PL,"1.02","1.02",organic,2023-02-14 16:19:29,2023-02-14 16:21:25,"{''2023-02-14 00:00:00'',''2023-02-14 00:00:00'',''2023-02-14 00:00:00'',''2023-02-14 00:00:00'',''2023-02-14 00:00:00'',''2023-02-14 00:00:00'',''2023-02-14 00:00:00'',''2023-02-14 00:00:00'',''2023-02-14 00:00:00'',''2023-02-14 00:00:00''}",0,0.0,1,50,0,0,0
iOS,"1002318",CA,"1.02","1.02",paid,2023-02-14 16:28:42,2023-02-14 16:30:22,"{''2023-02-14 00:00:00'',''2023-02-14 00:00:00'',''2023-02-14 00:00:00'',''2023-02-14 00:00:00'',''2023-02-14 00:00:00'',''2023-02-14 00:00:00'',''2023-02-14 00:00:00'',''2023-02-14 00:00:00''}",0,0.0,0,0,0,0,0
iOS,"1002320",DE,"1.02","1.02",organic,2023-02-14 16:42:09,2023-02-14 16:43:57,"{''2023-02-14 00:00:00'',''2023-02-14 00:00:00'',''2023-02-14 00:00:00''}",0,0.0,0,0,0,0,0
android,"1002323",DE,"1.02","1.02",organic,2023-02-14 17:06:16,2023-02-14 17:08:07,"{''2023-02-14 00:00:00'',''2023-02-14 00:00:00'',''2023-02-14 00:00:00'',''2023-02-14 00:00:00''}",0,0.0,0,0,0,0,0
android,"1002324",PL,"1.02","1.02",paid,2023-02-14 17:10:30,2023-02-14 17:12:39,"{''2023-02-14 00:00:00'',''2023-02-14 00:00:00'',''2023-02-14 00:00:00'',''2023-02-14 00:00:00'',''2023-02-14 00:00:00'',''2023-02-14 00:00:00''}",0,0.0,0,0,0,0,0
iOS,"1002331",GE,"1.02","1.02",organic,2023-02-14 18:09:50,2023-02-14 18:12:13,"{''2023-02-14 00:00:00'',''2023-02-14 00:00:00'',''2023-02-14 00:00:00'',''2023-02-14 00:00:00'',''2023-02-14 00:00:00'',''2023-02-14 00:00:00'',''2023-02-14 00:00:00'',''2023-02-14 00:00:00''}",0,0.0,0,0,0,0,0
android,"1002333",BY,"1.02","1.02",organic,2023-02-14 18:27:39,2023-02-14 18:29:07,"{''2023-02-14 00:00:00'',''2023-02-14 00:00:00'',''2023-02-14 00:00:00'',''2023-02-14 00:00:00'',''2023-02-14 00:00:00''}",0,0.0,0,0,0,0,0
iOS,"1002335",US,"1.02","1.02",organic,2023-02-14 18:35:42,2023-02-14 18:37:38,"{''2023-02-14 00:00:00'',''2023-02-14 00:00:00'',''2023-02-14 00:00:00'',''2023-02-14 00:00:00'',''2023-02-14 00:00:00'',''2023-02-14 00:00:00'',''2023-02-14 00:00:00'',''2023-02-14 00:00:00''}",0,0.0,0,0,0,0,0
iOS,"1002336",US,"1.02","1.02",organic,2023-02-14 18:44:55,2023-02-14 18:46:46,"{''2023-02-14 00:00:00'',''2023-02-14 00:00:00'',''2023-02-14 00:00:00'',''2023-02-14 00:00:00''}",0,0.0,0,0,0,0,0
iOS,"1002337",RU,"1.02","1.02",organic,2023-02-14 18:50:36,2023-02-14 18:52:35,"{''2023-02-14 00:00:00'',''2023-02-14 00:00:00'',''2023-02-14 00:00:00'',''2023-02-14 00:00:00''}",0,0.0,0,0,0,0,0
iOS,"1002338",DE,"1.02","1.02",organic,2023-02-14 19:04:11,2023-02-14 19:10:03,"{''2023-02-14 00:00:00'',''2023-02-14 00:00:00'',''2023-02-14 00:00:00'',''2023-02-14 00:00:00'',''2023-02-14 00:00:00'',''2023-02-14 00:00:00'',''2023-02-14 00:00:00'',''2023-02-14 00:00:00'',''2023-02-14 00:00:00'',''2023-02-14 00:00:00'',''2023-02-14 00:00:00'',''2023-02-14 00:00:00'',''2023-02-14 00:00:00'',''2023-02-14 00:00:00'',''2023-02-14 00:00:00'',''2023-02-14 00:00:00'',''2023-02-14 00:00:00''}",0,0.0,4,850,0,0,0
iOS,"1002339",LT,"1.02","1.02",organic,2023-02-14 19:17:46,2023-02-14 19:19:37,"{''2023-02-14 00:00:00'',''2023-02-14 00:00:00'',''2023-02-14 00:00:00'',''2023-02-14 00:00:00'',''2023-02-14 00:00:00'',''2023-02-14 00:00:00'',''2023-02-14 00:00:00''}",0,0.0,0,0,0,0,0
android,"1002342",DE,"1.02","1.02",paid,2023-02-14 19:44:48,2023-02-14 19:46:58,"{''2023-02-14 00:00:00'',''2023-02-14 00:00:00'',''2023-02-14 00:00:00'',''2023-02-14 00:00:00'',''2023-02-14 00:00:00'',''2023-02-14 00:00:00'',''2023-02-14 00:00:00'',''2023-02-14 00:00:00'',''2023-02-14 00:00:00''}",0,0.0,0,0,0,0,0
iOS,"1002344",RU,"1.02","1.02",paid,2023-02-14 19:51:24,2023-02-14 19:53:22,"{''2023-02-14 00:00:00'',''2023-02-14 00:00:00'',''2023-02-14 00:00:00''}",0,0.0,0,0,0,0,0
iOS,"1002346",KZ,"1.02","1.02",organic,2023-02-14 19:59:27,2023-02-14 20:01:28,"{''2023-02-14 00:00:00'',''2023-02-14 00:00:00'',''2023-02-14 00:00:00'',''2023-02-14 00:00:00'',''2023-02-14 00:00:00''}",0,0.0,0,0,0,0,0
iOS,"1002350",PL,"1.02","1.02",organic,2023-02-14 20:25:56,2023-02-14 20:27:47,"{''2023-02-14 00:00:00'',''2023-02-14 00:00:00'',''2023-02-14 00:00:00'',''2023-02-14 00:00:00'',''2023-02-14 00:00:00'',''2023-02-14 00:00:00'',''2023-02-14 00:00:00'',''2023-02-14 00:00:00''}",0,0.0,0,0,0,0,0
android,"1002351",CA,"1.02","1.02",paid,2023-02-14 20:31:37,2023-02-16 19:31:45,"{''2023-02-14 00:00:00'',''2023-02-14 00:00:00'',''2023-02-15 00:00:00'',''2023-02-15 00:00:00'',''2023-02-14 00:00:00'',''2023-02-16 00:00:00'',''2023-02-15 00:00:00'',''2023-02-15 00:00:00'',''2023-02-14 00:00:00'',''2023-02-14 00:00:00'',''2023-02-15 00:00:00'',''2023-02-15 00:00:00'',''2023-02-14 00:00:00'',''2023-02-14 00:00:00'',''2023-02-15 00:00:00'',''2023-02-14 00:00:00'',''2023-02-16 00:00:00'',''2023-02-14 00:00:00'',''2023-02-14 00:00:00'',''2023-02-14 00:00:00'',''2023-02-14 00:00:00'',''2023-02-15 00:00:00'',''2023-02-14 00:00:00'',''2023-02-15 00:00:00'',''2023-02-14 00:00:00'',''2023-02-14 00:00:00'',''2023-02-14 00:00:00'',''2023-02-14 00:00:00'',''2023-02-15 00:00:00'',''2023-02-14 00:00:00'',''2023-02-15 00:00:00'',''2023-02-16 00:00:00'',''2023-02-15 00:00:00'',''2023-02-14 00:00:00'',''2023-02-14 00:00:00'',''2023-02-14 00:00:00'',''2023-02-16 00:00:00''}",0,0.0,12,4050,1,1,0
android,"1002353",US,"1.02","1.02",paid,2023-02-14 20:50:53,2023-02-14 20:52:29,"{''2023-02-14 00:00:00'',''2023-02-14 00:00:00'',''2023-02-14 00:00:00'',''2023-02-14 00:00:00'',''2023-02-14 00:00:00''}",0,0.0,0,0,0,0,0
iOS,"1002356",PL,"1.02","1.02",paid,2023-02-14 21:17:55,2023-02-14 21:20:29,"{''2023-02-14 00:00:00'',''2023-02-14 00:00:00'',''2023-02-14 00:00:00'',''2023-02-14 00:00:00'',''2023-02-14 00:00:00'',''2023-02-14 00:00:00'',''2023-02-14 00:00:00'',''2023-02-14 00:00:00'',''2023-02-14 00:00:00'',''2023-02-14 00:00:00''}",0,0.0,1,50,0,0,0
android,"1002357",DE,"1.02","1.02",paid,2023-02-14 21:27:08,2023-02-14 21:29:02,"{''2023-02-14 00:00:00'',''2023-02-14 00:00:00'',''2023-02-14 00:00:00'',''2023-02-14 00:00:00'',''2023-02-14 00:00:00''}",0,0.0,0,0,0,0,0
android,"1002358",KZ,"1.02","1.02",organic,2023-02-14 21:31:22,2023-02-14 21:33:21,"{''2023-02-14 00:00:00'',''2023-02-14 00:00:00'',''2023-02-14 00:00:00'',''2023-02-14 00:00:00'',''2023-02-14 00:00:00''}",0,0.0,0,0,0,0,0
android,"1002360",GE,"1.02","1.02",paid,2023-02-14 21:58:32,2023-02-14 22:00:39,"{''2023-02-14 00:00:00'',''2023-02-14 00:00:00'',''2023-02-14 00:00:00'',''2023-02-14 00:00:00'',''2023-02-14 00:00:00'',''2023-02-14 00:00:00'',''2023-02-14 00:00:00''}",0,0.0,0,0,0,0,0
android,"1002363",RU,"1.02","1.02",organic,2023-02-14 22:20:10,2023-02-14 22:21:59,"{''2023-02-14 00:00:00'',''2023-02-14 00:00:00'',''2023-02-14 00:00:00'',''2023-02-14 00:00:00'',''2023-02-14 00:00:00''}",0,0.0,0,0,0,0,0
android,"1002364",RU,"1.02","1.02",organic,2023-02-14 22:22:32,2023-02-14 22:24:08,"{''2023-02-14 00:00:00'',''2023-02-14 00:00:00'',''2023-02-14 00:00:00'',''2023-02-14 00:00:00'',''2023-02-14 00:00:00'',''2023-02-14 00:00:00'',''2023-02-14 00:00:00'',''2023-02-14 00:00:00''}",0,0.0,0,0,0,0,0
iOS,"1002365",CA,"1.02","1.02",organic,2023-02-14 22:36:07,2023-02-14 22:38:20,"{''2023-02-14 00:00:00'',''2023-02-14 00:00:00'',''2023-02-14 00:00:00'',''2023-02-14 00:00:00'',''2023-02-14 00:00:00'',''2023-02-14 00:00:00'',''2023-02-14 00:00:00'',''2023-02-14 00:00:00'',''2023-02-14 00:00:00'',''2023-02-14 00:00:00''}",0,0.0,1,50,0,0,0
iOS,"1002369",RU,"1.02","1.02",organic,2023-02-14 23:02:24,2023-02-14 23:07:56,"{''2023-02-14 00:00:00'',''2023-02-14 00:00:00'',''2023-02-14 00:00:00'',''2023-02-14 00:00:00'',''2023-02-14 00:00:00'',''2023-02-14 00:00:00'',''2023-02-14 00:00:00'',''2023-02-14 00:00:00'',''2023-02-14 00:00:00'',''2023-02-14 00:00:00'',''2023-02-14 00:00:00'',''2023-02-14 00:00:00'',''2023-02-14 00:00:00'',''2023-02-14 00:00:00'',''2023-02-14 00:00:00'',''2023-02-14 00:00:00'',''2023-02-14 00:00:00''}",0,0.0,4,850,0,0,0
iOS,"1002370",PL,"1.02","1.02",paid,2023-02-14 23:15:59,2023-02-14 23:17:44,"{''2023-02-14 00:00:00'',''2023-02-14 00:00:00'',''2023-02-14 00:00:00''}",0,0.0,0,0,0,0,0
android,"1002374",RU,"1.02","1.02",organic,2023-02-14 23:52:51,2023-02-14 23:59:08,"{''2023-02-14 00:00:00'',''2023-02-14 00:00:00'',''2023-02-14 00:00:00'',''2023-02-14 00:00:00'',''2023-02-14 00:00:00'',''2023-02-14 00:00:00'',''2023-02-14 00:00:00'',''2023-02-14 00:00:00'',''2023-02-14 00:00:00'',''2023-02-14 00:00:00'',''2023-02-14 00:00:00'',''2023-02-14 00:00:00'',''2023-02-14 00:00:00'',''2023-02-14 00:00:00'',''2023-02-14 00:00:00'',''2023-02-14 00:00:00'',''2023-02-14 00:00:00'',''2023-02-14 00:00:00'',''2023-02-14 00:00:00''}",0,0.0,4,950,0,0,0
android,"1002377",CA,"1.02","1.02",paid,2023-02-15 00:18:01,2023-02-15 00:21:30,"{''2023-02-15 00:00:00'',''2023-02-15 00:00:00'',''2023-02-15 00:00:00'',''2023-02-15 00:00:00'',''2023-02-15 00:00:00'',''2023-02-15 00:00:00'',''2023-02-15 00:00:00'',''2023-02-15 00:00:00'',''2023-02-15 00:00:00'',''2023-02-15 00:00:00'',''2023-02-15 00:00:00'',''2023-02-15 00:00:00'',''2023-02-15 00:00:00''}",0,0.0,2,650,0,0,0
android,"1002380",RU,"1.02","1.02",organic,2023-02-15 00:46:30,2023-02-15 00:48:45,"{''2023-02-15 00:00:00'',''2023-02-15 00:00:00'',''2023-02-15 00:00:00'',''2023-02-15 00:00:00'',''2023-02-15 00:00:00'',''2023-02-15 00:00:00'',''2023-02-15 00:00:00'',''2023-02-15 00:00:00'',''2023-02-15 00:00:00''}",0,0.0,0,0,0,0,0
iOS,"1002381",RU,"1.02","1.02",organic,2023-02-15 00:48:52,2023-02-15 00:50:46,"{''2023-02-15 00:00:00'',''2023-02-15 00:00:00'',''2023-02-15 00:00:00'',''2023-02-15 00:00:00'',''2023-02-15 00:00:00''}",0,0.0,0,0,0,0,0
android,"1002382",RU,"1.02","1.02",organic,2023-02-15 01:02:27,2023-02-16 00:38:54,"{''2023-02-16 00:00:00'',''2023-02-15 00:00:00'',''2023-02-15 00:00:00'',''2023-02-15 00:00:00'',''2023-02-16 00:00:00'',''2023-02-16 00:00:00'',''2023-02-15 00:00:00'',''2023-02-16 00:00:00'',''2023-02-16 00:00:00'',''2023-02-16 00:00:00'',''2023-02-16 00:00:00'',''2023-02-15 00:00:00'',''2023-02-15 00:00:00'',''2023-02-16 00:00:00'',''2023-02-15 00:00:00'',''2023-02-16 00:00:00'',''2023-02-15 00:00:00'',''2023-02-15 00:00:00'',''2023-02-15 00:00:00'',''2023-02-16 00:00:00'',''2023-02-15 00:00:00'',''2023-02-15 00:00:00'',''2023-02-15 00:00:00'',''2023-02-15 00:00:00'',''2023-02-15 00:00:00'',''2023-02-15 00:00:00'',''2023-02-16 00:00:00'',''2023-02-15 00:00:00'',''2023-02-15 00:00:00'',''2023-02-15 00:00:00'',''2023-02-16 00:00:00'',''2023-02-15 00:00:00'',''2023-02-15 00:00:00''}",0,0.0,9,3050,1,0,0
android,"1002386",RU,"1.02","1.02",organic,2023-02-15 01:37:40,2023-02-15 01:39:09,"{''2023-02-15 00:00:00'',''2023-02-15 00:00:00'',''2023-02-15 00:00:00'',''2023-02-15 00:00:00'',''2023-02-15 00:00:00'',''2023-02-15 00:00:00''}",0,0.0,0,0,0,0,0
iOS,"1002388",KZ,"1.02","1.02",organic,2023-02-15 02:00:28,2023-02-15 02:02:00,"{''2023-02-15 00:00:00'',''2023-02-15 00:00:00'',''2023-02-15 00:00:00''}",0,0.0,0,0,0,0,0
iOS,"1002389",CA,"1.02","1.02",organic,2023-02-15 02:06:09,2023-02-15 02:08:37,"{''2023-02-15 00:00:00'',''2023-02-15 00:00:00'',''2023-02-15 00:00:00'',''2023-02-15 00:00:00'',''2023-02-15 00:00:00'',''2023-02-15 00:00:00'',''2023-02-15 00:00:00'',''2023-02-15 00:00:00'',''2023-02-15 00:00:00''}",0,0.0,0,0,0,0,0
android,"1002391",GE,"1.02","1.02",paid,2023-02-15 02:25:25,2023-02-15 02:27:07,"{''2023-02-15 00:00:00'',''2023-02-15 00:00:00'',''2023-02-15 00:00:00'',''2023-02-15 00:00:00''}",0,0.0,0,0,0,0,0
iOS,"1002392",ES,"1.02","1.02",organic,2023-02-15 02:34:38,2023-02-15 02:38:38,"{''2023-02-15 00:00:00'',''2023-02-15 00:00:00'',''2023-02-15 00:00:00'',''2023-02-15 00:00:00'',''2023-02-15 00:00:00'',''2023-02-15 00:00:00'',''2023-02-15 00:00:00'',''2023-02-15 00:00:00'',''2023-02-15 00:00:00'',''2023-02-15 00:00:00'',''2023-02-15 00:00:00'',''2023-02-15 00:00:00'',''2023-02-15 00:00:00'',''2023-02-15 00:00:00'',''2023-02-15 00:00:00''}",0,0.0,3,750,0,0,0
iOS,"1002396",RU,"1.02","1.02",organic,2023-02-15 03:09:01,2023-02-15 03:10:22,"{''2023-02-15 00:00:00'',''2023-02-15 00:00:00'',''2023-02-15 00:00:00'',''2023-02-15 00:00:00''}",0,0.0,0,0,0,0,0
android,"1002397",KZ,"1.02","1.02",organic,2023-02-15 03:13:15,2023-02-15 03:14:52,"{''2023-02-15 00:00:00'',''2023-02-15 00:00:00'',''2023-02-15 00:00:00'',''2023-02-15 00:00:00'',''2023-02-15 00:00:00''}",0,0.0,0,0,0,0,0
android,"1002398",US,"1.02","1.02",organic,2023-02-15 03:22:28,2023-02-15 03:32:10,"{''2023-02-15 00:00:00'',''2023-02-15 00:00:00'',''2023-02-15 00:00:00'',''2023-02-15 00:00:00'',''2023-02-15 00:00:00'',''2023-02-15 00:00:00'',''2023-02-15 00:00:00'',''2023-02-15 00:00:00'',''2023-02-15 00:00:00'',''2023-02-15 00:00:00'',''2023-02-15 00:00:00'',''2023-02-15 00:00:00'',''2023-02-15 00:00:00'',''2023-02-15 00:00:00'',''2023-02-15 00:00:00'',''2023-02-15 00:00:00'',''2023-02-15 00:00:00'',''2023-02-15 00:00:00'',''2023-02-15 00:00:00'',''2023-02-15 00:00:00''}",1,499.0,2,950,0,0,0
android,"1002400",RU,"1.02","1.02",paid,2023-02-15 03:49:38,2023-02-15 03:50:42,"{''2023-02-15 00:00:00'',''2023-02-15 00:00:00'',''2023-02-15 00:00:00'',''2023-02-15 00:00:00''}",0,0.0,0,0,0,0,0
android,"1002402",NL,"1.02","1.02",organic,2023-02-15 03:57:41,2023-02-16 03:31:11,"{''2023-02-15 00:00:00'',''2023-02-15 00:00:00'',''2023-02-15 00:00:00'',''2023-02-16 00:00:00'',''2023-02-15 00:00:00'',''2023-02-15 00:00:00'',''2023-02-15 00:00:00'',''2023-02-15 00:00:00'',''2023-02-15 00:00:00'',''2023-02-15 00:00:00'',''2023-02-15 00:00:00'',''2023-02-15 00:00:00'',''2023-02-15 00:00:00'',''2023-02-16 00:00:00'',''2023-02-15 00:00:00'',''2023-02-15 00:00:00'',''2023-02-16 00:00:00'',''2023-02-15 00:00:00'',''2023-02-16 00:00:00'',''2023-02-15 00:00:00'',''2023-02-16 00:00:00'',''2023-02-16 00:00:00'',''2023-02-16 00:00:00'',''2023-02-16 00:00:00'',''2023-02-15 00:00:00'',''2023-02-15 00:00:00'',''2023-02-16 00:00:00'',''2023-02-15 00:00:00'',''2023-02-16 00:00:00'',''2023-02-15 00:00:00'',''2023-02-15 00:00:00''}",1,99.0,9,2750,1,0,0
android,"1002403",IT,"1.02","1.02",organic,2023-02-15 04:03:22,2023-02-15 04:05:33,"{''2023-02-15 00:00:00'',''2023-02-15 00:00:00'',''2023-02-15 00:00:00'',''2023-02-15 00:00:00'',''2023-02-15 00:00:00'',''2023-02-15 00:00:00'',''2023-02-15 00:00:00'',''2023-02-15 00:00:00''}",0,0.0,0,0,0,0,0
android,"1002404",KZ,"1.02","1.02",paid,2023-02-15 04:09:03,2023-02-15 04:10:51,"{''2023-02-15 00:00:00'',''2023-02-15 00:00:00'',''2023-02-15 00:00:00'',''2023-02-15 00:00:00''}",0,0.0,0,0,0,0,0
iOS,"1002405",BY,"1.02","1.02",organic,2023-02-15 04:18:16,2023-02-15 04:19:28,"{''2023-02-15 00:00:00'',''2023-02-15 00:00:00'',''2023-02-15 00:00:00'',''2023-02-15 00:00:00''}",0,0.0,0,0,0,0,0
android,"1002406",GE,"1.02","1.02",organic,2023-02-15 04:31:51,2023-02-15 04:33:51,"{''2023-02-15 00:00:00'',''2023-02-15 00:00:00'',''2023-02-15 00:00:00'',''2023-02-15 00:00:00'',''2023-02-15 00:00:00'',''2023-02-15 00:00:00''}",0,0.0,0,0,0,0,0
android,"1002408",RU,"1.02","1.02",organic,2023-02-15 04:46:45,2023-02-15 04:46:45,{''2023-02-15 00:00:00''},0,0.0,0,0,0,0,0
android,"1002410",KZ,"1.02","1.02",paid,2023-02-15 05:04:34,2023-02-15 05:06:47,"{''2023-02-15 00:00:00'',''2023-02-15 00:00:00'',''2023-02-15 00:00:00'',''2023-02-15 00:00:00'',''2023-02-15 00:00:00'',''2023-02-15 00:00:00'',''2023-02-15 00:00:00'',''2023-02-15 00:00:00''}",0,0.0,0,0,0,0,0
android,"1002411",RU,"1.02","1.02",organic,2023-02-15 05:13:47,2023-02-15 05:16:24,"{''2023-02-15 00:00:00'',''2023-02-15 00:00:00'',''2023-02-15 00:00:00'',''2023-02-15 00:00:00'',''2023-02-15 00:00:00'',''2023-02-15 00:00:00'',''2023-02-15 00:00:00'',''2023-02-15 00:00:00'',''2023-02-15 00:00:00'',''2023-02-15 00:00:00''}",0,0.0,0,0,0,0,0
iOS,"1002413",RU,"1.02","1.02",organic,2023-02-15 05:27:14,2023-02-15 05:29:28,"{''2023-02-15 00:00:00'',''2023-02-15 00:00:00'',''2023-02-15 00:00:00'',''2023-02-15 00:00:00'',''2023-02-15 00:00:00'',''2023-02-15 00:00:00'',''2023-02-15 00:00:00''}",0,0.0,0,0,0,0,0
android,"1002414",KZ,"1.02","1.02",organic,2023-02-15 05:36:27,2023-02-15 05:36:27,{''2023-02-15 00:00:00''},0,0.0,0,0,0,0,0
android,"1002416",US,"1.02","1.02",paid,2023-02-15 05:46:22,2023-02-15 05:47:53,"{''2023-02-15 00:00:00'',''2023-02-15 00:00:00'',''2023-02-15 00:00:00'',''2023-02-15 00:00:00'',''2023-02-15 00:00:00'',''2023-02-15 00:00:00'',''2023-02-15 00:00:00''}",0,0.0,0,0,0,0,0
android,"1002418",KZ,"1.02","1.02",organic,2023-02-15 06:04:11,2023-02-15 06:07:23,"{''2023-02-15 00:00:00'',''2023-02-15 00:00:00'',''2023-02-15 00:00:00'',''2023-02-15 00:00:00'',''2023-02-15 00:00:00'',''2023-02-15 00:00:00'',''2023-02-15 00:00:00'',''2023-02-15 00:00:00'',''2023-02-15 00:00:00'',''2023-02-15 00:00:00'',''2023-02-15 00:00:00'',''2023-02-15 00:00:00'',''2023-02-15 00:00:00''}",0,0.0,2,650,0,0,0
android,"1002419",GE,"1.02","1.02",organic,2023-02-15 06:13:24,2023-02-15 06:18:15,"{''2023-02-15 00:00:00'',''2023-02-15 00:00:00'',''2023-02-15 00:00:00'',''2023-02-15 00:00:00'',''2023-02-15 00:00:00'',''2023-02-15 00:00:00'',''2023-02-15 00:00:00'',''2023-02-15 00:00:00'',''2023-02-15 00:00:00'',''2023-02-15 00:00:00'',''2023-02-15 00:00:00'',''2023-02-15 00:00:00'',''2023-02-15 00:00:00'',''2023-02-15 00:00:00'',''2023-02-15 00:00:00'',''2023-02-15 00:00:00'',''2023-02-15 00:00:00''}",0,0.0,4,850,0,0,0
android,"1002420",US,"1.02","1.02",organic,2023-02-15 06:26:59,2023-02-15 06:29:23,"{''2023-02-15 00:00:00'',''2023-02-15 00:00:00'',''2023-02-15 00:00:00'',''2023-02-15 00:00:00'',''2023-02-15 00:00:00'',''2023-02-15 00:00:00''}",0,0.0,0,0,0,0,0
iOS,"1002422",GE,"1.02","1.02",organic,2023-02-15 06:35:27,2023-02-15 06:37:36,"{''2023-02-15 00:00:00'',''2023-02-15 00:00:00'',''2023-02-15 00:00:00'',''2023-02-15 00:00:00'',''2023-02-15 00:00:00'',''2023-02-15 00:00:00'',''2023-02-15 00:00:00''}",0,0.0,0,0,0,0,0
android,"1002423",BY,"1.02","1.02",organic,2023-02-15 06:39:41,2023-02-15 06:41:19,"{''2023-02-15 00:00:00'',''2023-02-15 00:00:00'',''2023-02-15 00:00:00'',''2023-02-15 00:00:00'',''2023-02-15 00:00:00'',''2023-02-15 00:00:00'',''2023-02-15 00:00:00''}",0,0.0,0,0,0,0,0
android,"1002425",US,"1.02","1.02",organic,2023-02-15 06:54:35,2023-02-15 06:56:55,"{''2023-02-15 00:00:00'',''2023-02-15 00:00:00'',''2023-02-15 00:00:00'',''2023-02-15 00:00:00'',''2023-02-15 00:00:00'',''2023-02-15 00:00:00'',''2023-02-15 00:00:00'',''2023-02-15 00:00:00'',''2023-02-15 00:00:00'',''2023-02-15 00:00:00''}",0,0.0,1,50,0,0,0
android,"1002426",RU,"1.02","1.02",organic,2023-02-15 06:58:49,2023-02-16 06:25:25,"{''2023-02-15 00:00:00'',''2023-02-15 00:00:00'',''2023-02-16 00:00:00'',''2023-02-16 00:00:00'',''2023-02-16 00:00:00'',''2023-02-15 00:00:00'',''2023-02-15 00:00:00'',''2023-02-15 00:00:00'',''2023-02-16 00:00:00'',''2023-02-16 00:00:00'',''2023-02-16 00:00:00'',''2023-02-16 00:00:00'',''2023-02-15 00:00:00'',''2023-02-15 00:00:00'',''2023-02-15 00:00:00'',''2023-02-15 00:00:00'',''2023-02-15 00:00:00'',''2023-02-16 00:00:00'',''2023-02-15 00:00:00'',''2023-02-15 00:00:00'',''2023-02-15 00:00:00'',''2023-02-15 00:00:00'',''2023-02-16 00:00:00'',''2023-02-15 00:00:00'',''2023-02-16 00:00:00'',''2023-02-15 00:00:00'',''2023-02-15 00:00:00'',''2023-02-16 00:00:00'',''2023-02-15 00:00:00'',''2023-02-15 00:00:00'',''2023-02-15 00:00:00'',''2023-02-15 00:00:00'',''2023-02-16 00:00:00''}",0,0.0,10,3050,1,0,0
iOS,"1002427",KZ,"1.02","1.02",paid,2023-02-15 07:08:02,2023-02-15 07:10:19,"{''2023-02-15 00:00:00'',''2023-02-15 00:00:00'',''2023-02-15 00:00:00'',''2023-02-15 00:00:00'',''2023-02-15 00:00:00'',''2023-02-15 00:00:00'',''2023-02-15 00:00:00'',''2023-02-15 00:00:00'',''2023-02-15 00:00:00'',''2023-02-15 00:00:00''}",0,0.0,1,50,0,0,0
android,"1002428",IT,"1.02","1.02",paid,2023-02-15 07:21:37,2023-02-16 06:52:48,"{''2023-02-16 00:00:00'',''2023-02-15 00:00:00'',''2023-02-15 00:00:00'',''2023-02-15 00:00:00'',''2023-02-16 00:00:00'',''2023-02-15 00:00:00'',''2023-02-15 00:00:00'',''2023-02-16 00:00:00'',''2023-02-16 00:00:00'',''2023-02-15 00:00:00'',''2023-02-15 00:00:00'',''2023-02-15 00:00:00'',''2023-02-16 00:00:00'',''2023-02-15 00:00:00'',''2023-02-15 00:00:00'',''2023-02-15 00:00:00'',''2023-02-15 00:00:00'',''2023-02-15 00:00:00'',''2023-02-16 00:00:00'',''2023-02-15 00:00:00'',''2023-02-16 00:00:00'',''2023-02-16 00:00:00'',''2023-02-16 00:00:00'',''2023-02-15 00:00:00'',''2023-02-16 00:00:00'',''2023-02-15 00:00:00'',''2023-02-15 00:00:00'',''2023-02-16 00:00:00'',''2023-02-15 00:00:00'',''2023-02-15 00:00:00'',''2023-02-16 00:00:00'',''2023-02-15 00:00:00'',''2023-02-15 00:00:00''}",0,0.0,10,3050,1,0,0
iOS,"1002429",RU,"1.02","1.02",paid,2023-02-15 07:25:51,2023-02-15 07:27:29,"{''2023-02-15 00:00:00'',''2023-02-15 00:00:00'',''2023-02-15 00:00:00''}",0,0.0,0,0,0,0,0
android,"1002430",KZ,"1.02","1.02",organic,2023-02-15 07:31:32,2023-02-15 07:33:51,"{''2023-02-15 00:00:00'',''2023-02-15 00:00:00'',''2023-02-15 00:00:00'',''2023-02-15 00:00:00'',''2023-02-15 00:00:00'',''2023-02-15 00:00:00'',''2023-02-15 00:00:00'',''2023-02-15 00:00:00'',''2023-02-15 00:00:00''}",0,0.0,0,0,0,0,0
iOS,"1002432",RU,"1.02","1.02",organic,2023-02-15 07:58:42,2023-02-15 08:00:08,"{''2023-02-15 00:00:00'',''2023-02-15 00:00:00'',''2023-02-15 00:00:00'',''2023-02-15 00:00:00''}",0,0.0,0,0,0,0,0
android,"1002435",GE,"1.02","1.02",organic,2023-02-15 08:30:06,2023-02-15 08:32:22,"{''2023-02-15 00:00:00'',''2023-02-15 00:00:00'',''2023-02-15 00:00:00'',''2023-02-15 00:00:00'',''2023-02-15 00:00:00'',''2023-02-15 00:00:00'',''2023-02-15 00:00:00'',''2023-02-15 00:00:00''}",0,0.0,0,0,0,0,0
iOS,"1002436",DE,"1.02","1.02",organic,2023-02-15 08:43:41,2023-02-15 08:45:20,"{''2023-02-15 00:00:00'',''2023-02-15 00:00:00'',''2023-02-15 00:00:00'',''2023-02-15 00:00:00'',''2023-02-15 00:00:00'',''2023-02-15 00:00:00'',''2023-02-15 00:00:00''}",0,0.0,0,0,0,0,0
android,"1002437",GE,"1.02","1.02",organic,2023-02-15 08:49:22,2023-02-15 08:51:10,"{''2023-02-15 00:00:00'',''2023-02-15 00:00:00'',''2023-02-15 00:00:00'',''2023-02-15 00:00:00''}",0,0.0,0,0,0,0,0
android,"1002438",CA,"1.02","1.02",paid,2023-02-15 08:51:44,2023-02-15 08:55:08,"{''2023-02-15 00:00:00'',''2023-02-15 00:00:00'',''2023-02-15 00:00:00'',''2023-02-15 00:00:00'',''2023-02-15 00:00:00'',''2023-02-15 00:00:00'',''2023-02-15 00:00:00'',''2023-02-15 00:00:00'',''2023-02-15 00:00:00'',''2023-02-15 00:00:00'',''2023-02-15 00:00:00'',''2023-02-15 00:00:00'',''2023-02-15 00:00:00''}",0,0.0,1,650,0,0,0
android,"1002439",ES,"1.02","1.02",organic,2023-02-15 09:00:57,2023-02-15 09:04:06,"{''2023-02-15 00:00:00'',''2023-02-15 00:00:00'',''2023-02-15 00:00:00'',''2023-02-15 00:00:00'',''2023-02-15 00:00:00'',''2023-02-15 00:00:00'',''2023-02-15 00:00:00'',''2023-02-15 00:00:00'',''2023-02-15 00:00:00'',''2023-02-15 00:00:00'',''2023-02-15 00:00:00'',''2023-02-15 00:00:00'',''2023-02-15 00:00:00''}",0,0.0,2,650,0,0,0
android,"1002440",IT,"1.02","1.02",organic,2023-02-15 09:10:10,2023-02-15 09:11:21,"{''2023-02-15 00:00:00'',''2023-02-15 00:00:00'',''2023-02-15 00:00:00'',''2023-02-15 00:00:00'',''2023-02-15 00:00:00''}",0,0.0,0,0,0,0,0
android,"1002441",RU,"1.02","1.02",organic,2023-02-15 09:23:45,2023-02-15 09:25:38,"{''2023-02-15 00:00:00'',''2023-02-15 00:00:00'',''2023-02-15 00:00:00'',''2023-02-15 00:00:00'',''2023-02-15 00:00:00'',''2023-02-15 00:00:00'',''2023-02-15 00:00:00''}",0,0.0,0,0,0,0,0
android,"1002445",KZ,"1.02","1.02",organic,2023-02-15 09:41:56,2023-02-15 09:43:25,"{''2023-02-15 00:00:00'',''2023-02-15 00:00:00'',''2023-02-15 00:00:00'',''2023-02-15 00:00:00'',''2023-02-15 00:00:00''}",0,0.0,0,0,0,0,0
iOS,"1002446",IT,"1.02","1.02",organic,2023-02-15 09:46:10,2023-02-15 09:48:10,"{''2023-02-15 00:00:00'',''2023-02-15 00:00:00'',''2023-02-15 00:00:00'',''2023-02-15 00:00:00'',''2023-02-15 00:00:00'',''2023-02-15 00:00:00'',''2023-02-15 00:00:00'',''2023-02-15 00:00:00'',''2023-02-15 00:00:00''}",0,0.0,0,0,0,0,0
iOS,"1002447",BY,"1.02","1.02",organic,2023-02-15 09:59:45,2023-02-15 10:01:35,"{''2023-02-15 00:00:00'',''2023-02-15 00:00:00'',''2023-02-15 00:00:00'',''2023-02-15 00:00:00'',''2023-02-15 00:00:00''}",0,0.0,0,0,0,0,0
iOS,"1002448",US,"1.02","1.02",organic,2023-02-15 10:05:26,2023-02-15 10:06:52,"{''2023-02-15 00:00:00'',''2023-02-15 00:00:00'',''2023-02-15 00:00:00'',''2023-02-15 00:00:00''}",0,0.0,0,0,0,0,0
iOS,"1002452",US,"1.02","1.02",paid,2023-02-15 10:39:36,2023-02-15 10:41:29,"{''2023-02-15 00:00:00'',''2023-02-15 00:00:00'',''2023-02-15 00:00:00'',''2023-02-15 00:00:00'',''2023-02-15 00:00:00'',''2023-02-15 00:00:00'',''2023-02-15 00:00:00'',''2023-02-15 00:00:00'',''2023-02-15 00:00:00'',''2023-02-15 00:00:00''}",0,0.0,1,50,0,0,0
android,"1002453",KZ,"1.02","1.02",paid,2023-02-15 10:48:49,2023-02-15 10:49:26,"{''2023-02-15 00:00:00'',''2023-02-15 00:00:00''}",0,0.0,0,0,0,0,0
iOS,"1002456",RU,"1.02","1.02",organic,2023-02-15 11:17:18,2023-02-17 10:16:56,"{''2023-02-17 00:00:00'',''2023-02-15 00:00:00'',''2023-02-15 00:00:00'',''2023-02-15 00:00:00'',''2023-02-16 00:00:00'',''2023-02-16 00:00:00'',''2023-02-15 00:00:00'',''2023-02-15 00:00:00'',''2023-02-15 00:00:00'',''2023-02-15 00:00:00'',''2023-02-15 00:00:00'',''2023-02-15 00:00:00'',''2023-02-15 00:00:00'',''2023-02-16 00:00:00'',''2023-02-17 00:00:00'',''2023-02-16 00:00:00'',''2023-02-16 00:00:00'',''2023-02-16 00:00:00'',''2023-02-15 00:00:00'',''2023-02-15 00:00:00'',''2023-02-15 00:00:00'',''2023-02-16 00:00:00'',''2023-02-16 00:00:00'',''2023-02-15 00:00:00'',''2023-02-17 00:00:00'',''2023-02-15 00:00:00'',''2023-02-16 00:00:00'',''2023-02-16 00:00:00'',''2023-02-15 00:00:00'',''2023-02-15 00:00:00'',''2023-02-15 00:00:00'',''2023-02-16 00:00:00'',''2023-02-15 00:00:00'',''2023-02-15 00:00:00'',''2023-02-15 00:00:00'',''2023-02-17 00:00:00'',''2023-02-16 00:00:00''}",0,0.0,12,4050,1,1,0
android,"1002457",KZ,"1.02","1.02",organic,2023-02-15 11:30:53,2023-02-15 11:37:03,"{''2023-02-15 00:00:00'',''2023-02-15 00:00:00'',''2023-02-15 00:00:00'',''2023-02-15 00:00:00'',''2023-02-15 00:00:00'',''2023-02-15 00:00:00'',''2023-02-15 00:00:00'',''2023-02-15 00:00:00'',''2023-02-15 00:00:00'',''2023-02-15 00:00:00'',''2023-02-15 00:00:00'',''2023-02-15 00:00:00'',''2023-02-15 00:00:00'',''2023-02-15 00:00:00'',''2023-02-15 00:00:00'',''2023-02-15 00:00:00'',''2023-02-15 00:00:00'',''2023-02-15 00:00:00'',''2023-02-15 00:00:00''}",0,0.0,4,950,0,0,0
android,"1002459",RU,"1.02","1.02",organic,2023-02-15 11:49:19,2023-02-15 11:51:07,"{''2023-02-15 00:00:00'',''2023-02-15 00:00:00'',''2023-02-15 00:00:00'',''2023-02-15 00:00:00''}",0,0.0,0,0,0,0,0
iOS,"1002460",RU,"1.02","1.02",organic,2023-02-15 12:02:54,2023-02-15 12:07:10,"{''2023-02-15 00:00:00'',''2023-02-15 00:00:00'',''2023-02-15 00:00:00'',''2023-02-15 00:00:00'',''2023-02-15 00:00:00'',''2023-02-15 00:00:00'',''2023-02-15 00:00:00'',''2023-02-15 00:00:00'',''2023-02-15 00:00:00'',''2023-02-15 00:00:00'',''2023-02-15 00:00:00'',''2023-02-15 00:00:00'',''2023-02-15 00:00:00'',''2023-02-15 00:00:00'',''2023-02-15 00:00:00''}",0,0.0,3,750,0,0,0
iOS,"1002461",US,"1.02","1.02",organic,2023-02-15 12:12:07,2023-02-15 12:22:09,"{''2023-02-15 00:00:00'',''2023-02-15 00:00:00'',''2023-02-15 00:00:00'',''2023-02-15 00:00:00'',''2023-02-15 00:00:00'',''2023-02-15 00:00:00'',''2023-02-15 00:00:00'',''2023-02-15 00:00:00'',''2023-02-15 00:00:00'',''2023-02-15 00:00:00'',''2023-02-15 00:00:00'',''2023-02-15 00:00:00'',''2023-02-15 00:00:00'',''2023-02-15 00:00:00'',''2023-02-15 00:00:00'',''2023-02-15 00:00:00'',''2023-02-15 00:00:00'',''2023-02-15 00:00:00'',''2023-02-15 00:00:00'',''2023-02-15 00:00:00''}",1,399.0,3,950,0,0,0
iOS,"1002462",US,"1.02","1.02",organic,2023-02-15 12:25:42,2023-02-15 12:28:40,"{''2023-02-15 00:00:00'',''2023-02-15 00:00:00'',''2023-02-15 00:00:00'',''2023-02-15 00:00:00'',''2023-02-15 00:00:00'',''2023-02-15 00:00:00'',''2023-02-15 00:00:00'',''2023-02-15 00:00:00'',''2023-02-15 00:00:00'',''2023-02-15 00:00:00'',''2023-02-15 00:00:00'',''2023-02-15 00:00:00'',''2023-02-15 00:00:00''}",0,0.0,2,650,0,0,0
iOS,"1002464",GE,"1.02","1.02",organic,2023-02-15 12:41:39,2023-02-15 12:43:03,"{''2023-02-15 00:00:00'',''2023-02-15 00:00:00'',''2023-02-15 00:00:00'',''2023-02-15 00:00:00'',''2023-02-15 00:00:00''}",0,0.0,0,0,0,0,0
iOS,"1002465",RU,"1.02","1.02",organic,2023-02-15 12:55:14,2023-02-15 13:00:30,"{''2023-02-15 00:00:00'',''2023-02-15 00:00:00'',''2023-02-15 00:00:00'',''2023-02-15 00:00:00'',''2023-02-15 00:00:00'',''2023-02-15 00:00:00'',''2023-02-15 00:00:00'',''2023-02-15 00:00:00'',''2023-02-15 00:00:00'',''2023-02-15 00:00:00'',''2023-02-15 00:00:00'',''2023-02-15 00:00:00'',''2023-02-15 00:00:00'',''2023-02-15 00:00:00'',''2023-02-15 00:00:00'',''2023-02-15 00:00:00'',''2023-02-15 00:00:00''}",0,0.0,4,850,0,0,0
iOS,"1002466",DE,"1.02","1.02",organic,2023-02-15 12:57:36,2023-02-15 12:59:18,"{''2023-02-15 00:00:00'',''2023-02-15 00:00:00'',''2023-02-15 00:00:00'',''2023-02-15 00:00:00'',''2023-02-15 00:00:00''}",0,0.0,0,0,0,0,0
android,"1002469",CA,"1.02","1.02",paid,2023-02-15 13:17:47,2023-02-15 13:19:26,"{''2023-02-15 00:00:00'',''2023-02-15 00:00:00'',''2023-02-15 00:00:00'',''2023-02-15 00:00:00'',''2023-02-15 00:00:00'',''2023-02-15 00:00:00''}",0,0.0,0,0,0,0,0
android,"1002474",RU,"1.02","1.02",organic,2023-02-15 14:11:59,2023-02-15 14:17:38,"{''2023-02-15 00:00:00'',''2023-02-15 00:00:00'',''2023-02-15 00:00:00'',''2023-02-15 00:00:00'',''2023-02-15 00:00:00'',''2023-02-15 00:00:00'',''2023-02-15 00:00:00'',''2023-02-15 00:00:00'',''2023-02-15 00:00:00'',''2023-02-15 00:00:00'',''2023-02-15 00:00:00'',''2023-02-15 00:00:00'',''2023-02-15 00:00:00'',''2023-02-15 00:00:00'',''2023-02-15 00:00:00'',''2023-02-15 00:00:00'',''2023-02-15 00:00:00''}",0,0.0,4,850,0,0,0
android,"1002476",DE,"1.02","1.02",organic,2023-02-15 14:30:25,2023-02-15 14:32:00,"{''2023-02-15 00:00:00'',''2023-02-15 00:00:00'',''2023-02-15 00:00:00'',''2023-02-15 00:00:00'',''2023-02-15 00:00:00''}",0,0.0,0,0,0,0,0
android,"1002478",RU,"1.02","1.02",organic,2023-02-15 14:42:00,2023-02-15 14:43:57,"{''2023-02-15 00:00:00'',''2023-02-15 00:00:00'',''2023-02-15 00:00:00'',''2023-02-15 00:00:00'',''2023-02-15 00:00:00'',''2023-02-15 00:00:00'',''2023-02-15 00:00:00''}",0,0.0,0,0,0,0,0
iOS,"1002479",CA,"1.02","1.02",organic,2023-02-15 14:46:14,2023-02-15 14:47:45,"{''2023-02-15 00:00:00'',''2023-02-15 00:00:00'',''2023-02-15 00:00:00'',''2023-02-15 00:00:00'',''2023-02-15 00:00:00''}",0,0.0,0,0,0,0,0
android,"1002486",US,"1.02","1.02",organic,2023-02-15 15:41:25,2023-02-15 15:45:12,"{''2023-02-15 00:00:00'',''2023-02-15 00:00:00'',''2023-02-15 00:00:00'',''2023-02-15 00:00:00'',''2023-02-15 00:00:00'',''2023-02-15 00:00:00'',''2023-02-15 00:00:00'',''2023-02-15 00:00:00'',''2023-02-15 00:00:00'',''2023-02-15 00:00:00'',''2023-02-15 00:00:00'',''2023-02-15 00:00:00'',''2023-02-15 00:00:00''}",0,0.0,2,650,0,0,0
android,"1002489",ES,"1.02","1.02",organic,2023-02-15 16:09:04,2023-02-15 16:10:51,"{''2023-02-15 00:00:00'',''2023-02-15 00:00:00'',''2023-02-15 00:00:00'',''2023-02-15 00:00:00'',''2023-02-15 00:00:00'',''2023-02-15 00:00:00''}",0,0.0,0,0,0,0,0
android,"1002490",PL,"1.02","1.02",organic,2023-02-15 16:13:18,2023-02-15 16:14:49,"{''2023-02-15 00:00:00'',''2023-02-15 00:00:00'',''2023-02-15 00:00:00'',''2023-02-15 00:00:00''}",0,0.0,0,0,0,0,0
android,"1002491",RU,"1.02","1.02",paid,2023-02-15 16:26:53,2023-02-15 16:28:38,"{''2023-02-15 00:00:00'',''2023-02-15 00:00:00'',''2023-02-15 00:00:00'',''2023-02-15 00:00:00'',''2023-02-15 00:00:00''}",0,0.0,0,0,0,0,0
android,"1002492",PL,"1.02","1.02",paid,2023-02-15 16:40:28,2023-02-15 16:41:45,"{''2023-02-15 00:00:00'',''2023-02-15 00:00:00'',''2023-02-15 00:00:00''}",0,0.0,0,0,0,0,0
android,"1002495",GE,"1.02","1.02",organic,2023-02-15 17:13:19,2023-02-15 17:14:28,"{''2023-02-15 00:00:00'',''2023-02-15 00:00:00'',''2023-02-15 00:00:00'',''2023-02-15 00:00:00''}",0,0.0,0,0,0,0,0
android,"1002497",BY,"1.02","1.02",organic,2023-02-15 17:26:46,2023-02-15 17:30:33,"{''2023-02-15 00:00:00'',''2023-02-15 00:00:00'',''2023-02-15 00:00:00'',''2023-02-15 00:00:00'',''2023-02-15 00:00:00'',''2023-02-15 00:00:00'',''2023-02-15 00:00:00'',''2023-02-15 00:00:00'',''2023-02-15 00:00:00'',''2023-02-15 00:00:00'',''2023-02-15 00:00:00'',''2023-02-15 00:00:00'',''2023-02-15 00:00:00''}",0,0.0,2,650,0,0,0
android,"1002498",RU,"1.02","1.02",organic,2023-02-15 17:31:00,2023-02-15 18:39:24,"{''2023-02-15 00:00:00'',''2023-02-15 00:00:00'',''2023-02-15 00:00:00'',''2023-02-15 00:00:00'',''2023-02-15 00:00:00'',''2023-02-15 00:00:00'',''2023-02-15 00:00:00'',''2023-02-15 00:00:00'',''2023-02-15 00:00:00'',''2023-02-15 00:00:00'',''2023-02-15 00:00:00'',''2023-02-15 00:00:00'',''2023-02-15 00:00:00'',''2023-02-15 00:00:00'',''2023-02-15 00:00:00'',''2023-02-15 00:00:00'',''2023-02-15 00:00:00'',''2023-02-15 00:00:00'',''2023-02-15 00:00:00'',''2023-02-15 00:00:00'',''2023-02-15 00:00:00'',''2023-02-15 00:00:00'',''2023-02-15 00:00:00'',''2023-02-15 00:00:00''}",0,0.0,6,1150,1,0,0
iOS,"1002499",GE,"1.02","1.02",organic,2023-02-15 17:33:22,2023-02-15 17:35:11,"{''2023-02-15 00:00:00'',''2023-02-15 00:00:00'',''2023-02-15 00:00:00'',''2023-02-15 00:00:00'',''2023-02-15 00:00:00'',''2023-02-15 00:00:00'',''2023-02-15 00:00:00'',''2023-02-15 00:00:00'',''2023-02-15 00:00:00''}",0,0.0,0,0,0,0,0
